{"type": "FeatureCollection", "name": "FRK fuel type grid", "features": [{"type": "Feature", "geometry": {"type": "Polygon", "coordinates": [[[117.6236549497812, -35.12889776552003], [117.6236549497812, -35.10389776552003], [117.59865494978119, -35.10389776552003], [117.59865494978119, -35.12889776552003], [117.6236549497812, -35.12889776552003]]]}, "properties": {"layer": "Fuel type", "fuel_code": 230, "fuel_class": "Low open forest", "fuel_risk": 76}}, {"type": "Feature", "geometry": {"type": "Polygon", "coordinates": [[[117.94865494978127, -35.12889776552003], [117.94865494978127, -35.10389776552003], [117.92365494978127, -35.10389776552003], [117.92365494978127, -35.12889776552003], [117.94865494978127, -35.12889776552003]]]}, "properties": {"layer": "Fuel type", "fuel_code": 433, "fuel_class": "Low woodland with grassy understory", "fuel_risk": 66}}, {"type": "Feature", "geometry": {"type": "Polygon", "coordinates": [[[117.97365494978128, -35.12889776552003], [117.97365494978128, -35.10389776552003], [117.94865494978127, -35.10389776552003], [117.94865494978127, -35.12889776552003], [117.97365494978128, -35.12889776552003]]]}, "properties": {"layer": "Fuel type", "fuel_code": 230, "fuel_class": "Low open forest", "fuel_risk": 76}}, {"type": "Feature", "geometry": {"type": "Polygon", "coordinates": [[[117.59865494978119, -35.10389776552003], [117.59865494978119, -35.07889776552003], [117.57365494978119, -35.07889776552003], [117.57365494978119, -35.10389776552003], [117.59865494978119, -35.10389776552003]]]}, "properties": {"layer": "Fuel type", "fuel_code": 220, "fuel_class": "Open forest", "fuel_risk": 86}}, {"type": "Feature", "geometry": {"type": "Polygon", "coordinates": [[[117.6236549497812, -35.10389776552003], [117.6236549497812, -35.07889776552003], [117.59865494978119, -35.07889776552003], [117.59865494978119, -35.10389776552003], [117.6236549497812, -35.10389776552003]]]}, "properties": {"layer": "Fuel type", "fuel_code": 230, "fuel_class": "Low open forest", "fuel_risk": 76}}, {"type": "Feature", "geometry": {"type": "Polygon", "coordinates": [[[117.6486549497812, -35.10389776552003], [117.6486549497812, -35.07889776552003], [117.6236549497812, -35.07889776552003], [117.6236549497812, -35.10389776552003], [117.6486549497812, -35.10389776552003]]]}, "properties": {"layer": "Fuel type", "fuel_code": 510, "fuel_class": "Tall shrubland", "fuel_risk": 88}}, {"type": "Feature", "geometry": {"type": "Polygon", "coordinates": [[[117.87365494978125, -35.10389776552003], [117.87365494978125, -35.07889776552003], [117.84865494978125, -35.07889776552003], [117.84865494978125, -35.10389776552003], [117.87365494978125, -35.10389776552003]]]}, "properties": {"layer": "Fuel type", "fuel_code": 230, "fuel_class": "Low open forest", "fuel_risk": 76}}, {"type": "Feature", "geometry": {"type": "Polygon", "coordinates": [[[117.89865494978126, -35.10389776552003], [117.89865494978126, -35.07889776552003], [117.87365494978125, -35.07889776552003], [117.87365494978125, -35.10389776552003], [117.89865494978126, -35.10389776552003]]]}, "properties": {"layer": "Fuel type", "fuel_code": 220, "fuel_class": "Open forest", "fuel_risk": 86}}, {"type": "Feature", "geometry": {"type": "Polygon", "coordinates": [[[117.92365494978127, -35.10389776552003], [117.92365494978127, -35.07889776552003], [117.89865494978126, -35.07889776552003], [117.89865494978126, -35.10389776552003], [117.92365494978127, -35.10389776552003]]]}, "properties": {"layer": "Fuel type", "fuel_code": 220, "fuel_class": "Open forest", "fuel_risk": 86}}, {"type": "Feature", "geometry": {"type": "Polygon", "coordinates": [[[117.94865494978127, -35.10389776552003], [117.94865494978127, -35.07889776552003], [117.92365494978127, -35.07889776552003], [117.92365494978127, -35.10389776552003], [117.94865494978127, -35.10389776552003]]]}, "properties": {"layer": "Fuel type", "fuel_code": 220, "fuel_class": "Open forest", "fuel_risk": 86}}, {"type": "Feature", "geometry": {"type": "Polygon", "coordinates": [[[117.97365494978128, -35.10389776552003], [117.97365494978128, -35.07889776552003], [117.94865494978127, -35.07889776552003], [117.94865494978127, -35.10389776552003], [117.97365494978128, -35.10389776552003]]]}, "properties": {"layer": "Fuel type", "fuel_code": 910, "fuel_class": "Water", "fuel_risk": 5}}, {"type": "Feature", "geometry": {"type": "Polygon", "coordinates": [[[118.01203559541987, -35.10389776552003], [118.01203559541987, -35.07889776552003], [117.99865494978128, -35.07889776552003], [117.99865494978128, -35.10389776552003], [118.01203559541987, -35.10389776552003]]]}, "properties": {"layer": "Fuel type", "fuel_code": 220, "fuel_class": "Open forest", "fuel_risk": 86}}, {"type": "Feature", "geometry": {"type": "Polygon", "coordinates": [[[117.47365494978116, -35.07889776552003], [117.47365494978116, -35.053897765520034], [117.44865494978116, -35.053897765520034], [117.44865494978116, -35.07889776552003], [117.47365494978116, -35.07889776552003]]]}, "properties": {"layer": "Fuel type", "fuel_code": 631, "fuel_class": "Grassland", "fuel_risk": 62}}, {"type": "Feature", "geometry": {"type": "Polygon", "coordinates": [[[117.49865494978117, -35.07889776552003], [117.49865494978117, -35.053897765520034], [117.47365494978116, -35.053897765520034], [117.47365494978116, -35.07889776552003], [117.49865494978117, -35.07889776552003]]]}, "properties": {"layer": "Fuel type", "fuel_code": 230, "fuel_class": "Low open forest", "fuel_risk": 76}}, {"type": "Feature", "geometry": {"type": "Polygon", "coordinates": [[[117.52365494978118, -35.07889776552003], [117.52365494978118, -35.053897765520034], [117.49865494978117, -35.053897765520034], [117.49865494978117, -35.07889776552003], [117.52365494978118, -35.07889776552003]]]}, "properties": {"layer": "Fuel type", "fuel_code": 640, "fuel_class": "Croplands", "fuel_risk": 50}}, {"type": "Feature", "geometry": {"type": "Polygon", "coordinates": [[[117.54865494978118, -35.07889776552003], [117.54865494978118, -35.053897765520034], [117.52365494978118, -35.053897765520034], [117.52365494978118, -35.07889776552003], [117.54865494978118, -35.07889776552003]]]}, "properties": {"layer": "Fuel type", "fuel_code": 640, "fuel_class": "Croplands", "fuel_risk": 50}}, {"type": "Feature", "geometry": {"type": "Polygon", "coordinates": [[[117.57365494978119, -35.07889776552003], [117.57365494978119, -35.053897765520034], [117.54865494978118, -35.053897765520034], [117.54865494978118, -35.07889776552003], [117.57365494978119, -35.07889776552003]]]}, "properties": {"layer": "Fuel type", "fuel_code": 220, "fuel_class": "Open forest", "fuel_risk": 86}}, {"type": "Feature", "geometry": {"type": "Polygon", "coordinates": [[[117.59865494978119, -35.07889776552003], [117.59865494978119, -35.053897765520034], [117.57365494978119, -35.053897765520034], [117.57365494978119, -35.07889776552003], [117.59865494978119, -35.07889776552003]]]}, "properties": {"layer": "Fuel type", "fuel_code": 220, "fuel_class": "Open forest", "fuel_risk": 86}}, {"type": "Feature", "geometry": {"type": "Polygon", "coordinates": [[[117.6236549497812, -35.07889776552003], [117.6236549497812, -35.053897765520034], [117.59865494978119, -35.053897765520034], [117.59865494978119, -35.07889776552003], [117.6236549497812, -35.07889776552003]]]}, "properties": {"layer": "Fuel type", "fuel_code": 220, "fuel_class": "Open forest", "fuel_risk": 86}}, {"type": "Feature", "geometry": {"type": "Polygon", "coordinates": [[[117.6486549497812, -35.07889776552003], [117.6486549497812, -35.053897765520034], [117.6236549497812, -35.053897765520034], [117.6236549497812, -35.07889776552003], [117.6486549497812, -35.07889776552003]]]}, "properties": {"layer": "Fuel type", "fuel_code": 930, "fuel_class": "Wildland urban interface 2", "fuel_risk": 70}}, {"type": "Feature", "geometry": {"type": "Polygon", "coordinates": [[[117.82365494978124, -35.07889776552003], [117.82365494978124, -35.053897765520034], [117.79865494978124, -35.053897765520034], [117.79865494978124, -35.07889776552003], [117.82365494978124, -35.07889776552003]]]}, "properties": {"layer": "Fuel type", "fuel_code": 220, "fuel_class": "Open forest", "fuel_risk": 86}}, {"type": "Feature", "geometry": {"type": "Polygon", "coordinates": [[[117.84865494978125, -35.07889776552003], [117.84865494978125, -35.053897765520034], [117.82365494978124, -35.053897765520034], [117.82365494978124, -35.07889776552003], [117.84865494978125, -35.07889776552003]]]}, "properties": {"layer": "Fuel type", "fuel_code": 220, "fuel_class": "Open forest", "fuel_risk": 86}}, {"type": "Feature", "geometry": {"type": "Polygon", "coordinates": [[[117.87365494978125, -35.07889776552003], [117.87365494978125, -35.053897765520034], [117.84865494978125, -35.053897765520034], [117.84865494978125, -35.07889776552003], [117.87365494978125, -35.07889776552003]]]}, "properties": {"layer": "Fuel type", "fuel_code": 940, "fuel_class": "Wildland urban interface 3", "fuel_risk": 58}}, {"type": "Feature", "geometry": {"type": "Polygon", "coordinates": [[[116.92365494978104, -35.053897765520034], [116.92365494978104, -35.028897765520036], [116.89865494978103, -35.028897765520036], [116.89865494978103, -35.053897765520034], [116.92365494978104, -35.053897765520034]]]}, "properties": {"layer": "Fuel type", "fuel_code": 230, "fuel_class": "Low open forest", "fuel_risk": 76}}, {"type": "Feature", "geometry": {"type": "Polygon", "coordinates": [[[117.14865494978109, -35.053897765520034], [117.14865494978109, -35.028897765520036], [117.12365494978108, -35.028897765520036], [117.12365494978108, -35.053897765520034], [117.14865494978109, -35.053897765520034]]]}, "properties": {"layer": "Fuel type", "fuel_code": 510, "fuel_class": "Tall shrubland", "fuel_risk": 88}}, {"type": "Feature", "geometry": {"type": "Polygon", "coordinates": [[[117.1736549497811, -35.053897765520034], [117.1736549497811, -35.028897765520036], [117.14865494978109, -35.028897765520036], [117.14865494978109, -35.053897765520034], [117.1736549497811, -35.053897765520034]]]}, "properties": {"layer": "Fuel type", "fuel_code": 631, "fuel_class": "Grassland", "fuel_risk": 62}}, {"type": "Feature", "geometry": {"type": "Polygon", "coordinates": [[[117.44865494978116, -35.053897765520034], [117.44865494978116, -35.028897765520036], [117.42365494978115, -35.028897765520036], [117.42365494978115, -35.053897765520034], [117.44865494978116, -35.053897765520034]]]}, "properties": {"layer": "Fuel type", "fuel_code": 640, "fuel_class": "Croplands", "fuel_risk": 50}}, {"type": "Feature", "geometry": {"type": "Polygon", "coordinates": [[[117.47365494978116, -35.053897765520034], [117.47365494978116, -35.028897765520036], [117.44865494978116, -35.028897765520036], [117.44865494978116, -35.053897765520034], [117.47365494978116, -35.053897765520034]]]}, "properties": {"layer": "Fuel type", "fuel_code": 640, "fuel_class": "Croplands", "fuel_risk": 50}}, {"type": "Feature", "geometry": {"type": "Polygon", "coordinates": [[[117.49865494978117, -35.053897765520034], [117.49865494978117, -35.028897765520036], [117.47365494978116, -35.028897765520036], [117.47365494978116, -35.053897765520034], [117.49865494978117, -35.053897765520034]]]}, "properties": {"layer": "Fuel type", "fuel_code": 640, "fuel_class": "Croplands", "fuel_risk": 50}}, {"type": "Feature", "geometry": {"type": "Polygon", "coordinates": [[[117.52365494978118, -35.053897765520034], [117.52365494978118, -35.028897765520036], [117.49865494978117, -35.028897765520036], [117.49865494978117, -35.053897765520034], [117.52365494978118, -35.053897765520034]]]}, "properties": {"layer": "Fuel type", "fuel_code": 220, "fuel_class": "Open forest", "fuel_risk": 86}}, {"type": "Feature", "geometry": {"type": "Polygon", "coordinates": [[[117.54865494978118, -35.053897765520034], [117.54865494978118, -35.028897765520036], [117.52365494978118, -35.028897765520036], [117.52365494978118, -35.053897765520034], [117.54865494978118, -35.053897765520034]]]}, "properties": {"layer": "Fuel type", "fuel_code": 640, "fuel_class": "Croplands", "fuel_risk": 50}}, {"type": "Feature", "geometry": {"type": "Polygon", "coordinates": [[[117.57365494978119, -35.053897765520034], [117.57365494978119, -35.028897765520036], [117.54865494978118, -35.028897765520036], [117.54865494978118, -35.053897765520034], [117.57365494978119, -35.053897765520034]]]}, "properties": {"layer": "Fuel type", "fuel_code": 220, "fuel_class": "Open forest", "fuel_risk": 86}}, {"type": "Feature", "geometry": {"type": "Polygon", "coordinates": [[[117.59865494978119, -35.053897765520034], [117.59865494978119, -35.028897765520036], [117.57365494978119, -35.028897765520036], [117.57365494978119, -35.053897765520034], [117.59865494978119, -35.053897765520034]]]}, "properties": {"layer": "Fuel type", "fuel_code": 220, "fuel_class": "Open forest", "fuel_risk": 86}}, {"type": "Feature", "geometry": {"type": "Polygon", "coordinates": [[[117.6236549497812, -35.053897765520034], [117.6236549497812, -35.028897765520036], [117.59865494978119, -35.028897765520036], [117.59865494978119, -35.053897765520034], [117.6236549497812, -35.053897765520034]]]}, "properties": {"layer": "Fuel type", "fuel_code": 640, "fuel_class": "Croplands", "fuel_risk": 50}}, {"type": "Feature", "geometry": {"type": "Polygon", "coordinates": [[[117.6486549497812, -35.053897765520034], [117.6486549497812, -35.028897765520036], [117.6236549497812, -35.028897765520036], [117.6236549497812, -35.053897765520034], [117.6486549497812, -35.053897765520034]]]}, "properties": {"layer": "Fuel type", "fuel_code": 640, "fuel_class": "Croplands", "fuel_risk": 50}}, {"type": "Feature", "geometry": {"type": "Polygon", "coordinates": [[[117.67365494978121, -35.053897765520034], [117.67365494978121, -35.028897765520036], [117.6486549497812, -35.028897765520036], [117.6486549497812, -35.053897765520034], [117.67365494978121, -35.053897765520034]]]}, "properties": {"layer": "Fuel type", "fuel_code": 640, "fuel_class": "Croplands", "fuel_risk": 50}}, {"type": "Feature", "geometry": {"type": "Polygon", "coordinates": [[[117.69865494978121, -35.053897765520034], [117.69865494978121, -35.028897765520036], [117.67365494978121, -35.028897765520036], [117.67365494978121, -35.053897765520034], [117.69865494978121, -35.053897765520034]]]}, "properties": {"layer": "Fuel type", "fuel_code": 433, "fuel_class": "Low woodland with grassy understory", "fuel_risk": 66}}, {"type": "Feature", "geometry": {"type": "Polygon", "coordinates": [[[117.72365494978122, -35.053897765520034], [117.72365494978122, -35.028897765520036], [117.69865494978121, -35.028897765520036], [117.69865494978121, -35.053897765520034], [117.72365494978122, -35.053897765520034]]]}, "properties": {"layer": "Fuel type", "fuel_code": 631, "fuel_class": "Grassland", "fuel_risk": 62}}, {"type": "Feature", "geometry": {"type": "Polygon", "coordinates": [[[117.74865494978123, -35.053897765520034], [117.74865494978123, -35.028897765520036], [117.72365494978122, -35.028897765520036], [117.72365494978122, -35.053897765520034], [117.74865494978123, -35.053897765520034]]]}, "properties": {"layer": "Fuel type", "fuel_code": 220, "fuel_class": "Open forest", "fuel_risk": 86}}, {"type": "Feature", "geometry": {"type": "Polygon", "coordinates": [[[117.77365494978123, -35.053897765520034], [117.77365494978123, -35.028897765520036], [117.74865494978123, -35.028897765520036], [117.74865494978123, -35.053897765520034], [117.77365494978123, -35.053897765520034]]]}, "properties": {"layer": "Fuel type", "fuel_code": 230, "fuel_class": "Low open forest", "fuel_risk": 76}}, {"type": "Feature", "geometry": {"type": "Polygon", "coordinates": [[[117.79865494978124, -35.053897765520034], [117.79865494978124, -35.028897765520036], [117.77365494978123, -35.028897765520036], [117.77365494978123, -35.053897765520034], [117.79865494978124, -35.053897765520034]]]}, "properties": {"layer": "Fuel type", "fuel_code": 631, "fuel_class": "Grassland", "fuel_risk": 62}}, {"type": "Feature", "geometry": {"type": "Polygon", "coordinates": [[[117.82365494978124, -35.053897765520034], [117.82365494978124, -35.028897765520036], [117.79865494978124, -35.028897765520036], [117.79865494978124, -35.053897765520034], [117.82365494978124, -35.053897765520034]]]}, "properties": {"layer": "Fuel type", "fuel_code": 230, "fuel_class": "Low open forest", "fuel_risk": 76}}, {"type": "Feature", "geometry": {"type": "Polygon", "coordinates": [[[117.84865494978125, -35.053897765520034], [117.84865494978125, -35.028897765520036], [117.82365494978124, -35.028897765520036], [117.82365494978124, -35.053897765520034], [117.84865494978125, -35.053897765520034]]]}, "properties": {"layer": "Fuel type", "fuel_code": 930, "fuel_class": "Wildland urban interface 2", "fuel_risk": 70}}, {"type": "Feature", "geometry": {"type": "Polygon", "coordinates": [[[116.92365494978104, -35.028897765520036], [116.92365494978104, -35.00389776552004], [116.89865494978103, -35.00389776552004], [116.89865494978103, -35.028897765520036], [116.92365494978104, -35.028897765520036]]]}, "properties": {"layer": "Fuel type", "fuel_code": 230, "fuel_class": "Low open forest", "fuel_risk": 76}}, {"type": "Feature", "geometry": {"type": "Polygon", "coordinates": [[[116.94865494978104, -35.028897765520036], [116.94865494978104, -35.00389776552004], [116.92365494978104, -35.00389776552004], [116.92365494978104, -35.028897765520036], [116.94865494978104, -35.028897765520036]]]}, "properties": {"layer": "Fuel type", "fuel_code": 520, "fuel_class": "Shrubland", "fuel_risk": 82}}, {"type": "Feature", "geometry": {"type": "Polygon", "coordinates": [[[116.97365494978105, -35.028897765520036], [116.97365494978105, -35.00389776552004], [116.94865494978104, -35.00389776552004], [116.94865494978104, -35.028897765520036], [116.97365494978105, -35.028897765520036]]]}, "properties": {"layer": "Fuel type", "fuel_code": 800, "fuel_class": "Wetlands", "fuel_risk": 35}}, {"type": "Feature", "geometry": {"type": "Polygon", "coordinates": [[[116.99865494978106, -35.028897765520036], [116.99865494978106, -35.00389776552004], [116.97365494978105, -35.00389776552004], [116.97365494978105, -35.028897765520036], [116.99865494978106, -35.028897765520036]]]}, "properties": {"layer": "Fuel type", "fuel_code": 520, "fuel_class": "Shrubland", "fuel_risk": 82}}, {"type": "Feature", "geometry": {"type": "Polygon", "coordinates": [[[117.02365494978106, -35.028897765520036], [117.02365494978106, -35.00389776552004], [116.99865494978106, -35.00389776552004], [116.99865494978106, -35.028897765520036], [117.02365494978106, -35.028897765520036]]]}, "properties": {"layer": "Fuel type", "fuel_code": 230, "fuel_class": "Low open forest", "fuel_risk": 76}}, {"type": "Feature", "geometry": {"type": "Polygon", "coordinates": [[[117.04865494978107, -35.028897765520036], [117.04865494978107, -35.00389776552004], [117.02365494978106, -35.00389776552004], [117.02365494978106, -35.028897765520036], [117.04865494978107, -35.028897765520036]]]}, "properties": {"layer": "Fuel type", "fuel_code": 431, "fuel_class": "Low woodland with shrubby understory", "fuel_risk": 78}}, {"type": "Feature", "geometry": {"type": "Polygon", "coordinates": [[[117.07365494978107, -35.028897765520036], [117.07365494978107, -35.00389776552004], [117.04865494978107, -35.00389776552004], [117.04865494978107, -35.028897765520036], [117.07365494978107, -35.028897765520036]]]}, "properties": {"layer": "Fuel type", "fuel_code": 800, "fuel_class": "Wetlands", "fuel_risk": 35}}, {"type": "Feature", "geometry": {"type": "Polygon", "coordinates": [[[117.09865494978108, -35.028897765520036], [117.09865494978108, -35.00389776552004], [117.07365494978107, -35.00389776552004], [117.07365494978107, -35.028897765520036], [117.09865494978108, -35.028897765520036]]]}, "properties": {"layer": "Fuel type", "fuel_code": 800, "fuel_class": "Wetlands", "fuel_risk": 35}}, {"type": "Feature", "geometry": {"type": "Polygon", "coordinates": [[[117.12365494978108, -35.028897765520036], [117.12365494978108, -35.00389776552004], [117.09865494978108, -35.00389776552004], [117.09865494978108, -35.028897765520036], [117.12365494978108, -35.028897765520036]]]}, "properties": {"layer": "Fuel type", "fuel_code": 230, "fuel_class": "Low open forest", "fuel_risk": 76}}, {"type": "Feature", "geometry": {"type": "Polygon", "coordinates": [[[117.14865494978109, -35.028897765520036], [117.14865494978109, -35.00389776552004], [117.12365494978108, -35.00389776552004], [117.12365494978108, -35.028897765520036], [117.14865494978109, -35.028897765520036]]]}, "properties": {"layer": "Fuel type", "fuel_code": 631, "fuel_class": "Grassland", "fuel_risk": 62}}, {"type": "Feature", "geometry": {"type": "Polygon", "coordinates": [[[117.1736549497811, -35.028897765520036], [117.1736549497811, -35.00389776552004], [117.14865494978109, -35.00389776552004], [117.14865494978109, -35.028897765520036], [117.1736549497811, -35.028897765520036]]]}, "properties": {"layer": "Fuel type", "fuel_code": 120, "fuel_class": "Closed forest", "fuel_risk": 96}}, {"type": "Feature", "geometry": {"type": "Polygon", "coordinates": [[[117.1986549497811, -35.028897765520036], [117.1986549497811, -35.00389776552004], [117.1736549497811, -35.00389776552004], [117.1736549497811, -35.028897765520036], [117.1986549497811, -35.028897765520036]]]}, "properties": {"layer": "Fuel type", "fuel_code": 433, "fuel_class": "Low woodland with grassy understory", "fuel_risk": 66}}, {"type": "Feature", "geometry": {"type": "Polygon", "coordinates": [[[117.2236549497811, -35.028897765520036], [117.2236549497811, -35.00389776552004], [117.1986549497811, -35.00389776552004], [117.1986549497811, -35.028897765520036], [117.2236549497811, -35.028897765520036]]]}, "properties": {"layer": "Fuel type", "fuel_code": 631, "fuel_class": "Grassland", "fuel_risk": 62}}, {"type": "Feature", "geometry": {"type": "Polygon", "coordinates": [[[117.24865494978111, -35.028897765520036], [117.24865494978111, -35.00389776552004], [117.2236549497811, -35.00389776552004], [117.2236549497811, -35.028897765520036], [117.24865494978111, -35.028897765520036]]]}, "properties": {"layer": "Fuel type", "fuel_code": 920, "fuel_class": "Wildland urban interface 1", "fuel_risk": 82}}, {"type": "Feature", "geometry": {"type": "Polygon", "coordinates": [[[117.27365494978112, -35.028897765520036], [117.27365494978112, -35.00389776552004], [117.24865494978111, -35.00389776552004], [117.24865494978111, -35.028897765520036], [117.27365494978112, -35.028897765520036]]]}, "properties": {"layer": "Fuel type", "fuel_code": 510, "fuel_class": "Tall shrubland", "fuel_risk": 88}}, {"type": "Feature", "geometry": {"type": "Polygon", "coordinates": [[[117.29865494978112, -35.028897765520036], [117.29865494978112, -35.00389776552004], [117.27365494978112, -35.00389776552004], [117.27365494978112, -35.028897765520036], [117.29865494978112, -35.028897765520036]]]}, "properties": {"layer": "Fuel type", "fuel_code": 631, "fuel_class": "Grassland", "fuel_risk": 62}}, {"type": "Feature", "geometry": {"type": "Polygon", "coordinates": [[[117.32365494978113, -35.028897765520036], [117.32365494978113, -35.00389776552004], [117.29865494978112, -35.00389776552004], [117.29865494978112, -35.028897765520036], [117.32365494978113, -35.028897765520036]]]}, "properties": {"layer": "Fuel type", "fuel_code": 631, "fuel_class": "Grassland", "fuel_risk": 62}}, {"type": "Feature", "geometry": {"type": "Polygon", "coordinates": [[[117.37365494978114, -35.028897765520036], [117.37365494978114, -35.00389776552004], [117.34865494978114, -35.00389776552004], [117.34865494978114, -35.028897765520036], [117.37365494978114, -35.028897765520036]]]}, "properties": {"layer": "Fuel type", "fuel_code": 631, "fuel_class": "Grassland", "fuel_risk": 62}}, {"type": "Feature", "geometry": {"type": "Polygon", "coordinates": [[[117.39865494978115, -35.028897765520036], [117.39865494978115, -35.00389776552004], [117.37365494978114, -35.00389776552004], [117.37365494978114, -35.028897765520036], [117.39865494978115, -35.028897765520036]]]}, "properties": {"layer": "Fuel type", "fuel_code": 640, "fuel_class": "Croplands", "fuel_risk": 50}}, {"type": "Feature", "geometry": {"type": "Polygon", "coordinates": [[[117.42365494978115, -35.028897765520036], [117.42365494978115, -35.00389776552004], [117.39865494978115, -35.00389776552004], [117.39865494978115, -35.028897765520036], [117.42365494978115, -35.028897765520036]]]}, "properties": {"layer": "Fuel type", "fuel_code": 640, "fuel_class": "Croplands", "fuel_risk": 50}}, {"type": "Feature", "geometry": {"type": "Polygon", "coordinates": [[[117.49865494978117, -35.028897765520036], [117.49865494978117, -35.00389776552004], [117.47365494978116, -35.00389776552004], [117.47365494978116, -35.028897765520036], [117.49865494978117, -35.028897765520036]]]}, "properties": {"layer": "Fuel type", "fuel_code": 230, "fuel_class": "Low open forest", "fuel_risk": 76}}, {"type": "Feature", "geometry": {"type": "Polygon", "coordinates": [[[117.52365494978118, -35.028897765520036], [117.52365494978118, -35.00389776552004], [117.49865494978117, -35.00389776552004], [117.49865494978117, -35.028897765520036], [117.52365494978118, -35.028897765520036]]]}, "properties": {"layer": "Fuel type", "fuel_code": 631, "fuel_class": "Grassland", "fuel_risk": 62}}, {"type": "Feature", "geometry": {"type": "Polygon", "coordinates": [[[117.54865494978118, -35.028897765520036], [117.54865494978118, -35.00389776552004], [117.52365494978118, -35.00389776552004], [117.52365494978118, -35.028897765520036], [117.54865494978118, -35.028897765520036]]]}, "properties": {"layer": "Fuel type", "fuel_code": 920, "fuel_class": "Wildland urban interface 1", "fuel_risk": 82}}, {"type": "Feature", "geometry": {"type": "Polygon", "coordinates": [[[117.57365494978119, -35.028897765520036], [117.57365494978119, -35.00389776552004], [117.54865494978118, -35.00389776552004], [117.54865494978118, -35.028897765520036], [117.57365494978119, -35.028897765520036]]]}, "properties": {"layer": "Fuel type", "fuel_code": 631, "fuel_class": "Grassland", "fuel_risk": 62}}, {"type": "Feature", "geometry": {"type": "Polygon", "coordinates": [[[117.59865494978119, -35.028897765520036], [117.59865494978119, -35.00389776552004], [117.57365494978119, -35.00389776552004], [117.57365494978119, -35.028897765520036], [117.59865494978119, -35.028897765520036]]]}, "properties": {"layer": "Fuel type", "fuel_code": 423, "fuel_class": "Woodland with grassy understory", "fuel_risk": 72}}, {"type": "Feature", "geometry": {"type": "Polygon", "coordinates": [[[117.6236549497812, -35.028897765520036], [117.6236549497812, -35.00389776552004], [117.59865494978119, -35.00389776552004], [117.59865494978119, -35.028897765520036], [117.6236549497812, -35.028897765520036]]]}, "properties": {"layer": "Fuel type", "fuel_code": 510, "fuel_class": "Tall shrubland", "fuel_risk": 88}}, {"type": "Feature", "geometry": {"type": "Polygon", "coordinates": [[[117.6486549497812, -35.028897765520036], [117.6486549497812, -35.00389776552004], [117.6236549497812, -35.00389776552004], [117.6236549497812, -35.028897765520036], [117.6486549497812, -35.028897765520036]]]}, "properties": {"layer": "Fuel type", "fuel_code": 631, "fuel_class": "Grassland", "fuel_risk": 62}}, {"type": "Feature", "geometry": {"type": "Polygon", "coordinates": [[[117.67365494978121, -35.028897765520036], [117.67365494978121, -35.00389776552004], [117.6486549497812, -35.00389776552004], [117.6486549497812, -35.028897765520036], [117.67365494978121, -35.028897765520036]]]}, "properties": {"layer": "Fuel type", "fuel_code": 510, "fuel_class": "Tall shrubland", "fuel_risk": 88}}, {"type": "Feature", "geometry": {"type": "Polygon", "coordinates": [[[117.69865494978121, -35.028897765520036], [117.69865494978121, -35.00389776552004], [117.67365494978121, -35.00389776552004], [117.67365494978121, -35.028897765520036], [117.69865494978121, -35.028897765520036]]]}, "properties": {"layer": "Fuel type", "fuel_code": 631, "fuel_class": "Grassland", "fuel_risk": 62}}, {"type": "Feature", "geometry": {"type": "Polygon", "coordinates": [[[117.72365494978122, -35.028897765520036], [117.72365494978122, -35.00389776552004], [117.69865494978121, -35.00389776552004], [117.69865494978121, -35.028897765520036], [117.72365494978122, -35.028897765520036]]]}, "properties": {"layer": "Fuel type", "fuel_code": 631, "fuel_class": "Grassland", "fuel_risk": 62}}, {"type": "Feature", "geometry": {"type": "Polygon", "coordinates": [[[117.74865494978123, -35.028897765520036], [117.74865494978123, -35.00389776552004], [117.72365494978122, -35.00389776552004], [117.72365494978122, -35.028897765520036], [117.74865494978123, -35.028897765520036]]]}, "properties": {"layer": "Fuel type", "fuel_code": 800, "fuel_class": "Wetlands", "fuel_risk": 35}}, {"type": "Feature", "geometry": {"type": "Polygon", "coordinates": [[[117.77365494978123, -35.028897765520036], [117.77365494978123, -35.00389776552004], [117.74865494978123, -35.00389776552004], [117.74865494978123, -35.028897765520036], [117.77365494978123, -35.028897765520036]]]}, "properties": {"layer": "Fuel type", "fuel_code": 631, "fuel_class": "Grassland", "fuel_risk": 62}}, {"type": "Feature", "geometry": {"type": "Polygon", "coordinates": [[[117.79865494978124, -35.028897765520036], [117.79865494978124, -35.00389776552004], [117.77365494978123, -35.00389776552004], [117.77365494978123, -35.028897765520036], [117.79865494978124, -35.028897765520036]]]}, "properties": {"layer": "Fuel type", "fuel_code": 930, "fuel_class": "Wildland urban interface 2", "fuel_risk": 70}}, {"type": "Feature", "geometry": {"type": "Polygon", "coordinates": [[[117.82365494978124, -35.028897765520036], [117.82365494978124, -35.00389776552004], [117.79865494978124, -35.00389776552004], [117.79865494978124, -35.028897765520036], [117.82365494978124, -35.028897765520036]]]}, "properties": {"layer": "Fuel type", "fuel_code": 230, "fuel_class": "Low open forest", "fuel_risk": 76}}, {"type": "Feature", "geometry": {"type": "Polygon", "coordinates": [[[117.84865494978125, -35.028897765520036], [117.84865494978125, -35.00389776552004], [117.82365494978124, -35.00389776552004], [117.82365494978124, -35.028897765520036], [117.84865494978125, -35.028897765520036]]]}, "properties": {"layer": "Fuel type", "fuel_code": 930, "fuel_class": "Wildland urban interface 2", "fuel_risk": 70}}, {"type": "Feature", "geometry": {"type": "Polygon", "coordinates": [[[117.87365494978125, -35.028897765520036], [117.87365494978125, -35.00389776552004], [117.84865494978125, -35.00389776552004], [117.84865494978125, -35.028897765520036], [117.87365494978125, -35.028897765520036]]]}, "properties": {"layer": "Fuel type", "fuel_code": 220, "fuel_class": "Open forest", "fuel_risk": 86}}, {"type": "Feature", "geometry": {"type": "Polygon", "coordinates": [[[117.89865494978126, -35.028897765520036], [117.89865494978126, -35.00389776552004], [117.87365494978125, -35.00389776552004], [117.87365494978125, -35.028897765520036], [117.89865494978126, -35.028897765520036]]]}, "properties": {"layer": "Fuel type", "fuel_code": 950, "fuel_class": "Built-up", "fuel_risk": 26}}, {"type": "Feature", "geometry": {"type": "Polygon", "coordinates": [[[117.92365494978127, -35.028897765520036], [117.92365494978127, -35.00389776552004], [117.89865494978126, -35.00389776552004], [117.89865494978126, -35.028897765520036], [117.92365494978127, -35.028897765520036]]]}, "properties": {"layer": "Fuel type", "fuel_code": 631, "fuel_class": "Grassland", "fuel_risk": 62}}, {"type": "Feature", "geometry": {"type": "Polygon", "coordinates": [[[118.01203559541987, -35.028897765520036], [118.01203559541987, -35.00389776552004], [117.99865494978128, -35.00389776552004], [117.99865494978128, -35.028897765520036], [118.01203559541987, -35.028897765520036]]]}, "properties": {"layer": "Fuel type", "fuel_code": 510, "fuel_class": "Tall shrubland", "fuel_risk": 88}}, {"type": "Feature", "geometry": {"type": "Polygon", "coordinates": [[[116.92365494978104, -35.00389776552004], [116.92365494978104, -34.97889776552004], [116.89865494978103, -34.97889776552004], [116.89865494978103, -35.00389776552004], [116.92365494978104, -35.00389776552004]]]}, "properties": {"layer": "Fuel type", "fuel_code": 220, "fuel_class": "Open forest", "fuel_risk": 86}}, {"type": "Feature", "geometry": {"type": "Polygon", "coordinates": [[[116.94865494978104, -35.00389776552004], [116.94865494978104, -34.97889776552004], [116.92365494978104, -34.97889776552004], [116.92365494978104, -35.00389776552004], [116.94865494978104, -35.00389776552004]]]}, "properties": {"layer": "Fuel type", "fuel_code": 230, "fuel_class": "Low open forest", "fuel_risk": 76}}, {"type": "Feature", "geometry": {"type": "Polygon", "coordinates": [[[116.97365494978105, -35.00389776552004], [116.97365494978105, -34.97889776552004], [116.94865494978104, -34.97889776552004], [116.94865494978104, -35.00389776552004], [116.97365494978105, -35.00389776552004]]]}, "properties": {"layer": "Fuel type", "fuel_code": 910, "fuel_class": "Water", "fuel_risk": 5}}, {"type": "Feature", "geometry": {"type": "Polygon", "coordinates": [[[116.99865494978106, -35.00389776552004], [116.99865494978106, -34.97889776552004], [116.97365494978105, -34.97889776552004], [116.97365494978105, -35.00389776552004], [116.99865494978106, -35.00389776552004]]]}, "properties": {"layer": "Fuel type", "fuel_code": 910, "fuel_class": "Water", "fuel_risk": 5}}, {"type": "Feature", "geometry": {"type": "Polygon", "coordinates": [[[117.02365494978106, -35.00389776552004], [117.02365494978106, -34.97889776552004], [116.99865494978106, -34.97889776552004], [116.99865494978106, -35.00389776552004], [117.02365494978106, -35.00389776552004]]]}, "properties": {"layer": "Fuel type", "fuel_code": 230, "fuel_class": "Low open forest", "fuel_risk": 76}}, {"type": "Feature", "geometry": {"type": "Polygon", "coordinates": [[[117.04865494978107, -35.00389776552004], [117.04865494978107, -34.97889776552004], [117.02365494978106, -34.97889776552004], [117.02365494978106, -35.00389776552004], [117.04865494978107, -35.00389776552004]]]}, "properties": {"layer": "Fuel type", "fuel_code": 220, "fuel_class": "Open forest", "fuel_risk": 86}}, {"type": "Feature", "geometry": {"type": "Polygon", "coordinates": [[[117.07365494978107, -35.00389776552004], [117.07365494978107, -34.97889776552004], [117.04865494978107, -34.97889776552004], [117.04865494978107, -35.00389776552004], [117.07365494978107, -35.00389776552004]]]}, "properties": {"layer": "Fuel type", "fuel_code": 800, "fuel_class": "Wetlands", "fuel_risk": 35}}, {"type": "Feature", "geometry": {"type": "Polygon", "coordinates": [[[117.09865494978108, -35.00389776552004], [117.09865494978108, -34.97889776552004], [117.07365494978107, -34.97889776552004], [117.07365494978107, -35.00389776552004], [117.09865494978108, -35.00389776552004]]]}, "properties": {"layer": "Fuel type", "fuel_code": 520, "fuel_class": "Shrubland", "fuel_risk": 82}}, {"type": "Feature", "geometry": {"type": "Polygon", "coordinates": [[[117.12365494978108, -35.00389776552004], [117.12365494978108, -34.97889776552004], [117.09865494978108, -34.97889776552004], [117.09865494978108, -35.00389776552004], [117.12365494978108, -35.00389776552004]]]}, "properties": {"layer": "Fuel type", "fuel_code": 220, "fuel_class": "Open forest", "fuel_risk": 86}}, {"type": "Feature", "geometry": {"type": "Polygon", "coordinates": [[[117.14865494978109, -35.00389776552004], [117.14865494978109, -34.97889776552004], [117.12365494978108, -34.97889776552004], [117.12365494978108, -35.00389776552004], [117.14865494978109, -35.00389776552004]]]}, "properties": {"layer": "Fuel type", "fuel_code": 631, "fuel_class": "Grassland", "fuel_risk": 62}}, {"type": "Feature", "geometry": {"type": "Polygon", "coordinates": [[[117.1736549497811, -35.00389776552004], [117.1736549497811, -34.97889776552004], [117.14865494978109, -34.97889776552004], [117.14865494978109, -35.00389776552004], [117.1736549497811, -35.00389776552004]]]}, "properties": {"layer": "Fuel type", "fuel_code": 631, "fuel_class": "Grassland", "fuel_risk": 62}}, {"type": "Feature", "geometry": {"type": "Polygon", "coordinates": [[[117.1986549497811, -35.00389776552004], [117.1986549497811, -34.97889776552004], [117.1736549497811, -34.97889776552004], [117.1736549497811, -35.00389776552004], [117.1986549497811, -35.00389776552004]]]}, "properties": {"layer": "Fuel type", "fuel_code": 631, "fuel_class": "Grassland", "fuel_risk": 62}}, {"type": "Feature", "geometry": {"type": "Polygon", "coordinates": [[[117.2236549497811, -35.00389776552004], [117.2236549497811, -34.97889776552004], [117.1986549497811, -34.97889776552004], [117.1986549497811, -35.00389776552004], [117.2236549497811, -35.00389776552004]]]}, "properties": {"layer": "Fuel type", "fuel_code": 220, "fuel_class": "Open forest", "fuel_risk": 86}}, {"type": "Feature", "geometry": {"type": "Polygon", "coordinates": [[[117.24865494978111, -35.00389776552004], [117.24865494978111, -34.97889776552004], [117.2236549497811, -34.97889776552004], [117.2236549497811, -35.00389776552004], [117.24865494978111, -35.00389776552004]]]}, "properties": {"layer": "Fuel type", "fuel_code": 220, "fuel_class": "Open forest", "fuel_risk": 86}}, {"type": "Feature", "geometry": {"type": "Polygon", "coordinates": [[[117.27365494978112, -35.00389776552004], [117.27365494978112, -34.97889776552004], [117.24865494978111, -34.97889776552004], [117.24865494978111, -35.00389776552004], [117.27365494978112, -35.00389776552004]]]}, "properties": {"layer": "Fuel type", "fuel_code": 220, "fuel_class": "Open forest", "fuel_risk": 86}}, {"type": "Feature", "geometry": {"type": "Polygon", "coordinates": [[[117.29865494978112, -35.00389776552004], [117.29865494978112, -34.97889776552004], [117.27365494978112, -34.97889776552004], [117.27365494978112, -35.00389776552004], [117.29865494978112, -35.00389776552004]]]}, "properties": {"layer": "Fuel type", "fuel_code": 631, "fuel_class": "Grassland", "fuel_risk": 62}}, {"type": "Feature", "geometry": {"type": "Polygon", "coordinates": [[[117.32365494978113, -35.00389776552004], [117.32365494978113, -34.97889776552004], [117.29865494978112, -34.97889776552004], [117.29865494978112, -35.00389776552004], [117.32365494978113, -35.00389776552004]]]}, "properties": {"layer": "Fuel type", "fuel_code": 220, "fuel_class": "Open forest", "fuel_risk": 86}}, {"type": "Feature", "geometry": {"type": "Polygon", "coordinates": [[[117.34865494978114, -35.00389776552004], [117.34865494978114, -34.97889776552004], [117.32365494978113, -34.97889776552004], [117.32365494978113, -35.00389776552004], [117.34865494978114, -35.00389776552004]]]}, "properties": {"layer": "Fuel type", "fuel_code": 220, "fuel_class": "Open forest", "fuel_risk": 86}}, {"type": "Feature", "geometry": {"type": "Polygon", "coordinates": [[[117.49865494978117, -35.00389776552004], [117.49865494978117, -34.97889776552004], [117.47365494978116, -34.97889776552004], [117.47365494978116, -35.00389776552004], [117.49865494978117, -35.00389776552004]]]}, "properties": {"layer": "Fuel type", "fuel_code": 230, "fuel_class": "Low open forest", "fuel_risk": 76}}, {"type": "Feature", "geometry": {"type": "Polygon", "coordinates": [[[117.52365494978118, -35.00389776552004], [117.52365494978118, -34.97889776552004], [117.49865494978117, -34.97889776552004], [117.49865494978117, -35.00389776552004], [117.52365494978118, -35.00389776552004]]]}, "properties": {"layer": "Fuel type", "fuel_code": 510, "fuel_class": "Tall shrubland", "fuel_risk": 88}}, {"type": "Feature", "geometry": {"type": "Polygon", "coordinates": [[[117.54865494978118, -35.00389776552004], [117.54865494978118, -34.97889776552004], [117.52365494978118, -34.97889776552004], [117.52365494978118, -35.00389776552004], [117.54865494978118, -35.00389776552004]]]}, "properties": {"layer": "Fuel type", "fuel_code": 631, "fuel_class": "Grassland", "fuel_risk": 62}}, {"type": "Feature", "geometry": {"type": "Polygon", "coordinates": [[[117.57365494978119, -35.00389776552004], [117.57365494978119, -34.97889776552004], [117.54865494978118, -34.97889776552004], [117.54865494978118, -35.00389776552004], [117.57365494978119, -35.00389776552004]]]}, "properties": {"layer": "Fuel type", "fuel_code": 631, "fuel_class": "Grassland", "fuel_risk": 62}}, {"type": "Feature", "geometry": {"type": "Polygon", "coordinates": [[[117.59865494978119, -35.00389776552004], [117.59865494978119, -34.97889776552004], [117.57365494978119, -34.97889776552004], [117.57365494978119, -35.00389776552004], [117.59865494978119, -35.00389776552004]]]}, "properties": {"layer": "Fuel type", "fuel_code": 631, "fuel_class": "Grassland", "fuel_risk": 62}}, {"type": "Feature", "geometry": {"type": "Polygon", "coordinates": [[[117.6236549497812, -35.00389776552004], [117.6236549497812, -34.97889776552004], [117.59865494978119, -34.97889776552004], [117.59865494978119, -35.00389776552004], [117.6236549497812, -35.00389776552004]]]}, "properties": {"layer": "Fuel type", "fuel_code": 640, "fuel_class": "Croplands", "fuel_risk": 50}}, {"type": "Feature", "geometry": {"type": "Polygon", "coordinates": [[[117.6486549497812, -35.00389776552004], [117.6486549497812, -34.97889776552004], [117.6236549497812, -34.97889776552004], [117.6236549497812, -35.00389776552004], [117.6486549497812, -35.00389776552004]]]}, "properties": {"layer": "Fuel type", "fuel_code": 640, "fuel_class": "Croplands", "fuel_risk": 50}}, {"type": "Feature", "geometry": {"type": "Polygon", "coordinates": [[[117.67365494978121, -35.00389776552004], [117.67365494978121, -34.97889776552004], [117.6486549497812, -34.97889776552004], [117.6486549497812, -35.00389776552004], [117.67365494978121, -35.00389776552004]]]}, "properties": {"layer": "Fuel type", "fuel_code": 520, "fuel_class": "Shrubland", "fuel_risk": 82}}, {"type": "Feature", "geometry": {"type": "Polygon", "coordinates": [[[117.69865494978121, -35.00389776552004], [117.69865494978121, -34.97889776552004], [117.67365494978121, -34.97889776552004], [117.67365494978121, -35.00389776552004], [117.69865494978121, -35.00389776552004]]]}, "properties": {"layer": "Fuel type", "fuel_code": 631, "fuel_class": "Grassland", "fuel_risk": 62}}, {"type": "Feature", "geometry": {"type": "Polygon", "coordinates": [[[117.72365494978122, -35.00389776552004], [117.72365494978122, -34.97889776552004], [117.69865494978121, -34.97889776552004], [117.69865494978121, -35.00389776552004], [117.72365494978122, -35.00389776552004]]]}, "properties": {"layer": "Fuel type", "fuel_code": 640, "fuel_class": "Croplands", "fuel_risk": 50}}, {"type": "Feature", "geometry": {"type": "Polygon", "coordinates": [[[117.74865494978123, -35.00389776552004], [117.74865494978123, -34.97889776552004], [117.72365494978122, -34.97889776552004], [117.72365494978122, -35.00389776552004], [117.74865494978123, -35.00389776552004]]]}, "properties": {"layer": "Fuel type", "fuel_code": 631, "fuel_class": "Grassland", "fuel_risk": 62}}, {"type": "Feature", "geometry": {"type": "Polygon", "coordinates": [[[117.77365494978123, -35.00389776552004], [117.77365494978123, -34.97889776552004], [117.74865494978123, -34.97889776552004], [117.74865494978123, -35.00389776552004], [117.77365494978123, -35.00389776552004]]]}, "properties": {"layer": "Fuel type", "fuel_code": 640, "fuel_class": "Croplands", "fuel_risk": 50}}, {"type": "Feature", "geometry": {"type": "Polygon", "coordinates": [[[117.79865494978124, -35.00389776552004], [117.79865494978124, -34.97889776552004], [117.77365494978123, -34.97889776552004], [117.77365494978123, -35.00389776552004], [117.79865494978124, -35.00389776552004]]]}, "properties": {"layer": "Fuel type", "fuel_code": 220, "fuel_class": "Open forest", "fuel_risk": 86}}, {"type": "Feature", "geometry": {"type": "Polygon", "coordinates": [[[117.82365494978124, -35.00389776552004], [117.82365494978124, -34.97889776552004], [117.79865494978124, -34.97889776552004], [117.79865494978124, -35.00389776552004], [117.82365494978124, -35.00389776552004]]]}, "properties": {"layer": "Fuel type", "fuel_code": 930, "fuel_class": "Wildland urban interface 2", "fuel_risk": 70}}, {"type": "Feature", "geometry": {"type": "Polygon", "coordinates": [[[117.84865494978125, -35.00389776552004], [117.84865494978125, -34.97889776552004], [117.82365494978124, -34.97889776552004], [117.82365494978124, -35.00389776552004], [117.84865494978125, -35.00389776552004]]]}, "properties": {"layer": "Fuel type", "fuel_code": 631, "fuel_class": "Grassland", "fuel_risk": 62}}, {"type": "Feature", "geometry": {"type": "Polygon", "coordinates": [[[117.87365494978125, -35.00389776552004], [117.87365494978125, -34.97889776552004], [117.84865494978125, -34.97889776552004], [117.84865494978125, -35.00389776552004], [117.87365494978125, -35.00389776552004]]]}, "properties": {"layer": "Fuel type", "fuel_code": 423, "fuel_class": "Woodland with grassy understory", "fuel_risk": 72}}, {"type": "Feature", "geometry": {"type": "Polygon", "coordinates": [[[117.89865494978126, -35.00389776552004], [117.89865494978126, -34.97889776552004], [117.87365494978125, -34.97889776552004], [117.87365494978125, -35.00389776552004], [117.89865494978126, -35.00389776552004]]]}, "properties": {"layer": "Fuel type", "fuel_code": 631, "fuel_class": "Grassland", "fuel_risk": 62}}, {"type": "Feature", "geometry": {"type": "Polygon", "coordinates": [[[117.92365494978127, -35.00389776552004], [117.92365494978127, -34.97889776552004], [117.89865494978126, -34.97889776552004], [117.89865494978126, -35.00389776552004], [117.92365494978127, -35.00389776552004]]]}, "properties": {"layer": "Fuel type", "fuel_code": 800, "fuel_class": "Wetlands", "fuel_risk": 35}}, {"type": "Feature", "geometry": {"type": "Polygon", "coordinates": [[[117.94865494978127, -35.00389776552004], [117.94865494978127, -34.97889776552004], [117.92365494978127, -34.97889776552004], [117.92365494978127, -35.00389776552004], [117.94865494978127, -35.00389776552004]]]}, "properties": {"layer": "Fuel type", "fuel_code": 510, "fuel_class": "Tall shrubland", "fuel_risk": 88}}, {"type": "Feature", "geometry": {"type": "Polygon", "coordinates": [[[117.97365494978128, -35.00389776552004], [117.97365494978128, -34.97889776552004], [117.94865494978127, -34.97889776552004], [117.94865494978127, -35.00389776552004], [117.97365494978128, -35.00389776552004]]]}, "properties": {"layer": "Fuel type", "fuel_code": 910, "fuel_class": "Water", "fuel_risk": 5}}, {"type": "Feature", "geometry": {"type": "Polygon", "coordinates": [[[117.99865494978128, -35.00389776552004], [117.99865494978128, -34.97889776552004], [117.97365494978128, -34.97889776552004], [117.97365494978128, -35.00389776552004], [117.99865494978128, -35.00389776552004]]]}, "properties": {"layer": "Fuel type", "fuel_code": 230, "fuel_class": "Low open forest", "fuel_risk": 76}}, {"type": "Feature", "geometry": {"type": "Polygon", "coordinates": [[[118.01203559541987, -35.00389776552004], [118.01203559541987, -34.97889776552004], [117.99865494978128, -34.97889776552004], [117.99865494978128, -35.00389776552004], [118.01203559541987, -35.00389776552004]]]}, "properties": {"layer": "Fuel type", "fuel_code": 220, "fuel_class": "Open forest", "fuel_risk": 86}}, {"type": "Feature", "geometry": {"type": "Polygon", "coordinates": [[[116.92365494978104, -34.97889776552004], [116.92365494978104, -34.95389776552004], [116.89865494978103, -34.95389776552004], [116.89865494978103, -34.97889776552004], [116.92365494978104, -34.97889776552004]]]}, "properties": {"layer": "Fuel type", "fuel_code": 520, "fuel_class": "Shrubland", "fuel_risk": 82}}, {"type": "Feature", "geometry": {"type": "Polygon", "coordinates": [[[116.94865494978104, -34.97889776552004], [116.94865494978104, -34.95389776552004], [116.92365494978104, -34.95389776552004], [116.92365494978104, -34.97889776552004], [116.94865494978104, -34.97889776552004]]]}, "properties": {"layer": "Fuel type", "fuel_code": 510, "fuel_class": "Tall shrubland", "fuel_risk": 88}}, {"type": "Feature", "geometry": {"type": "Polygon", "coordinates": [[[116.97365494978105, -34.97889776552004], [116.97365494978105, -34.95389776552004], [116.94865494978104, -34.95389776552004], [116.94865494978104, -34.97889776552004], [116.97365494978105, -34.97889776552004]]]}, "properties": {"layer": "Fuel type", "fuel_code": 631, "fuel_class": "Grassland", "fuel_risk": 62}}, {"type": "Feature", "geometry": {"type": "Polygon", "coordinates": [[[116.99865494978106, -34.97889776552004], [116.99865494978106, -34.95389776552004], [116.97365494978105, -34.95389776552004], [116.97365494978105, -34.97889776552004], [116.99865494978106, -34.97889776552004]]]}, "properties": {"layer": "Fuel type", "fuel_code": 421, "fuel_class": "Woodland with shrubby understory", "fuel_risk": 84}}, {"type": "Feature", "geometry": {"type": "Polygon", "coordinates": [[[117.02365494978106, -34.97889776552004], [117.02365494978106, -34.95389776552004], [116.99865494978106, -34.95389776552004], [116.99865494978106, -34.97889776552004], [117.02365494978106, -34.97889776552004]]]}, "properties": {"layer": "Fuel type", "fuel_code": 510, "fuel_class": "Tall shrubland", "fuel_risk": 88}}, {"type": "Feature", "geometry": {"type": "Polygon", "coordinates": [[[117.04865494978107, -34.97889776552004], [117.04865494978107, -34.95389776552004], [117.02365494978106, -34.95389776552004], [117.02365494978106, -34.97889776552004], [117.04865494978107, -34.97889776552004]]]}, "properties": {"layer": "Fuel type", "fuel_code": 220, "fuel_class": "Open forest", "fuel_risk": 86}}, {"type": "Feature", "geometry": {"type": "Polygon", "coordinates": [[[117.07365494978107, -34.97889776552004], [117.07365494978107, -34.95389776552004], [117.04865494978107, -34.95389776552004], [117.04865494978107, -34.97889776552004], [117.07365494978107, -34.97889776552004]]]}, "properties": {"layer": "Fuel type", "fuel_code": 631, "fuel_class": "Grassland", "fuel_risk": 62}}, {"type": "Feature", "geometry": {"type": "Polygon", "coordinates": [[[117.09865494978108, -34.97889776552004], [117.09865494978108, -34.95389776552004], [117.07365494978107, -34.95389776552004], [117.07365494978107, -34.97889776552004], [117.09865494978108, -34.97889776552004]]]}, "properties": {"layer": "Fuel type", "fuel_code": 631, "fuel_class": "Grassland", "fuel_risk": 62}}, {"type": "Feature", "geometry": {"type": "Polygon", "coordinates": [[[117.12365494978108, -34.97889776552004], [117.12365494978108, -34.95389776552004], [117.09865494978108, -34.95389776552004], [117.09865494978108, -34.97889776552004], [117.12365494978108, -34.97889776552004]]]}, "properties": {"layer": "Fuel type", "fuel_code": 631, "fuel_class": "Grassland", "fuel_risk": 62}}, {"type": "Feature", "geometry": {"type": "Polygon", "coordinates": [[[117.14865494978109, -34.97889776552004], [117.14865494978109, -34.95389776552004], [117.12365494978108, -34.95389776552004], [117.12365494978108, -34.97889776552004], [117.14865494978109, -34.97889776552004]]]}, "properties": {"layer": "Fuel type", "fuel_code": 920, "fuel_class": "Wildland urban interface 1", "fuel_risk": 82}}, {"type": "Feature", "geometry": {"type": "Polygon", "coordinates": [[[117.1736549497811, -34.97889776552004], [117.1736549497811, -34.95389776552004], [117.14865494978109, -34.95389776552004], [117.14865494978109, -34.97889776552004], [117.1736549497811, -34.97889776552004]]]}, "properties": {"layer": "Fuel type", "fuel_code": 220, "fuel_class": "Open forest", "fuel_risk": 86}}, {"type": "Feature", "geometry": {"type": "Polygon", "coordinates": [[[117.1986549497811, -34.97889776552004], [117.1986549497811, -34.95389776552004], [117.1736549497811, -34.95389776552004], [117.1736549497811, -34.97889776552004], [117.1986549497811, -34.97889776552004]]]}, "properties": {"layer": "Fuel type", "fuel_code": 631, "fuel_class": "Grassland", "fuel_risk": 62}}, {"type": "Feature", "geometry": {"type": "Polygon", "coordinates": [[[117.2236549497811, -34.97889776552004], [117.2236549497811, -34.95389776552004], [117.1986549497811, -34.95389776552004], [117.1986549497811, -34.97889776552004], [117.2236549497811, -34.97889776552004]]]}, "properties": {"layer": "Fuel type", "fuel_code": 220, "fuel_class": "Open forest", "fuel_risk": 86}}, {"type": "Feature", "geometry": {"type": "Polygon", "coordinates": [[[117.24865494978111, -34.97889776552004], [117.24865494978111, -34.95389776552004], [117.2236549497811, -34.95389776552004], [117.2236549497811, -34.97889776552004], [117.24865494978111, -34.97889776552004]]]}, "properties": {"layer": "Fuel type", "fuel_code": 631, "fuel_class": "Grassland", "fuel_risk": 62}}, {"type": "Feature", "geometry": {"type": "Polygon", "coordinates": [[[117.27365494978112, -34.97889776552004], [117.27365494978112, -34.95389776552004], [117.24865494978111, -34.95389776552004], [117.24865494978111, -34.97889776552004], [117.27365494978112, -34.97889776552004]]]}, "properties": {"layer": "Fuel type", "fuel_code": 510, "fuel_class": "Tall shrubland", "fuel_risk": 88}}, {"type": "Feature", "geometry": {"type": "Polygon", "coordinates": [[[117.29865494978112, -34.97889776552004], [117.29865494978112, -34.95389776552004], [117.27365494978112, -34.95389776552004], [117.27365494978112, -34.97889776552004], [117.29865494978112, -34.97889776552004]]]}, "properties": {"layer": "Fuel type", "fuel_code": 431, "fuel_class": "Low woodland with shrubby understory", "fuel_risk": 78}}, {"type": "Feature", "geometry": {"type": "Polygon", "coordinates": [[[117.32365494978113, -34.97889776552004], [117.32365494978113, -34.95389776552004], [117.29865494978112, -34.95389776552004], [117.29865494978112, -34.97889776552004], [117.32365494978113, -34.97889776552004]]]}, "properties": {"layer": "Fuel type", "fuel_code": 930, "fuel_class": "Wildland urban interface 2", "fuel_risk": 70}}, {"type": "Feature", "geometry": {"type": "Polygon", "coordinates": [[[117.34865494978114, -34.97889776552004], [117.34865494978114, -34.95389776552004], [117.32365494978113, -34.95389776552004], [117.32365494978113, -34.97889776552004], [117.34865494978114, -34.97889776552004]]]}, "properties": {"layer": "Fuel type", "fuel_code": 220, "fuel_class": "Open forest", "fuel_risk": 86}}, {"type": "Feature", "geometry": {"type": "Polygon", "coordinates": [[[117.37365494978114, -34.97889776552004], [117.37365494978114, -34.95389776552004], [117.34865494978114, -34.95389776552004], [117.34865494978114, -34.97889776552004], [117.37365494978114, -34.97889776552004]]]}, "properties": {"layer": "Fuel type", "fuel_code": 940, "fuel_class": "Wildland urban interface 3", "fuel_risk": 58}}, {"type": "Feature", "geometry": {"type": "Polygon", "coordinates": [[[117.39865494978115, -34.97889776552004], [117.39865494978115, -34.95389776552004], [117.37365494978114, -34.95389776552004], [117.37365494978114, -34.97889776552004], [117.39865494978115, -34.97889776552004]]]}, "properties": {"layer": "Fuel type", "fuel_code": 230, "fuel_class": "Low open forest", "fuel_risk": 76}}, {"type": "Feature", "geometry": {"type": "Polygon", "coordinates": [[[117.42365494978115, -34.97889776552004], [117.42365494978115, -34.95389776552004], [117.39865494978115, -34.95389776552004], [117.39865494978115, -34.97889776552004], [117.42365494978115, -34.97889776552004]]]}, "properties": {"layer": "Fuel type", "fuel_code": 631, "fuel_class": "Grassland", "fuel_risk": 62}}, {"type": "Feature", "geometry": {"type": "Polygon", "coordinates": [[[117.44865494978116, -34.97889776552004], [117.44865494978116, -34.95389776552004], [117.42365494978115, -34.95389776552004], [117.42365494978115, -34.97889776552004], [117.44865494978116, -34.97889776552004]]]}, "properties": {"layer": "Fuel type", "fuel_code": 230, "fuel_class": "Low open forest", "fuel_risk": 76}}, {"type": "Feature", "geometry": {"type": "Polygon", "coordinates": [[[117.47365494978116, -34.97889776552004], [117.47365494978116, -34.95389776552004], [117.44865494978116, -34.95389776552004], [117.44865494978116, -34.97889776552004], [117.47365494978116, -34.97889776552004]]]}, "properties": {"layer": "Fuel type", "fuel_code": 800, "fuel_class": "Wetlands", "fuel_risk": 35}}, {"type": "Feature", "geometry": {"type": "Polygon", "coordinates": [[[117.49865494978117, -34.97889776552004], [117.49865494978117, -34.95389776552004], [117.47365494978116, -34.95389776552004], [117.47365494978116, -34.97889776552004], [117.49865494978117, -34.97889776552004]]]}, "properties": {"layer": "Fuel type", "fuel_code": 631, "fuel_class": "Grassland", "fuel_risk": 62}}, {"type": "Feature", "geometry": {"type": "Polygon", "coordinates": [[[117.52365494978118, -34.97889776552004], [117.52365494978118, -34.95389776552004], [117.49865494978117, -34.95389776552004], [117.49865494978117, -34.97889776552004], [117.52365494978118, -34.97889776552004]]]}, "properties": {"layer": "Fuel type", "fuel_code": 960, "fuel_class": "Bare ground", "fuel_risk": 12}}, {"type": "Feature", "geometry": {"type": "Polygon", "coordinates": [[[117.54865494978118, -34.97889776552004], [117.54865494978118, -34.95389776552004], [117.52365494978118, -34.95389776552004], [117.52365494978118, -34.97889776552004], [117.54865494978118, -34.97889776552004]]]}, "properties": {"layer": "Fuel type", "fuel_code": 631, "fuel_class": "Grassland", "fuel_risk": 62}}, {"type": "Feature", "geometry": {"type": "Polygon", "coordinates": [[[117.57365494978119, -34.97889776552004], [117.57365494978119, -34.95389776552004], [117.54865494978118, -34.95389776552004], [117.54865494978118, -34.97889776552004], [117.57365494978119, -34.97889776552004]]]}, "properties": {"layer": "Fuel type", "fuel_code": 631, "fuel_class": "Grassland", "fuel_risk": 62}}, {"type": "Feature", "geometry": {"type": "Polygon", "coordinates": [[[117.59865494978119, -34.97889776552004], [117.59865494978119, -34.95389776552004], [117.57365494978119, -34.95389776552004], [117.57365494978119, -34.97889776552004], [117.59865494978119, -34.97889776552004]]]}, "properties": {"layer": "Fuel type", "fuel_code": 631, "fuel_class": "Grassland", "fuel_risk": 62}}, {"type": "Feature", "geometry": {"type": "Polygon", "coordinates": [[[117.6236549497812, -34.97889776552004], [117.6236549497812, -34.95389776552004], [117.59865494978119, -34.95389776552004], [117.59865494978119, -34.97889776552004], [117.6236549497812, -34.97889776552004]]]}, "properties": {"layer": "Fuel type", "fuel_code": 640, "fuel_class": "Croplands", "fuel_risk": 50}}, {"type": "Feature", "geometry": {"type": "Polygon", "coordinates": [[[117.6486549497812, -34.97889776552004], [117.6486549497812, -34.95389776552004], [117.6236549497812, -34.95389776552004], [117.6236549497812, -34.97889776552004], [117.6486549497812, -34.97889776552004]]]}, "properties": {"layer": "Fuel type", "fuel_code": 631, "fuel_class": "Grassland", "fuel_risk": 62}}, {"type": "Feature", "geometry": {"type": "Polygon", "coordinates": [[[117.67365494978121, -34.97889776552004], [117.67365494978121, -34.95389776552004], [117.6486549497812, -34.95389776552004], [117.6486549497812, -34.97889776552004], [117.67365494978121, -34.97889776552004]]]}, "properties": {"layer": "Fuel type", "fuel_code": 520, "fuel_class": "Shrubland", "fuel_risk": 82}}, {"type": "Feature", "geometry": {"type": "Polygon", "coordinates": [[[117.69865494978121, -34.97889776552004], [117.69865494978121, -34.95389776552004], [117.67365494978121, -34.95389776552004], [117.67365494978121, -34.97889776552004], [117.69865494978121, -34.97889776552004]]]}, "properties": {"layer": "Fuel type", "fuel_code": 520, "fuel_class": "Shrubland", "fuel_risk": 82}}, {"type": "Feature", "geometry": {"type": "Polygon", "coordinates": [[[117.72365494978122, -34.97889776552004], [117.72365494978122, -34.95389776552004], [117.69865494978121, -34.95389776552004], [117.69865494978121, -34.97889776552004], [117.72365494978122, -34.97889776552004]]]}, "properties": {"layer": "Fuel type", "fuel_code": 520, "fuel_class": "Shrubland", "fuel_risk": 82}}, {"type": "Feature", "geometry": {"type": "Polygon", "coordinates": [[[117.74865494978123, -34.97889776552004], [117.74865494978123, -34.95389776552004], [117.72365494978122, -34.95389776552004], [117.72365494978122, -34.97889776552004], [117.74865494978123, -34.97889776552004]]]}, "properties": {"layer": "Fuel type", "fuel_code": 510, "fuel_class": "Tall shrubland", "fuel_risk": 88}}, {"type": "Feature", "geometry": {"type": "Polygon", "coordinates": [[[117.77365494978123, -34.97889776552004], [117.77365494978123, -34.95389776552004], [117.74865494978123, -34.95389776552004], [117.74865494978123, -34.97889776552004], [117.77365494978123, -34.97889776552004]]]}, "properties": {"layer": "Fuel type", "fuel_code": 220, "fuel_class": "Open forest", "fuel_risk": 86}}, {"type": "Feature", "geometry": {"type": "Polygon", "coordinates": [[[117.79865494978124, -34.97889776552004], [117.79865494978124, -34.95389776552004], [117.77365494978123, -34.95389776552004], [117.77365494978123, -34.97889776552004], [117.79865494978124, -34.97889776552004]]]}, "properties": {"layer": "Fuel type", "fuel_code": 800, "fuel_class": "Wetlands", "fuel_risk": 35}}, {"type": "Feature", "geometry": {"type": "Polygon", "coordinates": [[[117.82365494978124, -34.97889776552004], [117.82365494978124, -34.95389776552004], [117.79865494978124, -34.95389776552004], [117.79865494978124, -34.97889776552004], [117.82365494978124, -34.97889776552004]]]}, "properties": {"layer": "Fuel type", "fuel_code": 631, "fuel_class": "Grassland", "fuel_risk": 62}}, {"type": "Feature", "geometry": {"type": "Polygon", "coordinates": [[[117.84865494978125, -34.97889776552004], [117.84865494978125, -34.95389776552004], [117.82365494978124, -34.95389776552004], [117.82365494978124, -34.97889776552004], [117.84865494978125, -34.97889776552004]]]}, "properties": {"layer": "Fuel type", "fuel_code": 920, "fuel_class": "Wildland urban interface 1", "fuel_risk": 82}}, {"type": "Feature", "geometry": {"type": "Polygon", "coordinates": [[[117.87365494978125, -34.97889776552004], [117.87365494978125, -34.95389776552004], [117.84865494978125, -34.95389776552004], [117.84865494978125, -34.97889776552004], [117.87365494978125, -34.97889776552004]]]}, "properties": {"layer": "Fuel type", "fuel_code": 510, "fuel_class": "Tall shrubland", "fuel_risk": 88}}, {"type": "Feature", "geometry": {"type": "Polygon", "coordinates": [[[117.89865494978126, -34.97889776552004], [117.89865494978126, -34.95389776552004], [117.87365494978125, -34.95389776552004], [117.87365494978125, -34.97889776552004], [117.89865494978126, -34.97889776552004]]]}, "properties": {"layer": "Fuel type", "fuel_code": 220, "fuel_class": "Open forest", "fuel_risk": 86}}, {"type": "Feature", "geometry": {"type": "Polygon", "coordinates": [[[117.92365494978127, -34.97889776552004], [117.92365494978127, -34.95389776552004], [117.89865494978126, -34.95389776552004], [117.89865494978126, -34.97889776552004], [117.92365494978127, -34.97889776552004]]]}, "properties": {"layer": "Fuel type", "fuel_code": 631, "fuel_class": "Grassland", "fuel_risk": 62}}, {"type": "Feature", "geometry": {"type": "Polygon", "coordinates": [[[117.94865494978127, -34.97889776552004], [117.94865494978127, -34.95389776552004], [117.92365494978127, -34.95389776552004], [117.92365494978127, -34.97889776552004], [117.94865494978127, -34.97889776552004]]]}, "properties": {"layer": "Fuel type", "fuel_code": 230, "fuel_class": "Low open forest", "fuel_risk": 76}}, {"type": "Feature", "geometry": {"type": "Polygon", "coordinates": [[[117.97365494978128, -34.97889776552004], [117.97365494978128, -34.95389776552004], [117.94865494978127, -34.95389776552004], [117.94865494978127, -34.97889776552004], [117.97365494978128, -34.97889776552004]]]}, "properties": {"layer": "Fuel type", "fuel_code": 910, "fuel_class": "Water", "fuel_risk": 5}}, {"type": "Feature", "geometry": {"type": "Polygon", "coordinates": [[[117.99865494978128, -34.97889776552004], [117.99865494978128, -34.95389776552004], [117.97365494978128, -34.95389776552004], [117.97365494978128, -34.97889776552004], [117.99865494978128, -34.97889776552004]]]}, "properties": {"layer": "Fuel type", "fuel_code": 631, "fuel_class": "Grassland", "fuel_risk": 62}}, {"type": "Feature", "geometry": {"type": "Polygon", "coordinates": [[[118.01203559541987, -34.97889776552004], [118.01203559541987, -34.95389776552004], [117.99865494978128, -34.95389776552004], [117.99865494978128, -34.97889776552004], [118.01203559541987, -34.97889776552004]]]}, "properties": {"layer": "Fuel type", "fuel_code": 220, "fuel_class": "Open forest", "fuel_risk": 86}}, {"type": "Feature", "geometry": {"type": "Polygon", "coordinates": [[[116.92365494978104, -34.95389776552004], [116.92365494978104, -34.92889776552004], [116.89865494978103, -34.92889776552004], [116.89865494978103, -34.95389776552004], [116.92365494978104, -34.95389776552004]]]}, "properties": {"layer": "Fuel type", "fuel_code": 310, "fuel_class": "Broadleaf plantation", "fuel_risk": 82}}, {"type": "Feature", "geometry": {"type": "Polygon", "coordinates": [[[116.94865494978104, -34.95389776552004], [116.94865494978104, -34.92889776552004], [116.92365494978104, -34.92889776552004], [116.92365494978104, -34.95389776552004], [116.94865494978104, -34.95389776552004]]]}, "properties": {"layer": "Fuel type", "fuel_code": 510, "fuel_class": "Tall shrubland", "fuel_risk": 88}}, {"type": "Feature", "geometry": {"type": "Polygon", "coordinates": [[[116.97365494978105, -34.95389776552004], [116.97365494978105, -34.92889776552004], [116.94865494978104, -34.92889776552004], [116.94865494978104, -34.95389776552004], [116.97365494978105, -34.95389776552004]]]}, "properties": {"layer": "Fuel type", "fuel_code": 220, "fuel_class": "Open forest", "fuel_risk": 86}}, {"type": "Feature", "geometry": {"type": "Polygon", "coordinates": [[[116.99865494978106, -34.95389776552004], [116.99865494978106, -34.92889776552004], [116.97365494978105, -34.92889776552004], [116.97365494978105, -34.95389776552004], [116.99865494978106, -34.95389776552004]]]}, "properties": {"layer": "Fuel type", "fuel_code": 310, "fuel_class": "Broadleaf plantation", "fuel_risk": 82}}, {"type": "Feature", "geometry": {"type": "Polygon", "coordinates": [[[117.02365494978106, -34.95389776552004], [117.02365494978106, -34.92889776552004], [116.99865494978106, -34.92889776552004], [116.99865494978106, -34.95389776552004], [117.02365494978106, -34.95389776552004]]]}, "properties": {"layer": "Fuel type", "fuel_code": 631, "fuel_class": "Grassland", "fuel_risk": 62}}, {"type": "Feature", "geometry": {"type": "Polygon", "coordinates": [[[117.04865494978107, -34.95389776552004], [117.04865494978107, -34.92889776552004], [117.02365494978106, -34.92889776552004], [117.02365494978106, -34.95389776552004], [117.04865494978107, -34.95389776552004]]]}, "properties": {"layer": "Fuel type", "fuel_code": 120, "fuel_class": "Closed forest", "fuel_risk": 96}}, {"type": "Feature", "geometry": {"type": "Polygon", "coordinates": [[[117.07365494978107, -34.95389776552004], [117.07365494978107, -34.92889776552004], [117.04865494978107, -34.92889776552004], [117.04865494978107, -34.95389776552004], [117.07365494978107, -34.95389776552004]]]}, "properties": {"layer": "Fuel type", "fuel_code": 631, "fuel_class": "Grassland", "fuel_risk": 62}}, {"type": "Feature", "geometry": {"type": "Polygon", "coordinates": [[[117.09865494978108, -34.95389776552004], [117.09865494978108, -34.92889776552004], [117.07365494978107, -34.92889776552004], [117.07365494978107, -34.95389776552004], [117.09865494978108, -34.95389776552004]]]}, "properties": {"layer": "Fuel type", "fuel_code": 220, "fuel_class": "Open forest", "fuel_risk": 86}}, {"type": "Feature", "geometry": {"type": "Polygon", "coordinates": [[[117.12365494978108, -34.95389776552004], [117.12365494978108, -34.92889776552004], [117.09865494978108, -34.92889776552004], [117.09865494978108, -34.95389776552004], [117.12365494978108, -34.95389776552004]]]}, "properties": {"layer": "Fuel type", "fuel_code": 310, "fuel_class": "Broadleaf plantation", "fuel_risk": 82}}, {"type": "Feature", "geometry": {"type": "Polygon", "coordinates": [[[117.14865494978109, -34.95389776552004], [117.14865494978109, -34.92889776552004], [117.12365494978108, -34.92889776552004], [117.12365494978108, -34.95389776552004], [117.14865494978109, -34.95389776552004]]]}, "properties": {"layer": "Fuel type", "fuel_code": 230, "fuel_class": "Low open forest", "fuel_risk": 76}}, {"type": "Feature", "geometry": {"type": "Polygon", "coordinates": [[[117.1736549497811, -34.95389776552004], [117.1736549497811, -34.92889776552004], [117.14865494978109, -34.92889776552004], [117.14865494978109, -34.95389776552004], [117.1736549497811, -34.95389776552004]]]}, "properties": {"layer": "Fuel type", "fuel_code": 510, "fuel_class": "Tall shrubland", "fuel_risk": 88}}, {"type": "Feature", "geometry": {"type": "Polygon", "coordinates": [[[117.1986549497811, -34.95389776552004], [117.1986549497811, -34.92889776552004], [117.1736549497811, -34.92889776552004], [117.1736549497811, -34.95389776552004], [117.1986549497811, -34.95389776552004]]]}, "properties": {"layer": "Fuel type", "fuel_code": 220, "fuel_class": "Open forest", "fuel_risk": 86}}, {"type": "Feature", "geometry": {"type": "Polygon", "coordinates": [[[117.2236549497811, -34.95389776552004], [117.2236549497811, -34.92889776552004], [117.1986549497811, -34.92889776552004], [117.1986549497811, -34.95389776552004], [117.2236549497811, -34.95389776552004]]]}, "properties": {"layer": "Fuel type", "fuel_code": 631, "fuel_class": "Grassland", "fuel_risk": 62}}, {"type": "Feature", "geometry": {"type": "Polygon", "coordinates": [[[117.24865494978111, -34.95389776552004], [117.24865494978111, -34.92889776552004], [117.2236549497811, -34.92889776552004], [117.2236549497811, -34.95389776552004], [117.24865494978111, -34.95389776552004]]]}, "properties": {"layer": "Fuel type", "fuel_code": 220, "fuel_class": "Open forest", "fuel_risk": 86}}, {"type": "Feature", "geometry": {"type": "Polygon", "coordinates": [[[117.27365494978112, -34.95389776552004], [117.27365494978112, -34.92889776552004], [117.24865494978111, -34.92889776552004], [117.24865494978111, -34.95389776552004], [117.27365494978112, -34.95389776552004]]]}, "properties": {"layer": "Fuel type", "fuel_code": 520, "fuel_class": "Shrubland", "fuel_risk": 82}}, {"type": "Feature", "geometry": {"type": "Polygon", "coordinates": [[[117.29865494978112, -34.95389776552004], [117.29865494978112, -34.92889776552004], [117.27365494978112, -34.92889776552004], [117.27365494978112, -34.95389776552004], [117.29865494978112, -34.95389776552004]]]}, "properties": {"layer": "Fuel type", "fuel_code": 220, "fuel_class": "Open forest", "fuel_risk": 86}}, {"type": "Feature", "geometry": {"type": "Polygon", "coordinates": [[[117.32365494978113, -34.95389776552004], [117.32365494978113, -34.92889776552004], [117.29865494978112, -34.92889776552004], [117.29865494978112, -34.95389776552004], [117.32365494978113, -34.95389776552004]]]}, "properties": {"layer": "Fuel type", "fuel_code": 520, "fuel_class": "Shrubland", "fuel_risk": 82}}, {"type": "Feature", "geometry": {"type": "Polygon", "coordinates": [[[117.34865494978114, -34.95389776552004], [117.34865494978114, -34.92889776552004], [117.32365494978113, -34.92889776552004], [117.32365494978113, -34.95389776552004], [117.34865494978114, -34.95389776552004]]]}, "properties": {"layer": "Fuel type", "fuel_code": 631, "fuel_class": "Grassland", "fuel_risk": 62}}, {"type": "Feature", "geometry": {"type": "Polygon", "coordinates": [[[117.37365494978114, -34.95389776552004], [117.37365494978114, -34.92889776552004], [117.34865494978114, -34.92889776552004], [117.34865494978114, -34.95389776552004], [117.37365494978114, -34.95389776552004]]]}, "properties": {"layer": "Fuel type", "fuel_code": 220, "fuel_class": "Open forest", "fuel_risk": 86}}, {"type": "Feature", "geometry": {"type": "Polygon", "coordinates": [[[117.39865494978115, -34.95389776552004], [117.39865494978115, -34.92889776552004], [117.37365494978114, -34.92889776552004], [117.37365494978114, -34.95389776552004], [117.39865494978115, -34.95389776552004]]]}, "properties": {"layer": "Fuel type", "fuel_code": 230, "fuel_class": "Low open forest", "fuel_risk": 76}}, {"type": "Feature", "geometry": {"type": "Polygon", "coordinates": [[[117.42365494978115, -34.95389776552004], [117.42365494978115, -34.92889776552004], [117.39865494978115, -34.92889776552004], [117.39865494978115, -34.95389776552004], [117.42365494978115, -34.95389776552004]]]}, "properties": {"layer": "Fuel type", "fuel_code": 631, "fuel_class": "Grassland", "fuel_risk": 62}}, {"type": "Feature", "geometry": {"type": "Polygon", "coordinates": [[[117.44865494978116, -34.95389776552004], [117.44865494978116, -34.92889776552004], [117.42365494978115, -34.92889776552004], [117.42365494978115, -34.95389776552004], [117.44865494978116, -34.95389776552004]]]}, "properties": {"layer": "Fuel type", "fuel_code": 230, "fuel_class": "Low open forest", "fuel_risk": 76}}, {"type": "Feature", "geometry": {"type": "Polygon", "coordinates": [[[117.47365494978116, -34.95389776552004], [117.47365494978116, -34.92889776552004], [117.44865494978116, -34.92889776552004], [117.44865494978116, -34.95389776552004], [117.47365494978116, -34.95389776552004]]]}, "properties": {"layer": "Fuel type", "fuel_code": 631, "fuel_class": "Grassland", "fuel_risk": 62}}, {"type": "Feature", "geometry": {"type": "Polygon", "coordinates": [[[117.49865494978117, -34.95389776552004], [117.49865494978117, -34.92889776552004], [117.47365494978116, -34.92889776552004], [117.47365494978116, -34.95389776552004], [117.49865494978117, -34.95389776552004]]]}, "properties": {"layer": "Fuel type", "fuel_code": 640, "fuel_class": "Croplands", "fuel_risk": 50}}, {"type": "Feature", "geometry": {"type": "Polygon", "coordinates": [[[117.52365494978118, -34.95389776552004], [117.52365494978118, -34.92889776552004], [117.49865494978117, -34.92889776552004], [117.49865494978117, -34.95389776552004], [117.52365494978118, -34.95389776552004]]]}, "properties": {"layer": "Fuel type", "fuel_code": 510, "fuel_class": "Tall shrubland", "fuel_risk": 88}}, {"type": "Feature", "geometry": {"type": "Polygon", "coordinates": [[[117.54865494978118, -34.95389776552004], [117.54865494978118, -34.92889776552004], [117.52365494978118, -34.92889776552004], [117.52365494978118, -34.95389776552004], [117.54865494978118, -34.95389776552004]]]}, "properties": {"layer": "Fuel type", "fuel_code": 631, "fuel_class": "Grassland", "fuel_risk": 62}}, {"type": "Feature", "geometry": {"type": "Polygon", "coordinates": [[[117.57365494978119, -34.95389776552004], [117.57365494978119, -34.92889776552004], [117.54865494978118, -34.92889776552004], [117.54865494978118, -34.95389776552004], [117.57365494978119, -34.95389776552004]]]}, "properties": {"layer": "Fuel type", "fuel_code": 220, "fuel_class": "Open forest", "fuel_risk": 86}}, {"type": "Feature", "geometry": {"type": "Polygon", "coordinates": [[[117.59865494978119, -34.95389776552004], [117.59865494978119, -34.92889776552004], [117.57365494978119, -34.92889776552004], [117.57365494978119, -34.95389776552004], [117.59865494978119, -34.95389776552004]]]}, "properties": {"layer": "Fuel type", "fuel_code": 230, "fuel_class": "Low open forest", "fuel_risk": 76}}, {"type": "Feature", "geometry": {"type": "Polygon", "coordinates": [[[117.6236549497812, -34.95389776552004], [117.6236549497812, -34.92889776552004], [117.59865494978119, -34.92889776552004], [117.59865494978119, -34.95389776552004], [117.6236549497812, -34.95389776552004]]]}, "properties": {"layer": "Fuel type", "fuel_code": 640, "fuel_class": "Croplands", "fuel_risk": 50}}, {"type": "Feature", "geometry": {"type": "Polygon", "coordinates": [[[117.6486549497812, -34.95389776552004], [117.6486549497812, -34.92889776552004], [117.6236549497812, -34.92889776552004], [117.6236549497812, -34.95389776552004], [117.6486549497812, -34.95389776552004]]]}, "properties": {"layer": "Fuel type", "fuel_code": 510, "fuel_class": "Tall shrubland", "fuel_risk": 88}}, {"type": "Feature", "geometry": {"type": "Polygon", "coordinates": [[[117.67365494978121, -34.95389776552004], [117.67365494978121, -34.92889776552004], [117.6486549497812, -34.92889776552004], [117.6486549497812, -34.95389776552004], [117.67365494978121, -34.95389776552004]]]}, "properties": {"layer": "Fuel type", "fuel_code": 631, "fuel_class": "Grassland", "fuel_risk": 62}}, {"type": "Feature", "geometry": {"type": "Polygon", "coordinates": [[[117.69865494978121, -34.95389776552004], [117.69865494978121, -34.92889776552004], [117.67365494978121, -34.92889776552004], [117.67365494978121, -34.95389776552004], [117.69865494978121, -34.95389776552004]]]}, "properties": {"layer": "Fuel type", "fuel_code": 310, "fuel_class": "Broadleaf plantation", "fuel_risk": 82}}, {"type": "Feature", "geometry": {"type": "Polygon", "coordinates": [[[117.72365494978122, -34.95389776552004], [117.72365494978122, -34.92889776552004], [117.69865494978121, -34.92889776552004], [117.69865494978121, -34.95389776552004], [117.72365494978122, -34.95389776552004]]]}, "properties": {"layer": "Fuel type", "fuel_code": 631, "fuel_class": "Grassland", "fuel_risk": 62}}, {"type": "Feature", "geometry": {"type": "Polygon", "coordinates": [[[117.74865494978123, -34.95389776552004], [117.74865494978123, -34.92889776552004], [117.72365494978122, -34.92889776552004], [117.72365494978122, -34.95389776552004], [117.74865494978123, -34.95389776552004]]]}, "properties": {"layer": "Fuel type", "fuel_code": 433, "fuel_class": "Low woodland with grassy understory", "fuel_risk": 66}}, {"type": "Feature", "geometry": {"type": "Polygon", "coordinates": [[[117.77365494978123, -34.95389776552004], [117.77365494978123, -34.92889776552004], [117.74865494978123, -34.92889776552004], [117.74865494978123, -34.95389776552004], [117.77365494978123, -34.95389776552004]]]}, "properties": {"layer": "Fuel type", "fuel_code": 640, "fuel_class": "Croplands", "fuel_risk": 50}}, {"type": "Feature", "geometry": {"type": "Polygon", "coordinates": [[[117.79865494978124, -34.95389776552004], [117.79865494978124, -34.92889776552004], [117.77365494978123, -34.92889776552004], [117.77365494978123, -34.95389776552004], [117.79865494978124, -34.95389776552004]]]}, "properties": {"layer": "Fuel type", "fuel_code": 310, "fuel_class": "Broadleaf plantation", "fuel_risk": 82}}, {"type": "Feature", "geometry": {"type": "Polygon", "coordinates": [[[117.82365494978124, -34.95389776552004], [117.82365494978124, -34.92889776552004], [117.79865494978124, -34.92889776552004], [117.79865494978124, -34.95389776552004], [117.82365494978124, -34.95389776552004]]]}, "properties": {"layer": "Fuel type", "fuel_code": 532, "fuel_class": "Open shrubland with grassy understory", "fuel_risk": 68}}, {"type": "Feature", "geometry": {"type": "Polygon", "coordinates": [[[117.84865494978125, -34.95389776552004], [117.84865494978125, -34.92889776552004], [117.82365494978124, -34.92889776552004], [117.82365494978124, -34.95389776552004], [117.84865494978125, -34.95389776552004]]]}, "properties": {"layer": "Fuel type", "fuel_code": 631, "fuel_class": "Grassland", "fuel_risk": 62}}, {"type": "Feature", "geometry": {"type": "Polygon", "coordinates": [[[117.87365494978125, -34.95389776552004], [117.87365494978125, -34.92889776552004], [117.84865494978125, -34.92889776552004], [117.84865494978125, -34.95389776552004], [117.87365494978125, -34.95389776552004]]]}, "properties": {"layer": "Fuel type", "fuel_code": 631, "fuel_class": "Grassland", "fuel_risk": 62}}, {"type": "Feature", "geometry": {"type": "Polygon", "coordinates": [[[117.89865494978126, -34.95389776552004], [117.89865494978126, -34.92889776552004], [117.87365494978125, -34.92889776552004], [117.87365494978125, -34.95389776552004], [117.89865494978126, -34.95389776552004]]]}, "properties": {"layer": "Fuel type", "fuel_code": 230, "fuel_class": "Low open forest", "fuel_risk": 76}}, {"type": "Feature", "geometry": {"type": "Polygon", "coordinates": [[[117.92365494978127, -34.95389776552004], [117.92365494978127, -34.92889776552004], [117.89865494978126, -34.92889776552004], [117.89865494978126, -34.95389776552004], [117.92365494978127, -34.95389776552004]]]}, "properties": {"layer": "Fuel type", "fuel_code": 930, "fuel_class": "Wildland urban interface 2", "fuel_risk": 70}}, {"type": "Feature", "geometry": {"type": "Polygon", "coordinates": [[[117.94865494978127, -34.95389776552004], [117.94865494978127, -34.92889776552004], [117.92365494978127, -34.92889776552004], [117.92365494978127, -34.95389776552004], [117.94865494978127, -34.95389776552004]]]}, "properties": {"layer": "Fuel type", "fuel_code": 510, "fuel_class": "Tall shrubland", "fuel_risk": 88}}, {"type": "Feature", "geometry": {"type": "Polygon", "coordinates": [[[117.97365494978128, -34.95389776552004], [117.97365494978128, -34.92889776552004], [117.94865494978127, -34.92889776552004], [117.94865494978127, -34.95389776552004], [117.97365494978128, -34.95389776552004]]]}, "properties": {"layer": "Fuel type", "fuel_code": 520, "fuel_class": "Shrubland", "fuel_risk": 82}}, {"type": "Feature", "geometry": {"type": "Polygon", "coordinates": [[[117.99865494978128, -34.95389776552004], [117.99865494978128, -34.92889776552004], [117.97365494978128, -34.92889776552004], [117.97365494978128, -34.95389776552004], [117.99865494978128, -34.95389776552004]]]}, "properties": {"layer": "Fuel type", "fuel_code": 631, "fuel_class": "Grassland", "fuel_risk": 62}}, {"type": "Feature", "geometry": {"type": "Polygon", "coordinates": [[[118.01203559541987, -34.95389776552004], [118.01203559541987, -34.92889776552004], [117.99865494978128, -34.92889776552004], [117.99865494978128, -34.95389776552004], [118.01203559541987, -34.95389776552004]]]}, "properties": {"layer": "Fuel type", "fuel_code": 631, "fuel_class": "Grassland", "fuel_risk": 62}}, {"type": "Feature", "geometry": {"type": "Polygon", "coordinates": [[[116.92365494978104, -34.92889776552004], [116.92365494978104, -34.90389776552004], [116.89865494978103, -34.90389776552004], [116.89865494978103, -34.92889776552004], [116.92365494978104, -34.92889776552004]]]}, "properties": {"layer": "Fuel type", "fuel_code": 120, "fuel_class": "Closed forest", "fuel_risk": 96}}, {"type": "Feature", "geometry": {"type": "Polygon", "coordinates": [[[116.94865494978104, -34.92889776552004], [116.94865494978104, -34.90389776552004], [116.92365494978104, -34.90389776552004], [116.92365494978104, -34.92889776552004], [116.94865494978104, -34.92889776552004]]]}, "properties": {"layer": "Fuel type", "fuel_code": 120, "fuel_class": "Closed forest", "fuel_risk": 96}}, {"type": "Feature", "geometry": {"type": "Polygon", "coordinates": [[[116.97365494978105, -34.92889776552004], [116.97365494978105, -34.90389776552004], [116.94865494978104, -34.90389776552004], [116.94865494978104, -34.92889776552004], [116.97365494978105, -34.92889776552004]]]}, "properties": {"layer": "Fuel type", "fuel_code": 220, "fuel_class": "Open forest", "fuel_risk": 86}}, {"type": "Feature", "geometry": {"type": "Polygon", "coordinates": [[[116.99865494978106, -34.92889776552004], [116.99865494978106, -34.90389776552004], [116.97365494978105, -34.90389776552004], [116.97365494978105, -34.92889776552004], [116.99865494978106, -34.92889776552004]]]}, "properties": {"layer": "Fuel type", "fuel_code": 220, "fuel_class": "Open forest", "fuel_risk": 86}}, {"type": "Feature", "geometry": {"type": "Polygon", "coordinates": [[[117.02365494978106, -34.92889776552004], [117.02365494978106, -34.90389776552004], [116.99865494978106, -34.90389776552004], [116.99865494978106, -34.92889776552004], [117.02365494978106, -34.92889776552004]]]}, "properties": {"layer": "Fuel type", "fuel_code": 310, "fuel_class": "Broadleaf plantation", "fuel_risk": 82}}, {"type": "Feature", "geometry": {"type": "Polygon", "coordinates": [[[117.04865494978107, -34.92889776552004], [117.04865494978107, -34.90389776552004], [117.02365494978106, -34.90389776552004], [117.02365494978106, -34.92889776552004], [117.04865494978107, -34.92889776552004]]]}, "properties": {"layer": "Fuel type", "fuel_code": 510, "fuel_class": "Tall shrubland", "fuel_risk": 88}}, {"type": "Feature", "geometry": {"type": "Polygon", "coordinates": [[[117.07365494978107, -34.92889776552004], [117.07365494978107, -34.90389776552004], [117.04865494978107, -34.90389776552004], [117.04865494978107, -34.92889776552004], [117.07365494978107, -34.92889776552004]]]}, "properties": {"layer": "Fuel type", "fuel_code": 220, "fuel_class": "Open forest", "fuel_risk": 86}}, {"type": "Feature", "geometry": {"type": "Polygon", "coordinates": [[[117.09865494978108, -34.92889776552004], [117.09865494978108, -34.90389776552004], [117.07365494978107, -34.90389776552004], [117.07365494978107, -34.92889776552004], [117.09865494978108, -34.92889776552004]]]}, "properties": {"layer": "Fuel type", "fuel_code": 220, "fuel_class": "Open forest", "fuel_risk": 86}}, {"type": "Feature", "geometry": {"type": "Polygon", "coordinates": [[[117.12365494978108, -34.92889776552004], [117.12365494978108, -34.90389776552004], [117.09865494978108, -34.90389776552004], [117.09865494978108, -34.92889776552004], [117.12365494978108, -34.92889776552004]]]}, "properties": {"layer": "Fuel type", "fuel_code": 631, "fuel_class": "Grassland", "fuel_risk": 62}}, {"type": "Feature", "geometry": {"type": "Polygon", "coordinates": [[[117.14865494978109, -34.92889776552004], [117.14865494978109, -34.90389776552004], [117.12365494978108, -34.90389776552004], [117.12365494978108, -34.92889776552004], [117.14865494978109, -34.92889776552004]]]}, "properties": {"layer": "Fuel type", "fuel_code": 230, "fuel_class": "Low open forest", "fuel_risk": 76}}, {"type": "Feature", "geometry": {"type": "Polygon", "coordinates": [[[117.1736549497811, -34.92889776552004], [117.1736549497811, -34.90389776552004], [117.14865494978109, -34.90389776552004], [117.14865494978109, -34.92889776552004], [117.1736549497811, -34.92889776552004]]]}, "properties": {"layer": "Fuel type", "fuel_code": 220, "fuel_class": "Open forest", "fuel_risk": 86}}, {"type": "Feature", "geometry": {"type": "Polygon", "coordinates": [[[117.1986549497811, -34.92889776552004], [117.1986549497811, -34.90389776552004], [117.1736549497811, -34.90389776552004], [117.1736549497811, -34.92889776552004], [117.1986549497811, -34.92889776552004]]]}, "properties": {"layer": "Fuel type", "fuel_code": 210, "fuel_class": "Tall open forest", "fuel_risk": 92}}, {"type": "Feature", "geometry": {"type": "Polygon", "coordinates": [[[117.2236549497811, -34.92889776552004], [117.2236549497811, -34.90389776552004], [117.1986549497811, -34.90389776552004], [117.1986549497811, -34.92889776552004], [117.2236549497811, -34.92889776552004]]]}, "properties": {"layer": "Fuel type", "fuel_code": 631, "fuel_class": "Grassland", "fuel_risk": 62}}, {"type": "Feature", "geometry": {"type": "Polygon", "coordinates": [[[117.24865494978111, -34.92889776552004], [117.24865494978111, -34.90389776552004], [117.2236549497811, -34.90389776552004], [117.2236549497811, -34.92889776552004], [117.24865494978111, -34.92889776552004]]]}, "properties": {"layer": "Fuel type", "fuel_code": 631, "fuel_class": "Grassland", "fuel_risk": 62}}, {"type": "Feature", "geometry": {"type": "Polygon", "coordinates": [[[117.27365494978112, -34.92889776552004], [117.27365494978112, -34.90389776552004], [117.24865494978111, -34.90389776552004], [117.24865494978111, -34.92889776552004], [117.27365494978112, -34.92889776552004]]]}, "properties": {"layer": "Fuel type", "fuel_code": 220, "fuel_class": "Open forest", "fuel_risk": 86}}, {"type": "Feature", "geometry": {"type": "Polygon", "coordinates": [[[117.29865494978112, -34.92889776552004], [117.29865494978112, -34.90389776552004], [117.27365494978112, -34.90389776552004], [117.27365494978112, -34.92889776552004], [117.29865494978112, -34.92889776552004]]]}, "properties": {"layer": "Fuel type", "fuel_code": 920, "fuel_class": "Wildland urban interface 1", "fuel_risk": 82}}, {"type": "Feature", "geometry": {"type": "Polygon", "coordinates": [[[117.32365494978113, -34.92889776552004], [117.32365494978113, -34.90389776552004], [117.29865494978112, -34.90389776552004], [117.29865494978112, -34.92889776552004], [117.32365494978113, -34.92889776552004]]]}, "properties": {"layer": "Fuel type", "fuel_code": 220, "fuel_class": "Open forest", "fuel_risk": 86}}, {"type": "Feature", "geometry": {"type": "Polygon", "coordinates": [[[117.34865494978114, -34.92889776552004], [117.34865494978114, -34.90389776552004], [117.32365494978113, -34.90389776552004], [117.32365494978113, -34.92889776552004], [117.34865494978114, -34.92889776552004]]]}, "properties": {"layer": "Fuel type", "fuel_code": 631, "fuel_class": "Grassland", "fuel_risk": 62}}, {"type": "Feature", "geometry": {"type": "Polygon", "coordinates": [[[117.37365494978114, -34.92889776552004], [117.37365494978114, -34.90389776552004], [117.34865494978114, -34.90389776552004], [117.34865494978114, -34.92889776552004], [117.37365494978114, -34.92889776552004]]]}, "properties": {"layer": "Fuel type", "fuel_code": 230, "fuel_class": "Low open forest", "fuel_risk": 76}}, {"type": "Feature", "geometry": {"type": "Polygon", "coordinates": [[[117.39865494978115, -34.92889776552004], [117.39865494978115, -34.90389776552004], [117.37365494978114, -34.90389776552004], [117.37365494978114, -34.92889776552004], [117.39865494978115, -34.92889776552004]]]}, "properties": {"layer": "Fuel type", "fuel_code": 220, "fuel_class": "Open forest", "fuel_risk": 86}}, {"type": "Feature", "geometry": {"type": "Polygon", "coordinates": [[[117.42365494978115, -34.92889776552004], [117.42365494978115, -34.90389776552004], [117.39865494978115, -34.90389776552004], [117.39865494978115, -34.92889776552004], [117.42365494978115, -34.92889776552004]]]}, "properties": {"layer": "Fuel type", "fuel_code": 631, "fuel_class": "Grassland", "fuel_risk": 62}}, {"type": "Feature", "geometry": {"type": "Polygon", "coordinates": [[[117.44865494978116, -34.92889776552004], [117.44865494978116, -34.90389776552004], [117.42365494978115, -34.90389776552004], [117.42365494978115, -34.92889776552004], [117.44865494978116, -34.92889776552004]]]}, "properties": {"layer": "Fuel type", "fuel_code": 631, "fuel_class": "Grassland", "fuel_risk": 62}}, {"type": "Feature", "geometry": {"type": "Polygon", "coordinates": [[[117.47365494978116, -34.92889776552004], [117.47365494978116, -34.90389776552004], [117.44865494978116, -34.90389776552004], [117.44865494978116, -34.92889776552004], [117.47365494978116, -34.92889776552004]]]}, "properties": {"layer": "Fuel type", "fuel_code": 310, "fuel_class": "Broadleaf plantation", "fuel_risk": 82}}, {"type": "Feature", "geometry": {"type": "Polygon", "coordinates": [[[117.49865494978117, -34.92889776552004], [117.49865494978117, -34.90389776552004], [117.47365494978116, -34.90389776552004], [117.47365494978116, -34.92889776552004], [117.49865494978117, -34.92889776552004]]]}, "properties": {"layer": "Fuel type", "fuel_code": 610, "fuel_class": "Sedgeland", "fuel_risk": 58}}, {"type": "Feature", "geometry": {"type": "Polygon", "coordinates": [[[117.52365494978118, -34.92889776552004], [117.52365494978118, -34.90389776552004], [117.49865494978117, -34.90389776552004], [117.49865494978117, -34.92889776552004], [117.52365494978118, -34.92889776552004]]]}, "properties": {"layer": "Fuel type", "fuel_code": 631, "fuel_class": "Grassland", "fuel_risk": 62}}, {"type": "Feature", "geometry": {"type": "Polygon", "coordinates": [[[117.54865494978118, -34.92889776552004], [117.54865494978118, -34.90389776552004], [117.52365494978118, -34.90389776552004], [117.52365494978118, -34.92889776552004], [117.54865494978118, -34.92889776552004]]]}, "properties": {"layer": "Fuel type", "fuel_code": 631, "fuel_class": "Grassland", "fuel_risk": 62}}, {"type": "Feature", "geometry": {"type": "Polygon", "coordinates": [[[117.57365494978119, -34.92889776552004], [117.57365494978119, -34.90389776552004], [117.54865494978118, -34.90389776552004], [117.54865494978118, -34.92889776552004], [117.57365494978119, -34.92889776552004]]]}, "properties": {"layer": "Fuel type", "fuel_code": 520, "fuel_class": "Shrubland", "fuel_risk": 82}}, {"type": "Feature", "geometry": {"type": "Polygon", "coordinates": [[[117.59865494978119, -34.92889776552004], [117.59865494978119, -34.90389776552004], [117.57365494978119, -34.90389776552004], [117.57365494978119, -34.92889776552004], [117.59865494978119, -34.92889776552004]]]}, "properties": {"layer": "Fuel type", "fuel_code": 230, "fuel_class": "Low open forest", "fuel_risk": 76}}, {"type": "Feature", "geometry": {"type": "Polygon", "coordinates": [[[117.6236549497812, -34.92889776552004], [117.6236549497812, -34.90389776552004], [117.59865494978119, -34.90389776552004], [117.59865494978119, -34.92889776552004], [117.6236549497812, -34.92889776552004]]]}, "properties": {"layer": "Fuel type", "fuel_code": 220, "fuel_class": "Open forest", "fuel_risk": 86}}, {"type": "Feature", "geometry": {"type": "Polygon", "coordinates": [[[117.6486549497812, -34.92889776552004], [117.6486549497812, -34.90389776552004], [117.6236549497812, -34.90389776552004], [117.6236549497812, -34.92889776552004], [117.6486549497812, -34.92889776552004]]]}, "properties": {"layer": "Fuel type", "fuel_code": 220, "fuel_class": "Open forest", "fuel_risk": 86}}, {"type": "Feature", "geometry": {"type": "Polygon", "coordinates": [[[117.67365494978121, -34.92889776552004], [117.67365494978121, -34.90389776552004], [117.6486549497812, -34.90389776552004], [117.6486549497812, -34.92889776552004], [117.67365494978121, -34.92889776552004]]]}, "properties": {"layer": "Fuel type", "fuel_code": 421, "fuel_class": "Woodland with shrubby understory", "fuel_risk": 84}}, {"type": "Feature", "geometry": {"type": "Polygon", "coordinates": [[[117.69865494978121, -34.92889776552004], [117.69865494978121, -34.90389776552004], [117.67365494978121, -34.90389776552004], [117.67365494978121, -34.92889776552004], [117.69865494978121, -34.92889776552004]]]}, "properties": {"layer": "Fuel type", "fuel_code": 631, "fuel_class": "Grassland", "fuel_risk": 62}}, {"type": "Feature", "geometry": {"type": "Polygon", "coordinates": [[[117.72365494978122, -34.92889776552004], [117.72365494978122, -34.90389776552004], [117.69865494978121, -34.90389776552004], [117.69865494978121, -34.92889776552004], [117.72365494978122, -34.92889776552004]]]}, "properties": {"layer": "Fuel type", "fuel_code": 631, "fuel_class": "Grassland", "fuel_risk": 62}}, {"type": "Feature", "geometry": {"type": "Polygon", "coordinates": [[[117.74865494978123, -34.92889776552004], [117.74865494978123, -34.90389776552004], [117.72365494978122, -34.90389776552004], [117.72365494978122, -34.92889776552004], [117.74865494978123, -34.92889776552004]]]}, "properties": {"layer": "Fuel type", "fuel_code": 631, "fuel_class": "Grassland", "fuel_risk": 62}}, {"type": "Feature", "geometry": {"type": "Polygon", "coordinates": [[[117.77365494978123, -34.92889776552004], [117.77365494978123, -34.90389776552004], [117.74865494978123, -34.90389776552004], [117.74865494978123, -34.92889776552004], [117.77365494978123, -34.92889776552004]]]}, "properties": {"layer": "Fuel type", "fuel_code": 310, "fuel_class": "Broadleaf plantation", "fuel_risk": 82}}, {"type": "Feature", "geometry": {"type": "Polygon", "coordinates": [[[117.79865494978124, -34.92889776552004], [117.79865494978124, -34.90389776552004], [117.77365494978123, -34.90389776552004], [117.77365494978123, -34.92889776552004], [117.79865494978124, -34.92889776552004]]]}, "properties": {"layer": "Fuel type", "fuel_code": 310, "fuel_class": "Broadleaf plantation", "fuel_risk": 82}}, {"type": "Feature", "geometry": {"type": "Polygon", "coordinates": [[[117.82365494978124, -34.92889776552004], [117.82365494978124, -34.90389776552004], [117.79865494978124, -34.90389776552004], [117.79865494978124, -34.92889776552004], [117.82365494978124, -34.92889776552004]]]}, "properties": {"layer": "Fuel type", "fuel_code": 631, "fuel_class": "Grassland", "fuel_risk": 62}}, {"type": "Feature", "geometry": {"type": "Polygon", "coordinates": [[[117.84865494978125, -34.92889776552004], [117.84865494978125, -34.90389776552004], [117.82365494978124, -34.90389776552004], [117.82365494978124, -34.92889776552004], [117.84865494978125, -34.92889776552004]]]}, "properties": {"layer": "Fuel type", "fuel_code": 631, "fuel_class": "Grassland", "fuel_risk": 62}}, {"type": "Feature", "geometry": {"type": "Polygon", "coordinates": [[[117.87365494978125, -34.92889776552004], [117.87365494978125, -34.90389776552004], [117.84865494978125, -34.90389776552004], [117.84865494978125, -34.92889776552004], [117.87365494978125, -34.92889776552004]]]}, "properties": {"layer": "Fuel type", "fuel_code": 800, "fuel_class": "Wetlands", "fuel_risk": 35}}, {"type": "Feature", "geometry": {"type": "Polygon", "coordinates": [[[117.89865494978126, -34.92889776552004], [117.89865494978126, -34.90389776552004], [117.87365494978125, -34.90389776552004], [117.87365494978125, -34.92889776552004], [117.89865494978126, -34.92889776552004]]]}, "properties": {"layer": "Fuel type", "fuel_code": 631, "fuel_class": "Grassland", "fuel_risk": 62}}, {"type": "Feature", "geometry": {"type": "Polygon", "coordinates": [[[117.92365494978127, -34.92889776552004], [117.92365494978127, -34.90389776552004], [117.89865494978126, -34.90389776552004], [117.89865494978126, -34.92889776552004], [117.92365494978127, -34.92889776552004]]]}, "properties": {"layer": "Fuel type", "fuel_code": 631, "fuel_class": "Grassland", "fuel_risk": 62}}, {"type": "Feature", "geometry": {"type": "Polygon", "coordinates": [[[117.94865494978127, -34.92889776552004], [117.94865494978127, -34.90389776552004], [117.92365494978127, -34.90389776552004], [117.92365494978127, -34.92889776552004], [117.94865494978127, -34.92889776552004]]]}, "properties": {"layer": "Fuel type", "fuel_code": 220, "fuel_class": "Open forest", "fuel_risk": 86}}, {"type": "Feature", "geometry": {"type": "Polygon", "coordinates": [[[117.97365494978128, -34.92889776552004], [117.97365494978128, -34.90389776552004], [117.94865494978127, -34.90389776552004], [117.94865494978127, -34.92889776552004], [117.97365494978128, -34.92889776552004]]]}, "properties": {"layer": "Fuel type", "fuel_code": 631, "fuel_class": "Grassland", "fuel_risk": 62}}, {"type": "Feature", "geometry": {"type": "Polygon", "coordinates": [[[117.99865494978128, -34.92889776552004], [117.99865494978128, -34.90389776552004], [117.97365494978128, -34.90389776552004], [117.97365494978128, -34.92889776552004], [117.99865494978128, -34.92889776552004]]]}, "properties": {"layer": "Fuel type", "fuel_code": 220, "fuel_class": "Open forest", "fuel_risk": 86}}, {"type": "Feature", "geometry": {"type": "Polygon", "coordinates": [[[118.01203559541987, -34.92889776552004], [118.01203559541987, -34.90389776552004], [117.99865494978128, -34.90389776552004], [117.99865494978128, -34.92889776552004], [118.01203559541987, -34.92889776552004]]]}, "properties": {"layer": "Fuel type", "fuel_code": 631, "fuel_class": "Grassland", "fuel_risk": 62}}, {"type": "Feature", "geometry": {"type": "Polygon", "coordinates": [[[116.92365494978104, -34.90389776552004], [116.92365494978104, -34.878897765520044], [116.89865494978103, -34.878897765520044], [116.89865494978103, -34.90389776552004], [116.92365494978104, -34.90389776552004]]]}, "properties": {"layer": "Fuel type", "fuel_code": 510, "fuel_class": "Tall shrubland", "fuel_risk": 88}}, {"type": "Feature", "geometry": {"type": "Polygon", "coordinates": [[[116.94865494978104, -34.90389776552004], [116.94865494978104, -34.878897765520044], [116.92365494978104, -34.878897765520044], [116.92365494978104, -34.90389776552004], [116.94865494978104, -34.90389776552004]]]}, "properties": {"layer": "Fuel type", "fuel_code": 120, "fuel_class": "Closed forest", "fuel_risk": 96}}, {"type": "Feature", "geometry": {"type": "Polygon", "coordinates": [[[116.97365494978105, -34.90389776552004], [116.97365494978105, -34.878897765520044], [116.94865494978104, -34.878897765520044], [116.94865494978104, -34.90389776552004], [116.97365494978105, -34.90389776552004]]]}, "properties": {"layer": "Fuel type", "fuel_code": 120, "fuel_class": "Closed forest", "fuel_risk": 96}}, {"type": "Feature", "geometry": {"type": "Polygon", "coordinates": [[[116.99865494978106, -34.90389776552004], [116.99865494978106, -34.878897765520044], [116.97365494978105, -34.878897765520044], [116.97365494978105, -34.90389776552004], [116.99865494978106, -34.90389776552004]]]}, "properties": {"layer": "Fuel type", "fuel_code": 230, "fuel_class": "Low open forest", "fuel_risk": 76}}, {"type": "Feature", "geometry": {"type": "Polygon", "coordinates": [[[117.02365494978106, -34.90389776552004], [117.02365494978106, -34.878897765520044], [116.99865494978106, -34.878897765520044], [116.99865494978106, -34.90389776552004], [117.02365494978106, -34.90389776552004]]]}, "properties": {"layer": "Fuel type", "fuel_code": 230, "fuel_class": "Low open forest", "fuel_risk": 76}}, {"type": "Feature", "geometry": {"type": "Polygon", "coordinates": [[[117.04865494978107, -34.90389776552004], [117.04865494978107, -34.878897765520044], [117.02365494978106, -34.878897765520044], [117.02365494978106, -34.90389776552004], [117.04865494978107, -34.90389776552004]]]}, "properties": {"layer": "Fuel type", "fuel_code": 230, "fuel_class": "Low open forest", "fuel_risk": 76}}, {"type": "Feature", "geometry": {"type": "Polygon", "coordinates": [[[117.07365494978107, -34.90389776552004], [117.07365494978107, -34.878897765520044], [117.04865494978107, -34.878897765520044], [117.04865494978107, -34.90389776552004], [117.07365494978107, -34.90389776552004]]]}, "properties": {"layer": "Fuel type", "fuel_code": 220, "fuel_class": "Open forest", "fuel_risk": 86}}, {"type": "Feature", "geometry": {"type": "Polygon", "coordinates": [[[117.09865494978108, -34.90389776552004], [117.09865494978108, -34.878897765520044], [117.07365494978107, -34.878897765520044], [117.07365494978107, -34.90389776552004], [117.09865494978108, -34.90389776552004]]]}, "properties": {"layer": "Fuel type", "fuel_code": 631, "fuel_class": "Grassland", "fuel_risk": 62}}, {"type": "Feature", "geometry": {"type": "Polygon", "coordinates": [[[117.12365494978108, -34.90389776552004], [117.12365494978108, -34.878897765520044], [117.09865494978108, -34.878897765520044], [117.09865494978108, -34.90389776552004], [117.12365494978108, -34.90389776552004]]]}, "properties": {"layer": "Fuel type", "fuel_code": 220, "fuel_class": "Open forest", "fuel_risk": 86}}, {"type": "Feature", "geometry": {"type": "Polygon", "coordinates": [[[117.14865494978109, -34.90389776552004], [117.14865494978109, -34.878897765520044], [117.12365494978108, -34.878897765520044], [117.12365494978108, -34.90389776552004], [117.14865494978109, -34.90389776552004]]]}, "properties": {"layer": "Fuel type", "fuel_code": 510, "fuel_class": "Tall shrubland", "fuel_risk": 88}}, {"type": "Feature", "geometry": {"type": "Polygon", "coordinates": [[[117.1736549497811, -34.90389776552004], [117.1736549497811, -34.878897765520044], [117.14865494978109, -34.878897765520044], [117.14865494978109, -34.90389776552004], [117.1736549497811, -34.90389776552004]]]}, "properties": {"layer": "Fuel type", "fuel_code": 220, "fuel_class": "Open forest", "fuel_risk": 86}}, {"type": "Feature", "geometry": {"type": "Polygon", "coordinates": [[[117.1986549497811, -34.90389776552004], [117.1986549497811, -34.878897765520044], [117.1736549497811, -34.878897765520044], [117.1736549497811, -34.90389776552004], [117.1986549497811, -34.90389776552004]]]}, "properties": {"layer": "Fuel type", "fuel_code": 230, "fuel_class": "Low open forest", "fuel_risk": 76}}, {"type": "Feature", "geometry": {"type": "Polygon", "coordinates": [[[117.2236549497811, -34.90389776552004], [117.2236549497811, -34.878897765520044], [117.1986549497811, -34.878897765520044], [117.1986549497811, -34.90389776552004], [117.2236549497811, -34.90389776552004]]]}, "properties": {"layer": "Fuel type", "fuel_code": 631, "fuel_class": "Grassland", "fuel_risk": 62}}, {"type": "Feature", "geometry": {"type": "Polygon", "coordinates": [[[117.24865494978111, -34.90389776552004], [117.24865494978111, -34.878897765520044], [117.2236549497811, -34.878897765520044], [117.2236549497811, -34.90389776552004], [117.24865494978111, -34.90389776552004]]]}, "properties": {"layer": "Fuel type", "fuel_code": 220, "fuel_class": "Open forest", "fuel_risk": 86}}, {"type": "Feature", "geometry": {"type": "Polygon", "coordinates": [[[117.27365494978112, -34.90389776552004], [117.27365494978112, -34.878897765520044], [117.24865494978111, -34.878897765520044], [117.24865494978111, -34.90389776552004], [117.27365494978112, -34.90389776552004]]]}, "properties": {"layer": "Fuel type", "fuel_code": 220, "fuel_class": "Open forest", "fuel_risk": 86}}, {"type": "Feature", "geometry": {"type": "Polygon", "coordinates": [[[117.29865494978112, -34.90389776552004], [117.29865494978112, -34.878897765520044], [117.27365494978112, -34.878897765520044], [117.27365494978112, -34.90389776552004], [117.29865494978112, -34.90389776552004]]]}, "properties": {"layer": "Fuel type", "fuel_code": 230, "fuel_class": "Low open forest", "fuel_risk": 76}}, {"type": "Feature", "geometry": {"type": "Polygon", "coordinates": [[[117.32365494978113, -34.90389776552004], [117.32365494978113, -34.878897765520044], [117.29865494978112, -34.878897765520044], [117.29865494978112, -34.90389776552004], [117.32365494978113, -34.90389776552004]]]}, "properties": {"layer": "Fuel type", "fuel_code": 220, "fuel_class": "Open forest", "fuel_risk": 86}}, {"type": "Feature", "geometry": {"type": "Polygon", "coordinates": [[[117.34865494978114, -34.90389776552004], [117.34865494978114, -34.878897765520044], [117.32365494978113, -34.878897765520044], [117.32365494978113, -34.90389776552004], [117.34865494978114, -34.90389776552004]]]}, "properties": {"layer": "Fuel type", "fuel_code": 631, "fuel_class": "Grassland", "fuel_risk": 62}}, {"type": "Feature", "geometry": {"type": "Polygon", "coordinates": [[[117.37365494978114, -34.90389776552004], [117.37365494978114, -34.878897765520044], [117.34865494978114, -34.878897765520044], [117.34865494978114, -34.90389776552004], [117.37365494978114, -34.90389776552004]]]}, "properties": {"layer": "Fuel type", "fuel_code": 220, "fuel_class": "Open forest", "fuel_risk": 86}}, {"type": "Feature", "geometry": {"type": "Polygon", "coordinates": [[[117.39865494978115, -34.90389776552004], [117.39865494978115, -34.878897765520044], [117.37365494978114, -34.878897765520044], [117.37365494978114, -34.90389776552004], [117.39865494978115, -34.90389776552004]]]}, "properties": {"layer": "Fuel type", "fuel_code": 220, "fuel_class": "Open forest", "fuel_risk": 86}}, {"type": "Feature", "geometry": {"type": "Polygon", "coordinates": [[[117.42365494978115, -34.90389776552004], [117.42365494978115, -34.878897765520044], [117.39865494978115, -34.878897765520044], [117.39865494978115, -34.90389776552004], [117.42365494978115, -34.90389776552004]]]}, "properties": {"layer": "Fuel type", "fuel_code": 220, "fuel_class": "Open forest", "fuel_risk": 86}}, {"type": "Feature", "geometry": {"type": "Polygon", "coordinates": [[[117.44865494978116, -34.90389776552004], [117.44865494978116, -34.878897765520044], [117.42365494978115, -34.878897765520044], [117.42365494978115, -34.90389776552004], [117.44865494978116, -34.90389776552004]]]}, "properties": {"layer": "Fuel type", "fuel_code": 631, "fuel_class": "Grassland", "fuel_risk": 62}}, {"type": "Feature", "geometry": {"type": "Polygon", "coordinates": [[[117.47365494978116, -34.90389776552004], [117.47365494978116, -34.878897765520044], [117.44865494978116, -34.878897765520044], [117.44865494978116, -34.90389776552004], [117.47365494978116, -34.90389776552004]]]}, "properties": {"layer": "Fuel type", "fuel_code": 230, "fuel_class": "Low open forest", "fuel_risk": 76}}, {"type": "Feature", "geometry": {"type": "Polygon", "coordinates": [[[117.49865494978117, -34.90389776552004], [117.49865494978117, -34.878897765520044], [117.47365494978116, -34.878897765520044], [117.47365494978116, -34.90389776552004], [117.49865494978117, -34.90389776552004]]]}, "properties": {"layer": "Fuel type", "fuel_code": 610, "fuel_class": "Sedgeland", "fuel_risk": 58}}, {"type": "Feature", "geometry": {"type": "Polygon", "coordinates": [[[117.52365494978118, -34.90389776552004], [117.52365494978118, -34.878897765520044], [117.49865494978117, -34.878897765520044], [117.49865494978117, -34.90389776552004], [117.52365494978118, -34.90389776552004]]]}, "properties": {"layer": "Fuel type", "fuel_code": 220, "fuel_class": "Open forest", "fuel_risk": 86}}, {"type": "Feature", "geometry": {"type": "Polygon", "coordinates": [[[117.54865494978118, -34.90389776552004], [117.54865494978118, -34.878897765520044], [117.52365494978118, -34.878897765520044], [117.52365494978118, -34.90389776552004], [117.54865494978118, -34.90389776552004]]]}, "properties": {"layer": "Fuel type", "fuel_code": 510, "fuel_class": "Tall shrubland", "fuel_risk": 88}}, {"type": "Feature", "geometry": {"type": "Polygon", "coordinates": [[[117.57365494978119, -34.90389776552004], [117.57365494978119, -34.878897765520044], [117.54865494978118, -34.878897765520044], [117.54865494978118, -34.90389776552004], [117.57365494978119, -34.90389776552004]]]}, "properties": {"layer": "Fuel type", "fuel_code": 220, "fuel_class": "Open forest", "fuel_risk": 86}}, {"type": "Feature", "geometry": {"type": "Polygon", "coordinates": [[[117.59865494978119, -34.90389776552004], [117.59865494978119, -34.878897765520044], [117.57365494978119, -34.878897765520044], [117.57365494978119, -34.90389776552004], [117.59865494978119, -34.90389776552004]]]}, "properties": {"layer": "Fuel type", "fuel_code": 220, "fuel_class": "Open forest", "fuel_risk": 86}}, {"type": "Feature", "geometry": {"type": "Polygon", "coordinates": [[[117.6236549497812, -34.90389776552004], [117.6236549497812, -34.878897765520044], [117.59865494978119, -34.878897765520044], [117.59865494978119, -34.90389776552004], [117.6236549497812, -34.90389776552004]]]}, "properties": {"layer": "Fuel type", "fuel_code": 310, "fuel_class": "Broadleaf plantation", "fuel_risk": 82}}, {"type": "Feature", "geometry": {"type": "Polygon", "coordinates": [[[117.6486549497812, -34.90389776552004], [117.6486549497812, -34.878897765520044], [117.6236549497812, -34.878897765520044], [117.6236549497812, -34.90389776552004], [117.6486549497812, -34.90389776552004]]]}, "properties": {"layer": "Fuel type", "fuel_code": 631, "fuel_class": "Grassland", "fuel_risk": 62}}, {"type": "Feature", "geometry": {"type": "Polygon", "coordinates": [[[117.67365494978121, -34.90389776552004], [117.67365494978121, -34.878897765520044], [117.6486549497812, -34.878897765520044], [117.6486549497812, -34.90389776552004], [117.67365494978121, -34.90389776552004]]]}, "properties": {"layer": "Fuel type", "fuel_code": 631, "fuel_class": "Grassland", "fuel_risk": 62}}, {"type": "Feature", "geometry": {"type": "Polygon", "coordinates": [[[117.69865494978121, -34.90389776552004], [117.69865494978121, -34.878897765520044], [117.67365494978121, -34.878897765520044], [117.67365494978121, -34.90389776552004], [117.69865494978121, -34.90389776552004]]]}, "properties": {"layer": "Fuel type", "fuel_code": 631, "fuel_class": "Grassland", "fuel_risk": 62}}, {"type": "Feature", "geometry": {"type": "Polygon", "coordinates": [[[117.72365494978122, -34.90389776552004], [117.72365494978122, -34.878897765520044], [117.69865494978121, -34.878897765520044], [117.69865494978121, -34.90389776552004], [117.72365494978122, -34.90389776552004]]]}, "properties": {"layer": "Fuel type", "fuel_code": 640, "fuel_class": "Croplands", "fuel_risk": 50}}, {"type": "Feature", "geometry": {"type": "Polygon", "coordinates": [[[117.74865494978123, -34.90389776552004], [117.74865494978123, -34.878897765520044], [117.72365494978122, -34.878897765520044], [117.72365494978122, -34.90389776552004], [117.74865494978123, -34.90389776552004]]]}, "properties": {"layer": "Fuel type", "fuel_code": 631, "fuel_class": "Grassland", "fuel_risk": 62}}, {"type": "Feature", "geometry": {"type": "Polygon", "coordinates": [[[117.77365494978123, -34.90389776552004], [117.77365494978123, -34.878897765520044], [117.74865494978123, -34.878897765520044], [117.74865494978123, -34.90389776552004], [117.77365494978123, -34.90389776552004]]]}, "properties": {"layer": "Fuel type", "fuel_code": 631, "fuel_class": "Grassland", "fuel_risk": 62}}, {"type": "Feature", "geometry": {"type": "Polygon", "coordinates": [[[117.79865494978124, -34.90389776552004], [117.79865494978124, -34.878897765520044], [117.77365494978123, -34.878897765520044], [117.77365494978123, -34.90389776552004], [117.79865494978124, -34.90389776552004]]]}, "properties": {"layer": "Fuel type", "fuel_code": 220, "fuel_class": "Open forest", "fuel_risk": 86}}, {"type": "Feature", "geometry": {"type": "Polygon", "coordinates": [[[117.82365494978124, -34.90389776552004], [117.82365494978124, -34.878897765520044], [117.79865494978124, -34.878897765520044], [117.79865494978124, -34.90389776552004], [117.82365494978124, -34.90389776552004]]]}, "properties": {"layer": "Fuel type", "fuel_code": 631, "fuel_class": "Grassland", "fuel_risk": 62}}, {"type": "Feature", "geometry": {"type": "Polygon", "coordinates": [[[117.84865494978125, -34.90389776552004], [117.84865494978125, -34.878897765520044], [117.82365494978124, -34.878897765520044], [117.82365494978124, -34.90389776552004], [117.84865494978125, -34.90389776552004]]]}, "properties": {"layer": "Fuel type", "fuel_code": 220, "fuel_class": "Open forest", "fuel_risk": 86}}, {"type": "Feature", "geometry": {"type": "Polygon", "coordinates": [[[117.87365494978125, -34.90389776552004], [117.87365494978125, -34.878897765520044], [117.84865494978125, -34.878897765520044], [117.84865494978125, -34.90389776552004], [117.87365494978125, -34.90389776552004]]]}, "properties": {"layer": "Fuel type", "fuel_code": 631, "fuel_class": "Grassland", "fuel_risk": 62}}, {"type": "Feature", "geometry": {"type": "Polygon", "coordinates": [[[117.89865494978126, -34.90389776552004], [117.89865494978126, -34.878897765520044], [117.87365494978125, -34.878897765520044], [117.87365494978125, -34.90389776552004], [117.89865494978126, -34.90389776552004]]]}, "properties": {"layer": "Fuel type", "fuel_code": 520, "fuel_class": "Shrubland", "fuel_risk": 82}}, {"type": "Feature", "geometry": {"type": "Polygon", "coordinates": [[[117.92365494978127, -34.90389776552004], [117.92365494978127, -34.878897765520044], [117.89865494978126, -34.878897765520044], [117.89865494978126, -34.90389776552004], [117.92365494978127, -34.90389776552004]]]}, "properties": {"layer": "Fuel type", "fuel_code": 631, "fuel_class": "Grassland", "fuel_risk": 62}}, {"type": "Feature", "geometry": {"type": "Polygon", "coordinates": [[[117.94865494978127, -34.90389776552004], [117.94865494978127, -34.878897765520044], [117.92365494978127, -34.878897765520044], [117.92365494978127, -34.90389776552004], [117.94865494978127, -34.90389776552004]]]}, "properties": {"layer": "Fuel type", "fuel_code": 310, "fuel_class": "Broadleaf plantation", "fuel_risk": 82}}, {"type": "Feature", "geometry": {"type": "Polygon", "coordinates": [[[117.97365494978128, -34.90389776552004], [117.97365494978128, -34.878897765520044], [117.94865494978127, -34.878897765520044], [117.94865494978127, -34.90389776552004], [117.97365494978128, -34.90389776552004]]]}, "properties": {"layer": "Fuel type", "fuel_code": 920, "fuel_class": "Wildland urban interface 1", "fuel_risk": 82}}, {"type": "Feature", "geometry": {"type": "Polygon", "coordinates": [[[117.99865494978128, -34.90389776552004], [117.99865494978128, -34.878897765520044], [117.97365494978128, -34.878897765520044], [117.97365494978128, -34.90389776552004], [117.99865494978128, -34.90389776552004]]]}, "properties": {"layer": "Fuel type", "fuel_code": 220, "fuel_class": "Open forest", "fuel_risk": 86}}, {"type": "Feature", "geometry": {"type": "Polygon", "coordinates": [[[118.01203559541987, -34.90389776552004], [118.01203559541987, -34.878897765520044], [117.99865494978128, -34.878897765520044], [117.99865494978128, -34.90389776552004], [118.01203559541987, -34.90389776552004]]]}, "properties": {"layer": "Fuel type", "fuel_code": 510, "fuel_class": "Tall shrubland", "fuel_risk": 88}}, {"type": "Feature", "geometry": {"type": "Polygon", "coordinates": [[[116.92365494978104, -34.878897765520044], [116.92365494978104, -34.853897765520045], [116.89865494978103, -34.853897765520045], [116.89865494978103, -34.878897765520044], [116.92365494978104, -34.878897765520044]]]}, "properties": {"layer": "Fuel type", "fuel_code": 220, "fuel_class": "Open forest", "fuel_risk": 86}}, {"type": "Feature", "geometry": {"type": "Polygon", "coordinates": [[[116.94865494978104, -34.878897765520044], [116.94865494978104, -34.853897765520045], [116.92365494978104, -34.853897765520045], [116.92365494978104, -34.878897765520044], [116.94865494978104, -34.878897765520044]]]}, "properties": {"layer": "Fuel type", "fuel_code": 220, "fuel_class": "Open forest", "fuel_risk": 86}}, {"type": "Feature", "geometry": {"type": "Polygon", "coordinates": [[[116.97365494978105, -34.878897765520044], [116.97365494978105, -34.853897765520045], [116.94865494978104, -34.853897765520045], [116.94865494978104, -34.878897765520044], [116.97365494978105, -34.878897765520044]]]}, "properties": {"layer": "Fuel type", "fuel_code": 230, "fuel_class": "Low open forest", "fuel_risk": 76}}, {"type": "Feature", "geometry": {"type": "Polygon", "coordinates": [[[116.99865494978106, -34.878897765520044], [116.99865494978106, -34.853897765520045], [116.97365494978105, -34.853897765520045], [116.97365494978105, -34.878897765520044], [116.99865494978106, -34.878897765520044]]]}, "properties": {"layer": "Fuel type", "fuel_code": 230, "fuel_class": "Low open forest", "fuel_risk": 76}}, {"type": "Feature", "geometry": {"type": "Polygon", "coordinates": [[[117.02365494978106, -34.878897765520044], [117.02365494978106, -34.853897765520045], [116.99865494978106, -34.853897765520045], [116.99865494978106, -34.878897765520044], [117.02365494978106, -34.878897765520044]]]}, "properties": {"layer": "Fuel type", "fuel_code": 220, "fuel_class": "Open forest", "fuel_risk": 86}}, {"type": "Feature", "geometry": {"type": "Polygon", "coordinates": [[[117.04865494978107, -34.878897765520044], [117.04865494978107, -34.853897765520045], [117.02365494978106, -34.853897765520045], [117.02365494978106, -34.878897765520044], [117.04865494978107, -34.878897765520044]]]}, "properties": {"layer": "Fuel type", "fuel_code": 220, "fuel_class": "Open forest", "fuel_risk": 86}}, {"type": "Feature", "geometry": {"type": "Polygon", "coordinates": [[[117.07365494978107, -34.878897765520044], [117.07365494978107, -34.853897765520045], [117.04865494978107, -34.853897765520045], [117.04865494978107, -34.878897765520044], [117.07365494978107, -34.878897765520044]]]}, "properties": {"layer": "Fuel type", "fuel_code": 220, "fuel_class": "Open forest", "fuel_risk": 86}}, {"type": "Feature", "geometry": {"type": "Polygon", "coordinates": [[[117.09865494978108, -34.878897765520044], [117.09865494978108, -34.853897765520045], [117.07365494978107, -34.853897765520045], [117.07365494978107, -34.878897765520044], [117.09865494978108, -34.878897765520044]]]}, "properties": {"layer": "Fuel type", "fuel_code": 220, "fuel_class": "Open forest", "fuel_risk": 86}}, {"type": "Feature", "geometry": {"type": "Polygon", "coordinates": [[[117.12365494978108, -34.878897765520044], [117.12365494978108, -34.853897765520045], [117.09865494978108, -34.853897765520045], [117.09865494978108, -34.878897765520044], [117.12365494978108, -34.878897765520044]]]}, "properties": {"layer": "Fuel type", "fuel_code": 220, "fuel_class": "Open forest", "fuel_risk": 86}}, {"type": "Feature", "geometry": {"type": "Polygon", "coordinates": [[[117.14865494978109, -34.878897765520044], [117.14865494978109, -34.853897765520045], [117.12365494978108, -34.853897765520045], [117.12365494978108, -34.878897765520044], [117.14865494978109, -34.878897765520044]]]}, "properties": {"layer": "Fuel type", "fuel_code": 230, "fuel_class": "Low open forest", "fuel_risk": 76}}, {"type": "Feature", "geometry": {"type": "Polygon", "coordinates": [[[117.1736549497811, -34.878897765520044], [117.1736549497811, -34.853897765520045], [117.14865494978109, -34.853897765520045], [117.14865494978109, -34.878897765520044], [117.1736549497811, -34.878897765520044]]]}, "properties": {"layer": "Fuel type", "fuel_code": 220, "fuel_class": "Open forest", "fuel_risk": 86}}, {"type": "Feature", "geometry": {"type": "Polygon", "coordinates": [[[117.1986549497811, -34.878897765520044], [117.1986549497811, -34.853897765520045], [117.1736549497811, -34.853897765520045], [117.1736549497811, -34.878897765520044], [117.1986549497811, -34.878897765520044]]]}, "properties": {"layer": "Fuel type", "fuel_code": 230, "fuel_class": "Low open forest", "fuel_risk": 76}}, {"type": "Feature", "geometry": {"type": "Polygon", "coordinates": [[[117.2236549497811, -34.878897765520044], [117.2236549497811, -34.853897765520045], [117.1986549497811, -34.853897765520045], [117.1986549497811, -34.878897765520044], [117.2236549497811, -34.878897765520044]]]}, "properties": {"layer": "Fuel type", "fuel_code": 220, "fuel_class": "Open forest", "fuel_risk": 86}}, {"type": "Feature", "geometry": {"type": "Polygon", "coordinates": [[[117.24865494978111, -34.878897765520044], [117.24865494978111, -34.853897765520045], [117.2236549497811, -34.853897765520045], [117.2236549497811, -34.878897765520044], [117.24865494978111, -34.878897765520044]]]}, "properties": {"layer": "Fuel type", "fuel_code": 230, "fuel_class": "Low open forest", "fuel_risk": 76}}, {"type": "Feature", "geometry": {"type": "Polygon", "coordinates": [[[117.27365494978112, -34.878897765520044], [117.27365494978112, -34.853897765520045], [117.24865494978111, -34.853897765520045], [117.24865494978111, -34.878897765520044], [117.27365494978112, -34.878897765520044]]]}, "properties": {"layer": "Fuel type", "fuel_code": 230, "fuel_class": "Low open forest", "fuel_risk": 76}}, {"type": "Feature", "geometry": {"type": "Polygon", "coordinates": [[[117.29865494978112, -34.878897765520044], [117.29865494978112, -34.853897765520045], [117.27365494978112, -34.853897765520045], [117.27365494978112, -34.878897765520044], [117.29865494978112, -34.878897765520044]]]}, "properties": {"layer": "Fuel type", "fuel_code": 631, "fuel_class": "Grassland", "fuel_risk": 62}}, {"type": "Feature", "geometry": {"type": "Polygon", "coordinates": [[[117.32365494978113, -34.878897765520044], [117.32365494978113, -34.853897765520045], [117.29865494978112, -34.853897765520045], [117.29865494978112, -34.878897765520044], [117.32365494978113, -34.878897765520044]]]}, "properties": {"layer": "Fuel type", "fuel_code": 631, "fuel_class": "Grassland", "fuel_risk": 62}}, {"type": "Feature", "geometry": {"type": "Polygon", "coordinates": [[[117.34865494978114, -34.878897765520044], [117.34865494978114, -34.853897765520045], [117.32365494978113, -34.853897765520045], [117.32365494978113, -34.878897765520044], [117.34865494978114, -34.878897765520044]]]}, "properties": {"layer": "Fuel type", "fuel_code": 220, "fuel_class": "Open forest", "fuel_risk": 86}}, {"type": "Feature", "geometry": {"type": "Polygon", "coordinates": [[[117.37365494978114, -34.878897765520044], [117.37365494978114, -34.853897765520045], [117.34865494978114, -34.853897765520045], [117.34865494978114, -34.878897765520044], [117.37365494978114, -34.878897765520044]]]}, "properties": {"layer": "Fuel type", "fuel_code": 120, "fuel_class": "Closed forest", "fuel_risk": 96}}, {"type": "Feature", "geometry": {"type": "Polygon", "coordinates": [[[117.39865494978115, -34.878897765520044], [117.39865494978115, -34.853897765520045], [117.37365494978114, -34.853897765520045], [117.37365494978114, -34.878897765520044], [117.39865494978115, -34.878897765520044]]]}, "properties": {"layer": "Fuel type", "fuel_code": 510, "fuel_class": "Tall shrubland", "fuel_risk": 88}}, {"type": "Feature", "geometry": {"type": "Polygon", "coordinates": [[[117.42365494978115, -34.878897765520044], [117.42365494978115, -34.853897765520045], [117.39865494978115, -34.853897765520045], [117.39865494978115, -34.878897765520044], [117.42365494978115, -34.878897765520044]]]}, "properties": {"layer": "Fuel type", "fuel_code": 230, "fuel_class": "Low open forest", "fuel_risk": 76}}, {"type": "Feature", "geometry": {"type": "Polygon", "coordinates": [[[117.44865494978116, -34.878897765520044], [117.44865494978116, -34.853897765520045], [117.42365494978115, -34.853897765520045], [117.42365494978115, -34.878897765520044], [117.44865494978116, -34.878897765520044]]]}, "properties": {"layer": "Fuel type", "fuel_code": 120, "fuel_class": "Closed forest", "fuel_risk": 96}}, {"type": "Feature", "geometry": {"type": "Polygon", "coordinates": [[[117.47365494978116, -34.878897765520044], [117.47365494978116, -34.853897765520045], [117.44865494978116, -34.853897765520045], [117.44865494978116, -34.878897765520044], [117.47365494978116, -34.878897765520044]]]}, "properties": {"layer": "Fuel type", "fuel_code": 220, "fuel_class": "Open forest", "fuel_risk": 86}}, {"type": "Feature", "geometry": {"type": "Polygon", "coordinates": [[[117.49865494978117, -34.878897765520044], [117.49865494978117, -34.853897765520045], [117.47365494978116, -34.853897765520045], [117.47365494978116, -34.878897765520044], [117.49865494978117, -34.878897765520044]]]}, "properties": {"layer": "Fuel type", "fuel_code": 220, "fuel_class": "Open forest", "fuel_risk": 86}}, {"type": "Feature", "geometry": {"type": "Polygon", "coordinates": [[[117.52365494978118, -34.878897765520044], [117.52365494978118, -34.853897765520045], [117.49865494978117, -34.853897765520045], [117.49865494978117, -34.878897765520044], [117.52365494978118, -34.878897765520044]]]}, "properties": {"layer": "Fuel type", "fuel_code": 610, "fuel_class": "Sedgeland", "fuel_risk": 58}}, {"type": "Feature", "geometry": {"type": "Polygon", "coordinates": [[[117.54865494978118, -34.878897765520044], [117.54865494978118, -34.853897765520045], [117.52365494978118, -34.853897765520045], [117.52365494978118, -34.878897765520044], [117.54865494978118, -34.878897765520044]]]}, "properties": {"layer": "Fuel type", "fuel_code": 640, "fuel_class": "Croplands", "fuel_risk": 50}}, {"type": "Feature", "geometry": {"type": "Polygon", "coordinates": [[[117.57365494978119, -34.878897765520044], [117.57365494978119, -34.853897765520045], [117.54865494978118, -34.853897765520045], [117.54865494978118, -34.878897765520044], [117.57365494978119, -34.878897765520044]]]}, "properties": {"layer": "Fuel type", "fuel_code": 230, "fuel_class": "Low open forest", "fuel_risk": 76}}, {"type": "Feature", "geometry": {"type": "Polygon", "coordinates": [[[117.59865494978119, -34.878897765520044], [117.59865494978119, -34.853897765520045], [117.57365494978119, -34.853897765520045], [117.57365494978119, -34.878897765520044], [117.59865494978119, -34.878897765520044]]]}, "properties": {"layer": "Fuel type", "fuel_code": 610, "fuel_class": "Sedgeland", "fuel_risk": 58}}, {"type": "Feature", "geometry": {"type": "Polygon", "coordinates": [[[117.6236549497812, -34.878897765520044], [117.6236549497812, -34.853897765520045], [117.59865494978119, -34.853897765520045], [117.59865494978119, -34.878897765520044], [117.6236549497812, -34.878897765520044]]]}, "properties": {"layer": "Fuel type", "fuel_code": 230, "fuel_class": "Low open forest", "fuel_risk": 76}}, {"type": "Feature", "geometry": {"type": "Polygon", "coordinates": [[[117.6486549497812, -34.878897765520044], [117.6486549497812, -34.853897765520045], [117.6236549497812, -34.853897765520045], [117.6236549497812, -34.878897765520044], [117.6486549497812, -34.878897765520044]]]}, "properties": {"layer": "Fuel type", "fuel_code": 510, "fuel_class": "Tall shrubland", "fuel_risk": 88}}, {"type": "Feature", "geometry": {"type": "Polygon", "coordinates": [[[117.67365494978121, -34.878897765520044], [117.67365494978121, -34.853897765520045], [117.6486549497812, -34.853897765520045], [117.6486549497812, -34.878897765520044], [117.67365494978121, -34.878897765520044]]]}, "properties": {"layer": "Fuel type", "fuel_code": 631, "fuel_class": "Grassland", "fuel_risk": 62}}, {"type": "Feature", "geometry": {"type": "Polygon", "coordinates": [[[117.69865494978121, -34.878897765520044], [117.69865494978121, -34.853897765520045], [117.67365494978121, -34.853897765520045], [117.67365494978121, -34.878897765520044], [117.69865494978121, -34.878897765520044]]]}, "properties": {"layer": "Fuel type", "fuel_code": 310, "fuel_class": "Broadleaf plantation", "fuel_risk": 82}}, {"type": "Feature", "geometry": {"type": "Polygon", "coordinates": [[[117.72365494978122, -34.878897765520044], [117.72365494978122, -34.853897765520045], [117.69865494978121, -34.853897765520045], [117.69865494978121, -34.878897765520044], [117.72365494978122, -34.878897765520044]]]}, "properties": {"layer": "Fuel type", "fuel_code": 631, "fuel_class": "Grassland", "fuel_risk": 62}}, {"type": "Feature", "geometry": {"type": "Polygon", "coordinates": [[[117.74865494978123, -34.878897765520044], [117.74865494978123, -34.853897765520045], [117.72365494978122, -34.853897765520045], [117.72365494978122, -34.878897765520044], [117.74865494978123, -34.878897765520044]]]}, "properties": {"layer": "Fuel type", "fuel_code": 520, "fuel_class": "Shrubland", "fuel_risk": 82}}, {"type": "Feature", "geometry": {"type": "Polygon", "coordinates": [[[117.77365494978123, -34.878897765520044], [117.77365494978123, -34.853897765520045], [117.74865494978123, -34.853897765520045], [117.74865494978123, -34.878897765520044], [117.77365494978123, -34.878897765520044]]]}, "properties": {"layer": "Fuel type", "fuel_code": 631, "fuel_class": "Grassland", "fuel_risk": 62}}, {"type": "Feature", "geometry": {"type": "Polygon", "coordinates": [[[117.79865494978124, -34.878897765520044], [117.79865494978124, -34.853897765520045], [117.77365494978123, -34.853897765520045], [117.77365494978123, -34.878897765520044], [117.79865494978124, -34.878897765520044]]]}, "properties": {"layer": "Fuel type", "fuel_code": 631, "fuel_class": "Grassland", "fuel_risk": 62}}, {"type": "Feature", "geometry": {"type": "Polygon", "coordinates": [[[117.82365494978124, -34.878897765520044], [117.82365494978124, -34.853897765520045], [117.79865494978124, -34.853897765520045], [117.79865494978124, -34.878897765520044], [117.82365494978124, -34.878897765520044]]]}, "properties": {"layer": "Fuel type", "fuel_code": 230, "fuel_class": "Low open forest", "fuel_risk": 76}}, {"type": "Feature", "geometry": {"type": "Polygon", "coordinates": [[[117.84865494978125, -34.878897765520044], [117.84865494978125, -34.853897765520045], [117.82365494978124, -34.853897765520045], [117.82365494978124, -34.878897765520044], [117.84865494978125, -34.878897765520044]]]}, "properties": {"layer": "Fuel type", "fuel_code": 230, "fuel_class": "Low open forest", "fuel_risk": 76}}, {"type": "Feature", "geometry": {"type": "Polygon", "coordinates": [[[117.87365494978125, -34.878897765520044], [117.87365494978125, -34.853897765520045], [117.84865494978125, -34.853897765520045], [117.84865494978125, -34.878897765520044], [117.87365494978125, -34.878897765520044]]]}, "properties": {"layer": "Fuel type", "fuel_code": 800, "fuel_class": "Wetlands", "fuel_risk": 35}}, {"type": "Feature", "geometry": {"type": "Polygon", "coordinates": [[[117.89865494978126, -34.878897765520044], [117.89865494978126, -34.853897765520045], [117.87365494978125, -34.853897765520045], [117.87365494978125, -34.878897765520044], [117.89865494978126, -34.878897765520044]]]}, "properties": {"layer": "Fuel type", "fuel_code": 310, "fuel_class": "Broadleaf plantation", "fuel_risk": 82}}, {"type": "Feature", "geometry": {"type": "Polygon", "coordinates": [[[117.92365494978127, -34.878897765520044], [117.92365494978127, -34.853897765520045], [117.89865494978126, -34.853897765520045], [117.89865494978126, -34.878897765520044], [117.92365494978127, -34.878897765520044]]]}, "properties": {"layer": "Fuel type", "fuel_code": 640, "fuel_class": "Croplands", "fuel_risk": 50}}, {"type": "Feature", "geometry": {"type": "Polygon", "coordinates": [[[117.94865494978127, -34.878897765520044], [117.94865494978127, -34.853897765520045], [117.92365494978127, -34.853897765520045], [117.92365494978127, -34.878897765520044], [117.94865494978127, -34.878897765520044]]]}, "properties": {"layer": "Fuel type", "fuel_code": 510, "fuel_class": "Tall shrubland", "fuel_risk": 88}}, {"type": "Feature", "geometry": {"type": "Polygon", "coordinates": [[[117.97365494978128, -34.878897765520044], [117.97365494978128, -34.853897765520045], [117.94865494978127, -34.853897765520045], [117.94865494978127, -34.878897765520044], [117.97365494978128, -34.878897765520044]]]}, "properties": {"layer": "Fuel type", "fuel_code": 631, "fuel_class": "Grassland", "fuel_risk": 62}}, {"type": "Feature", "geometry": {"type": "Polygon", "coordinates": [[[117.99865494978128, -34.878897765520044], [117.99865494978128, -34.853897765520045], [117.97365494978128, -34.853897765520045], [117.97365494978128, -34.878897765520044], [117.99865494978128, -34.878897765520044]]]}, "properties": {"layer": "Fuel type", "fuel_code": 230, "fuel_class": "Low open forest", "fuel_risk": 76}}, {"type": "Feature", "geometry": {"type": "Polygon", "coordinates": [[[118.01203559541987, -34.878897765520044], [118.01203559541987, -34.853897765520045], [117.99865494978128, -34.853897765520045], [117.99865494978128, -34.878897765520044], [118.01203559541987, -34.878897765520044]]]}, "properties": {"layer": "Fuel type", "fuel_code": 631, "fuel_class": "Grassland", "fuel_risk": 62}}, {"type": "Feature", "geometry": {"type": "Polygon", "coordinates": [[[116.92365494978104, -34.853897765520045], [116.92365494978104, -34.82889776552005], [116.89865494978103, -34.82889776552005], [116.89865494978103, -34.853897765520045], [116.92365494978104, -34.853897765520045]]]}, "properties": {"layer": "Fuel type", "fuel_code": 220, "fuel_class": "Open forest", "fuel_risk": 86}}, {"type": "Feature", "geometry": {"type": "Polygon", "coordinates": [[[116.94865494978104, -34.853897765520045], [116.94865494978104, -34.82889776552005], [116.92365494978104, -34.82889776552005], [116.92365494978104, -34.853897765520045], [116.94865494978104, -34.853897765520045]]]}, "properties": {"layer": "Fuel type", "fuel_code": 220, "fuel_class": "Open forest", "fuel_risk": 86}}, {"type": "Feature", "geometry": {"type": "Polygon", "coordinates": [[[116.97365494978105, -34.853897765520045], [116.97365494978105, -34.82889776552005], [116.94865494978104, -34.82889776552005], [116.94865494978104, -34.853897765520045], [116.97365494978105, -34.853897765520045]]]}, "properties": {"layer": "Fuel type", "fuel_code": 520, "fuel_class": "Shrubland", "fuel_risk": 82}}, {"type": "Feature", "geometry": {"type": "Polygon", "coordinates": [[[116.99865494978106, -34.853897765520045], [116.99865494978106, -34.82889776552005], [116.97365494978105, -34.82889776552005], [116.97365494978105, -34.853897765520045], [116.99865494978106, -34.853897765520045]]]}, "properties": {"layer": "Fuel type", "fuel_code": 230, "fuel_class": "Low open forest", "fuel_risk": 76}}, {"type": "Feature", "geometry": {"type": "Polygon", "coordinates": [[[117.02365494978106, -34.853897765520045], [117.02365494978106, -34.82889776552005], [116.99865494978106, -34.82889776552005], [116.99865494978106, -34.853897765520045], [117.02365494978106, -34.853897765520045]]]}, "properties": {"layer": "Fuel type", "fuel_code": 230, "fuel_class": "Low open forest", "fuel_risk": 76}}, {"type": "Feature", "geometry": {"type": "Polygon", "coordinates": [[[117.04865494978107, -34.853897765520045], [117.04865494978107, -34.82889776552005], [117.02365494978106, -34.82889776552005], [117.02365494978106, -34.853897765520045], [117.04865494978107, -34.853897765520045]]]}, "properties": {"layer": "Fuel type", "fuel_code": 510, "fuel_class": "Tall shrubland", "fuel_risk": 88}}, {"type": "Feature", "geometry": {"type": "Polygon", "coordinates": [[[117.07365494978107, -34.853897765520045], [117.07365494978107, -34.82889776552005], [117.04865494978107, -34.82889776552005], [117.04865494978107, -34.853897765520045], [117.07365494978107, -34.853897765520045]]]}, "properties": {"layer": "Fuel type", "fuel_code": 230, "fuel_class": "Low open forest", "fuel_risk": 76}}, {"type": "Feature", "geometry": {"type": "Polygon", "coordinates": [[[117.09865494978108, -34.853897765520045], [117.09865494978108, -34.82889776552005], [117.07365494978107, -34.82889776552005], [117.07365494978107, -34.853897765520045], [117.09865494978108, -34.853897765520045]]]}, "properties": {"layer": "Fuel type", "fuel_code": 230, "fuel_class": "Low open forest", "fuel_risk": 76}}, {"type": "Feature", "geometry": {"type": "Polygon", "coordinates": [[[117.12365494978108, -34.853897765520045], [117.12365494978108, -34.82889776552005], [117.09865494978108, -34.82889776552005], [117.09865494978108, -34.853897765520045], [117.12365494978108, -34.853897765520045]]]}, "properties": {"layer": "Fuel type", "fuel_code": 230, "fuel_class": "Low open forest", "fuel_risk": 76}}, {"type": "Feature", "geometry": {"type": "Polygon", "coordinates": [[[117.14865494978109, -34.853897765520045], [117.14865494978109, -34.82889776552005], [117.12365494978108, -34.82889776552005], [117.12365494978108, -34.853897765520045], [117.14865494978109, -34.853897765520045]]]}, "properties": {"layer": "Fuel type", "fuel_code": 220, "fuel_class": "Open forest", "fuel_risk": 86}}, {"type": "Feature", "geometry": {"type": "Polygon", "coordinates": [[[117.1736549497811, -34.853897765520045], [117.1736549497811, -34.82889776552005], [117.14865494978109, -34.82889776552005], [117.14865494978109, -34.853897765520045], [117.1736549497811, -34.853897765520045]]]}, "properties": {"layer": "Fuel type", "fuel_code": 220, "fuel_class": "Open forest", "fuel_risk": 86}}, {"type": "Feature", "geometry": {"type": "Polygon", "coordinates": [[[117.1986549497811, -34.853897765520045], [117.1986549497811, -34.82889776552005], [117.1736549497811, -34.82889776552005], [117.1736549497811, -34.853897765520045], [117.1986549497811, -34.853897765520045]]]}, "properties": {"layer": "Fuel type", "fuel_code": 220, "fuel_class": "Open forest", "fuel_risk": 86}}, {"type": "Feature", "geometry": {"type": "Polygon", "coordinates": [[[117.2236549497811, -34.853897765520045], [117.2236549497811, -34.82889776552005], [117.1986549497811, -34.82889776552005], [117.1986549497811, -34.853897765520045], [117.2236549497811, -34.853897765520045]]]}, "properties": {"layer": "Fuel type", "fuel_code": 220, "fuel_class": "Open forest", "fuel_risk": 86}}, {"type": "Feature", "geometry": {"type": "Polygon", "coordinates": [[[117.24865494978111, -34.853897765520045], [117.24865494978111, -34.82889776552005], [117.2236549497811, -34.82889776552005], [117.2236549497811, -34.853897765520045], [117.24865494978111, -34.853897765520045]]]}, "properties": {"layer": "Fuel type", "fuel_code": 230, "fuel_class": "Low open forest", "fuel_risk": 76}}, {"type": "Feature", "geometry": {"type": "Polygon", "coordinates": [[[117.27365494978112, -34.853897765520045], [117.27365494978112, -34.82889776552005], [117.24865494978111, -34.82889776552005], [117.24865494978111, -34.853897765520045], [117.27365494978112, -34.853897765520045]]]}, "properties": {"layer": "Fuel type", "fuel_code": 220, "fuel_class": "Open forest", "fuel_risk": 86}}, {"type": "Feature", "geometry": {"type": "Polygon", "coordinates": [[[117.29865494978112, -34.853897765520045], [117.29865494978112, -34.82889776552005], [117.27365494978112, -34.82889776552005], [117.27365494978112, -34.853897765520045], [117.29865494978112, -34.853897765520045]]]}, "properties": {"layer": "Fuel type", "fuel_code": 230, "fuel_class": "Low open forest", "fuel_risk": 76}}, {"type": "Feature", "geometry": {"type": "Polygon", "coordinates": [[[117.32365494978113, -34.853897765520045], [117.32365494978113, -34.82889776552005], [117.29865494978112, -34.82889776552005], [117.29865494978112, -34.853897765520045], [117.32365494978113, -34.853897765520045]]]}, "properties": {"layer": "Fuel type", "fuel_code": 230, "fuel_class": "Low open forest", "fuel_risk": 76}}, {"type": "Feature", "geometry": {"type": "Polygon", "coordinates": [[[117.34865494978114, -34.853897765520045], [117.34865494978114, -34.82889776552005], [117.32365494978113, -34.82889776552005], [117.32365494978113, -34.853897765520045], [117.34865494978114, -34.853897765520045]]]}, "properties": {"layer": "Fuel type", "fuel_code": 220, "fuel_class": "Open forest", "fuel_risk": 86}}, {"type": "Feature", "geometry": {"type": "Polygon", "coordinates": [[[117.37365494978114, -34.853897765520045], [117.37365494978114, -34.82889776552005], [117.34865494978114, -34.82889776552005], [117.34865494978114, -34.853897765520045], [117.37365494978114, -34.853897765520045]]]}, "properties": {"layer": "Fuel type", "fuel_code": 230, "fuel_class": "Low open forest", "fuel_risk": 76}}, {"type": "Feature", "geometry": {"type": "Polygon", "coordinates": [[[117.39865494978115, -34.853897765520045], [117.39865494978115, -34.82889776552005], [117.37365494978114, -34.82889776552005], [117.37365494978114, -34.853897765520045], [117.39865494978115, -34.853897765520045]]]}, "properties": {"layer": "Fuel type", "fuel_code": 220, "fuel_class": "Open forest", "fuel_risk": 86}}, {"type": "Feature", "geometry": {"type": "Polygon", "coordinates": [[[117.42365494978115, -34.853897765520045], [117.42365494978115, -34.82889776552005], [117.39865494978115, -34.82889776552005], [117.39865494978115, -34.853897765520045], [117.42365494978115, -34.853897765520045]]]}, "properties": {"layer": "Fuel type", "fuel_code": 610, "fuel_class": "Sedgeland", "fuel_risk": 58}}, {"type": "Feature", "geometry": {"type": "Polygon", "coordinates": [[[117.44865494978116, -34.853897765520045], [117.44865494978116, -34.82889776552005], [117.42365494978115, -34.82889776552005], [117.42365494978115, -34.853897765520045], [117.44865494978116, -34.853897765520045]]]}, "properties": {"layer": "Fuel type", "fuel_code": 120, "fuel_class": "Closed forest", "fuel_risk": 96}}, {"type": "Feature", "geometry": {"type": "Polygon", "coordinates": [[[117.47365494978116, -34.853897765520045], [117.47365494978116, -34.82889776552005], [117.44865494978116, -34.82889776552005], [117.44865494978116, -34.853897765520045], [117.47365494978116, -34.853897765520045]]]}, "properties": {"layer": "Fuel type", "fuel_code": 220, "fuel_class": "Open forest", "fuel_risk": 86}}, {"type": "Feature", "geometry": {"type": "Polygon", "coordinates": [[[117.49865494978117, -34.853897765520045], [117.49865494978117, -34.82889776552005], [117.47365494978116, -34.82889776552005], [117.47365494978116, -34.853897765520045], [117.49865494978117, -34.853897765520045]]]}, "properties": {"layer": "Fuel type", "fuel_code": 220, "fuel_class": "Open forest", "fuel_risk": 86}}, {"type": "Feature", "geometry": {"type": "Polygon", "coordinates": [[[117.52365494978118, -34.853897765520045], [117.52365494978118, -34.82889776552005], [117.49865494978117, -34.82889776552005], [117.49865494978117, -34.853897765520045], [117.52365494978118, -34.853897765520045]]]}, "properties": {"layer": "Fuel type", "fuel_code": 220, "fuel_class": "Open forest", "fuel_risk": 86}}, {"type": "Feature", "geometry": {"type": "Polygon", "coordinates": [[[117.54865494978118, -34.853897765520045], [117.54865494978118, -34.82889776552005], [117.52365494978118, -34.82889776552005], [117.52365494978118, -34.853897765520045], [117.54865494978118, -34.853897765520045]]]}, "properties": {"layer": "Fuel type", "fuel_code": 610, "fuel_class": "Sedgeland", "fuel_risk": 58}}, {"type": "Feature", "geometry": {"type": "Polygon", "coordinates": [[[117.57365494978119, -34.853897765520045], [117.57365494978119, -34.82889776552005], [117.54865494978118, -34.82889776552005], [117.54865494978118, -34.853897765520045], [117.57365494978119, -34.853897765520045]]]}, "properties": {"layer": "Fuel type", "fuel_code": 610, "fuel_class": "Sedgeland", "fuel_risk": 58}}, {"type": "Feature", "geometry": {"type": "Polygon", "coordinates": [[[117.59865494978119, -34.853897765520045], [117.59865494978119, -34.82889776552005], [117.57365494978119, -34.82889776552005], [117.57365494978119, -34.853897765520045], [117.59865494978119, -34.853897765520045]]]}, "properties": {"layer": "Fuel type", "fuel_code": 610, "fuel_class": "Sedgeland", "fuel_risk": 58}}, {"type": "Feature", "geometry": {"type": "Polygon", "coordinates": [[[117.6236549497812, -34.853897765520045], [117.6236549497812, -34.82889776552005], [117.59865494978119, -34.82889776552005], [117.59865494978119, -34.853897765520045], [117.6236549497812, -34.853897765520045]]]}, "properties": {"layer": "Fuel type", "fuel_code": 310, "fuel_class": "Broadleaf plantation", "fuel_risk": 82}}, {"type": "Feature", "geometry": {"type": "Polygon", "coordinates": [[[117.6486549497812, -34.853897765520045], [117.6486549497812, -34.82889776552005], [117.6236549497812, -34.82889776552005], [117.6236549497812, -34.853897765520045], [117.6486549497812, -34.853897765520045]]]}, "properties": {"layer": "Fuel type", "fuel_code": 610, "fuel_class": "Sedgeland", "fuel_risk": 58}}, {"type": "Feature", "geometry": {"type": "Polygon", "coordinates": [[[117.67365494978121, -34.853897765520045], [117.67365494978121, -34.82889776552005], [117.6486549497812, -34.82889776552005], [117.6486549497812, -34.853897765520045], [117.67365494978121, -34.853897765520045]]]}, "properties": {"layer": "Fuel type", "fuel_code": 631, "fuel_class": "Grassland", "fuel_risk": 62}}, {"type": "Feature", "geometry": {"type": "Polygon", "coordinates": [[[117.69865494978121, -34.853897765520045], [117.69865494978121, -34.82889776552005], [117.67365494978121, -34.82889776552005], [117.67365494978121, -34.853897765520045], [117.69865494978121, -34.853897765520045]]]}, "properties": {"layer": "Fuel type", "fuel_code": 433, "fuel_class": "Low woodland with grassy understory", "fuel_risk": 66}}, {"type": "Feature", "geometry": {"type": "Polygon", "coordinates": [[[117.72365494978122, -34.853897765520045], [117.72365494978122, -34.82889776552005], [117.69865494978121, -34.82889776552005], [117.69865494978121, -34.853897765520045], [117.72365494978122, -34.853897765520045]]]}, "properties": {"layer": "Fuel type", "fuel_code": 631, "fuel_class": "Grassland", "fuel_risk": 62}}, {"type": "Feature", "geometry": {"type": "Polygon", "coordinates": [[[117.74865494978123, -34.853897765520045], [117.74865494978123, -34.82889776552005], [117.72365494978122, -34.82889776552005], [117.72365494978122, -34.853897765520045], [117.74865494978123, -34.853897765520045]]]}, "properties": {"layer": "Fuel type", "fuel_code": 930, "fuel_class": "Wildland urban interface 2", "fuel_risk": 70}}, {"type": "Feature", "geometry": {"type": "Polygon", "coordinates": [[[117.77365494978123, -34.853897765520045], [117.77365494978123, -34.82889776552005], [117.74865494978123, -34.82889776552005], [117.74865494978123, -34.853897765520045], [117.77365494978123, -34.853897765520045]]]}, "properties": {"layer": "Fuel type", "fuel_code": 310, "fuel_class": "Broadleaf plantation", "fuel_risk": 82}}, {"type": "Feature", "geometry": {"type": "Polygon", "coordinates": [[[117.79865494978124, -34.853897765520045], [117.79865494978124, -34.82889776552005], [117.77365494978123, -34.82889776552005], [117.77365494978123, -34.853897765520045], [117.79865494978124, -34.853897765520045]]]}, "properties": {"layer": "Fuel type", "fuel_code": 631, "fuel_class": "Grassland", "fuel_risk": 62}}, {"type": "Feature", "geometry": {"type": "Polygon", "coordinates": [[[117.82365494978124, -34.853897765520045], [117.82365494978124, -34.82889776552005], [117.79865494978124, -34.82889776552005], [117.79865494978124, -34.853897765520045], [117.82365494978124, -34.853897765520045]]]}, "properties": {"layer": "Fuel type", "fuel_code": 520, "fuel_class": "Shrubland", "fuel_risk": 82}}, {"type": "Feature", "geometry": {"type": "Polygon", "coordinates": [[[117.84865494978125, -34.853897765520045], [117.84865494978125, -34.82889776552005], [117.82365494978124, -34.82889776552005], [117.82365494978124, -34.853897765520045], [117.84865494978125, -34.853897765520045]]]}, "properties": {"layer": "Fuel type", "fuel_code": 631, "fuel_class": "Grassland", "fuel_risk": 62}}, {"type": "Feature", "geometry": {"type": "Polygon", "coordinates": [[[117.87365494978125, -34.853897765520045], [117.87365494978125, -34.82889776552005], [117.84865494978125, -34.82889776552005], [117.84865494978125, -34.853897765520045], [117.87365494978125, -34.853897765520045]]]}, "properties": {"layer": "Fuel type", "fuel_code": 631, "fuel_class": "Grassland", "fuel_risk": 62}}, {"type": "Feature", "geometry": {"type": "Polygon", "coordinates": [[[117.89865494978126, -34.853897765520045], [117.89865494978126, -34.82889776552005], [117.87365494978125, -34.82889776552005], [117.87365494978125, -34.853897765520045], [117.89865494978126, -34.853897765520045]]]}, "properties": {"layer": "Fuel type", "fuel_code": 631, "fuel_class": "Grassland", "fuel_risk": 62}}, {"type": "Feature", "geometry": {"type": "Polygon", "coordinates": [[[117.92365494978127, -34.853897765520045], [117.92365494978127, -34.82889776552005], [117.89865494978126, -34.82889776552005], [117.89865494978126, -34.853897765520045], [117.92365494978127, -34.853897765520045]]]}, "properties": {"layer": "Fuel type", "fuel_code": 631, "fuel_class": "Grassland", "fuel_risk": 62}}, {"type": "Feature", "geometry": {"type": "Polygon", "coordinates": [[[117.94865494978127, -34.853897765520045], [117.94865494978127, -34.82889776552005], [117.92365494978127, -34.82889776552005], [117.92365494978127, -34.853897765520045], [117.94865494978127, -34.853897765520045]]]}, "properties": {"layer": "Fuel type", "fuel_code": 220, "fuel_class": "Open forest", "fuel_risk": 86}}, {"type": "Feature", "geometry": {"type": "Polygon", "coordinates": [[[117.97365494978128, -34.853897765520045], [117.97365494978128, -34.82889776552005], [117.94865494978127, -34.82889776552005], [117.94865494978127, -34.853897765520045], [117.97365494978128, -34.853897765520045]]]}, "properties": {"layer": "Fuel type", "fuel_code": 631, "fuel_class": "Grassland", "fuel_risk": 62}}, {"type": "Feature", "geometry": {"type": "Polygon", "coordinates": [[[117.99865494978128, -34.853897765520045], [117.99865494978128, -34.82889776552005], [117.97365494978128, -34.82889776552005], [117.97365494978128, -34.853897765520045], [117.99865494978128, -34.853897765520045]]]}, "properties": {"layer": "Fuel type", "fuel_code": 220, "fuel_class": "Open forest", "fuel_risk": 86}}, {"type": "Feature", "geometry": {"type": "Polygon", "coordinates": [[[118.01203559541987, -34.853897765520045], [118.01203559541987, -34.82889776552005], [117.99865494978128, -34.82889776552005], [117.99865494978128, -34.853897765520045], [118.01203559541987, -34.853897765520045]]]}, "properties": {"layer": "Fuel type", "fuel_code": 220, "fuel_class": "Open forest", "fuel_risk": 86}}, {"type": "Feature", "geometry": {"type": "Polygon", "coordinates": [[[116.92365494978104, -34.82889776552005], [116.92365494978104, -34.80389776552005], [116.89865494978103, -34.80389776552005], [116.89865494978103, -34.82889776552005], [116.92365494978104, -34.82889776552005]]]}, "properties": {"layer": "Fuel type", "fuel_code": 220, "fuel_class": "Open forest", "fuel_risk": 86}}, {"type": "Feature", "geometry": {"type": "Polygon", "coordinates": [[[116.94865494978104, -34.82889776552005], [116.94865494978104, -34.80389776552005], [116.92365494978104, -34.80389776552005], [116.92365494978104, -34.82889776552005], [116.94865494978104, -34.82889776552005]]]}, "properties": {"layer": "Fuel type", "fuel_code": 220, "fuel_class": "Open forest", "fuel_risk": 86}}, {"type": "Feature", "geometry": {"type": "Polygon", "coordinates": [[[116.97365494978105, -34.82889776552005], [116.97365494978105, -34.80389776552005], [116.94865494978104, -34.80389776552005], [116.94865494978104, -34.82889776552005], [116.97365494978105, -34.82889776552005]]]}, "properties": {"layer": "Fuel type", "fuel_code": 510, "fuel_class": "Tall shrubland", "fuel_risk": 88}}, {"type": "Feature", "geometry": {"type": "Polygon", "coordinates": [[[116.99865494978106, -34.82889776552005], [116.99865494978106, -34.80389776552005], [116.97365494978105, -34.80389776552005], [116.97365494978105, -34.82889776552005], [116.99865494978106, -34.82889776552005]]]}, "properties": {"layer": "Fuel type", "fuel_code": 510, "fuel_class": "Tall shrubland", "fuel_risk": 88}}, {"type": "Feature", "geometry": {"type": "Polygon", "coordinates": [[[117.02365494978106, -34.82889776552005], [117.02365494978106, -34.80389776552005], [116.99865494978106, -34.80389776552005], [116.99865494978106, -34.82889776552005], [117.02365494978106, -34.82889776552005]]]}, "properties": {"layer": "Fuel type", "fuel_code": 510, "fuel_class": "Tall shrubland", "fuel_risk": 88}}, {"type": "Feature", "geometry": {"type": "Polygon", "coordinates": [[[117.04865494978107, -34.82889776552005], [117.04865494978107, -34.80389776552005], [117.02365494978106, -34.80389776552005], [117.02365494978106, -34.82889776552005], [117.04865494978107, -34.82889776552005]]]}, "properties": {"layer": "Fuel type", "fuel_code": 230, "fuel_class": "Low open forest", "fuel_risk": 76}}, {"type": "Feature", "geometry": {"type": "Polygon", "coordinates": [[[117.07365494978107, -34.82889776552005], [117.07365494978107, -34.80389776552005], [117.04865494978107, -34.80389776552005], [117.04865494978107, -34.82889776552005], [117.07365494978107, -34.82889776552005]]]}, "properties": {"layer": "Fuel type", "fuel_code": 220, "fuel_class": "Open forest", "fuel_risk": 86}}, {"type": "Feature", "geometry": {"type": "Polygon", "coordinates": [[[117.09865494978108, -34.82889776552005], [117.09865494978108, -34.80389776552005], [117.07365494978107, -34.80389776552005], [117.07365494978107, -34.82889776552005], [117.09865494978108, -34.82889776552005]]]}, "properties": {"layer": "Fuel type", "fuel_code": 220, "fuel_class": "Open forest", "fuel_risk": 86}}, {"type": "Feature", "geometry": {"type": "Polygon", "coordinates": [[[117.12365494978108, -34.82889776552005], [117.12365494978108, -34.80389776552005], [117.09865494978108, -34.80389776552005], [117.09865494978108, -34.82889776552005], [117.12365494978108, -34.82889776552005]]]}, "properties": {"layer": "Fuel type", "fuel_code": 220, "fuel_class": "Open forest", "fuel_risk": 86}}, {"type": "Feature", "geometry": {"type": "Polygon", "coordinates": [[[117.14865494978109, -34.82889776552005], [117.14865494978109, -34.80389776552005], [117.12365494978108, -34.80389776552005], [117.12365494978108, -34.82889776552005], [117.14865494978109, -34.82889776552005]]]}, "properties": {"layer": "Fuel type", "fuel_code": 230, "fuel_class": "Low open forest", "fuel_risk": 76}}, {"type": "Feature", "geometry": {"type": "Polygon", "coordinates": [[[117.1736549497811, -34.82889776552005], [117.1736549497811, -34.80389776552005], [117.14865494978109, -34.80389776552005], [117.14865494978109, -34.82889776552005], [117.1736549497811, -34.82889776552005]]]}, "properties": {"layer": "Fuel type", "fuel_code": 220, "fuel_class": "Open forest", "fuel_risk": 86}}, {"type": "Feature", "geometry": {"type": "Polygon", "coordinates": [[[117.1986549497811, -34.82889776552005], [117.1986549497811, -34.80389776552005], [117.1736549497811, -34.80389776552005], [117.1736549497811, -34.82889776552005], [117.1986549497811, -34.82889776552005]]]}, "properties": {"layer": "Fuel type", "fuel_code": 230, "fuel_class": "Low open forest", "fuel_risk": 76}}, {"type": "Feature", "geometry": {"type": "Polygon", "coordinates": [[[117.2236549497811, -34.82889776552005], [117.2236549497811, -34.80389776552005], [117.1986549497811, -34.80389776552005], [117.1986549497811, -34.82889776552005], [117.2236549497811, -34.82889776552005]]]}, "properties": {"layer": "Fuel type", "fuel_code": 220, "fuel_class": "Open forest", "fuel_risk": 86}}, {"type": "Feature", "geometry": {"type": "Polygon", "coordinates": [[[117.24865494978111, -34.82889776552005], [117.24865494978111, -34.80389776552005], [117.2236549497811, -34.80389776552005], [117.2236549497811, -34.82889776552005], [117.24865494978111, -34.82889776552005]]]}, "properties": {"layer": "Fuel type", "fuel_code": 120, "fuel_class": "Closed forest", "fuel_risk": 96}}, {"type": "Feature", "geometry": {"type": "Polygon", "coordinates": [[[117.27365494978112, -34.82889776552005], [117.27365494978112, -34.80389776552005], [117.24865494978111, -34.80389776552005], [117.24865494978111, -34.82889776552005], [117.27365494978112, -34.82889776552005]]]}, "properties": {"layer": "Fuel type", "fuel_code": 220, "fuel_class": "Open forest", "fuel_risk": 86}}, {"type": "Feature", "geometry": {"type": "Polygon", "coordinates": [[[117.29865494978112, -34.82889776552005], [117.29865494978112, -34.80389776552005], [117.27365494978112, -34.80389776552005], [117.27365494978112, -34.82889776552005], [117.29865494978112, -34.82889776552005]]]}, "properties": {"layer": "Fuel type", "fuel_code": 120, "fuel_class": "Closed forest", "fuel_risk": 96}}, {"type": "Feature", "geometry": {"type": "Polygon", "coordinates": [[[117.32365494978113, -34.82889776552005], [117.32365494978113, -34.80389776552005], [117.29865494978112, -34.80389776552005], [117.29865494978112, -34.82889776552005], [117.32365494978113, -34.82889776552005]]]}, "properties": {"layer": "Fuel type", "fuel_code": 220, "fuel_class": "Open forest", "fuel_risk": 86}}, {"type": "Feature", "geometry": {"type": "Polygon", "coordinates": [[[117.34865494978114, -34.82889776552005], [117.34865494978114, -34.80389776552005], [117.32365494978113, -34.80389776552005], [117.32365494978113, -34.82889776552005], [117.34865494978114, -34.82889776552005]]]}, "properties": {"layer": "Fuel type", "fuel_code": 120, "fuel_class": "Closed forest", "fuel_risk": 96}}, {"type": "Feature", "geometry": {"type": "Polygon", "coordinates": [[[117.37365494978114, -34.82889776552005], [117.37365494978114, -34.80389776552005], [117.34865494978114, -34.80389776552005], [117.34865494978114, -34.82889776552005], [117.37365494978114, -34.82889776552005]]]}, "properties": {"layer": "Fuel type", "fuel_code": 220, "fuel_class": "Open forest", "fuel_risk": 86}}, {"type": "Feature", "geometry": {"type": "Polygon", "coordinates": [[[117.39865494978115, -34.82889776552005], [117.39865494978115, -34.80389776552005], [117.37365494978114, -34.80389776552005], [117.37365494978114, -34.82889776552005], [117.39865494978115, -34.82889776552005]]]}, "properties": {"layer": "Fuel type", "fuel_code": 120, "fuel_class": "Closed forest", "fuel_risk": 96}}, {"type": "Feature", "geometry": {"type": "Polygon", "coordinates": [[[117.42365494978115, -34.82889776552005], [117.42365494978115, -34.80389776552005], [117.39865494978115, -34.80389776552005], [117.39865494978115, -34.82889776552005], [117.42365494978115, -34.82889776552005]]]}, "properties": {"layer": "Fuel type", "fuel_code": 120, "fuel_class": "Closed forest", "fuel_risk": 96}}, {"type": "Feature", "geometry": {"type": "Polygon", "coordinates": [[[117.44865494978116, -34.82889776552005], [117.44865494978116, -34.80389776552005], [117.42365494978115, -34.80389776552005], [117.42365494978115, -34.82889776552005], [117.44865494978116, -34.82889776552005]]]}, "properties": {"layer": "Fuel type", "fuel_code": 220, "fuel_class": "Open forest", "fuel_risk": 86}}, {"type": "Feature", "geometry": {"type": "Polygon", "coordinates": [[[117.47365494978116, -34.82889776552005], [117.47365494978116, -34.80389776552005], [117.44865494978116, -34.80389776552005], [117.44865494978116, -34.82889776552005], [117.47365494978116, -34.82889776552005]]]}, "properties": {"layer": "Fuel type", "fuel_code": 220, "fuel_class": "Open forest", "fuel_risk": 86}}, {"type": "Feature", "geometry": {"type": "Polygon", "coordinates": [[[117.49865494978117, -34.82889776552005], [117.49865494978117, -34.80389776552005], [117.47365494978116, -34.80389776552005], [117.47365494978116, -34.82889776552005], [117.49865494978117, -34.82889776552005]]]}, "properties": {"layer": "Fuel type", "fuel_code": 230, "fuel_class": "Low open forest", "fuel_risk": 76}}, {"type": "Feature", "geometry": {"type": "Polygon", "coordinates": [[[117.52365494978118, -34.82889776552005], [117.52365494978118, -34.80389776552005], [117.49865494978117, -34.80389776552005], [117.49865494978117, -34.82889776552005], [117.52365494978118, -34.82889776552005]]]}, "properties": {"layer": "Fuel type", "fuel_code": 230, "fuel_class": "Low open forest", "fuel_risk": 76}}, {"type": "Feature", "geometry": {"type": "Polygon", "coordinates": [[[117.54865494978118, -34.82889776552005], [117.54865494978118, -34.80389776552005], [117.52365494978118, -34.80389776552005], [117.52365494978118, -34.82889776552005], [117.54865494978118, -34.82889776552005]]]}, "properties": {"layer": "Fuel type", "fuel_code": 230, "fuel_class": "Low open forest", "fuel_risk": 76}}, {"type": "Feature", "geometry": {"type": "Polygon", "coordinates": [[[117.57365494978119, -34.82889776552005], [117.57365494978119, -34.80389776552005], [117.54865494978118, -34.80389776552005], [117.54865494978118, -34.82889776552005], [117.57365494978119, -34.82889776552005]]]}, "properties": {"layer": "Fuel type", "fuel_code": 631, "fuel_class": "Grassland", "fuel_risk": 62}}, {"type": "Feature", "geometry": {"type": "Polygon", "coordinates": [[[117.59865494978119, -34.82889776552005], [117.59865494978119, -34.80389776552005], [117.57365494978119, -34.80389776552005], [117.57365494978119, -34.82889776552005], [117.59865494978119, -34.82889776552005]]]}, "properties": {"layer": "Fuel type", "fuel_code": 631, "fuel_class": "Grassland", "fuel_risk": 62}}, {"type": "Feature", "geometry": {"type": "Polygon", "coordinates": [[[117.6236549497812, -34.82889776552005], [117.6236549497812, -34.80389776552005], [117.59865494978119, -34.80389776552005], [117.59865494978119, -34.82889776552005], [117.6236549497812, -34.82889776552005]]]}, "properties": {"layer": "Fuel type", "fuel_code": 220, "fuel_class": "Open forest", "fuel_risk": 86}}, {"type": "Feature", "geometry": {"type": "Polygon", "coordinates": [[[117.6486549497812, -34.82889776552005], [117.6486549497812, -34.80389776552005], [117.6236549497812, -34.80389776552005], [117.6236549497812, -34.82889776552005], [117.6486549497812, -34.82889776552005]]]}, "properties": {"layer": "Fuel type", "fuel_code": 631, "fuel_class": "Grassland", "fuel_risk": 62}}, {"type": "Feature", "geometry": {"type": "Polygon", "coordinates": [[[117.67365494978121, -34.82889776552005], [117.67365494978121, -34.80389776552005], [117.6486549497812, -34.80389776552005], [117.6486549497812, -34.82889776552005], [117.67365494978121, -34.82889776552005]]]}, "properties": {"layer": "Fuel type", "fuel_code": 220, "fuel_class": "Open forest", "fuel_risk": 86}}, {"type": "Feature", "geometry": {"type": "Polygon", "coordinates": [[[117.69865494978121, -34.82889776552005], [117.69865494978121, -34.80389776552005], [117.67365494978121, -34.80389776552005], [117.67365494978121, -34.82889776552005], [117.69865494978121, -34.82889776552005]]]}, "properties": {"layer": "Fuel type", "fuel_code": 631, "fuel_class": "Grassland", "fuel_risk": 62}}, {"type": "Feature", "geometry": {"type": "Polygon", "coordinates": [[[117.72365494978122, -34.82889776552005], [117.72365494978122, -34.80389776552005], [117.69865494978121, -34.80389776552005], [117.69865494978121, -34.82889776552005], [117.72365494978122, -34.82889776552005]]]}, "properties": {"layer": "Fuel type", "fuel_code": 310, "fuel_class": "Broadleaf plantation", "fuel_risk": 82}}, {"type": "Feature", "geometry": {"type": "Polygon", "coordinates": [[[117.74865494978123, -34.82889776552005], [117.74865494978123, -34.80389776552005], [117.72365494978122, -34.80389776552005], [117.72365494978122, -34.82889776552005], [117.74865494978123, -34.82889776552005]]]}, "properties": {"layer": "Fuel type", "fuel_code": 631, "fuel_class": "Grassland", "fuel_risk": 62}}, {"type": "Feature", "geometry": {"type": "Polygon", "coordinates": [[[117.77365494978123, -34.82889776552005], [117.77365494978123, -34.80389776552005], [117.74865494978123, -34.80389776552005], [117.74865494978123, -34.82889776552005], [117.77365494978123, -34.82889776552005]]]}, "properties": {"layer": "Fuel type", "fuel_code": 310, "fuel_class": "Broadleaf plantation", "fuel_risk": 82}}, {"type": "Feature", "geometry": {"type": "Polygon", "coordinates": [[[117.79865494978124, -34.82889776552005], [117.79865494978124, -34.80389776552005], [117.77365494978123, -34.80389776552005], [117.77365494978123, -34.82889776552005], [117.79865494978124, -34.82889776552005]]]}, "properties": {"layer": "Fuel type", "fuel_code": 631, "fuel_class": "Grassland", "fuel_risk": 62}}, {"type": "Feature", "geometry": {"type": "Polygon", "coordinates": [[[117.82365494978124, -34.82889776552005], [117.82365494978124, -34.80389776552005], [117.79865494978124, -34.80389776552005], [117.79865494978124, -34.82889776552005], [117.82365494978124, -34.82889776552005]]]}, "properties": {"layer": "Fuel type", "fuel_code": 310, "fuel_class": "Broadleaf plantation", "fuel_risk": 82}}, {"type": "Feature", "geometry": {"type": "Polygon", "coordinates": [[[117.84865494978125, -34.82889776552005], [117.84865494978125, -34.80389776552005], [117.82365494978124, -34.80389776552005], [117.82365494978124, -34.82889776552005], [117.84865494978125, -34.82889776552005]]]}, "properties": {"layer": "Fuel type", "fuel_code": 631, "fuel_class": "Grassland", "fuel_risk": 62}}, {"type": "Feature", "geometry": {"type": "Polygon", "coordinates": [[[117.87365494978125, -34.82889776552005], [117.87365494978125, -34.80389776552005], [117.84865494978125, -34.80389776552005], [117.84865494978125, -34.82889776552005], [117.87365494978125, -34.82889776552005]]]}, "properties": {"layer": "Fuel type", "fuel_code": 423, "fuel_class": "Woodland with grassy understory", "fuel_risk": 72}}, {"type": "Feature", "geometry": {"type": "Polygon", "coordinates": [[[117.89865494978126, -34.82889776552005], [117.89865494978126, -34.80389776552005], [117.87365494978125, -34.80389776552005], [117.87365494978125, -34.82889776552005], [117.89865494978126, -34.82889776552005]]]}, "properties": {"layer": "Fuel type", "fuel_code": 631, "fuel_class": "Grassland", "fuel_risk": 62}}, {"type": "Feature", "geometry": {"type": "Polygon", "coordinates": [[[117.92365494978127, -34.82889776552005], [117.92365494978127, -34.80389776552005], [117.89865494978126, -34.80389776552005], [117.89865494978126, -34.82889776552005], [117.92365494978127, -34.82889776552005]]]}, "properties": {"layer": "Fuel type", "fuel_code": 220, "fuel_class": "Open forest", "fuel_risk": 86}}, {"type": "Feature", "geometry": {"type": "Polygon", "coordinates": [[[117.94865494978127, -34.82889776552005], [117.94865494978127, -34.80389776552005], [117.92365494978127, -34.80389776552005], [117.92365494978127, -34.82889776552005], [117.94865494978127, -34.82889776552005]]]}, "properties": {"layer": "Fuel type", "fuel_code": 220, "fuel_class": "Open forest", "fuel_risk": 86}}, {"type": "Feature", "geometry": {"type": "Polygon", "coordinates": [[[117.97365494978128, -34.82889776552005], [117.97365494978128, -34.80389776552005], [117.94865494978127, -34.80389776552005], [117.94865494978127, -34.82889776552005], [117.97365494978128, -34.82889776552005]]]}, "properties": {"layer": "Fuel type", "fuel_code": 631, "fuel_class": "Grassland", "fuel_risk": 62}}, {"type": "Feature", "geometry": {"type": "Polygon", "coordinates": [[[117.99865494978128, -34.82889776552005], [117.99865494978128, -34.80389776552005], [117.97365494978128, -34.80389776552005], [117.97365494978128, -34.82889776552005], [117.99865494978128, -34.82889776552005]]]}, "properties": {"layer": "Fuel type", "fuel_code": 220, "fuel_class": "Open forest", "fuel_risk": 86}}, {"type": "Feature", "geometry": {"type": "Polygon", "coordinates": [[[118.01203559541987, -34.82889776552005], [118.01203559541987, -34.80389776552005], [117.99865494978128, -34.80389776552005], [117.99865494978128, -34.82889776552005], [118.01203559541987, -34.82889776552005]]]}, "properties": {"layer": "Fuel type", "fuel_code": 230, "fuel_class": "Low open forest", "fuel_risk": 76}}, {"type": "Feature", "geometry": {"type": "Polygon", "coordinates": [[[116.92365494978104, -34.80389776552005], [116.92365494978104, -34.77889776552005], [116.89865494978103, -34.77889776552005], [116.89865494978103, -34.80389776552005], [116.92365494978104, -34.80389776552005]]]}, "properties": {"layer": "Fuel type", "fuel_code": 220, "fuel_class": "Open forest", "fuel_risk": 86}}, {"type": "Feature", "geometry": {"type": "Polygon", "coordinates": [[[116.94865494978104, -34.80389776552005], [116.94865494978104, -34.77889776552005], [116.92365494978104, -34.77889776552005], [116.92365494978104, -34.80389776552005], [116.94865494978104, -34.80389776552005]]]}, "properties": {"layer": "Fuel type", "fuel_code": 230, "fuel_class": "Low open forest", "fuel_risk": 76}}, {"type": "Feature", "geometry": {"type": "Polygon", "coordinates": [[[116.97365494978105, -34.80389776552005], [116.97365494978105, -34.77889776552005], [116.94865494978104, -34.77889776552005], [116.94865494978104, -34.80389776552005], [116.97365494978105, -34.80389776552005]]]}, "properties": {"layer": "Fuel type", "fuel_code": 230, "fuel_class": "Low open forest", "fuel_risk": 76}}, {"type": "Feature", "geometry": {"type": "Polygon", "coordinates": [[[116.99865494978106, -34.80389776552005], [116.99865494978106, -34.77889776552005], [116.97365494978105, -34.77889776552005], [116.97365494978105, -34.80389776552005], [116.99865494978106, -34.80389776552005]]]}, "properties": {"layer": "Fuel type", "fuel_code": 510, "fuel_class": "Tall shrubland", "fuel_risk": 88}}, {"type": "Feature", "geometry": {"type": "Polygon", "coordinates": [[[117.02365494978106, -34.80389776552005], [117.02365494978106, -34.77889776552005], [116.99865494978106, -34.77889776552005], [116.99865494978106, -34.80389776552005], [117.02365494978106, -34.80389776552005]]]}, "properties": {"layer": "Fuel type", "fuel_code": 220, "fuel_class": "Open forest", "fuel_risk": 86}}, {"type": "Feature", "geometry": {"type": "Polygon", "coordinates": [[[117.04865494978107, -34.80389776552005], [117.04865494978107, -34.77889776552005], [117.02365494978106, -34.77889776552005], [117.02365494978106, -34.80389776552005], [117.04865494978107, -34.80389776552005]]]}, "properties": {"layer": "Fuel type", "fuel_code": 230, "fuel_class": "Low open forest", "fuel_risk": 76}}, {"type": "Feature", "geometry": {"type": "Polygon", "coordinates": [[[117.07365494978107, -34.80389776552005], [117.07365494978107, -34.77889776552005], [117.04865494978107, -34.77889776552005], [117.04865494978107, -34.80389776552005], [117.07365494978107, -34.80389776552005]]]}, "properties": {"layer": "Fuel type", "fuel_code": 120, "fuel_class": "Closed forest", "fuel_risk": 96}}, {"type": "Feature", "geometry": {"type": "Polygon", "coordinates": [[[117.09865494978108, -34.80389776552005], [117.09865494978108, -34.77889776552005], [117.07365494978107, -34.77889776552005], [117.07365494978107, -34.80389776552005], [117.09865494978108, -34.80389776552005]]]}, "properties": {"layer": "Fuel type", "fuel_code": 220, "fuel_class": "Open forest", "fuel_risk": 86}}, {"type": "Feature", "geometry": {"type": "Polygon", "coordinates": [[[117.12365494978108, -34.80389776552005], [117.12365494978108, -34.77889776552005], [117.09865494978108, -34.77889776552005], [117.09865494978108, -34.80389776552005], [117.12365494978108, -34.80389776552005]]]}, "properties": {"layer": "Fuel type", "fuel_code": 230, "fuel_class": "Low open forest", "fuel_risk": 76}}, {"type": "Feature", "geometry": {"type": "Polygon", "coordinates": [[[117.14865494978109, -34.80389776552005], [117.14865494978109, -34.77889776552005], [117.12365494978108, -34.77889776552005], [117.12365494978108, -34.80389776552005], [117.14865494978109, -34.80389776552005]]]}, "properties": {"layer": "Fuel type", "fuel_code": 220, "fuel_class": "Open forest", "fuel_risk": 86}}, {"type": "Feature", "geometry": {"type": "Polygon", "coordinates": [[[117.1736549497811, -34.80389776552005], [117.1736549497811, -34.77889776552005], [117.14865494978109, -34.77889776552005], [117.14865494978109, -34.80389776552005], [117.1736549497811, -34.80389776552005]]]}, "properties": {"layer": "Fuel type", "fuel_code": 230, "fuel_class": "Low open forest", "fuel_risk": 76}}, {"type": "Feature", "geometry": {"type": "Polygon", "coordinates": [[[117.1986549497811, -34.80389776552005], [117.1986549497811, -34.77889776552005], [117.1736549497811, -34.77889776552005], [117.1736549497811, -34.80389776552005], [117.1986549497811, -34.80389776552005]]]}, "properties": {"layer": "Fuel type", "fuel_code": 220, "fuel_class": "Open forest", "fuel_risk": 86}}, {"type": "Feature", "geometry": {"type": "Polygon", "coordinates": [[[117.2236549497811, -34.80389776552005], [117.2236549497811, -34.77889776552005], [117.1986549497811, -34.77889776552005], [117.1986549497811, -34.80389776552005], [117.2236549497811, -34.80389776552005]]]}, "properties": {"layer": "Fuel type", "fuel_code": 220, "fuel_class": "Open forest", "fuel_risk": 86}}, {"type": "Feature", "geometry": {"type": "Polygon", "coordinates": [[[117.24865494978111, -34.80389776552005], [117.24865494978111, -34.77889776552005], [117.2236549497811, -34.77889776552005], [117.2236549497811, -34.80389776552005], [117.24865494978111, -34.80389776552005]]]}, "properties": {"layer": "Fuel type", "fuel_code": 220, "fuel_class": "Open forest", "fuel_risk": 86}}, {"type": "Feature", "geometry": {"type": "Polygon", "coordinates": [[[117.27365494978112, -34.80389776552005], [117.27365494978112, -34.77889776552005], [117.24865494978111, -34.77889776552005], [117.24865494978111, -34.80389776552005], [117.27365494978112, -34.80389776552005]]]}, "properties": {"layer": "Fuel type", "fuel_code": 230, "fuel_class": "Low open forest", "fuel_risk": 76}}, {"type": "Feature", "geometry": {"type": "Polygon", "coordinates": [[[117.29865494978112, -34.80389776552005], [117.29865494978112, -34.77889776552005], [117.27365494978112, -34.77889776552005], [117.27365494978112, -34.80389776552005], [117.29865494978112, -34.80389776552005]]]}, "properties": {"layer": "Fuel type", "fuel_code": 220, "fuel_class": "Open forest", "fuel_risk": 86}}, {"type": "Feature", "geometry": {"type": "Polygon", "coordinates": [[[117.32365494978113, -34.80389776552005], [117.32365494978113, -34.77889776552005], [117.29865494978112, -34.77889776552005], [117.29865494978112, -34.80389776552005], [117.32365494978113, -34.80389776552005]]]}, "properties": {"layer": "Fuel type", "fuel_code": 230, "fuel_class": "Low open forest", "fuel_risk": 76}}, {"type": "Feature", "geometry": {"type": "Polygon", "coordinates": [[[117.34865494978114, -34.80389776552005], [117.34865494978114, -34.77889776552005], [117.32365494978113, -34.77889776552005], [117.32365494978113, -34.80389776552005], [117.34865494978114, -34.80389776552005]]]}, "properties": {"layer": "Fuel type", "fuel_code": 230, "fuel_class": "Low open forest", "fuel_risk": 76}}, {"type": "Feature", "geometry": {"type": "Polygon", "coordinates": [[[117.37365494978114, -34.80389776552005], [117.37365494978114, -34.77889776552005], [117.34865494978114, -34.77889776552005], [117.34865494978114, -34.80389776552005], [117.37365494978114, -34.80389776552005]]]}, "properties": {"layer": "Fuel type", "fuel_code": 120, "fuel_class": "Closed forest", "fuel_risk": 96}}, {"type": "Feature", "geometry": {"type": "Polygon", "coordinates": [[[117.39865494978115, -34.80389776552005], [117.39865494978115, -34.77889776552005], [117.37365494978114, -34.77889776552005], [117.37365494978114, -34.80389776552005], [117.39865494978115, -34.80389776552005]]]}, "properties": {"layer": "Fuel type", "fuel_code": 610, "fuel_class": "Sedgeland", "fuel_risk": 58}}, {"type": "Feature", "geometry": {"type": "Polygon", "coordinates": [[[117.42365494978115, -34.80389776552005], [117.42365494978115, -34.77889776552005], [117.39865494978115, -34.77889776552005], [117.39865494978115, -34.80389776552005], [117.42365494978115, -34.80389776552005]]]}, "properties": {"layer": "Fuel type", "fuel_code": 230, "fuel_class": "Low open forest", "fuel_risk": 76}}, {"type": "Feature", "geometry": {"type": "Polygon", "coordinates": [[[117.44865494978116, -34.80389776552005], [117.44865494978116, -34.77889776552005], [117.42365494978115, -34.77889776552005], [117.42365494978115, -34.80389776552005], [117.44865494978116, -34.80389776552005]]]}, "properties": {"layer": "Fuel type", "fuel_code": 230, "fuel_class": "Low open forest", "fuel_risk": 76}}, {"type": "Feature", "geometry": {"type": "Polygon", "coordinates": [[[117.47365494978116, -34.80389776552005], [117.47365494978116, -34.77889776552005], [117.44865494978116, -34.77889776552005], [117.44865494978116, -34.80389776552005], [117.47365494978116, -34.80389776552005]]]}, "properties": {"layer": "Fuel type", "fuel_code": 220, "fuel_class": "Open forest", "fuel_risk": 86}}, {"type": "Feature", "geometry": {"type": "Polygon", "coordinates": [[[117.49865494978117, -34.80389776552005], [117.49865494978117, -34.77889776552005], [117.47365494978116, -34.77889776552005], [117.47365494978116, -34.80389776552005], [117.49865494978117, -34.80389776552005]]]}, "properties": {"layer": "Fuel type", "fuel_code": 220, "fuel_class": "Open forest", "fuel_risk": 86}}, {"type": "Feature", "geometry": {"type": "Polygon", "coordinates": [[[117.52365494978118, -34.80389776552005], [117.52365494978118, -34.77889776552005], [117.49865494978117, -34.77889776552005], [117.49865494978117, -34.80389776552005], [117.52365494978118, -34.80389776552005]]]}, "properties": {"layer": "Fuel type", "fuel_code": 610, "fuel_class": "Sedgeland", "fuel_risk": 58}}, {"type": "Feature", "geometry": {"type": "Polygon", "coordinates": [[[117.54865494978118, -34.80389776552005], [117.54865494978118, -34.77889776552005], [117.52365494978118, -34.77889776552005], [117.52365494978118, -34.80389776552005], [117.54865494978118, -34.80389776552005]]]}, "properties": {"layer": "Fuel type", "fuel_code": 610, "fuel_class": "Sedgeland", "fuel_risk": 58}}, {"type": "Feature", "geometry": {"type": "Polygon", "coordinates": [[[117.57365494978119, -34.80389776552005], [117.57365494978119, -34.77889776552005], [117.54865494978118, -34.77889776552005], [117.54865494978118, -34.80389776552005], [117.57365494978119, -34.80389776552005]]]}, "properties": {"layer": "Fuel type", "fuel_code": 220, "fuel_class": "Open forest", "fuel_risk": 86}}, {"type": "Feature", "geometry": {"type": "Polygon", "coordinates": [[[117.59865494978119, -34.80389776552005], [117.59865494978119, -34.77889776552005], [117.57365494978119, -34.77889776552005], [117.57365494978119, -34.80389776552005], [117.59865494978119, -34.80389776552005]]]}, "properties": {"layer": "Fuel type", "fuel_code": 610, "fuel_class": "Sedgeland", "fuel_risk": 58}}, {"type": "Feature", "geometry": {"type": "Polygon", "coordinates": [[[117.6236549497812, -34.80389776552005], [117.6236549497812, -34.77889776552005], [117.59865494978119, -34.77889776552005], [117.59865494978119, -34.80389776552005], [117.6236549497812, -34.80389776552005]]]}, "properties": {"layer": "Fuel type", "fuel_code": 631, "fuel_class": "Grassland", "fuel_risk": 62}}, {"type": "Feature", "geometry": {"type": "Polygon", "coordinates": [[[117.6486549497812, -34.80389776552005], [117.6486549497812, -34.77889776552005], [117.6236549497812, -34.77889776552005], [117.6236549497812, -34.80389776552005], [117.6486549497812, -34.80389776552005]]]}, "properties": {"layer": "Fuel type", "fuel_code": 631, "fuel_class": "Grassland", "fuel_risk": 62}}, {"type": "Feature", "geometry": {"type": "Polygon", "coordinates": [[[117.67365494978121, -34.80389776552005], [117.67365494978121, -34.77889776552005], [117.6486549497812, -34.77889776552005], [117.6486549497812, -34.80389776552005], [117.67365494978121, -34.80389776552005]]]}, "properties": {"layer": "Fuel type", "fuel_code": 631, "fuel_class": "Grassland", "fuel_risk": 62}}, {"type": "Feature", "geometry": {"type": "Polygon", "coordinates": [[[117.69865494978121, -34.80389776552005], [117.69865494978121, -34.77889776552005], [117.67365494978121, -34.77889776552005], [117.67365494978121, -34.80389776552005], [117.69865494978121, -34.80389776552005]]]}, "properties": {"layer": "Fuel type", "fuel_code": 220, "fuel_class": "Open forest", "fuel_risk": 86}}, {"type": "Feature", "geometry": {"type": "Polygon", "coordinates": [[[117.72365494978122, -34.80389776552005], [117.72365494978122, -34.77889776552005], [117.69865494978121, -34.77889776552005], [117.69865494978121, -34.80389776552005], [117.72365494978122, -34.80389776552005]]]}, "properties": {"layer": "Fuel type", "fuel_code": 631, "fuel_class": "Grassland", "fuel_risk": 62}}, {"type": "Feature", "geometry": {"type": "Polygon", "coordinates": [[[117.74865494978123, -34.80389776552005], [117.74865494978123, -34.77889776552005], [117.72365494978122, -34.77889776552005], [117.72365494978122, -34.80389776552005], [117.74865494978123, -34.80389776552005]]]}, "properties": {"layer": "Fuel type", "fuel_code": 220, "fuel_class": "Open forest", "fuel_risk": 86}}, {"type": "Feature", "geometry": {"type": "Polygon", "coordinates": [[[117.77365494978123, -34.80389776552005], [117.77365494978123, -34.77889776552005], [117.74865494978123, -34.77889776552005], [117.74865494978123, -34.80389776552005], [117.77365494978123, -34.80389776552005]]]}, "properties": {"layer": "Fuel type", "fuel_code": 631, "fuel_class": "Grassland", "fuel_risk": 62}}, {"type": "Feature", "geometry": {"type": "Polygon", "coordinates": [[[117.79865494978124, -34.80389776552005], [117.79865494978124, -34.77889776552005], [117.77365494978123, -34.77889776552005], [117.77365494978123, -34.80389776552005], [117.79865494978124, -34.80389776552005]]]}, "properties": {"layer": "Fuel type", "fuel_code": 631, "fuel_class": "Grassland", "fuel_risk": 62}}, {"type": "Feature", "geometry": {"type": "Polygon", "coordinates": [[[117.82365494978124, -34.80389776552005], [117.82365494978124, -34.77889776552005], [117.79865494978124, -34.77889776552005], [117.79865494978124, -34.80389776552005], [117.82365494978124, -34.80389776552005]]]}, "properties": {"layer": "Fuel type", "fuel_code": 631, "fuel_class": "Grassland", "fuel_risk": 62}}, {"type": "Feature", "geometry": {"type": "Polygon", "coordinates": [[[117.84865494978125, -34.80389776552005], [117.84865494978125, -34.77889776552005], [117.82365494978124, -34.77889776552005], [117.82365494978124, -34.80389776552005], [117.84865494978125, -34.80389776552005]]]}, "properties": {"layer": "Fuel type", "fuel_code": 310, "fuel_class": "Broadleaf plantation", "fuel_risk": 82}}, {"type": "Feature", "geometry": {"type": "Polygon", "coordinates": [[[117.87365494978125, -34.80389776552005], [117.87365494978125, -34.77889776552005], [117.84865494978125, -34.77889776552005], [117.84865494978125, -34.80389776552005], [117.87365494978125, -34.80389776552005]]]}, "properties": {"layer": "Fuel type", "fuel_code": 220, "fuel_class": "Open forest", "fuel_risk": 86}}, {"type": "Feature", "geometry": {"type": "Polygon", "coordinates": [[[117.89865494978126, -34.80389776552005], [117.89865494978126, -34.77889776552005], [117.87365494978125, -34.77889776552005], [117.87365494978125, -34.80389776552005], [117.89865494978126, -34.80389776552005]]]}, "properties": {"layer": "Fuel type", "fuel_code": 220, "fuel_class": "Open forest", "fuel_risk": 86}}, {"type": "Feature", "geometry": {"type": "Polygon", "coordinates": [[[117.92365494978127, -34.80389776552005], [117.92365494978127, -34.77889776552005], [117.89865494978126, -34.77889776552005], [117.89865494978126, -34.80389776552005], [117.92365494978127, -34.80389776552005]]]}, "properties": {"layer": "Fuel type", "fuel_code": 631, "fuel_class": "Grassland", "fuel_risk": 62}}, {"type": "Feature", "geometry": {"type": "Polygon", "coordinates": [[[117.94865494978127, -34.80389776552005], [117.94865494978127, -34.77889776552005], [117.92365494978127, -34.77889776552005], [117.92365494978127, -34.80389776552005], [117.94865494978127, -34.80389776552005]]]}, "properties": {"layer": "Fuel type", "fuel_code": 631, "fuel_class": "Grassland", "fuel_risk": 62}}, {"type": "Feature", "geometry": {"type": "Polygon", "coordinates": [[[117.97365494978128, -34.80389776552005], [117.97365494978128, -34.77889776552005], [117.94865494978127, -34.77889776552005], [117.94865494978127, -34.80389776552005], [117.97365494978128, -34.80389776552005]]]}, "properties": {"layer": "Fuel type", "fuel_code": 640, "fuel_class": "Croplands", "fuel_risk": 50}}, {"type": "Feature", "geometry": {"type": "Polygon", "coordinates": [[[117.99865494978128, -34.80389776552005], [117.99865494978128, -34.77889776552005], [117.97365494978128, -34.77889776552005], [117.97365494978128, -34.80389776552005], [117.99865494978128, -34.80389776552005]]]}, "properties": {"layer": "Fuel type", "fuel_code": 631, "fuel_class": "Grassland", "fuel_risk": 62}}, {"type": "Feature", "geometry": {"type": "Polygon", "coordinates": [[[118.01203559541987, -34.80389776552005], [118.01203559541987, -34.77889776552005], [117.99865494978128, -34.77889776552005], [117.99865494978128, -34.80389776552005], [118.01203559541987, -34.80389776552005]]]}, "properties": {"layer": "Fuel type", "fuel_code": 631, "fuel_class": "Grassland", "fuel_risk": 62}}, {"type": "Feature", "geometry": {"type": "Polygon", "coordinates": [[[116.92365494978104, -34.77889776552005], [116.92365494978104, -34.75389776552005], [116.89865494978103, -34.75389776552005], [116.89865494978103, -34.77889776552005], [116.92365494978104, -34.77889776552005]]]}, "properties": {"layer": "Fuel type", "fuel_code": 230, "fuel_class": "Low open forest", "fuel_risk": 76}}, {"type": "Feature", "geometry": {"type": "Polygon", "coordinates": [[[116.94865494978104, -34.77889776552005], [116.94865494978104, -34.75389776552005], [116.92365494978104, -34.75389776552005], [116.92365494978104, -34.77889776552005], [116.94865494978104, -34.77889776552005]]]}, "properties": {"layer": "Fuel type", "fuel_code": 220, "fuel_class": "Open forest", "fuel_risk": 86}}, {"type": "Feature", "geometry": {"type": "Polygon", "coordinates": [[[116.97365494978105, -34.77889776552005], [116.97365494978105, -34.75389776552005], [116.94865494978104, -34.75389776552005], [116.94865494978104, -34.77889776552005], [116.97365494978105, -34.77889776552005]]]}, "properties": {"layer": "Fuel type", "fuel_code": 220, "fuel_class": "Open forest", "fuel_risk": 86}}, {"type": "Feature", "geometry": {"type": "Polygon", "coordinates": [[[116.99865494978106, -34.77889776552005], [116.99865494978106, -34.75389776552005], [116.97365494978105, -34.75389776552005], [116.97365494978105, -34.77889776552005], [116.99865494978106, -34.77889776552005]]]}, "properties": {"layer": "Fuel type", "fuel_code": 230, "fuel_class": "Low open forest", "fuel_risk": 76}}, {"type": "Feature", "geometry": {"type": "Polygon", "coordinates": [[[117.02365494978106, -34.77889776552005], [117.02365494978106, -34.75389776552005], [116.99865494978106, -34.75389776552005], [116.99865494978106, -34.77889776552005], [117.02365494978106, -34.77889776552005]]]}, "properties": {"layer": "Fuel type", "fuel_code": 230, "fuel_class": "Low open forest", "fuel_risk": 76}}, {"type": "Feature", "geometry": {"type": "Polygon", "coordinates": [[[117.04865494978107, -34.77889776552005], [117.04865494978107, -34.75389776552005], [117.02365494978106, -34.75389776552005], [117.02365494978106, -34.77889776552005], [117.04865494978107, -34.77889776552005]]]}, "properties": {"layer": "Fuel type", "fuel_code": 230, "fuel_class": "Low open forest", "fuel_risk": 76}}, {"type": "Feature", "geometry": {"type": "Polygon", "coordinates": [[[117.07365494978107, -34.77889776552005], [117.07365494978107, -34.75389776552005], [117.04865494978107, -34.75389776552005], [117.04865494978107, -34.77889776552005], [117.07365494978107, -34.77889776552005]]]}, "properties": {"layer": "Fuel type", "fuel_code": 220, "fuel_class": "Open forest", "fuel_risk": 86}}, {"type": "Feature", "geometry": {"type": "Polygon", "coordinates": [[[117.09865494978108, -34.77889776552005], [117.09865494978108, -34.75389776552005], [117.07365494978107, -34.75389776552005], [117.07365494978107, -34.77889776552005], [117.09865494978108, -34.77889776552005]]]}, "properties": {"layer": "Fuel type", "fuel_code": 220, "fuel_class": "Open forest", "fuel_risk": 86}}, {"type": "Feature", "geometry": {"type": "Polygon", "coordinates": [[[117.12365494978108, -34.77889776552005], [117.12365494978108, -34.75389776552005], [117.09865494978108, -34.75389776552005], [117.09865494978108, -34.77889776552005], [117.12365494978108, -34.77889776552005]]]}, "properties": {"layer": "Fuel type", "fuel_code": 220, "fuel_class": "Open forest", "fuel_risk": 86}}, {"type": "Feature", "geometry": {"type": "Polygon", "coordinates": [[[117.14865494978109, -34.77889776552005], [117.14865494978109, -34.75389776552005], [117.12365494978108, -34.75389776552005], [117.12365494978108, -34.77889776552005], [117.14865494978109, -34.77889776552005]]]}, "properties": {"layer": "Fuel type", "fuel_code": 220, "fuel_class": "Open forest", "fuel_risk": 86}}, {"type": "Feature", "geometry": {"type": "Polygon", "coordinates": [[[117.1736549497811, -34.77889776552005], [117.1736549497811, -34.75389776552005], [117.14865494978109, -34.75389776552005], [117.14865494978109, -34.77889776552005], [117.1736549497811, -34.77889776552005]]]}, "properties": {"layer": "Fuel type", "fuel_code": 220, "fuel_class": "Open forest", "fuel_risk": 86}}, {"type": "Feature", "geometry": {"type": "Polygon", "coordinates": [[[117.1986549497811, -34.77889776552005], [117.1986549497811, -34.75389776552005], [117.1736549497811, -34.75389776552005], [117.1736549497811, -34.77889776552005], [117.1986549497811, -34.77889776552005]]]}, "properties": {"layer": "Fuel type", "fuel_code": 220, "fuel_class": "Open forest", "fuel_risk": 86}}, {"type": "Feature", "geometry": {"type": "Polygon", "coordinates": [[[117.2236549497811, -34.77889776552005], [117.2236549497811, -34.75389776552005], [117.1986549497811, -34.75389776552005], [117.1986549497811, -34.77889776552005], [117.2236549497811, -34.77889776552005]]]}, "properties": {"layer": "Fuel type", "fuel_code": 120, "fuel_class": "Closed forest", "fuel_risk": 96}}, {"type": "Feature", "geometry": {"type": "Polygon", "coordinates": [[[117.24865494978111, -34.77889776552005], [117.24865494978111, -34.75389776552005], [117.2236549497811, -34.75389776552005], [117.2236549497811, -34.77889776552005], [117.24865494978111, -34.77889776552005]]]}, "properties": {"layer": "Fuel type", "fuel_code": 220, "fuel_class": "Open forest", "fuel_risk": 86}}, {"type": "Feature", "geometry": {"type": "Polygon", "coordinates": [[[117.27365494978112, -34.77889776552005], [117.27365494978112, -34.75389776552005], [117.24865494978111, -34.75389776552005], [117.24865494978111, -34.77889776552005], [117.27365494978112, -34.77889776552005]]]}, "properties": {"layer": "Fuel type", "fuel_code": 510, "fuel_class": "Tall shrubland", "fuel_risk": 88}}, {"type": "Feature", "geometry": {"type": "Polygon", "coordinates": [[[117.29865494978112, -34.77889776552005], [117.29865494978112, -34.75389776552005], [117.27365494978112, -34.75389776552005], [117.27365494978112, -34.77889776552005], [117.29865494978112, -34.77889776552005]]]}, "properties": {"layer": "Fuel type", "fuel_code": 220, "fuel_class": "Open forest", "fuel_risk": 86}}, {"type": "Feature", "geometry": {"type": "Polygon", "coordinates": [[[117.32365494978113, -34.77889776552005], [117.32365494978113, -34.75389776552005], [117.29865494978112, -34.75389776552005], [117.29865494978112, -34.77889776552005], [117.32365494978113, -34.77889776552005]]]}, "properties": {"layer": "Fuel type", "fuel_code": 120, "fuel_class": "Closed forest", "fuel_risk": 96}}, {"type": "Feature", "geometry": {"type": "Polygon", "coordinates": [[[117.34865494978114, -34.77889776552005], [117.34865494978114, -34.75389776552005], [117.32365494978113, -34.75389776552005], [117.32365494978113, -34.77889776552005], [117.34865494978114, -34.77889776552005]]]}, "properties": {"layer": "Fuel type", "fuel_code": 220, "fuel_class": "Open forest", "fuel_risk": 86}}, {"type": "Feature", "geometry": {"type": "Polygon", "coordinates": [[[117.37365494978114, -34.77889776552005], [117.37365494978114, -34.75389776552005], [117.34865494978114, -34.75389776552005], [117.34865494978114, -34.77889776552005], [117.37365494978114, -34.77889776552005]]]}, "properties": {"layer": "Fuel type", "fuel_code": 220, "fuel_class": "Open forest", "fuel_risk": 86}}, {"type": "Feature", "geometry": {"type": "Polygon", "coordinates": [[[117.39865494978115, -34.77889776552005], [117.39865494978115, -34.75389776552005], [117.37365494978114, -34.75389776552005], [117.37365494978114, -34.77889776552005], [117.39865494978115, -34.77889776552005]]]}, "properties": {"layer": "Fuel type", "fuel_code": 220, "fuel_class": "Open forest", "fuel_risk": 86}}, {"type": "Feature", "geometry": {"type": "Polygon", "coordinates": [[[117.42365494978115, -34.77889776552005], [117.42365494978115, -34.75389776552005], [117.39865494978115, -34.75389776552005], [117.39865494978115, -34.77889776552005], [117.42365494978115, -34.77889776552005]]]}, "properties": {"layer": "Fuel type", "fuel_code": 520, "fuel_class": "Shrubland", "fuel_risk": 82}}, {"type": "Feature", "geometry": {"type": "Polygon", "coordinates": [[[117.44865494978116, -34.77889776552005], [117.44865494978116, -34.75389776552005], [117.42365494978115, -34.75389776552005], [117.42365494978115, -34.77889776552005], [117.44865494978116, -34.77889776552005]]]}, "properties": {"layer": "Fuel type", "fuel_code": 220, "fuel_class": "Open forest", "fuel_risk": 86}}, {"type": "Feature", "geometry": {"type": "Polygon", "coordinates": [[[117.47365494978116, -34.77889776552005], [117.47365494978116, -34.75389776552005], [117.44865494978116, -34.75389776552005], [117.44865494978116, -34.77889776552005], [117.47365494978116, -34.77889776552005]]]}, "properties": {"layer": "Fuel type", "fuel_code": 220, "fuel_class": "Open forest", "fuel_risk": 86}}, {"type": "Feature", "geometry": {"type": "Polygon", "coordinates": [[[117.49865494978117, -34.77889776552005], [117.49865494978117, -34.75389776552005], [117.47365494978116, -34.75389776552005], [117.47365494978116, -34.77889776552005], [117.49865494978117, -34.77889776552005]]]}, "properties": {"layer": "Fuel type", "fuel_code": 220, "fuel_class": "Open forest", "fuel_risk": 86}}, {"type": "Feature", "geometry": {"type": "Polygon", "coordinates": [[[117.52365494978118, -34.77889776552005], [117.52365494978118, -34.75389776552005], [117.49865494978117, -34.75389776552005], [117.49865494978117, -34.77889776552005], [117.52365494978118, -34.77889776552005]]]}, "properties": {"layer": "Fuel type", "fuel_code": 610, "fuel_class": "Sedgeland", "fuel_risk": 58}}, {"type": "Feature", "geometry": {"type": "Polygon", "coordinates": [[[117.54865494978118, -34.77889776552005], [117.54865494978118, -34.75389776552005], [117.52365494978118, -34.75389776552005], [117.52365494978118, -34.77889776552005], [117.54865494978118, -34.77889776552005]]]}, "properties": {"layer": "Fuel type", "fuel_code": 220, "fuel_class": "Open forest", "fuel_risk": 86}}, {"type": "Feature", "geometry": {"type": "Polygon", "coordinates": [[[117.57365494978119, -34.77889776552005], [117.57365494978119, -34.75389776552005], [117.54865494978118, -34.75389776552005], [117.54865494978118, -34.77889776552005], [117.57365494978119, -34.77889776552005]]]}, "properties": {"layer": "Fuel type", "fuel_code": 230, "fuel_class": "Low open forest", "fuel_risk": 76}}, {"type": "Feature", "geometry": {"type": "Polygon", "coordinates": [[[117.59865494978119, -34.77889776552005], [117.59865494978119, -34.75389776552005], [117.57365494978119, -34.75389776552005], [117.57365494978119, -34.77889776552005], [117.59865494978119, -34.77889776552005]]]}, "properties": {"layer": "Fuel type", "fuel_code": 230, "fuel_class": "Low open forest", "fuel_risk": 76}}, {"type": "Feature", "geometry": {"type": "Polygon", "coordinates": [[[117.6236549497812, -34.77889776552005], [117.6236549497812, -34.75389776552005], [117.59865494978119, -34.75389776552005], [117.59865494978119, -34.77889776552005], [117.6236549497812, -34.77889776552005]]]}, "properties": {"layer": "Fuel type", "fuel_code": 433, "fuel_class": "Low woodland with grassy understory", "fuel_risk": 66}}, {"type": "Feature", "geometry": {"type": "Polygon", "coordinates": [[[117.6486549497812, -34.77889776552005], [117.6486549497812, -34.75389776552005], [117.6236549497812, -34.75389776552005], [117.6236549497812, -34.77889776552005], [117.6486549497812, -34.77889776552005]]]}, "properties": {"layer": "Fuel type", "fuel_code": 631, "fuel_class": "Grassland", "fuel_risk": 62}}, {"type": "Feature", "geometry": {"type": "Polygon", "coordinates": [[[117.67365494978121, -34.77889776552005], [117.67365494978121, -34.75389776552005], [117.6486549497812, -34.75389776552005], [117.6486549497812, -34.77889776552005], [117.67365494978121, -34.77889776552005]]]}, "properties": {"layer": "Fuel type", "fuel_code": 421, "fuel_class": "Woodland with shrubby understory", "fuel_risk": 84}}, {"type": "Feature", "geometry": {"type": "Polygon", "coordinates": [[[117.69865494978121, -34.77889776552005], [117.69865494978121, -34.75389776552005], [117.67365494978121, -34.75389776552005], [117.67365494978121, -34.77889776552005], [117.69865494978121, -34.77889776552005]]]}, "properties": {"layer": "Fuel type", "fuel_code": 230, "fuel_class": "Low open forest", "fuel_risk": 76}}, {"type": "Feature", "geometry": {"type": "Polygon", "coordinates": [[[117.72365494978122, -34.77889776552005], [117.72365494978122, -34.75389776552005], [117.69865494978121, -34.75389776552005], [117.69865494978121, -34.77889776552005], [117.72365494978122, -34.77889776552005]]]}, "properties": {"layer": "Fuel type", "fuel_code": 510, "fuel_class": "Tall shrubland", "fuel_risk": 88}}, {"type": "Feature", "geometry": {"type": "Polygon", "coordinates": [[[117.74865494978123, -34.77889776552005], [117.74865494978123, -34.75389776552005], [117.72365494978122, -34.75389776552005], [117.72365494978122, -34.77889776552005], [117.74865494978123, -34.77889776552005]]]}, "properties": {"layer": "Fuel type", "fuel_code": 310, "fuel_class": "Broadleaf plantation", "fuel_risk": 82}}, {"type": "Feature", "geometry": {"type": "Polygon", "coordinates": [[[117.77365494978123, -34.77889776552005], [117.77365494978123, -34.75389776552005], [117.74865494978123, -34.75389776552005], [117.74865494978123, -34.77889776552005], [117.77365494978123, -34.77889776552005]]]}, "properties": {"layer": "Fuel type", "fuel_code": 510, "fuel_class": "Tall shrubland", "fuel_risk": 88}}, {"type": "Feature", "geometry": {"type": "Polygon", "coordinates": [[[117.79865494978124, -34.77889776552005], [117.79865494978124, -34.75389776552005], [117.77365494978123, -34.75389776552005], [117.77365494978123, -34.77889776552005], [117.79865494978124, -34.77889776552005]]]}, "properties": {"layer": "Fuel type", "fuel_code": 310, "fuel_class": "Broadleaf plantation", "fuel_risk": 82}}, {"type": "Feature", "geometry": {"type": "Polygon", "coordinates": [[[117.82365494978124, -34.77889776552005], [117.82365494978124, -34.75389776552005], [117.79865494978124, -34.75389776552005], [117.79865494978124, -34.77889776552005], [117.82365494978124, -34.77889776552005]]]}, "properties": {"layer": "Fuel type", "fuel_code": 960, "fuel_class": "Bare ground", "fuel_risk": 12}}, {"type": "Feature", "geometry": {"type": "Polygon", "coordinates": [[[117.84865494978125, -34.77889776552005], [117.84865494978125, -34.75389776552005], [117.82365494978124, -34.75389776552005], [117.82365494978124, -34.77889776552005], [117.84865494978125, -34.77889776552005]]]}, "properties": {"layer": "Fuel type", "fuel_code": 631, "fuel_class": "Grassland", "fuel_risk": 62}}, {"type": "Feature", "geometry": {"type": "Polygon", "coordinates": [[[117.87365494978125, -34.77889776552005], [117.87365494978125, -34.75389776552005], [117.84865494978125, -34.75389776552005], [117.84865494978125, -34.77889776552005], [117.87365494978125, -34.77889776552005]]]}, "properties": {"layer": "Fuel type", "fuel_code": 433, "fuel_class": "Low woodland with grassy understory", "fuel_risk": 66}}, {"type": "Feature", "geometry": {"type": "Polygon", "coordinates": [[[117.89865494978126, -34.77889776552005], [117.89865494978126, -34.75389776552005], [117.87365494978125, -34.75389776552005], [117.87365494978125, -34.77889776552005], [117.89865494978126, -34.77889776552005]]]}, "properties": {"layer": "Fuel type", "fuel_code": 631, "fuel_class": "Grassland", "fuel_risk": 62}}, {"type": "Feature", "geometry": {"type": "Polygon", "coordinates": [[[117.92365494978127, -34.77889776552005], [117.92365494978127, -34.75389776552005], [117.89865494978126, -34.75389776552005], [117.89865494978126, -34.77889776552005], [117.92365494978127, -34.77889776552005]]]}, "properties": {"layer": "Fuel type", "fuel_code": 631, "fuel_class": "Grassland", "fuel_risk": 62}}, {"type": "Feature", "geometry": {"type": "Polygon", "coordinates": [[[117.94865494978127, -34.77889776552005], [117.94865494978127, -34.75389776552005], [117.92365494978127, -34.75389776552005], [117.92365494978127, -34.77889776552005], [117.94865494978127, -34.77889776552005]]]}, "properties": {"layer": "Fuel type", "fuel_code": 631, "fuel_class": "Grassland", "fuel_risk": 62}}, {"type": "Feature", "geometry": {"type": "Polygon", "coordinates": [[[117.97365494978128, -34.77889776552005], [117.97365494978128, -34.75389776552005], [117.94865494978127, -34.75389776552005], [117.94865494978127, -34.77889776552005], [117.97365494978128, -34.77889776552005]]]}, "properties": {"layer": "Fuel type", "fuel_code": 631, "fuel_class": "Grassland", "fuel_risk": 62}}, {"type": "Feature", "geometry": {"type": "Polygon", "coordinates": [[[117.99865494978128, -34.77889776552005], [117.99865494978128, -34.75389776552005], [117.97365494978128, -34.75389776552005], [117.97365494978128, -34.77889776552005], [117.99865494978128, -34.77889776552005]]]}, "properties": {"layer": "Fuel type", "fuel_code": 321, "fuel_class": "Radiata pine", "fuel_risk": 96}}, {"type": "Feature", "geometry": {"type": "Polygon", "coordinates": [[[118.01203559541987, -34.77889776552005], [118.01203559541987, -34.75389776552005], [117.99865494978128, -34.75389776552005], [117.99865494978128, -34.77889776552005], [118.01203559541987, -34.77889776552005]]]}, "properties": {"layer": "Fuel type", "fuel_code": 310, "fuel_class": "Broadleaf plantation", "fuel_risk": 82}}, {"type": "Feature", "geometry": {"type": "Polygon", "coordinates": [[[116.92365494978104, -34.75389776552005], [116.92365494978104, -34.72889776552005], [116.89865494978103, -34.72889776552005], [116.89865494978103, -34.75389776552005], [116.92365494978104, -34.75389776552005]]]}, "properties": {"layer": "Fuel type", "fuel_code": 220, "fuel_class": "Open forest", "fuel_risk": 86}}, {"type": "Feature", "geometry": {"type": "Polygon", "coordinates": [[[116.94865494978104, -34.75389776552005], [116.94865494978104, -34.72889776552005], [116.92365494978104, -34.72889776552005], [116.92365494978104, -34.75389776552005], [116.94865494978104, -34.75389776552005]]]}, "properties": {"layer": "Fuel type", "fuel_code": 230, "fuel_class": "Low open forest", "fuel_risk": 76}}, {"type": "Feature", "geometry": {"type": "Polygon", "coordinates": [[[116.97365494978105, -34.75389776552005], [116.97365494978105, -34.72889776552005], [116.94865494978104, -34.72889776552005], [116.94865494978104, -34.75389776552005], [116.97365494978105, -34.75389776552005]]]}, "properties": {"layer": "Fuel type", "fuel_code": 220, "fuel_class": "Open forest", "fuel_risk": 86}}, {"type": "Feature", "geometry": {"type": "Polygon", "coordinates": [[[116.99865494978106, -34.75389776552005], [116.99865494978106, -34.72889776552005], [116.97365494978105, -34.72889776552005], [116.97365494978105, -34.75389776552005], [116.99865494978106, -34.75389776552005]]]}, "properties": {"layer": "Fuel type", "fuel_code": 220, "fuel_class": "Open forest", "fuel_risk": 86}}, {"type": "Feature", "geometry": {"type": "Polygon", "coordinates": [[[117.02365494978106, -34.75389776552005], [117.02365494978106, -34.72889776552005], [116.99865494978106, -34.72889776552005], [116.99865494978106, -34.75389776552005], [117.02365494978106, -34.75389776552005]]]}, "properties": {"layer": "Fuel type", "fuel_code": 220, "fuel_class": "Open forest", "fuel_risk": 86}}, {"type": "Feature", "geometry": {"type": "Polygon", "coordinates": [[[117.04865494978107, -34.75389776552005], [117.04865494978107, -34.72889776552005], [117.02365494978106, -34.72889776552005], [117.02365494978106, -34.75389776552005], [117.04865494978107, -34.75389776552005]]]}, "properties": {"layer": "Fuel type", "fuel_code": 230, "fuel_class": "Low open forest", "fuel_risk": 76}}, {"type": "Feature", "geometry": {"type": "Polygon", "coordinates": [[[117.07365494978107, -34.75389776552005], [117.07365494978107, -34.72889776552005], [117.04865494978107, -34.72889776552005], [117.04865494978107, -34.75389776552005], [117.07365494978107, -34.75389776552005]]]}, "properties": {"layer": "Fuel type", "fuel_code": 220, "fuel_class": "Open forest", "fuel_risk": 86}}, {"type": "Feature", "geometry": {"type": "Polygon", "coordinates": [[[117.09865494978108, -34.75389776552005], [117.09865494978108, -34.72889776552005], [117.07365494978107, -34.72889776552005], [117.07365494978107, -34.75389776552005], [117.09865494978108, -34.75389776552005]]]}, "properties": {"layer": "Fuel type", "fuel_code": 220, "fuel_class": "Open forest", "fuel_risk": 86}}, {"type": "Feature", "geometry": {"type": "Polygon", "coordinates": [[[117.12365494978108, -34.75389776552005], [117.12365494978108, -34.72889776552005], [117.09865494978108, -34.72889776552005], [117.09865494978108, -34.75389776552005], [117.12365494978108, -34.75389776552005]]]}, "properties": {"layer": "Fuel type", "fuel_code": 220, "fuel_class": "Open forest", "fuel_risk": 86}}, {"type": "Feature", "geometry": {"type": "Polygon", "coordinates": [[[117.14865494978109, -34.75389776552005], [117.14865494978109, -34.72889776552005], [117.12365494978108, -34.72889776552005], [117.12365494978108, -34.75389776552005], [117.14865494978109, -34.75389776552005]]]}, "properties": {"layer": "Fuel type", "fuel_code": 220, "fuel_class": "Open forest", "fuel_risk": 86}}, {"type": "Feature", "geometry": {"type": "Polygon", "coordinates": [[[117.1736549497811, -34.75389776552005], [117.1736549497811, -34.72889776552005], [117.14865494978109, -34.72889776552005], [117.14865494978109, -34.75389776552005], [117.1736549497811, -34.75389776552005]]]}, "properties": {"layer": "Fuel type", "fuel_code": 220, "fuel_class": "Open forest", "fuel_risk": 86}}, {"type": "Feature", "geometry": {"type": "Polygon", "coordinates": [[[117.1986549497811, -34.75389776552005], [117.1986549497811, -34.72889776552005], [117.1736549497811, -34.72889776552005], [117.1736549497811, -34.75389776552005], [117.1986549497811, -34.75389776552005]]]}, "properties": {"layer": "Fuel type", "fuel_code": 220, "fuel_class": "Open forest", "fuel_risk": 86}}, {"type": "Feature", "geometry": {"type": "Polygon", "coordinates": [[[117.2236549497811, -34.75389776552005], [117.2236549497811, -34.72889776552005], [117.1986549497811, -34.72889776552005], [117.1986549497811, -34.75389776552005], [117.2236549497811, -34.75389776552005]]]}, "properties": {"layer": "Fuel type", "fuel_code": 220, "fuel_class": "Open forest", "fuel_risk": 86}}, {"type": "Feature", "geometry": {"type": "Polygon", "coordinates": [[[117.24865494978111, -34.75389776552005], [117.24865494978111, -34.72889776552005], [117.2236549497811, -34.72889776552005], [117.2236549497811, -34.75389776552005], [117.24865494978111, -34.75389776552005]]]}, "properties": {"layer": "Fuel type", "fuel_code": 220, "fuel_class": "Open forest", "fuel_risk": 86}}, {"type": "Feature", "geometry": {"type": "Polygon", "coordinates": [[[117.27365494978112, -34.75389776552005], [117.27365494978112, -34.72889776552005], [117.24865494978111, -34.72889776552005], [117.24865494978111, -34.75389776552005], [117.27365494978112, -34.75389776552005]]]}, "properties": {"layer": "Fuel type", "fuel_code": 220, "fuel_class": "Open forest", "fuel_risk": 86}}, {"type": "Feature", "geometry": {"type": "Polygon", "coordinates": [[[117.29865494978112, -34.75389776552005], [117.29865494978112, -34.72889776552005], [117.27365494978112, -34.72889776552005], [117.27365494978112, -34.75389776552005], [117.29865494978112, -34.75389776552005]]]}, "properties": {"layer": "Fuel type", "fuel_code": 220, "fuel_class": "Open forest", "fuel_risk": 86}}, {"type": "Feature", "geometry": {"type": "Polygon", "coordinates": [[[117.32365494978113, -34.75389776552005], [117.32365494978113, -34.72889776552005], [117.29865494978112, -34.72889776552005], [117.29865494978112, -34.75389776552005], [117.32365494978113, -34.75389776552005]]]}, "properties": {"layer": "Fuel type", "fuel_code": 220, "fuel_class": "Open forest", "fuel_risk": 86}}, {"type": "Feature", "geometry": {"type": "Polygon", "coordinates": [[[117.34865494978114, -34.75389776552005], [117.34865494978114, -34.72889776552005], [117.32365494978113, -34.72889776552005], [117.32365494978113, -34.75389776552005], [117.34865494978114, -34.75389776552005]]]}, "properties": {"layer": "Fuel type", "fuel_code": 631, "fuel_class": "Grassland", "fuel_risk": 62}}, {"type": "Feature", "geometry": {"type": "Polygon", "coordinates": [[[117.37365494978114, -34.75389776552005], [117.37365494978114, -34.72889776552005], [117.34865494978114, -34.72889776552005], [117.34865494978114, -34.75389776552005], [117.37365494978114, -34.75389776552005]]]}, "properties": {"layer": "Fuel type", "fuel_code": 310, "fuel_class": "Broadleaf plantation", "fuel_risk": 82}}, {"type": "Feature", "geometry": {"type": "Polygon", "coordinates": [[[117.39865494978115, -34.75389776552005], [117.39865494978115, -34.72889776552005], [117.37365494978114, -34.72889776552005], [117.37365494978114, -34.75389776552005], [117.39865494978115, -34.75389776552005]]]}, "properties": {"layer": "Fuel type", "fuel_code": 220, "fuel_class": "Open forest", "fuel_risk": 86}}, {"type": "Feature", "geometry": {"type": "Polygon", "coordinates": [[[117.42365494978115, -34.75389776552005], [117.42365494978115, -34.72889776552005], [117.39865494978115, -34.72889776552005], [117.39865494978115, -34.75389776552005], [117.42365494978115, -34.75389776552005]]]}, "properties": {"layer": "Fuel type", "fuel_code": 310, "fuel_class": "Broadleaf plantation", "fuel_risk": 82}}, {"type": "Feature", "geometry": {"type": "Polygon", "coordinates": [[[117.44865494978116, -34.75389776552005], [117.44865494978116, -34.72889776552005], [117.42365494978115, -34.72889776552005], [117.42365494978115, -34.75389776552005], [117.44865494978116, -34.75389776552005]]]}, "properties": {"layer": "Fuel type", "fuel_code": 310, "fuel_class": "Broadleaf plantation", "fuel_risk": 82}}, {"type": "Feature", "geometry": {"type": "Polygon", "coordinates": [[[117.47365494978116, -34.75389776552005], [117.47365494978116, -34.72889776552005], [117.44865494978116, -34.72889776552005], [117.44865494978116, -34.75389776552005], [117.47365494978116, -34.75389776552005]]]}, "properties": {"layer": "Fuel type", "fuel_code": 631, "fuel_class": "Grassland", "fuel_risk": 62}}, {"type": "Feature", "geometry": {"type": "Polygon", "coordinates": [[[117.49865494978117, -34.75389776552005], [117.49865494978117, -34.72889776552005], [117.47365494978116, -34.72889776552005], [117.47365494978116, -34.75389776552005], [117.49865494978117, -34.75389776552005]]]}, "properties": {"layer": "Fuel type", "fuel_code": 510, "fuel_class": "Tall shrubland", "fuel_risk": 88}}, {"type": "Feature", "geometry": {"type": "Polygon", "coordinates": [[[117.52365494978118, -34.75389776552005], [117.52365494978118, -34.72889776552005], [117.49865494978117, -34.72889776552005], [117.49865494978117, -34.75389776552005], [117.52365494978118, -34.75389776552005]]]}, "properties": {"layer": "Fuel type", "fuel_code": 220, "fuel_class": "Open forest", "fuel_risk": 86}}, {"type": "Feature", "geometry": {"type": "Polygon", "coordinates": [[[117.54865494978118, -34.75389776552005], [117.54865494978118, -34.72889776552005], [117.52365494978118, -34.72889776552005], [117.52365494978118, -34.75389776552005], [117.54865494978118, -34.75389776552005]]]}, "properties": {"layer": "Fuel type", "fuel_code": 220, "fuel_class": "Open forest", "fuel_risk": 86}}, {"type": "Feature", "geometry": {"type": "Polygon", "coordinates": [[[117.57365494978119, -34.75389776552005], [117.57365494978119, -34.72889776552005], [117.54865494978118, -34.72889776552005], [117.54865494978118, -34.75389776552005], [117.57365494978119, -34.75389776552005]]]}, "properties": {"layer": "Fuel type", "fuel_code": 631, "fuel_class": "Grassland", "fuel_risk": 62}}, {"type": "Feature", "geometry": {"type": "Polygon", "coordinates": [[[117.59865494978119, -34.75389776552005], [117.59865494978119, -34.72889776552005], [117.57365494978119, -34.72889776552005], [117.57365494978119, -34.75389776552005], [117.59865494978119, -34.75389776552005]]]}, "properties": {"layer": "Fuel type", "fuel_code": 631, "fuel_class": "Grassland", "fuel_risk": 62}}, {"type": "Feature", "geometry": {"type": "Polygon", "coordinates": [[[117.6236549497812, -34.75389776552005], [117.6236549497812, -34.72889776552005], [117.59865494978119, -34.72889776552005], [117.59865494978119, -34.75389776552005], [117.6236549497812, -34.75389776552005]]]}, "properties": {"layer": "Fuel type", "fuel_code": 631, "fuel_class": "Grassland", "fuel_risk": 62}}, {"type": "Feature", "geometry": {"type": "Polygon", "coordinates": [[[117.6486549497812, -34.75389776552005], [117.6486549497812, -34.72889776552005], [117.6236549497812, -34.72889776552005], [117.6236549497812, -34.75389776552005], [117.6486549497812, -34.75389776552005]]]}, "properties": {"layer": "Fuel type", "fuel_code": 310, "fuel_class": "Broadleaf plantation", "fuel_risk": 82}}, {"type": "Feature", "geometry": {"type": "Polygon", "coordinates": [[[117.67365494978121, -34.75389776552005], [117.67365494978121, -34.72889776552005], [117.6486549497812, -34.72889776552005], [117.6486549497812, -34.75389776552005], [117.67365494978121, -34.75389776552005]]]}, "properties": {"layer": "Fuel type", "fuel_code": 631, "fuel_class": "Grassland", "fuel_risk": 62}}, {"type": "Feature", "geometry": {"type": "Polygon", "coordinates": [[[117.69865494978121, -34.75389776552005], [117.69865494978121, -34.72889776552005], [117.67365494978121, -34.72889776552005], [117.67365494978121, -34.75389776552005], [117.69865494978121, -34.75389776552005]]]}, "properties": {"layer": "Fuel type", "fuel_code": 220, "fuel_class": "Open forest", "fuel_risk": 86}}, {"type": "Feature", "geometry": {"type": "Polygon", "coordinates": [[[117.72365494978122, -34.75389776552005], [117.72365494978122, -34.72889776552005], [117.69865494978121, -34.72889776552005], [117.69865494978121, -34.75389776552005], [117.72365494978122, -34.75389776552005]]]}, "properties": {"layer": "Fuel type", "fuel_code": 532, "fuel_class": "Open shrubland with grassy understory", "fuel_risk": 68}}, {"type": "Feature", "geometry": {"type": "Polygon", "coordinates": [[[117.74865494978123, -34.75389776552005], [117.74865494978123, -34.72889776552005], [117.72365494978122, -34.72889776552005], [117.72365494978122, -34.75389776552005], [117.74865494978123, -34.75389776552005]]]}, "properties": {"layer": "Fuel type", "fuel_code": 310, "fuel_class": "Broadleaf plantation", "fuel_risk": 82}}, {"type": "Feature", "geometry": {"type": "Polygon", "coordinates": [[[117.77365494978123, -34.75389776552005], [117.77365494978123, -34.72889776552005], [117.74865494978123, -34.72889776552005], [117.74865494978123, -34.75389776552005], [117.77365494978123, -34.75389776552005]]]}, "properties": {"layer": "Fuel type", "fuel_code": 310, "fuel_class": "Broadleaf plantation", "fuel_risk": 82}}, {"type": "Feature", "geometry": {"type": "Polygon", "coordinates": [[[117.79865494978124, -34.75389776552005], [117.79865494978124, -34.72889776552005], [117.77365494978123, -34.72889776552005], [117.77365494978123, -34.75389776552005], [117.79865494978124, -34.75389776552005]]]}, "properties": {"layer": "Fuel type", "fuel_code": 310, "fuel_class": "Broadleaf plantation", "fuel_risk": 82}}, {"type": "Feature", "geometry": {"type": "Polygon", "coordinates": [[[117.82365494978124, -34.75389776552005], [117.82365494978124, -34.72889776552005], [117.79865494978124, -34.72889776552005], [117.79865494978124, -34.75389776552005], [117.82365494978124, -34.75389776552005]]]}, "properties": {"layer": "Fuel type", "fuel_code": 631, "fuel_class": "Grassland", "fuel_risk": 62}}, {"type": "Feature", "geometry": {"type": "Polygon", "coordinates": [[[117.84865494978125, -34.75389776552005], [117.84865494978125, -34.72889776552005], [117.82365494978124, -34.72889776552005], [117.82365494978124, -34.75389776552005], [117.84865494978125, -34.75389776552005]]]}, "properties": {"layer": "Fuel type", "fuel_code": 631, "fuel_class": "Grassland", "fuel_risk": 62}}, {"type": "Feature", "geometry": {"type": "Polygon", "coordinates": [[[117.87365494978125, -34.75389776552005], [117.87365494978125, -34.72889776552005], [117.84865494978125, -34.72889776552005], [117.84865494978125, -34.75389776552005], [117.87365494978125, -34.75389776552005]]]}, "properties": {"layer": "Fuel type", "fuel_code": 431, "fuel_class": "Low woodland with shrubby understory", "fuel_risk": 78}}, {"type": "Feature", "geometry": {"type": "Polygon", "coordinates": [[[117.89865494978126, -34.75389776552005], [117.89865494978126, -34.72889776552005], [117.87365494978125, -34.72889776552005], [117.87365494978125, -34.75389776552005], [117.89865494978126, -34.75389776552005]]]}, "properties": {"layer": "Fuel type", "fuel_code": 310, "fuel_class": "Broadleaf plantation", "fuel_risk": 82}}, {"type": "Feature", "geometry": {"type": "Polygon", "coordinates": [[[117.92365494978127, -34.75389776552005], [117.92365494978127, -34.72889776552005], [117.89865494978126, -34.72889776552005], [117.89865494978126, -34.75389776552005], [117.92365494978127, -34.75389776552005]]]}, "properties": {"layer": "Fuel type", "fuel_code": 310, "fuel_class": "Broadleaf plantation", "fuel_risk": 82}}, {"type": "Feature", "geometry": {"type": "Polygon", "coordinates": [[[117.94865494978127, -34.75389776552005], [117.94865494978127, -34.72889776552005], [117.92365494978127, -34.72889776552005], [117.92365494978127, -34.75389776552005], [117.94865494978127, -34.75389776552005]]]}, "properties": {"layer": "Fuel type", "fuel_code": 930, "fuel_class": "Wildland urban interface 2", "fuel_risk": 70}}, {"type": "Feature", "geometry": {"type": "Polygon", "coordinates": [[[117.97365494978128, -34.75389776552005], [117.97365494978128, -34.72889776552005], [117.94865494978127, -34.72889776552005], [117.94865494978127, -34.75389776552005], [117.97365494978128, -34.75389776552005]]]}, "properties": {"layer": "Fuel type", "fuel_code": 631, "fuel_class": "Grassland", "fuel_risk": 62}}, {"type": "Feature", "geometry": {"type": "Polygon", "coordinates": [[[117.99865494978128, -34.75389776552005], [117.99865494978128, -34.72889776552005], [117.97365494978128, -34.72889776552005], [117.97365494978128, -34.75389776552005], [117.99865494978128, -34.75389776552005]]]}, "properties": {"layer": "Fuel type", "fuel_code": 230, "fuel_class": "Low open forest", "fuel_risk": 76}}, {"type": "Feature", "geometry": {"type": "Polygon", "coordinates": [[[118.01203559541987, -34.75389776552005], [118.01203559541987, -34.72889776552005], [117.99865494978128, -34.72889776552005], [117.99865494978128, -34.75389776552005], [118.01203559541987, -34.75389776552005]]]}, "properties": {"layer": "Fuel type", "fuel_code": 321, "fuel_class": "Radiata pine", "fuel_risk": 96}}, {"type": "Feature", "geometry": {"type": "Polygon", "coordinates": [[[116.92365494978104, -34.72889776552005], [116.92365494978104, -34.703897765520054], [116.89865494978103, -34.703897765520054], [116.89865494978103, -34.72889776552005], [116.92365494978104, -34.72889776552005]]]}, "properties": {"layer": "Fuel type", "fuel_code": 230, "fuel_class": "Low open forest", "fuel_risk": 76}}, {"type": "Feature", "geometry": {"type": "Polygon", "coordinates": [[[116.94865494978104, -34.72889776552005], [116.94865494978104, -34.703897765520054], [116.92365494978104, -34.703897765520054], [116.92365494978104, -34.72889776552005], [116.94865494978104, -34.72889776552005]]]}, "properties": {"layer": "Fuel type", "fuel_code": 510, "fuel_class": "Tall shrubland", "fuel_risk": 88}}, {"type": "Feature", "geometry": {"type": "Polygon", "coordinates": [[[116.97365494978105, -34.72889776552005], [116.97365494978105, -34.703897765520054], [116.94865494978104, -34.703897765520054], [116.94865494978104, -34.72889776552005], [116.97365494978105, -34.72889776552005]]]}, "properties": {"layer": "Fuel type", "fuel_code": 220, "fuel_class": "Open forest", "fuel_risk": 86}}, {"type": "Feature", "geometry": {"type": "Polygon", "coordinates": [[[116.99865494978106, -34.72889776552005], [116.99865494978106, -34.703897765520054], [116.97365494978105, -34.703897765520054], [116.97365494978105, -34.72889776552005], [116.99865494978106, -34.72889776552005]]]}, "properties": {"layer": "Fuel type", "fuel_code": 510, "fuel_class": "Tall shrubland", "fuel_risk": 88}}, {"type": "Feature", "geometry": {"type": "Polygon", "coordinates": [[[117.02365494978106, -34.72889776552005], [117.02365494978106, -34.703897765520054], [116.99865494978106, -34.703897765520054], [116.99865494978106, -34.72889776552005], [117.02365494978106, -34.72889776552005]]]}, "properties": {"layer": "Fuel type", "fuel_code": 230, "fuel_class": "Low open forest", "fuel_risk": 76}}, {"type": "Feature", "geometry": {"type": "Polygon", "coordinates": [[[117.04865494978107, -34.72889776552005], [117.04865494978107, -34.703897765520054], [117.02365494978106, -34.703897765520054], [117.02365494978106, -34.72889776552005], [117.04865494978107, -34.72889776552005]]]}, "properties": {"layer": "Fuel type", "fuel_code": 230, "fuel_class": "Low open forest", "fuel_risk": 76}}, {"type": "Feature", "geometry": {"type": "Polygon", "coordinates": [[[117.07365494978107, -34.72889776552005], [117.07365494978107, -34.703897765520054], [117.04865494978107, -34.703897765520054], [117.04865494978107, -34.72889776552005], [117.07365494978107, -34.72889776552005]]]}, "properties": {"layer": "Fuel type", "fuel_code": 220, "fuel_class": "Open forest", "fuel_risk": 86}}, {"type": "Feature", "geometry": {"type": "Polygon", "coordinates": [[[117.09865494978108, -34.72889776552005], [117.09865494978108, -34.703897765520054], [117.07365494978107, -34.703897765520054], [117.07365494978107, -34.72889776552005], [117.09865494978108, -34.72889776552005]]]}, "properties": {"layer": "Fuel type", "fuel_code": 220, "fuel_class": "Open forest", "fuel_risk": 86}}, {"type": "Feature", "geometry": {"type": "Polygon", "coordinates": [[[117.12365494978108, -34.72889776552005], [117.12365494978108, -34.703897765520054], [117.09865494978108, -34.703897765520054], [117.09865494978108, -34.72889776552005], [117.12365494978108, -34.72889776552005]]]}, "properties": {"layer": "Fuel type", "fuel_code": 220, "fuel_class": "Open forest", "fuel_risk": 86}}, {"type": "Feature", "geometry": {"type": "Polygon", "coordinates": [[[117.14865494978109, -34.72889776552005], [117.14865494978109, -34.703897765520054], [117.12365494978108, -34.703897765520054], [117.12365494978108, -34.72889776552005], [117.14865494978109, -34.72889776552005]]]}, "properties": {"layer": "Fuel type", "fuel_code": 220, "fuel_class": "Open forest", "fuel_risk": 86}}, {"type": "Feature", "geometry": {"type": "Polygon", "coordinates": [[[117.1736549497811, -34.72889776552005], [117.1736549497811, -34.703897765520054], [117.14865494978109, -34.703897765520054], [117.14865494978109, -34.72889776552005], [117.1736549497811, -34.72889776552005]]]}, "properties": {"layer": "Fuel type", "fuel_code": 800, "fuel_class": "Wetlands", "fuel_risk": 35}}, {"type": "Feature", "geometry": {"type": "Polygon", "coordinates": [[[117.1986549497811, -34.72889776552005], [117.1986549497811, -34.703897765520054], [117.1736549497811, -34.703897765520054], [117.1736549497811, -34.72889776552005], [117.1986549497811, -34.72889776552005]]]}, "properties": {"layer": "Fuel type", "fuel_code": 220, "fuel_class": "Open forest", "fuel_risk": 86}}, {"type": "Feature", "geometry": {"type": "Polygon", "coordinates": [[[117.2236549497811, -34.72889776552005], [117.2236549497811, -34.703897765520054], [117.1986549497811, -34.703897765520054], [117.1986549497811, -34.72889776552005], [117.2236549497811, -34.72889776552005]]]}, "properties": {"layer": "Fuel type", "fuel_code": 220, "fuel_class": "Open forest", "fuel_risk": 86}}, {"type": "Feature", "geometry": {"type": "Polygon", "coordinates": [[[117.24865494978111, -34.72889776552005], [117.24865494978111, -34.703897765520054], [117.2236549497811, -34.703897765520054], [117.2236549497811, -34.72889776552005], [117.24865494978111, -34.72889776552005]]]}, "properties": {"layer": "Fuel type", "fuel_code": 220, "fuel_class": "Open forest", "fuel_risk": 86}}, {"type": "Feature", "geometry": {"type": "Polygon", "coordinates": [[[117.27365494978112, -34.72889776552005], [117.27365494978112, -34.703897765520054], [117.24865494978111, -34.703897765520054], [117.24865494978111, -34.72889776552005], [117.27365494978112, -34.72889776552005]]]}, "properties": {"layer": "Fuel type", "fuel_code": 220, "fuel_class": "Open forest", "fuel_risk": 86}}, {"type": "Feature", "geometry": {"type": "Polygon", "coordinates": [[[117.29865494978112, -34.72889776552005], [117.29865494978112, -34.703897765520054], [117.27365494978112, -34.703897765520054], [117.27365494978112, -34.72889776552005], [117.29865494978112, -34.72889776552005]]]}, "properties": {"layer": "Fuel type", "fuel_code": 220, "fuel_class": "Open forest", "fuel_risk": 86}}, {"type": "Feature", "geometry": {"type": "Polygon", "coordinates": [[[117.32365494978113, -34.72889776552005], [117.32365494978113, -34.703897765520054], [117.29865494978112, -34.703897765520054], [117.29865494978112, -34.72889776552005], [117.32365494978113, -34.72889776552005]]]}, "properties": {"layer": "Fuel type", "fuel_code": 220, "fuel_class": "Open forest", "fuel_risk": 86}}, {"type": "Feature", "geometry": {"type": "Polygon", "coordinates": [[[117.34865494978114, -34.72889776552005], [117.34865494978114, -34.703897765520054], [117.32365494978113, -34.703897765520054], [117.32365494978113, -34.72889776552005], [117.34865494978114, -34.72889776552005]]]}, "properties": {"layer": "Fuel type", "fuel_code": 220, "fuel_class": "Open forest", "fuel_risk": 86}}, {"type": "Feature", "geometry": {"type": "Polygon", "coordinates": [[[117.37365494978114, -34.72889776552005], [117.37365494978114, -34.703897765520054], [117.34865494978114, -34.703897765520054], [117.34865494978114, -34.72889776552005], [117.37365494978114, -34.72889776552005]]]}, "properties": {"layer": "Fuel type", "fuel_code": 310, "fuel_class": "Broadleaf plantation", "fuel_risk": 82}}, {"type": "Feature", "geometry": {"type": "Polygon", "coordinates": [[[117.39865494978115, -34.72889776552005], [117.39865494978115, -34.703897765520054], [117.37365494978114, -34.703897765520054], [117.37365494978114, -34.72889776552005], [117.39865494978115, -34.72889776552005]]]}, "properties": {"layer": "Fuel type", "fuel_code": 220, "fuel_class": "Open forest", "fuel_risk": 86}}, {"type": "Feature", "geometry": {"type": "Polygon", "coordinates": [[[117.42365494978115, -34.72889776552005], [117.42365494978115, -34.703897765520054], [117.39865494978115, -34.703897765520054], [117.39865494978115, -34.72889776552005], [117.42365494978115, -34.72889776552005]]]}, "properties": {"layer": "Fuel type", "fuel_code": 220, "fuel_class": "Open forest", "fuel_risk": 86}}, {"type": "Feature", "geometry": {"type": "Polygon", "coordinates": [[[117.44865494978116, -34.72889776552005], [117.44865494978116, -34.703897765520054], [117.42365494978115, -34.703897765520054], [117.42365494978115, -34.72889776552005], [117.44865494978116, -34.72889776552005]]]}, "properties": {"layer": "Fuel type", "fuel_code": 310, "fuel_class": "Broadleaf plantation", "fuel_risk": 82}}, {"type": "Feature", "geometry": {"type": "Polygon", "coordinates": [[[117.47365494978116, -34.72889776552005], [117.47365494978116, -34.703897765520054], [117.44865494978116, -34.703897765520054], [117.44865494978116, -34.72889776552005], [117.47365494978116, -34.72889776552005]]]}, "properties": {"layer": "Fuel type", "fuel_code": 631, "fuel_class": "Grassland", "fuel_risk": 62}}, {"type": "Feature", "geometry": {"type": "Polygon", "coordinates": [[[117.49865494978117, -34.72889776552005], [117.49865494978117, -34.703897765520054], [117.47365494978116, -34.703897765520054], [117.47365494978116, -34.72889776552005], [117.49865494978117, -34.72889776552005]]]}, "properties": {"layer": "Fuel type", "fuel_code": 631, "fuel_class": "Grassland", "fuel_risk": 62}}, {"type": "Feature", "geometry": {"type": "Polygon", "coordinates": [[[117.52365494978118, -34.72889776552005], [117.52365494978118, -34.703897765520054], [117.49865494978117, -34.703897765520054], [117.49865494978117, -34.72889776552005], [117.52365494978118, -34.72889776552005]]]}, "properties": {"layer": "Fuel type", "fuel_code": 310, "fuel_class": "Broadleaf plantation", "fuel_risk": 82}}, {"type": "Feature", "geometry": {"type": "Polygon", "coordinates": [[[117.54865494978118, -34.72889776552005], [117.54865494978118, -34.703897765520054], [117.52365494978118, -34.703897765520054], [117.52365494978118, -34.72889776552005], [117.54865494978118, -34.72889776552005]]]}, "properties": {"layer": "Fuel type", "fuel_code": 220, "fuel_class": "Open forest", "fuel_risk": 86}}, {"type": "Feature", "geometry": {"type": "Polygon", "coordinates": [[[117.57365494978119, -34.72889776552005], [117.57365494978119, -34.703897765520054], [117.54865494978118, -34.703897765520054], [117.54865494978118, -34.72889776552005], [117.57365494978119, -34.72889776552005]]]}, "properties": {"layer": "Fuel type", "fuel_code": 423, "fuel_class": "Woodland with grassy understory", "fuel_risk": 72}}, {"type": "Feature", "geometry": {"type": "Polygon", "coordinates": [[[117.59865494978119, -34.72889776552005], [117.59865494978119, -34.703897765520054], [117.57365494978119, -34.703897765520054], [117.57365494978119, -34.72889776552005], [117.59865494978119, -34.72889776552005]]]}, "properties": {"layer": "Fuel type", "fuel_code": 230, "fuel_class": "Low open forest", "fuel_risk": 76}}, {"type": "Feature", "geometry": {"type": "Polygon", "coordinates": [[[117.6236549497812, -34.72889776552005], [117.6236549497812, -34.703897765520054], [117.59865494978119, -34.703897765520054], [117.59865494978119, -34.72889776552005], [117.6236549497812, -34.72889776552005]]]}, "properties": {"layer": "Fuel type", "fuel_code": 631, "fuel_class": "Grassland", "fuel_risk": 62}}, {"type": "Feature", "geometry": {"type": "Polygon", "coordinates": [[[117.6486549497812, -34.72889776552005], [117.6486549497812, -34.703897765520054], [117.6236549497812, -34.703897765520054], [117.6236549497812, -34.72889776552005], [117.6486549497812, -34.72889776552005]]]}, "properties": {"layer": "Fuel type", "fuel_code": 631, "fuel_class": "Grassland", "fuel_risk": 62}}, {"type": "Feature", "geometry": {"type": "Polygon", "coordinates": [[[117.67365494978121, -34.72889776552005], [117.67365494978121, -34.703897765520054], [117.6486549497812, -34.703897765520054], [117.6486549497812, -34.72889776552005], [117.67365494978121, -34.72889776552005]]]}, "properties": {"layer": "Fuel type", "fuel_code": 631, "fuel_class": "Grassland", "fuel_risk": 62}}, {"type": "Feature", "geometry": {"type": "Polygon", "coordinates": [[[117.69865494978121, -34.72889776552005], [117.69865494978121, -34.703897765520054], [117.67365494978121, -34.703897765520054], [117.67365494978121, -34.72889776552005], [117.69865494978121, -34.72889776552005]]]}, "properties": {"layer": "Fuel type", "fuel_code": 631, "fuel_class": "Grassland", "fuel_risk": 62}}, {"type": "Feature", "geometry": {"type": "Polygon", "coordinates": [[[117.72365494978122, -34.72889776552005], [117.72365494978122, -34.703897765520054], [117.69865494978121, -34.703897765520054], [117.69865494978121, -34.72889776552005], [117.72365494978122, -34.72889776552005]]]}, "properties": {"layer": "Fuel type", "fuel_code": 230, "fuel_class": "Low open forest", "fuel_risk": 76}}, {"type": "Feature", "geometry": {"type": "Polygon", "coordinates": [[[117.74865494978123, -34.72889776552005], [117.74865494978123, -34.703897765520054], [117.72365494978122, -34.703897765520054], [117.72365494978122, -34.72889776552005], [117.74865494978123, -34.72889776552005]]]}, "properties": {"layer": "Fuel type", "fuel_code": 631, "fuel_class": "Grassland", "fuel_risk": 62}}, {"type": "Feature", "geometry": {"type": "Polygon", "coordinates": [[[117.77365494978123, -34.72889776552005], [117.77365494978123, -34.703897765520054], [117.74865494978123, -34.703897765520054], [117.74865494978123, -34.72889776552005], [117.77365494978123, -34.72889776552005]]]}, "properties": {"layer": "Fuel type", "fuel_code": 310, "fuel_class": "Broadleaf plantation", "fuel_risk": 82}}, {"type": "Feature", "geometry": {"type": "Polygon", "coordinates": [[[117.79865494978124, -34.72889776552005], [117.79865494978124, -34.703897765520054], [117.77365494978123, -34.703897765520054], [117.77365494978123, -34.72889776552005], [117.79865494978124, -34.72889776552005]]]}, "properties": {"layer": "Fuel type", "fuel_code": 310, "fuel_class": "Broadleaf plantation", "fuel_risk": 82}}, {"type": "Feature", "geometry": {"type": "Polygon", "coordinates": [[[117.82365494978124, -34.72889776552005], [117.82365494978124, -34.703897765520054], [117.79865494978124, -34.703897765520054], [117.79865494978124, -34.72889776552005], [117.82365494978124, -34.72889776552005]]]}, "properties": {"layer": "Fuel type", "fuel_code": 631, "fuel_class": "Grassland", "fuel_risk": 62}}, {"type": "Feature", "geometry": {"type": "Polygon", "coordinates": [[[117.84865494978125, -34.72889776552005], [117.84865494978125, -34.703897765520054], [117.82365494978124, -34.703897765520054], [117.82365494978124, -34.72889776552005], [117.84865494978125, -34.72889776552005]]]}, "properties": {"layer": "Fuel type", "fuel_code": 631, "fuel_class": "Grassland", "fuel_risk": 62}}, {"type": "Feature", "geometry": {"type": "Polygon", "coordinates": [[[117.87365494978125, -34.72889776552005], [117.87365494978125, -34.703897765520054], [117.84865494978125, -34.703897765520054], [117.84865494978125, -34.72889776552005], [117.87365494978125, -34.72889776552005]]]}, "properties": {"layer": "Fuel type", "fuel_code": 631, "fuel_class": "Grassland", "fuel_risk": 62}}, {"type": "Feature", "geometry": {"type": "Polygon", "coordinates": [[[117.89865494978126, -34.72889776552005], [117.89865494978126, -34.703897765520054], [117.87365494978125, -34.703897765520054], [117.87365494978125, -34.72889776552005], [117.89865494978126, -34.72889776552005]]]}, "properties": {"layer": "Fuel type", "fuel_code": 310, "fuel_class": "Broadleaf plantation", "fuel_risk": 82}}, {"type": "Feature", "geometry": {"type": "Polygon", "coordinates": [[[117.92365494978127, -34.72889776552005], [117.92365494978127, -34.703897765520054], [117.89865494978126, -34.703897765520054], [117.89865494978126, -34.72889776552005], [117.92365494978127, -34.72889776552005]]]}, "properties": {"layer": "Fuel type", "fuel_code": 310, "fuel_class": "Broadleaf plantation", "fuel_risk": 82}}, {"type": "Feature", "geometry": {"type": "Polygon", "coordinates": [[[117.94865494978127, -34.72889776552005], [117.94865494978127, -34.703897765520054], [117.92365494978127, -34.703897765520054], [117.92365494978127, -34.72889776552005], [117.94865494978127, -34.72889776552005]]]}, "properties": {"layer": "Fuel type", "fuel_code": 220, "fuel_class": "Open forest", "fuel_risk": 86}}, {"type": "Feature", "geometry": {"type": "Polygon", "coordinates": [[[117.97365494978128, -34.72889776552005], [117.97365494978128, -34.703897765520054], [117.94865494978127, -34.703897765520054], [117.94865494978127, -34.72889776552005], [117.97365494978128, -34.72889776552005]]]}, "properties": {"layer": "Fuel type", "fuel_code": 631, "fuel_class": "Grassland", "fuel_risk": 62}}, {"type": "Feature", "geometry": {"type": "Polygon", "coordinates": [[[117.99865494978128, -34.72889776552005], [117.99865494978128, -34.703897765520054], [117.97365494978128, -34.703897765520054], [117.97365494978128, -34.72889776552005], [117.99865494978128, -34.72889776552005]]]}, "properties": {"layer": "Fuel type", "fuel_code": 321, "fuel_class": "Radiata pine", "fuel_risk": 96}}, {"type": "Feature", "geometry": {"type": "Polygon", "coordinates": [[[118.01203559541987, -34.72889776552005], [118.01203559541987, -34.703897765520054], [117.99865494978128, -34.703897765520054], [117.99865494978128, -34.72889776552005], [118.01203559541987, -34.72889776552005]]]}, "properties": {"layer": "Fuel type", "fuel_code": 310, "fuel_class": "Broadleaf plantation", "fuel_risk": 82}}, {"type": "Feature", "geometry": {"type": "Polygon", "coordinates": [[[116.92365494978104, -34.703897765520054], [116.92365494978104, -34.678897765520055], [116.89865494978103, -34.678897765520055], [116.89865494978103, -34.703897765520054], [116.92365494978104, -34.703897765520054]]]}, "properties": {"layer": "Fuel type", "fuel_code": 220, "fuel_class": "Open forest", "fuel_risk": 86}}, {"type": "Feature", "geometry": {"type": "Polygon", "coordinates": [[[116.94865494978104, -34.703897765520054], [116.94865494978104, -34.678897765520055], [116.92365494978104, -34.678897765520055], [116.92365494978104, -34.703897765520054], [116.94865494978104, -34.703897765520054]]]}, "properties": {"layer": "Fuel type", "fuel_code": 220, "fuel_class": "Open forest", "fuel_risk": 86}}, {"type": "Feature", "geometry": {"type": "Polygon", "coordinates": [[[116.97365494978105, -34.703897765520054], [116.97365494978105, -34.678897765520055], [116.94865494978104, -34.678897765520055], [116.94865494978104, -34.703897765520054], [116.97365494978105, -34.703897765520054]]]}, "properties": {"layer": "Fuel type", "fuel_code": 510, "fuel_class": "Tall shrubland", "fuel_risk": 88}}, {"type": "Feature", "geometry": {"type": "Polygon", "coordinates": [[[116.99865494978106, -34.703897765520054], [116.99865494978106, -34.678897765520055], [116.97365494978105, -34.678897765520055], [116.97365494978105, -34.703897765520054], [116.99865494978106, -34.703897765520054]]]}, "properties": {"layer": "Fuel type", "fuel_code": 510, "fuel_class": "Tall shrubland", "fuel_risk": 88}}, {"type": "Feature", "geometry": {"type": "Polygon", "coordinates": [[[117.02365494978106, -34.703897765520054], [117.02365494978106, -34.678897765520055], [116.99865494978106, -34.678897765520055], [116.99865494978106, -34.703897765520054], [117.02365494978106, -34.703897765520054]]]}, "properties": {"layer": "Fuel type", "fuel_code": 510, "fuel_class": "Tall shrubland", "fuel_risk": 88}}, {"type": "Feature", "geometry": {"type": "Polygon", "coordinates": [[[117.04865494978107, -34.703897765520054], [117.04865494978107, -34.678897765520055], [117.02365494978106, -34.678897765520055], [117.02365494978106, -34.703897765520054], [117.04865494978107, -34.703897765520054]]]}, "properties": {"layer": "Fuel type", "fuel_code": 230, "fuel_class": "Low open forest", "fuel_risk": 76}}, {"type": "Feature", "geometry": {"type": "Polygon", "coordinates": [[[117.07365494978107, -34.703897765520054], [117.07365494978107, -34.678897765520055], [117.04865494978107, -34.678897765520055], [117.04865494978107, -34.703897765520054], [117.07365494978107, -34.703897765520054]]]}, "properties": {"layer": "Fuel type", "fuel_code": 510, "fuel_class": "Tall shrubland", "fuel_risk": 88}}, {"type": "Feature", "geometry": {"type": "Polygon", "coordinates": [[[117.09865494978108, -34.703897765520054], [117.09865494978108, -34.678897765520055], [117.07365494978107, -34.678897765520055], [117.07365494978107, -34.703897765520054], [117.09865494978108, -34.703897765520054]]]}, "properties": {"layer": "Fuel type", "fuel_code": 220, "fuel_class": "Open forest", "fuel_risk": 86}}, {"type": "Feature", "geometry": {"type": "Polygon", "coordinates": [[[117.12365494978108, -34.703897765520054], [117.12365494978108, -34.678897765520055], [117.09865494978108, -34.678897765520055], [117.09865494978108, -34.703897765520054], [117.12365494978108, -34.703897765520054]]]}, "properties": {"layer": "Fuel type", "fuel_code": 230, "fuel_class": "Low open forest", "fuel_risk": 76}}, {"type": "Feature", "geometry": {"type": "Polygon", "coordinates": [[[117.14865494978109, -34.703897765520054], [117.14865494978109, -34.678897765520055], [117.12365494978108, -34.678897765520055], [117.12365494978108, -34.703897765520054], [117.14865494978109, -34.703897765520054]]]}, "properties": {"layer": "Fuel type", "fuel_code": 510, "fuel_class": "Tall shrubland", "fuel_risk": 88}}, {"type": "Feature", "geometry": {"type": "Polygon", "coordinates": [[[117.1736549497811, -34.703897765520054], [117.1736549497811, -34.678897765520055], [117.14865494978109, -34.678897765520055], [117.14865494978109, -34.703897765520054], [117.1736549497811, -34.703897765520054]]]}, "properties": {"layer": "Fuel type", "fuel_code": 220, "fuel_class": "Open forest", "fuel_risk": 86}}, {"type": "Feature", "geometry": {"type": "Polygon", "coordinates": [[[117.1986549497811, -34.703897765520054], [117.1986549497811, -34.678897765520055], [117.1736549497811, -34.678897765520055], [117.1736549497811, -34.703897765520054], [117.1986549497811, -34.703897765520054]]]}, "properties": {"layer": "Fuel type", "fuel_code": 220, "fuel_class": "Open forest", "fuel_risk": 86}}, {"type": "Feature", "geometry": {"type": "Polygon", "coordinates": [[[117.2236549497811, -34.703897765520054], [117.2236549497811, -34.678897765520055], [117.1986549497811, -34.678897765520055], [117.1986549497811, -34.703897765520054], [117.2236549497811, -34.703897765520054]]]}, "properties": {"layer": "Fuel type", "fuel_code": 220, "fuel_class": "Open forest", "fuel_risk": 86}}, {"type": "Feature", "geometry": {"type": "Polygon", "coordinates": [[[117.24865494978111, -34.703897765520054], [117.24865494978111, -34.678897765520055], [117.2236549497811, -34.678897765520055], [117.2236549497811, -34.703897765520054], [117.24865494978111, -34.703897765520054]]]}, "properties": {"layer": "Fuel type", "fuel_code": 310, "fuel_class": "Broadleaf plantation", "fuel_risk": 82}}, {"type": "Feature", "geometry": {"type": "Polygon", "coordinates": [[[117.27365494978112, -34.703897765520054], [117.27365494978112, -34.678897765520055], [117.24865494978111, -34.678897765520055], [117.24865494978111, -34.703897765520054], [117.27365494978112, -34.703897765520054]]]}, "properties": {"layer": "Fuel type", "fuel_code": 220, "fuel_class": "Open forest", "fuel_risk": 86}}, {"type": "Feature", "geometry": {"type": "Polygon", "coordinates": [[[117.29865494978112, -34.703897765520054], [117.29865494978112, -34.678897765520055], [117.27365494978112, -34.678897765520055], [117.27365494978112, -34.703897765520054], [117.29865494978112, -34.703897765520054]]]}, "properties": {"layer": "Fuel type", "fuel_code": 310, "fuel_class": "Broadleaf plantation", "fuel_risk": 82}}, {"type": "Feature", "geometry": {"type": "Polygon", "coordinates": [[[117.32365494978113, -34.703897765520054], [117.32365494978113, -34.678897765520055], [117.29865494978112, -34.678897765520055], [117.29865494978112, -34.703897765520054], [117.32365494978113, -34.703897765520054]]]}, "properties": {"layer": "Fuel type", "fuel_code": 220, "fuel_class": "Open forest", "fuel_risk": 86}}, {"type": "Feature", "geometry": {"type": "Polygon", "coordinates": [[[117.34865494978114, -34.703897765520054], [117.34865494978114, -34.678897765520055], [117.32365494978113, -34.678897765520055], [117.32365494978113, -34.703897765520054], [117.34865494978114, -34.703897765520054]]]}, "properties": {"layer": "Fuel type", "fuel_code": 310, "fuel_class": "Broadleaf plantation", "fuel_risk": 82}}, {"type": "Feature", "geometry": {"type": "Polygon", "coordinates": [[[117.37365494978114, -34.703897765520054], [117.37365494978114, -34.678897765520055], [117.34865494978114, -34.678897765520055], [117.34865494978114, -34.703897765520054], [117.37365494978114, -34.703897765520054]]]}, "properties": {"layer": "Fuel type", "fuel_code": 220, "fuel_class": "Open forest", "fuel_risk": 86}}, {"type": "Feature", "geometry": {"type": "Polygon", "coordinates": [[[117.39865494978115, -34.703897765520054], [117.39865494978115, -34.678897765520055], [117.37365494978114, -34.678897765520055], [117.37365494978114, -34.703897765520054], [117.39865494978115, -34.703897765520054]]]}, "properties": {"layer": "Fuel type", "fuel_code": 220, "fuel_class": "Open forest", "fuel_risk": 86}}, {"type": "Feature", "geometry": {"type": "Polygon", "coordinates": [[[117.42365494978115, -34.703897765520054], [117.42365494978115, -34.678897765520055], [117.39865494978115, -34.678897765520055], [117.39865494978115, -34.703897765520054], [117.42365494978115, -34.703897765520054]]]}, "properties": {"layer": "Fuel type", "fuel_code": 220, "fuel_class": "Open forest", "fuel_risk": 86}}, {"type": "Feature", "geometry": {"type": "Polygon", "coordinates": [[[117.44865494978116, -34.703897765520054], [117.44865494978116, -34.678897765520055], [117.42365494978115, -34.678897765520055], [117.42365494978115, -34.703897765520054], [117.44865494978116, -34.703897765520054]]]}, "properties": {"layer": "Fuel type", "fuel_code": 220, "fuel_class": "Open forest", "fuel_risk": 86}}, {"type": "Feature", "geometry": {"type": "Polygon", "coordinates": [[[117.47365494978116, -34.703897765520054], [117.47365494978116, -34.678897765520055], [117.44865494978116, -34.678897765520055], [117.44865494978116, -34.703897765520054], [117.47365494978116, -34.703897765520054]]]}, "properties": {"layer": "Fuel type", "fuel_code": 631, "fuel_class": "Grassland", "fuel_risk": 62}}, {"type": "Feature", "geometry": {"type": "Polygon", "coordinates": [[[117.49865494978117, -34.703897765520054], [117.49865494978117, -34.678897765520055], [117.47365494978116, -34.678897765520055], [117.47365494978116, -34.703897765520054], [117.49865494978117, -34.703897765520054]]]}, "properties": {"layer": "Fuel type", "fuel_code": 631, "fuel_class": "Grassland", "fuel_risk": 62}}, {"type": "Feature", "geometry": {"type": "Polygon", "coordinates": [[[117.52365494978118, -34.703897765520054], [117.52365494978118, -34.678897765520055], [117.49865494978117, -34.678897765520055], [117.49865494978117, -34.703897765520054], [117.52365494978118, -34.703897765520054]]]}, "properties": {"layer": "Fuel type", "fuel_code": 640, "fuel_class": "Croplands", "fuel_risk": 50}}, {"type": "Feature", "geometry": {"type": "Polygon", "coordinates": [[[117.54865494978118, -34.703897765520054], [117.54865494978118, -34.678897765520055], [117.52365494978118, -34.678897765520055], [117.52365494978118, -34.703897765520054], [117.54865494978118, -34.703897765520054]]]}, "properties": {"layer": "Fuel type", "fuel_code": 631, "fuel_class": "Grassland", "fuel_risk": 62}}, {"type": "Feature", "geometry": {"type": "Polygon", "coordinates": [[[117.57365494978119, -34.703897765520054], [117.57365494978119, -34.678897765520055], [117.54865494978118, -34.678897765520055], [117.54865494978118, -34.703897765520054], [117.57365494978119, -34.703897765520054]]]}, "properties": {"layer": "Fuel type", "fuel_code": 631, "fuel_class": "Grassland", "fuel_risk": 62}}, {"type": "Feature", "geometry": {"type": "Polygon", "coordinates": [[[117.59865494978119, -34.703897765520054], [117.59865494978119, -34.678897765520055], [117.57365494978119, -34.678897765520055], [117.57365494978119, -34.703897765520054], [117.59865494978119, -34.703897765520054]]]}, "properties": {"layer": "Fuel type", "fuel_code": 230, "fuel_class": "Low open forest", "fuel_risk": 76}}, {"type": "Feature", "geometry": {"type": "Polygon", "coordinates": [[[117.6236549497812, -34.703897765520054], [117.6236549497812, -34.678897765520055], [117.59865494978119, -34.678897765520055], [117.59865494978119, -34.703897765520054], [117.6236549497812, -34.703897765520054]]]}, "properties": {"layer": "Fuel type", "fuel_code": 631, "fuel_class": "Grassland", "fuel_risk": 62}}, {"type": "Feature", "geometry": {"type": "Polygon", "coordinates": [[[117.6486549497812, -34.703897765520054], [117.6486549497812, -34.678897765520055], [117.6236549497812, -34.678897765520055], [117.6236549497812, -34.703897765520054], [117.6486549497812, -34.703897765520054]]]}, "properties": {"layer": "Fuel type", "fuel_code": 640, "fuel_class": "Croplands", "fuel_risk": 50}}, {"type": "Feature", "geometry": {"type": "Polygon", "coordinates": [[[117.67365494978121, -34.703897765520054], [117.67365494978121, -34.678897765520055], [117.6486549497812, -34.678897765520055], [117.6486549497812, -34.703897765520054], [117.67365494978121, -34.703897765520054]]]}, "properties": {"layer": "Fuel type", "fuel_code": 310, "fuel_class": "Broadleaf plantation", "fuel_risk": 82}}, {"type": "Feature", "geometry": {"type": "Polygon", "coordinates": [[[117.69865494978121, -34.703897765520054], [117.69865494978121, -34.678897765520055], [117.67365494978121, -34.678897765520055], [117.67365494978121, -34.703897765520054], [117.69865494978121, -34.703897765520054]]]}, "properties": {"layer": "Fuel type", "fuel_code": 631, "fuel_class": "Grassland", "fuel_risk": 62}}, {"type": "Feature", "geometry": {"type": "Polygon", "coordinates": [[[117.72365494978122, -34.703897765520054], [117.72365494978122, -34.678897765520055], [117.69865494978121, -34.678897765520055], [117.69865494978121, -34.703897765520054], [117.72365494978122, -34.703897765520054]]]}, "properties": {"layer": "Fuel type", "fuel_code": 631, "fuel_class": "Grassland", "fuel_risk": 62}}, {"type": "Feature", "geometry": {"type": "Polygon", "coordinates": [[[117.74865494978123, -34.703897765520054], [117.74865494978123, -34.678897765520055], [117.72365494978122, -34.678897765520055], [117.72365494978122, -34.703897765520054], [117.74865494978123, -34.703897765520054]]]}, "properties": {"layer": "Fuel type", "fuel_code": 631, "fuel_class": "Grassland", "fuel_risk": 62}}, {"type": "Feature", "geometry": {"type": "Polygon", "coordinates": [[[117.77365494978123, -34.703897765520054], [117.77365494978123, -34.678897765520055], [117.74865494978123, -34.678897765520055], [117.74865494978123, -34.703897765520054], [117.77365494978123, -34.703897765520054]]]}, "properties": {"layer": "Fuel type", "fuel_code": 310, "fuel_class": "Broadleaf plantation", "fuel_risk": 82}}, {"type": "Feature", "geometry": {"type": "Polygon", "coordinates": [[[117.79865494978124, -34.703897765520054], [117.79865494978124, -34.678897765520055], [117.77365494978123, -34.678897765520055], [117.77365494978123, -34.703897765520054], [117.79865494978124, -34.703897765520054]]]}, "properties": {"layer": "Fuel type", "fuel_code": 631, "fuel_class": "Grassland", "fuel_risk": 62}}, {"type": "Feature", "geometry": {"type": "Polygon", "coordinates": [[[117.82365494978124, -34.703897765520054], [117.82365494978124, -34.678897765520055], [117.79865494978124, -34.678897765520055], [117.79865494978124, -34.703897765520054], [117.82365494978124, -34.703897765520054]]]}, "properties": {"layer": "Fuel type", "fuel_code": 631, "fuel_class": "Grassland", "fuel_risk": 62}}, {"type": "Feature", "geometry": {"type": "Polygon", "coordinates": [[[117.84865494978125, -34.703897765520054], [117.84865494978125, -34.678897765520055], [117.82365494978124, -34.678897765520055], [117.82365494978124, -34.703897765520054], [117.84865494978125, -34.703897765520054]]]}, "properties": {"layer": "Fuel type", "fuel_code": 520, "fuel_class": "Shrubland", "fuel_risk": 82}}, {"type": "Feature", "geometry": {"type": "Polygon", "coordinates": [[[117.87365494978125, -34.703897765520054], [117.87365494978125, -34.678897765520055], [117.84865494978125, -34.678897765520055], [117.84865494978125, -34.703897765520054], [117.87365494978125, -34.703897765520054]]]}, "properties": {"layer": "Fuel type", "fuel_code": 220, "fuel_class": "Open forest", "fuel_risk": 86}}, {"type": "Feature", "geometry": {"type": "Polygon", "coordinates": [[[117.89865494978126, -34.703897765520054], [117.89865494978126, -34.678897765520055], [117.87365494978125, -34.678897765520055], [117.87365494978125, -34.703897765520054], [117.89865494978126, -34.703897765520054]]]}, "properties": {"layer": "Fuel type", "fuel_code": 120, "fuel_class": "Closed forest", "fuel_risk": 96}}, {"type": "Feature", "geometry": {"type": "Polygon", "coordinates": [[[117.92365494978127, -34.703897765520054], [117.92365494978127, -34.678897765520055], [117.89865494978126, -34.678897765520055], [117.89865494978126, -34.703897765520054], [117.92365494978127, -34.703897765520054]]]}, "properties": {"layer": "Fuel type", "fuel_code": 220, "fuel_class": "Open forest", "fuel_risk": 86}}, {"type": "Feature", "geometry": {"type": "Polygon", "coordinates": [[[117.94865494978127, -34.703897765520054], [117.94865494978127, -34.678897765520055], [117.92365494978127, -34.678897765520055], [117.92365494978127, -34.703897765520054], [117.94865494978127, -34.703897765520054]]]}, "properties": {"layer": "Fuel type", "fuel_code": 220, "fuel_class": "Open forest", "fuel_risk": 86}}, {"type": "Feature", "geometry": {"type": "Polygon", "coordinates": [[[117.97365494978128, -34.703897765520054], [117.97365494978128, -34.678897765520055], [117.94865494978127, -34.678897765520055], [117.94865494978127, -34.703897765520054], [117.97365494978128, -34.703897765520054]]]}, "properties": {"layer": "Fuel type", "fuel_code": 220, "fuel_class": "Open forest", "fuel_risk": 86}}, {"type": "Feature", "geometry": {"type": "Polygon", "coordinates": [[[117.99865494978128, -34.703897765520054], [117.99865494978128, -34.678897765520055], [117.97365494978128, -34.678897765520055], [117.97365494978128, -34.703897765520054], [117.99865494978128, -34.703897765520054]]]}, "properties": {"layer": "Fuel type", "fuel_code": 631, "fuel_class": "Grassland", "fuel_risk": 62}}, {"type": "Feature", "geometry": {"type": "Polygon", "coordinates": [[[118.01203559541987, -34.703897765520054], [118.01203559541987, -34.678897765520055], [117.99865494978128, -34.678897765520055], [117.99865494978128, -34.703897765520054], [118.01203559541987, -34.703897765520054]]]}, "properties": {"layer": "Fuel type", "fuel_code": 230, "fuel_class": "Low open forest", "fuel_risk": 76}}, {"type": "Feature", "geometry": {"type": "Polygon", "coordinates": [[[116.92365494978104, -34.678897765520055], [116.92365494978104, -34.65389776552006], [116.89865494978103, -34.65389776552006], [116.89865494978103, -34.678897765520055], [116.92365494978104, -34.678897765520055]]]}, "properties": {"layer": "Fuel type", "fuel_code": 220, "fuel_class": "Open forest", "fuel_risk": 86}}, {"type": "Feature", "geometry": {"type": "Polygon", "coordinates": [[[116.94865494978104, -34.678897765520055], [116.94865494978104, -34.65389776552006], [116.92365494978104, -34.65389776552006], [116.92365494978104, -34.678897765520055], [116.94865494978104, -34.678897765520055]]]}, "properties": {"layer": "Fuel type", "fuel_code": 220, "fuel_class": "Open forest", "fuel_risk": 86}}, {"type": "Feature", "geometry": {"type": "Polygon", "coordinates": [[[116.97365494978105, -34.678897765520055], [116.97365494978105, -34.65389776552006], [116.94865494978104, -34.65389776552006], [116.94865494978104, -34.678897765520055], [116.97365494978105, -34.678897765520055]]]}, "properties": {"layer": "Fuel type", "fuel_code": 230, "fuel_class": "Low open forest", "fuel_risk": 76}}, {"type": "Feature", "geometry": {"type": "Polygon", "coordinates": [[[116.99865494978106, -34.678897765520055], [116.99865494978106, -34.65389776552006], [116.97365494978105, -34.65389776552006], [116.97365494978105, -34.678897765520055], [116.99865494978106, -34.678897765520055]]]}, "properties": {"layer": "Fuel type", "fuel_code": 220, "fuel_class": "Open forest", "fuel_risk": 86}}, {"type": "Feature", "geometry": {"type": "Polygon", "coordinates": [[[117.02365494978106, -34.678897765520055], [117.02365494978106, -34.65389776552006], [116.99865494978106, -34.65389776552006], [116.99865494978106, -34.678897765520055], [117.02365494978106, -34.678897765520055]]]}, "properties": {"layer": "Fuel type", "fuel_code": 220, "fuel_class": "Open forest", "fuel_risk": 86}}, {"type": "Feature", "geometry": {"type": "Polygon", "coordinates": [[[117.04865494978107, -34.678897765520055], [117.04865494978107, -34.65389776552006], [117.02365494978106, -34.65389776552006], [117.02365494978106, -34.678897765520055], [117.04865494978107, -34.678897765520055]]]}, "properties": {"layer": "Fuel type", "fuel_code": 230, "fuel_class": "Low open forest", "fuel_risk": 76}}, {"type": "Feature", "geometry": {"type": "Polygon", "coordinates": [[[117.07365494978107, -34.678897765520055], [117.07365494978107, -34.65389776552006], [117.04865494978107, -34.65389776552006], [117.04865494978107, -34.678897765520055], [117.07365494978107, -34.678897765520055]]]}, "properties": {"layer": "Fuel type", "fuel_code": 220, "fuel_class": "Open forest", "fuel_risk": 86}}, {"type": "Feature", "geometry": {"type": "Polygon", "coordinates": [[[117.09865494978108, -34.678897765520055], [117.09865494978108, -34.65389776552006], [117.07365494978107, -34.65389776552006], [117.07365494978107, -34.678897765520055], [117.09865494978108, -34.678897765520055]]]}, "properties": {"layer": "Fuel type", "fuel_code": 220, "fuel_class": "Open forest", "fuel_risk": 86}}, {"type": "Feature", "geometry": {"type": "Polygon", "coordinates": [[[117.12365494978108, -34.678897765520055], [117.12365494978108, -34.65389776552006], [117.09865494978108, -34.65389776552006], [117.09865494978108, -34.678897765520055], [117.12365494978108, -34.678897765520055]]]}, "properties": {"layer": "Fuel type", "fuel_code": 230, "fuel_class": "Low open forest", "fuel_risk": 76}}, {"type": "Feature", "geometry": {"type": "Polygon", "coordinates": [[[117.14865494978109, -34.678897765520055], [117.14865494978109, -34.65389776552006], [117.12365494978108, -34.65389776552006], [117.12365494978108, -34.678897765520055], [117.14865494978109, -34.678897765520055]]]}, "properties": {"layer": "Fuel type", "fuel_code": 220, "fuel_class": "Open forest", "fuel_risk": 86}}, {"type": "Feature", "geometry": {"type": "Polygon", "coordinates": [[[117.1736549497811, -34.678897765520055], [117.1736549497811, -34.65389776552006], [117.14865494978109, -34.65389776552006], [117.14865494978109, -34.678897765520055], [117.1736549497811, -34.678897765520055]]]}, "properties": {"layer": "Fuel type", "fuel_code": 220, "fuel_class": "Open forest", "fuel_risk": 86}}, {"type": "Feature", "geometry": {"type": "Polygon", "coordinates": [[[117.1986549497811, -34.678897765520055], [117.1986549497811, -34.65389776552006], [117.1736549497811, -34.65389776552006], [117.1736549497811, -34.678897765520055], [117.1986549497811, -34.678897765520055]]]}, "properties": {"layer": "Fuel type", "fuel_code": 220, "fuel_class": "Open forest", "fuel_risk": 86}}, {"type": "Feature", "geometry": {"type": "Polygon", "coordinates": [[[117.2236549497811, -34.678897765520055], [117.2236549497811, -34.65389776552006], [117.1986549497811, -34.65389776552006], [117.1986549497811, -34.678897765520055], [117.2236549497811, -34.678897765520055]]]}, "properties": {"layer": "Fuel type", "fuel_code": 230, "fuel_class": "Low open forest", "fuel_risk": 76}}, {"type": "Feature", "geometry": {"type": "Polygon", "coordinates": [[[117.24865494978111, -34.678897765520055], [117.24865494978111, -34.65389776552006], [117.2236549497811, -34.65389776552006], [117.2236549497811, -34.678897765520055], [117.24865494978111, -34.678897765520055]]]}, "properties": {"layer": "Fuel type", "fuel_code": 631, "fuel_class": "Grassland", "fuel_risk": 62}}, {"type": "Feature", "geometry": {"type": "Polygon", "coordinates": [[[117.27365494978112, -34.678897765520055], [117.27365494978112, -34.65389776552006], [117.24865494978111, -34.65389776552006], [117.24865494978111, -34.678897765520055], [117.27365494978112, -34.678897765520055]]]}, "properties": {"layer": "Fuel type", "fuel_code": 310, "fuel_class": "Broadleaf plantation", "fuel_risk": 82}}, {"type": "Feature", "geometry": {"type": "Polygon", "coordinates": [[[117.29865494978112, -34.678897765520055], [117.29865494978112, -34.65389776552006], [117.27365494978112, -34.65389776552006], [117.27365494978112, -34.678897765520055], [117.29865494978112, -34.678897765520055]]]}, "properties": {"layer": "Fuel type", "fuel_code": 310, "fuel_class": "Broadleaf plantation", "fuel_risk": 82}}, {"type": "Feature", "geometry": {"type": "Polygon", "coordinates": [[[117.32365494978113, -34.678897765520055], [117.32365494978113, -34.65389776552006], [117.29865494978112, -34.65389776552006], [117.29865494978112, -34.678897765520055], [117.32365494978113, -34.678897765520055]]]}, "properties": {"layer": "Fuel type", "fuel_code": 220, "fuel_class": "Open forest", "fuel_risk": 86}}, {"type": "Feature", "geometry": {"type": "Polygon", "coordinates": [[[117.34865494978114, -34.678897765520055], [117.34865494978114, -34.65389776552006], [117.32365494978113, -34.65389776552006], [117.32365494978113, -34.678897765520055], [117.34865494978114, -34.678897765520055]]]}, "properties": {"layer": "Fuel type", "fuel_code": 310, "fuel_class": "Broadleaf plantation", "fuel_risk": 82}}, {"type": "Feature", "geometry": {"type": "Polygon", "coordinates": [[[117.37365494978114, -34.678897765520055], [117.37365494978114, -34.65389776552006], [117.34865494978114, -34.65389776552006], [117.34865494978114, -34.678897765520055], [117.37365494978114, -34.678897765520055]]]}, "properties": {"layer": "Fuel type", "fuel_code": 310, "fuel_class": "Broadleaf plantation", "fuel_risk": 82}}, {"type": "Feature", "geometry": {"type": "Polygon", "coordinates": [[[117.39865494978115, -34.678897765520055], [117.39865494978115, -34.65389776552006], [117.37365494978114, -34.65389776552006], [117.37365494978114, -34.678897765520055], [117.39865494978115, -34.678897765520055]]]}, "properties": {"layer": "Fuel type", "fuel_code": 310, "fuel_class": "Broadleaf plantation", "fuel_risk": 82}}, {"type": "Feature", "geometry": {"type": "Polygon", "coordinates": [[[117.42365494978115, -34.678897765520055], [117.42365494978115, -34.65389776552006], [117.39865494978115, -34.65389776552006], [117.39865494978115, -34.678897765520055], [117.42365494978115, -34.678897765520055]]]}, "properties": {"layer": "Fuel type", "fuel_code": 220, "fuel_class": "Open forest", "fuel_risk": 86}}, {"type": "Feature", "geometry": {"type": "Polygon", "coordinates": [[[117.44865494978116, -34.678897765520055], [117.44865494978116, -34.65389776552006], [117.42365494978115, -34.65389776552006], [117.42365494978115, -34.678897765520055], [117.44865494978116, -34.678897765520055]]]}, "properties": {"layer": "Fuel type", "fuel_code": 220, "fuel_class": "Open forest", "fuel_risk": 86}}, {"type": "Feature", "geometry": {"type": "Polygon", "coordinates": [[[117.47365494978116, -34.678897765520055], [117.47365494978116, -34.65389776552006], [117.44865494978116, -34.65389776552006], [117.44865494978116, -34.678897765520055], [117.47365494978116, -34.678897765520055]]]}, "properties": {"layer": "Fuel type", "fuel_code": 631, "fuel_class": "Grassland", "fuel_risk": 62}}, {"type": "Feature", "geometry": {"type": "Polygon", "coordinates": [[[117.49865494978117, -34.678897765520055], [117.49865494978117, -34.65389776552006], [117.47365494978116, -34.65389776552006], [117.47365494978116, -34.678897765520055], [117.49865494978117, -34.678897765520055]]]}, "properties": {"layer": "Fuel type", "fuel_code": 310, "fuel_class": "Broadleaf plantation", "fuel_risk": 82}}, {"type": "Feature", "geometry": {"type": "Polygon", "coordinates": [[[117.52365494978118, -34.678897765520055], [117.52365494978118, -34.65389776552006], [117.49865494978117, -34.65389776552006], [117.49865494978117, -34.678897765520055], [117.52365494978118, -34.678897765520055]]]}, "properties": {"layer": "Fuel type", "fuel_code": 640, "fuel_class": "Croplands", "fuel_risk": 50}}, {"type": "Feature", "geometry": {"type": "Polygon", "coordinates": [[[117.54865494978118, -34.678897765520055], [117.54865494978118, -34.65389776552006], [117.52365494978118, -34.65389776552006], [117.52365494978118, -34.678897765520055], [117.54865494978118, -34.678897765520055]]]}, "properties": {"layer": "Fuel type", "fuel_code": 631, "fuel_class": "Grassland", "fuel_risk": 62}}, {"type": "Feature", "geometry": {"type": "Polygon", "coordinates": [[[117.57365494978119, -34.678897765520055], [117.57365494978119, -34.65389776552006], [117.54865494978118, -34.65389776552006], [117.54865494978118, -34.678897765520055], [117.57365494978119, -34.678897765520055]]]}, "properties": {"layer": "Fuel type", "fuel_code": 510, "fuel_class": "Tall shrubland", "fuel_risk": 88}}, {"type": "Feature", "geometry": {"type": "Polygon", "coordinates": [[[117.59865494978119, -34.678897765520055], [117.59865494978119, -34.65389776552006], [117.57365494978119, -34.65389776552006], [117.57365494978119, -34.678897765520055], [117.59865494978119, -34.678897765520055]]]}, "properties": {"layer": "Fuel type", "fuel_code": 631, "fuel_class": "Grassland", "fuel_risk": 62}}, {"type": "Feature", "geometry": {"type": "Polygon", "coordinates": [[[117.6236549497812, -34.678897765520055], [117.6236549497812, -34.65389776552006], [117.59865494978119, -34.65389776552006], [117.59865494978119, -34.678897765520055], [117.6236549497812, -34.678897765520055]]]}, "properties": {"layer": "Fuel type", "fuel_code": 631, "fuel_class": "Grassland", "fuel_risk": 62}}, {"type": "Feature", "geometry": {"type": "Polygon", "coordinates": [[[117.6486549497812, -34.678897765520055], [117.6486549497812, -34.65389776552006], [117.6236549497812, -34.65389776552006], [117.6236549497812, -34.678897765520055], [117.6486549497812, -34.678897765520055]]]}, "properties": {"layer": "Fuel type", "fuel_code": 631, "fuel_class": "Grassland", "fuel_risk": 62}}, {"type": "Feature", "geometry": {"type": "Polygon", "coordinates": [[[117.67365494978121, -34.678897765520055], [117.67365494978121, -34.65389776552006], [117.6486549497812, -34.65389776552006], [117.6486549497812, -34.678897765520055], [117.67365494978121, -34.678897765520055]]]}, "properties": {"layer": "Fuel type", "fuel_code": 631, "fuel_class": "Grassland", "fuel_risk": 62}}, {"type": "Feature", "geometry": {"type": "Polygon", "coordinates": [[[117.69865494978121, -34.678897765520055], [117.69865494978121, -34.65389776552006], [117.67365494978121, -34.65389776552006], [117.67365494978121, -34.678897765520055], [117.69865494978121, -34.678897765520055]]]}, "properties": {"layer": "Fuel type", "fuel_code": 960, "fuel_class": "Bare ground", "fuel_risk": 12}}, {"type": "Feature", "geometry": {"type": "Polygon", "coordinates": [[[117.72365494978122, -34.678897765520055], [117.72365494978122, -34.65389776552006], [117.69865494978121, -34.65389776552006], [117.69865494978121, -34.678897765520055], [117.72365494978122, -34.678897765520055]]]}, "properties": {"layer": "Fuel type", "fuel_code": 220, "fuel_class": "Open forest", "fuel_risk": 86}}, {"type": "Feature", "geometry": {"type": "Polygon", "coordinates": [[[117.74865494978123, -34.678897765520055], [117.74865494978123, -34.65389776552006], [117.72365494978122, -34.65389776552006], [117.72365494978122, -34.678897765520055], [117.74865494978123, -34.678897765520055]]]}, "properties": {"layer": "Fuel type", "fuel_code": 220, "fuel_class": "Open forest", "fuel_risk": 86}}, {"type": "Feature", "geometry": {"type": "Polygon", "coordinates": [[[117.77365494978123, -34.678897765520055], [117.77365494978123, -34.65389776552006], [117.74865494978123, -34.65389776552006], [117.74865494978123, -34.678897765520055], [117.77365494978123, -34.678897765520055]]]}, "properties": {"layer": "Fuel type", "fuel_code": 310, "fuel_class": "Broadleaf plantation", "fuel_risk": 82}}, {"type": "Feature", "geometry": {"type": "Polygon", "coordinates": [[[117.79865494978124, -34.678897765520055], [117.79865494978124, -34.65389776552006], [117.77365494978123, -34.65389776552006], [117.77365494978123, -34.678897765520055], [117.79865494978124, -34.678897765520055]]]}, "properties": {"layer": "Fuel type", "fuel_code": 230, "fuel_class": "Low open forest", "fuel_risk": 76}}, {"type": "Feature", "geometry": {"type": "Polygon", "coordinates": [[[117.82365494978124, -34.678897765520055], [117.82365494978124, -34.65389776552006], [117.79865494978124, -34.65389776552006], [117.79865494978124, -34.678897765520055], [117.82365494978124, -34.678897765520055]]]}, "properties": {"layer": "Fuel type", "fuel_code": 220, "fuel_class": "Open forest", "fuel_risk": 86}}, {"type": "Feature", "geometry": {"type": "Polygon", "coordinates": [[[117.84865494978125, -34.678897765520055], [117.84865494978125, -34.65389776552006], [117.82365494978124, -34.65389776552006], [117.82365494978124, -34.678897765520055], [117.84865494978125, -34.678897765520055]]]}, "properties": {"layer": "Fuel type", "fuel_code": 230, "fuel_class": "Low open forest", "fuel_risk": 76}}, {"type": "Feature", "geometry": {"type": "Polygon", "coordinates": [[[117.87365494978125, -34.678897765520055], [117.87365494978125, -34.65389776552006], [117.84865494978125, -34.65389776552006], [117.84865494978125, -34.678897765520055], [117.87365494978125, -34.678897765520055]]]}, "properties": {"layer": "Fuel type", "fuel_code": 220, "fuel_class": "Open forest", "fuel_risk": 86}}, {"type": "Feature", "geometry": {"type": "Polygon", "coordinates": [[[117.89865494978126, -34.678897765520055], [117.89865494978126, -34.65389776552006], [117.87365494978125, -34.65389776552006], [117.87365494978125, -34.678897765520055], [117.89865494978126, -34.678897765520055]]]}, "properties": {"layer": "Fuel type", "fuel_code": 920, "fuel_class": "Wildland urban interface 1", "fuel_risk": 82}}, {"type": "Feature", "geometry": {"type": "Polygon", "coordinates": [[[117.92365494978127, -34.678897765520055], [117.92365494978127, -34.65389776552006], [117.89865494978126, -34.65389776552006], [117.89865494978126, -34.678897765520055], [117.92365494978127, -34.678897765520055]]]}, "properties": {"layer": "Fuel type", "fuel_code": 220, "fuel_class": "Open forest", "fuel_risk": 86}}, {"type": "Feature", "geometry": {"type": "Polygon", "coordinates": [[[117.94865494978127, -34.678897765520055], [117.94865494978127, -34.65389776552006], [117.92365494978127, -34.65389776552006], [117.92365494978127, -34.678897765520055], [117.94865494978127, -34.678897765520055]]]}, "properties": {"layer": "Fuel type", "fuel_code": 220, "fuel_class": "Open forest", "fuel_risk": 86}}, {"type": "Feature", "geometry": {"type": "Polygon", "coordinates": [[[117.97365494978128, -34.678897765520055], [117.97365494978128, -34.65389776552006], [117.94865494978127, -34.65389776552006], [117.94865494978127, -34.678897765520055], [117.97365494978128, -34.678897765520055]]]}, "properties": {"layer": "Fuel type", "fuel_code": 631, "fuel_class": "Grassland", "fuel_risk": 62}}, {"type": "Feature", "geometry": {"type": "Polygon", "coordinates": [[[117.99865494978128, -34.678897765520055], [117.99865494978128, -34.65389776552006], [117.97365494978128, -34.65389776552006], [117.97365494978128, -34.678897765520055], [117.99865494978128, -34.678897765520055]]]}, "properties": {"layer": "Fuel type", "fuel_code": 220, "fuel_class": "Open forest", "fuel_risk": 86}}, {"type": "Feature", "geometry": {"type": "Polygon", "coordinates": [[[118.01203559541987, -34.678897765520055], [118.01203559541987, -34.65389776552006], [117.99865494978128, -34.65389776552006], [117.99865494978128, -34.678897765520055], [118.01203559541987, -34.678897765520055]]]}, "properties": {"layer": "Fuel type", "fuel_code": 631, "fuel_class": "Grassland", "fuel_risk": 62}}, {"type": "Feature", "geometry": {"type": "Polygon", "coordinates": [[[116.92365494978104, -34.65389776552006], [116.92365494978104, -34.62889776552006], [116.89865494978103, -34.62889776552006], [116.89865494978103, -34.65389776552006], [116.92365494978104, -34.65389776552006]]]}, "properties": {"layer": "Fuel type", "fuel_code": 220, "fuel_class": "Open forest", "fuel_risk": 86}}, {"type": "Feature", "geometry": {"type": "Polygon", "coordinates": [[[116.94865494978104, -34.65389776552006], [116.94865494978104, -34.62889776552006], [116.92365494978104, -34.62889776552006], [116.92365494978104, -34.65389776552006], [116.94865494978104, -34.65389776552006]]]}, "properties": {"layer": "Fuel type", "fuel_code": 120, "fuel_class": "Closed forest", "fuel_risk": 96}}, {"type": "Feature", "geometry": {"type": "Polygon", "coordinates": [[[116.97365494978105, -34.65389776552006], [116.97365494978105, -34.62889776552006], [116.94865494978104, -34.62889776552006], [116.94865494978104, -34.65389776552006], [116.97365494978105, -34.65389776552006]]]}, "properties": {"layer": "Fuel type", "fuel_code": 230, "fuel_class": "Low open forest", "fuel_risk": 76}}, {"type": "Feature", "geometry": {"type": "Polygon", "coordinates": [[[116.99865494978106, -34.65389776552006], [116.99865494978106, -34.62889776552006], [116.97365494978105, -34.62889776552006], [116.97365494978105, -34.65389776552006], [116.99865494978106, -34.65389776552006]]]}, "properties": {"layer": "Fuel type", "fuel_code": 230, "fuel_class": "Low open forest", "fuel_risk": 76}}, {"type": "Feature", "geometry": {"type": "Polygon", "coordinates": [[[117.02365494978106, -34.65389776552006], [117.02365494978106, -34.62889776552006], [116.99865494978106, -34.62889776552006], [116.99865494978106, -34.65389776552006], [117.02365494978106, -34.65389776552006]]]}, "properties": {"layer": "Fuel type", "fuel_code": 230, "fuel_class": "Low open forest", "fuel_risk": 76}}, {"type": "Feature", "geometry": {"type": "Polygon", "coordinates": [[[117.04865494978107, -34.65389776552006], [117.04865494978107, -34.62889776552006], [117.02365494978106, -34.62889776552006], [117.02365494978106, -34.65389776552006], [117.04865494978107, -34.65389776552006]]]}, "properties": {"layer": "Fuel type", "fuel_code": 230, "fuel_class": "Low open forest", "fuel_risk": 76}}, {"type": "Feature", "geometry": {"type": "Polygon", "coordinates": [[[117.07365494978107, -34.65389776552006], [117.07365494978107, -34.62889776552006], [117.04865494978107, -34.62889776552006], [117.04865494978107, -34.65389776552006], [117.07365494978107, -34.65389776552006]]]}, "properties": {"layer": "Fuel type", "fuel_code": 220, "fuel_class": "Open forest", "fuel_risk": 86}}, {"type": "Feature", "geometry": {"type": "Polygon", "coordinates": [[[117.09865494978108, -34.65389776552006], [117.09865494978108, -34.62889776552006], [117.07365494978107, -34.62889776552006], [117.07365494978107, -34.65389776552006], [117.09865494978108, -34.65389776552006]]]}, "properties": {"layer": "Fuel type", "fuel_code": 230, "fuel_class": "Low open forest", "fuel_risk": 76}}, {"type": "Feature", "geometry": {"type": "Polygon", "coordinates": [[[117.12365494978108, -34.65389776552006], [117.12365494978108, -34.62889776552006], [117.09865494978108, -34.62889776552006], [117.09865494978108, -34.65389776552006], [117.12365494978108, -34.65389776552006]]]}, "properties": {"layer": "Fuel type", "fuel_code": 230, "fuel_class": "Low open forest", "fuel_risk": 76}}, {"type": "Feature", "geometry": {"type": "Polygon", "coordinates": [[[117.14865494978109, -34.65389776552006], [117.14865494978109, -34.62889776552006], [117.12365494978108, -34.62889776552006], [117.12365494978108, -34.65389776552006], [117.14865494978109, -34.65389776552006]]]}, "properties": {"layer": "Fuel type", "fuel_code": 230, "fuel_class": "Low open forest", "fuel_risk": 76}}, {"type": "Feature", "geometry": {"type": "Polygon", "coordinates": [[[117.1736549497811, -34.65389776552006], [117.1736549497811, -34.62889776552006], [117.14865494978109, -34.62889776552006], [117.14865494978109, -34.65389776552006], [117.1736549497811, -34.65389776552006]]]}, "properties": {"layer": "Fuel type", "fuel_code": 220, "fuel_class": "Open forest", "fuel_risk": 86}}, {"type": "Feature", "geometry": {"type": "Polygon", "coordinates": [[[117.1986549497811, -34.65389776552006], [117.1986549497811, -34.62889776552006], [117.1736549497811, -34.62889776552006], [117.1736549497811, -34.65389776552006], [117.1986549497811, -34.65389776552006]]]}, "properties": {"layer": "Fuel type", "fuel_code": 220, "fuel_class": "Open forest", "fuel_risk": 86}}, {"type": "Feature", "geometry": {"type": "Polygon", "coordinates": [[[117.2236549497811, -34.65389776552006], [117.2236549497811, -34.62889776552006], [117.1986549497811, -34.62889776552006], [117.1986549497811, -34.65389776552006], [117.2236549497811, -34.65389776552006]]]}, "properties": {"layer": "Fuel type", "fuel_code": 220, "fuel_class": "Open forest", "fuel_risk": 86}}, {"type": "Feature", "geometry": {"type": "Polygon", "coordinates": [[[117.24865494978111, -34.65389776552006], [117.24865494978111, -34.62889776552006], [117.2236549497811, -34.62889776552006], [117.2236549497811, -34.65389776552006], [117.24865494978111, -34.65389776552006]]]}, "properties": {"layer": "Fuel type", "fuel_code": 220, "fuel_class": "Open forest", "fuel_risk": 86}}, {"type": "Feature", "geometry": {"type": "Polygon", "coordinates": [[[117.27365494978112, -34.65389776552006], [117.27365494978112, -34.62889776552006], [117.24865494978111, -34.62889776552006], [117.24865494978111, -34.65389776552006], [117.27365494978112, -34.65389776552006]]]}, "properties": {"layer": "Fuel type", "fuel_code": 220, "fuel_class": "Open forest", "fuel_risk": 86}}, {"type": "Feature", "geometry": {"type": "Polygon", "coordinates": [[[117.29865494978112, -34.65389776552006], [117.29865494978112, -34.62889776552006], [117.27365494978112, -34.62889776552006], [117.27365494978112, -34.65389776552006], [117.29865494978112, -34.65389776552006]]]}, "properties": {"layer": "Fuel type", "fuel_code": 220, "fuel_class": "Open forest", "fuel_risk": 86}}, {"type": "Feature", "geometry": {"type": "Polygon", "coordinates": [[[117.32365494978113, -34.65389776552006], [117.32365494978113, -34.62889776552006], [117.29865494978112, -34.62889776552006], [117.29865494978112, -34.65389776552006], [117.32365494978113, -34.65389776552006]]]}, "properties": {"layer": "Fuel type", "fuel_code": 220, "fuel_class": "Open forest", "fuel_risk": 86}}, {"type": "Feature", "geometry": {"type": "Polygon", "coordinates": [[[117.34865494978114, -34.65389776552006], [117.34865494978114, -34.62889776552006], [117.32365494978113, -34.62889776552006], [117.32365494978113, -34.65389776552006], [117.34865494978114, -34.65389776552006]]]}, "properties": {"layer": "Fuel type", "fuel_code": 220, "fuel_class": "Open forest", "fuel_risk": 86}}, {"type": "Feature", "geometry": {"type": "Polygon", "coordinates": [[[117.37365494978114, -34.65389776552006], [117.37365494978114, -34.62889776552006], [117.34865494978114, -34.62889776552006], [117.34865494978114, -34.65389776552006], [117.37365494978114, -34.65389776552006]]]}, "properties": {"layer": "Fuel type", "fuel_code": 321, "fuel_class": "Radiata pine", "fuel_risk": 96}}, {"type": "Feature", "geometry": {"type": "Polygon", "coordinates": [[[117.39865494978115, -34.65389776552006], [117.39865494978115, -34.62889776552006], [117.37365494978114, -34.62889776552006], [117.37365494978114, -34.65389776552006], [117.39865494978115, -34.65389776552006]]]}, "properties": {"layer": "Fuel type", "fuel_code": 631, "fuel_class": "Grassland", "fuel_risk": 62}}, {"type": "Feature", "geometry": {"type": "Polygon", "coordinates": [[[117.42365494978115, -34.65389776552006], [117.42365494978115, -34.62889776552006], [117.39865494978115, -34.62889776552006], [117.39865494978115, -34.65389776552006], [117.42365494978115, -34.65389776552006]]]}, "properties": {"layer": "Fuel type", "fuel_code": 310, "fuel_class": "Broadleaf plantation", "fuel_risk": 82}}, {"type": "Feature", "geometry": {"type": "Polygon", "coordinates": [[[117.44865494978116, -34.65389776552006], [117.44865494978116, -34.62889776552006], [117.42365494978115, -34.62889776552006], [117.42365494978115, -34.65389776552006], [117.44865494978116, -34.65389776552006]]]}, "properties": {"layer": "Fuel type", "fuel_code": 631, "fuel_class": "Grassland", "fuel_risk": 62}}, {"type": "Feature", "geometry": {"type": "Polygon", "coordinates": [[[117.47365494978116, -34.65389776552006], [117.47365494978116, -34.62889776552006], [117.44865494978116, -34.62889776552006], [117.44865494978116, -34.65389776552006], [117.47365494978116, -34.65389776552006]]]}, "properties": {"layer": "Fuel type", "fuel_code": 230, "fuel_class": "Low open forest", "fuel_risk": 76}}, {"type": "Feature", "geometry": {"type": "Polygon", "coordinates": [[[117.49865494978117, -34.65389776552006], [117.49865494978117, -34.62889776552006], [117.47365494978116, -34.62889776552006], [117.47365494978116, -34.65389776552006], [117.49865494978117, -34.65389776552006]]]}, "properties": {"layer": "Fuel type", "fuel_code": 631, "fuel_class": "Grassland", "fuel_risk": 62}}, {"type": "Feature", "geometry": {"type": "Polygon", "coordinates": [[[117.52365494978118, -34.65389776552006], [117.52365494978118, -34.62889776552006], [117.49865494978117, -34.62889776552006], [117.49865494978117, -34.65389776552006], [117.52365494978118, -34.65389776552006]]]}, "properties": {"layer": "Fuel type", "fuel_code": 310, "fuel_class": "Broadleaf plantation", "fuel_risk": 82}}, {"type": "Feature", "geometry": {"type": "Polygon", "coordinates": [[[117.54865494978118, -34.65389776552006], [117.54865494978118, -34.62889776552006], [117.52365494978118, -34.62889776552006], [117.52365494978118, -34.65389776552006], [117.54865494978118, -34.65389776552006]]]}, "properties": {"layer": "Fuel type", "fuel_code": 631, "fuel_class": "Grassland", "fuel_risk": 62}}, {"type": "Feature", "geometry": {"type": "Polygon", "coordinates": [[[117.57365494978119, -34.65389776552006], [117.57365494978119, -34.62889776552006], [117.54865494978118, -34.62889776552006], [117.54865494978118, -34.65389776552006], [117.57365494978119, -34.65389776552006]]]}, "properties": {"layer": "Fuel type", "fuel_code": 631, "fuel_class": "Grassland", "fuel_risk": 62}}, {"type": "Feature", "geometry": {"type": "Polygon", "coordinates": [[[117.59865494978119, -34.65389776552006], [117.59865494978119, -34.62889776552006], [117.57365494978119, -34.62889776552006], [117.57365494978119, -34.65389776552006], [117.59865494978119, -34.65389776552006]]]}, "properties": {"layer": "Fuel type", "fuel_code": 631, "fuel_class": "Grassland", "fuel_risk": 62}}, {"type": "Feature", "geometry": {"type": "Polygon", "coordinates": [[[117.6236549497812, -34.65389776552006], [117.6236549497812, -34.62889776552006], [117.59865494978119, -34.62889776552006], [117.59865494978119, -34.65389776552006], [117.6236549497812, -34.65389776552006]]]}, "properties": {"layer": "Fuel type", "fuel_code": 631, "fuel_class": "Grassland", "fuel_risk": 62}}, {"type": "Feature", "geometry": {"type": "Polygon", "coordinates": [[[117.6486549497812, -34.65389776552006], [117.6486549497812, -34.62889776552006], [117.6236549497812, -34.62889776552006], [117.6236549497812, -34.65389776552006], [117.6486549497812, -34.65389776552006]]]}, "properties": {"layer": "Fuel type", "fuel_code": 631, "fuel_class": "Grassland", "fuel_risk": 62}}, {"type": "Feature", "geometry": {"type": "Polygon", "coordinates": [[[117.67365494978121, -34.65389776552006], [117.67365494978121, -34.62889776552006], [117.6486549497812, -34.62889776552006], [117.6486549497812, -34.65389776552006], [117.67365494978121, -34.65389776552006]]]}, "properties": {"layer": "Fuel type", "fuel_code": 631, "fuel_class": "Grassland", "fuel_risk": 62}}, {"type": "Feature", "geometry": {"type": "Polygon", "coordinates": [[[117.69865494978121, -34.65389776552006], [117.69865494978121, -34.62889776552006], [117.67365494978121, -34.62889776552006], [117.67365494978121, -34.65389776552006], [117.69865494978121, -34.65389776552006]]]}, "properties": {"layer": "Fuel type", "fuel_code": 631, "fuel_class": "Grassland", "fuel_risk": 62}}, {"type": "Feature", "geometry": {"type": "Polygon", "coordinates": [[[117.72365494978122, -34.65389776552006], [117.72365494978122, -34.62889776552006], [117.69865494978121, -34.62889776552006], [117.69865494978121, -34.65389776552006], [117.72365494978122, -34.65389776552006]]]}, "properties": {"layer": "Fuel type", "fuel_code": 631, "fuel_class": "Grassland", "fuel_risk": 62}}, {"type": "Feature", "geometry": {"type": "Polygon", "coordinates": [[[117.74865494978123, -34.65389776552006], [117.74865494978123, -34.62889776552006], [117.72365494978122, -34.62889776552006], [117.72365494978122, -34.65389776552006], [117.74865494978123, -34.65389776552006]]]}, "properties": {"layer": "Fuel type", "fuel_code": 631, "fuel_class": "Grassland", "fuel_risk": 62}}, {"type": "Feature", "geometry": {"type": "Polygon", "coordinates": [[[117.77365494978123, -34.65389776552006], [117.77365494978123, -34.62889776552006], [117.74865494978123, -34.62889776552006], [117.74865494978123, -34.65389776552006], [117.77365494978123, -34.65389776552006]]]}, "properties": {"layer": "Fuel type", "fuel_code": 230, "fuel_class": "Low open forest", "fuel_risk": 76}}, {"type": "Feature", "geometry": {"type": "Polygon", "coordinates": [[[117.79865494978124, -34.65389776552006], [117.79865494978124, -34.62889776552006], [117.77365494978123, -34.62889776552006], [117.77365494978123, -34.65389776552006], [117.79865494978124, -34.65389776552006]]]}, "properties": {"layer": "Fuel type", "fuel_code": 433, "fuel_class": "Low woodland with grassy understory", "fuel_risk": 66}}, {"type": "Feature", "geometry": {"type": "Polygon", "coordinates": [[[117.82365494978124, -34.65389776552006], [117.82365494978124, -34.62889776552006], [117.79865494978124, -34.62889776552006], [117.79865494978124, -34.65389776552006], [117.82365494978124, -34.65389776552006]]]}, "properties": {"layer": "Fuel type", "fuel_code": 640, "fuel_class": "Croplands", "fuel_risk": 50}}, {"type": "Feature", "geometry": {"type": "Polygon", "coordinates": [[[117.84865494978125, -34.65389776552006], [117.84865494978125, -34.62889776552006], [117.82365494978124, -34.62889776552006], [117.82365494978124, -34.65389776552006], [117.84865494978125, -34.65389776552006]]]}, "properties": {"layer": "Fuel type", "fuel_code": 631, "fuel_class": "Grassland", "fuel_risk": 62}}, {"type": "Feature", "geometry": {"type": "Polygon", "coordinates": [[[117.87365494978125, -34.65389776552006], [117.87365494978125, -34.62889776552006], [117.84865494978125, -34.62889776552006], [117.84865494978125, -34.65389776552006], [117.87365494978125, -34.65389776552006]]]}, "properties": {"layer": "Fuel type", "fuel_code": 631, "fuel_class": "Grassland", "fuel_risk": 62}}, {"type": "Feature", "geometry": {"type": "Polygon", "coordinates": [[[117.89865494978126, -34.65389776552006], [117.89865494978126, -34.62889776552006], [117.87365494978125, -34.62889776552006], [117.87365494978125, -34.65389776552006], [117.89865494978126, -34.65389776552006]]]}, "properties": {"layer": "Fuel type", "fuel_code": 510, "fuel_class": "Tall shrubland", "fuel_risk": 88}}, {"type": "Feature", "geometry": {"type": "Polygon", "coordinates": [[[117.92365494978127, -34.65389776552006], [117.92365494978127, -34.62889776552006], [117.89865494978126, -34.62889776552006], [117.89865494978126, -34.65389776552006], [117.92365494978127, -34.65389776552006]]]}, "properties": {"layer": "Fuel type", "fuel_code": 220, "fuel_class": "Open forest", "fuel_risk": 86}}, {"type": "Feature", "geometry": {"type": "Polygon", "coordinates": [[[117.94865494978127, -34.65389776552006], [117.94865494978127, -34.62889776552006], [117.92365494978127, -34.62889776552006], [117.92365494978127, -34.65389776552006], [117.94865494978127, -34.65389776552006]]]}, "properties": {"layer": "Fuel type", "fuel_code": 631, "fuel_class": "Grassland", "fuel_risk": 62}}, {"type": "Feature", "geometry": {"type": "Polygon", "coordinates": [[[117.97365494978128, -34.65389776552006], [117.97365494978128, -34.62889776552006], [117.94865494978127, -34.62889776552006], [117.94865494978127, -34.65389776552006], [117.97365494978128, -34.65389776552006]]]}, "properties": {"layer": "Fuel type", "fuel_code": 510, "fuel_class": "Tall shrubland", "fuel_risk": 88}}, {"type": "Feature", "geometry": {"type": "Polygon", "coordinates": [[[117.99865494978128, -34.65389776552006], [117.99865494978128, -34.62889776552006], [117.97365494978128, -34.62889776552006], [117.97365494978128, -34.65389776552006], [117.99865494978128, -34.65389776552006]]]}, "properties": {"layer": "Fuel type", "fuel_code": 631, "fuel_class": "Grassland", "fuel_risk": 62}}, {"type": "Feature", "geometry": {"type": "Polygon", "coordinates": [[[118.01203559541987, -34.65389776552006], [118.01203559541987, -34.62889776552006], [117.99865494978128, -34.62889776552006], [117.99865494978128, -34.65389776552006], [118.01203559541987, -34.65389776552006]]]}, "properties": {"layer": "Fuel type", "fuel_code": 640, "fuel_class": "Croplands", "fuel_risk": 50}}, {"type": "Feature", "geometry": {"type": "Polygon", "coordinates": [[[116.92365494978104, -34.62889776552006], [116.92365494978104, -34.60389776552006], [116.89865494978103, -34.60389776552006], [116.89865494978103, -34.62889776552006], [116.92365494978104, -34.62889776552006]]]}, "properties": {"layer": "Fuel type", "fuel_code": 220, "fuel_class": "Open forest", "fuel_risk": 86}}, {"type": "Feature", "geometry": {"type": "Polygon", "coordinates": [[[116.94865494978104, -34.62889776552006], [116.94865494978104, -34.60389776552006], [116.92365494978104, -34.60389776552006], [116.92365494978104, -34.62889776552006], [116.94865494978104, -34.62889776552006]]]}, "properties": {"layer": "Fuel type", "fuel_code": 220, "fuel_class": "Open forest", "fuel_risk": 86}}, {"type": "Feature", "geometry": {"type": "Polygon", "coordinates": [[[116.97365494978105, -34.62889776552006], [116.97365494978105, -34.60389776552006], [116.94865494978104, -34.60389776552006], [116.94865494978104, -34.62889776552006], [116.97365494978105, -34.62889776552006]]]}, "properties": {"layer": "Fuel type", "fuel_code": 220, "fuel_class": "Open forest", "fuel_risk": 86}}, {"type": "Feature", "geometry": {"type": "Polygon", "coordinates": [[[116.99865494978106, -34.62889776552006], [116.99865494978106, -34.60389776552006], [116.97365494978105, -34.60389776552006], [116.97365494978105, -34.62889776552006], [116.99865494978106, -34.62889776552006]]]}, "properties": {"layer": "Fuel type", "fuel_code": 220, "fuel_class": "Open forest", "fuel_risk": 86}}, {"type": "Feature", "geometry": {"type": "Polygon", "coordinates": [[[117.02365494978106, -34.62889776552006], [117.02365494978106, -34.60389776552006], [116.99865494978106, -34.60389776552006], [116.99865494978106, -34.62889776552006], [117.02365494978106, -34.62889776552006]]]}, "properties": {"layer": "Fuel type", "fuel_code": 220, "fuel_class": "Open forest", "fuel_risk": 86}}, {"type": "Feature", "geometry": {"type": "Polygon", "coordinates": [[[117.04865494978107, -34.62889776552006], [117.04865494978107, -34.60389776552006], [117.02365494978106, -34.60389776552006], [117.02365494978106, -34.62889776552006], [117.04865494978107, -34.62889776552006]]]}, "properties": {"layer": "Fuel type", "fuel_code": 220, "fuel_class": "Open forest", "fuel_risk": 86}}, {"type": "Feature", "geometry": {"type": "Polygon", "coordinates": [[[117.07365494978107, -34.62889776552006], [117.07365494978107, -34.60389776552006], [117.04865494978107, -34.60389776552006], [117.04865494978107, -34.62889776552006], [117.07365494978107, -34.62889776552006]]]}, "properties": {"layer": "Fuel type", "fuel_code": 220, "fuel_class": "Open forest", "fuel_risk": 86}}, {"type": "Feature", "geometry": {"type": "Polygon", "coordinates": [[[117.09865494978108, -34.62889776552006], [117.09865494978108, -34.60389776552006], [117.07365494978107, -34.60389776552006], [117.07365494978107, -34.62889776552006], [117.09865494978108, -34.62889776552006]]]}, "properties": {"layer": "Fuel type", "fuel_code": 310, "fuel_class": "Broadleaf plantation", "fuel_risk": 82}}, {"type": "Feature", "geometry": {"type": "Polygon", "coordinates": [[[117.12365494978108, -34.62889776552006], [117.12365494978108, -34.60389776552006], [117.09865494978108, -34.60389776552006], [117.09865494978108, -34.62889776552006], [117.12365494978108, -34.62889776552006]]]}, "properties": {"layer": "Fuel type", "fuel_code": 220, "fuel_class": "Open forest", "fuel_risk": 86}}, {"type": "Feature", "geometry": {"type": "Polygon", "coordinates": [[[117.14865494978109, -34.62889776552006], [117.14865494978109, -34.60389776552006], [117.12365494978108, -34.60389776552006], [117.12365494978108, -34.62889776552006], [117.14865494978109, -34.62889776552006]]]}, "properties": {"layer": "Fuel type", "fuel_code": 220, "fuel_class": "Open forest", "fuel_risk": 86}}, {"type": "Feature", "geometry": {"type": "Polygon", "coordinates": [[[117.1736549497811, -34.62889776552006], [117.1736549497811, -34.60389776552006], [117.14865494978109, -34.60389776552006], [117.14865494978109, -34.62889776552006], [117.1736549497811, -34.62889776552006]]]}, "properties": {"layer": "Fuel type", "fuel_code": 220, "fuel_class": "Open forest", "fuel_risk": 86}}, {"type": "Feature", "geometry": {"type": "Polygon", "coordinates": [[[117.1986549497811, -34.62889776552006], [117.1986549497811, -34.60389776552006], [117.1736549497811, -34.60389776552006], [117.1736549497811, -34.62889776552006], [117.1986549497811, -34.62889776552006]]]}, "properties": {"layer": "Fuel type", "fuel_code": 230, "fuel_class": "Low open forest", "fuel_risk": 76}}, {"type": "Feature", "geometry": {"type": "Polygon", "coordinates": [[[117.2236549497811, -34.62889776552006], [117.2236549497811, -34.60389776552006], [117.1986549497811, -34.60389776552006], [117.1986549497811, -34.62889776552006], [117.2236549497811, -34.62889776552006]]]}, "properties": {"layer": "Fuel type", "fuel_code": 230, "fuel_class": "Low open forest", "fuel_risk": 76}}, {"type": "Feature", "geometry": {"type": "Polygon", "coordinates": [[[117.24865494978111, -34.62889776552006], [117.24865494978111, -34.60389776552006], [117.2236549497811, -34.60389776552006], [117.2236549497811, -34.62889776552006], [117.24865494978111, -34.62889776552006]]]}, "properties": {"layer": "Fuel type", "fuel_code": 220, "fuel_class": "Open forest", "fuel_risk": 86}}, {"type": "Feature", "geometry": {"type": "Polygon", "coordinates": [[[117.27365494978112, -34.62889776552006], [117.27365494978112, -34.60389776552006], [117.24865494978111, -34.60389776552006], [117.24865494978111, -34.62889776552006], [117.27365494978112, -34.62889776552006]]]}, "properties": {"layer": "Fuel type", "fuel_code": 230, "fuel_class": "Low open forest", "fuel_risk": 76}}, {"type": "Feature", "geometry": {"type": "Polygon", "coordinates": [[[117.29865494978112, -34.62889776552006], [117.29865494978112, -34.60389776552006], [117.27365494978112, -34.60389776552006], [117.27365494978112, -34.62889776552006], [117.29865494978112, -34.62889776552006]]]}, "properties": {"layer": "Fuel type", "fuel_code": 310, "fuel_class": "Broadleaf plantation", "fuel_risk": 82}}, {"type": "Feature", "geometry": {"type": "Polygon", "coordinates": [[[117.32365494978113, -34.62889776552006], [117.32365494978113, -34.60389776552006], [117.29865494978112, -34.60389776552006], [117.29865494978112, -34.62889776552006], [117.32365494978113, -34.62889776552006]]]}, "properties": {"layer": "Fuel type", "fuel_code": 423, "fuel_class": "Woodland with grassy understory", "fuel_risk": 72}}, {"type": "Feature", "geometry": {"type": "Polygon", "coordinates": [[[117.34865494978114, -34.62889776552006], [117.34865494978114, -34.60389776552006], [117.32365494978113, -34.60389776552006], [117.32365494978113, -34.62889776552006], [117.34865494978114, -34.62889776552006]]]}, "properties": {"layer": "Fuel type", "fuel_code": 220, "fuel_class": "Open forest", "fuel_risk": 86}}, {"type": "Feature", "geometry": {"type": "Polygon", "coordinates": [[[117.37365494978114, -34.62889776552006], [117.37365494978114, -34.60389776552006], [117.34865494978114, -34.60389776552006], [117.34865494978114, -34.62889776552006], [117.37365494978114, -34.62889776552006]]]}, "properties": {"layer": "Fuel type", "fuel_code": 220, "fuel_class": "Open forest", "fuel_risk": 86}}, {"type": "Feature", "geometry": {"type": "Polygon", "coordinates": [[[117.39865494978115, -34.62889776552006], [117.39865494978115, -34.60389776552006], [117.37365494978114, -34.60389776552006], [117.37365494978114, -34.62889776552006], [117.39865494978115, -34.62889776552006]]]}, "properties": {"layer": "Fuel type", "fuel_code": 631, "fuel_class": "Grassland", "fuel_risk": 62}}, {"type": "Feature", "geometry": {"type": "Polygon", "coordinates": [[[117.42365494978115, -34.62889776552006], [117.42365494978115, -34.60389776552006], [117.39865494978115, -34.60389776552006], [117.39865494978115, -34.62889776552006], [117.42365494978115, -34.62889776552006]]]}, "properties": {"layer": "Fuel type", "fuel_code": 631, "fuel_class": "Grassland", "fuel_risk": 62}}, {"type": "Feature", "geometry": {"type": "Polygon", "coordinates": [[[117.44865494978116, -34.62889776552006], [117.44865494978116, -34.60389776552006], [117.42365494978115, -34.60389776552006], [117.42365494978115, -34.62889776552006], [117.44865494978116, -34.62889776552006]]]}, "properties": {"layer": "Fuel type", "fuel_code": 423, "fuel_class": "Woodland with grassy understory", "fuel_risk": 72}}, {"type": "Feature", "geometry": {"type": "Polygon", "coordinates": [[[117.47365494978116, -34.62889776552006], [117.47365494978116, -34.60389776552006], [117.44865494978116, -34.60389776552006], [117.44865494978116, -34.62889776552006], [117.47365494978116, -34.62889776552006]]]}, "properties": {"layer": "Fuel type", "fuel_code": 220, "fuel_class": "Open forest", "fuel_risk": 86}}, {"type": "Feature", "geometry": {"type": "Polygon", "coordinates": [[[117.49865494978117, -34.62889776552006], [117.49865494978117, -34.60389776552006], [117.47365494978116, -34.60389776552006], [117.47365494978116, -34.62889776552006], [117.49865494978117, -34.62889776552006]]]}, "properties": {"layer": "Fuel type", "fuel_code": 220, "fuel_class": "Open forest", "fuel_risk": 86}}, {"type": "Feature", "geometry": {"type": "Polygon", "coordinates": [[[117.52365494978118, -34.62889776552006], [117.52365494978118, -34.60389776552006], [117.49865494978117, -34.60389776552006], [117.49865494978117, -34.62889776552006], [117.52365494978118, -34.62889776552006]]]}, "properties": {"layer": "Fuel type", "fuel_code": 220, "fuel_class": "Open forest", "fuel_risk": 86}}, {"type": "Feature", "geometry": {"type": "Polygon", "coordinates": [[[117.54865494978118, -34.62889776552006], [117.54865494978118, -34.60389776552006], [117.52365494978118, -34.60389776552006], [117.52365494978118, -34.62889776552006], [117.54865494978118, -34.62889776552006]]]}, "properties": {"layer": "Fuel type", "fuel_code": 631, "fuel_class": "Grassland", "fuel_risk": 62}}, {"type": "Feature", "geometry": {"type": "Polygon", "coordinates": [[[117.57365494978119, -34.62889776552006], [117.57365494978119, -34.60389776552006], [117.54865494978118, -34.60389776552006], [117.54865494978118, -34.62889776552006], [117.57365494978119, -34.62889776552006]]]}, "properties": {"layer": "Fuel type", "fuel_code": 631, "fuel_class": "Grassland", "fuel_risk": 62}}, {"type": "Feature", "geometry": {"type": "Polygon", "coordinates": [[[117.59865494978119, -34.62889776552006], [117.59865494978119, -34.60389776552006], [117.57365494978119, -34.60389776552006], [117.57365494978119, -34.62889776552006], [117.59865494978119, -34.62889776552006]]]}, "properties": {"layer": "Fuel type", "fuel_code": 220, "fuel_class": "Open forest", "fuel_risk": 86}}, {"type": "Feature", "geometry": {"type": "Polygon", "coordinates": [[[117.6236549497812, -34.62889776552006], [117.6236549497812, -34.60389776552006], [117.59865494978119, -34.60389776552006], [117.59865494978119, -34.62889776552006], [117.6236549497812, -34.62889776552006]]]}, "properties": {"layer": "Fuel type", "fuel_code": 510, "fuel_class": "Tall shrubland", "fuel_risk": 88}}, {"type": "Feature", "geometry": {"type": "Polygon", "coordinates": [[[117.6486549497812, -34.62889776552006], [117.6486549497812, -34.60389776552006], [117.6236549497812, -34.60389776552006], [117.6236549497812, -34.62889776552006], [117.6486549497812, -34.62889776552006]]]}, "properties": {"layer": "Fuel type", "fuel_code": 920, "fuel_class": "Wildland urban interface 1", "fuel_risk": 82}}, {"type": "Feature", "geometry": {"type": "Polygon", "coordinates": [[[117.67365494978121, -34.62889776552006], [117.67365494978121, -34.60389776552006], [117.6486549497812, -34.60389776552006], [117.6486549497812, -34.62889776552006], [117.67365494978121, -34.62889776552006]]]}, "properties": {"layer": "Fuel type", "fuel_code": 631, "fuel_class": "Grassland", "fuel_risk": 62}}, {"type": "Feature", "geometry": {"type": "Polygon", "coordinates": [[[117.69865494978121, -34.62889776552006], [117.69865494978121, -34.60389776552006], [117.67365494978121, -34.60389776552006], [117.67365494978121, -34.62889776552006], [117.69865494978121, -34.62889776552006]]]}, "properties": {"layer": "Fuel type", "fuel_code": 433, "fuel_class": "Low woodland with grassy understory", "fuel_risk": 66}}, {"type": "Feature", "geometry": {"type": "Polygon", "coordinates": [[[117.72365494978122, -34.62889776552006], [117.72365494978122, -34.60389776552006], [117.69865494978121, -34.60389776552006], [117.69865494978121, -34.62889776552006], [117.72365494978122, -34.62889776552006]]]}, "properties": {"layer": "Fuel type", "fuel_code": 631, "fuel_class": "Grassland", "fuel_risk": 62}}, {"type": "Feature", "geometry": {"type": "Polygon", "coordinates": [[[117.74865494978123, -34.62889776552006], [117.74865494978123, -34.60389776552006], [117.72365494978122, -34.60389776552006], [117.72365494978122, -34.62889776552006], [117.74865494978123, -34.62889776552006]]]}, "properties": {"layer": "Fuel type", "fuel_code": 631, "fuel_class": "Grassland", "fuel_risk": 62}}, {"type": "Feature", "geometry": {"type": "Polygon", "coordinates": [[[117.77365494978123, -34.62889776552006], [117.77365494978123, -34.60389776552006], [117.74865494978123, -34.60389776552006], [117.74865494978123, -34.62889776552006], [117.77365494978123, -34.62889776552006]]]}, "properties": {"layer": "Fuel type", "fuel_code": 220, "fuel_class": "Open forest", "fuel_risk": 86}}, {"type": "Feature", "geometry": {"type": "Polygon", "coordinates": [[[117.79865494978124, -34.62889776552006], [117.79865494978124, -34.60389776552006], [117.77365494978123, -34.60389776552006], [117.77365494978123, -34.62889776552006], [117.79865494978124, -34.62889776552006]]]}, "properties": {"layer": "Fuel type", "fuel_code": 631, "fuel_class": "Grassland", "fuel_risk": 62}}, {"type": "Feature", "geometry": {"type": "Polygon", "coordinates": [[[117.82365494978124, -34.62889776552006], [117.82365494978124, -34.60389776552006], [117.79865494978124, -34.60389776552006], [117.79865494978124, -34.62889776552006], [117.82365494978124, -34.62889776552006]]]}, "properties": {"layer": "Fuel type", "fuel_code": 631, "fuel_class": "Grassland", "fuel_risk": 62}}, {"type": "Feature", "geometry": {"type": "Polygon", "coordinates": [[[117.84865494978125, -34.62889776552006], [117.84865494978125, -34.60389776552006], [117.82365494978124, -34.60389776552006], [117.82365494978124, -34.62889776552006], [117.84865494978125, -34.62889776552006]]]}, "properties": {"layer": "Fuel type", "fuel_code": 631, "fuel_class": "Grassland", "fuel_risk": 62}}, {"type": "Feature", "geometry": {"type": "Polygon", "coordinates": [[[117.87365494978125, -34.62889776552006], [117.87365494978125, -34.60389776552006], [117.84865494978125, -34.60389776552006], [117.84865494978125, -34.62889776552006], [117.87365494978125, -34.62889776552006]]]}, "properties": {"layer": "Fuel type", "fuel_code": 631, "fuel_class": "Grassland", "fuel_risk": 62}}, {"type": "Feature", "geometry": {"type": "Polygon", "coordinates": [[[117.89865494978126, -34.62889776552006], [117.89865494978126, -34.60389776552006], [117.87365494978125, -34.60389776552006], [117.87365494978125, -34.62889776552006], [117.89865494978126, -34.62889776552006]]]}, "properties": {"layer": "Fuel type", "fuel_code": 631, "fuel_class": "Grassland", "fuel_risk": 62}}, {"type": "Feature", "geometry": {"type": "Polygon", "coordinates": [[[117.92365494978127, -34.62889776552006], [117.92365494978127, -34.60389776552006], [117.89865494978126, -34.60389776552006], [117.89865494978126, -34.62889776552006], [117.92365494978127, -34.62889776552006]]]}, "properties": {"layer": "Fuel type", "fuel_code": 631, "fuel_class": "Grassland", "fuel_risk": 62}}, {"type": "Feature", "geometry": {"type": "Polygon", "coordinates": [[[117.94865494978127, -34.62889776552006], [117.94865494978127, -34.60389776552006], [117.92365494978127, -34.60389776552006], [117.92365494978127, -34.62889776552006], [117.94865494978127, -34.62889776552006]]]}, "properties": {"layer": "Fuel type", "fuel_code": 631, "fuel_class": "Grassland", "fuel_risk": 62}}, {"type": "Feature", "geometry": {"type": "Polygon", "coordinates": [[[117.97365494978128, -34.62889776552006], [117.97365494978128, -34.60389776552006], [117.94865494978127, -34.60389776552006], [117.94865494978127, -34.62889776552006], [117.97365494978128, -34.62889776552006]]]}, "properties": {"layer": "Fuel type", "fuel_code": 631, "fuel_class": "Grassland", "fuel_risk": 62}}, {"type": "Feature", "geometry": {"type": "Polygon", "coordinates": [[[117.99865494978128, -34.62889776552006], [117.99865494978128, -34.60389776552006], [117.97365494978128, -34.60389776552006], [117.97365494978128, -34.62889776552006], [117.99865494978128, -34.62889776552006]]]}, "properties": {"layer": "Fuel type", "fuel_code": 640, "fuel_class": "Croplands", "fuel_risk": 50}}, {"type": "Feature", "geometry": {"type": "Polygon", "coordinates": [[[118.01203559541987, -34.62889776552006], [118.01203559541987, -34.60389776552006], [117.99865494978128, -34.60389776552006], [117.99865494978128, -34.62889776552006], [118.01203559541987, -34.62889776552006]]]}, "properties": {"layer": "Fuel type", "fuel_code": 640, "fuel_class": "Croplands", "fuel_risk": 50}}, {"type": "Feature", "geometry": {"type": "Polygon", "coordinates": [[[116.92365494978104, -34.60389776552006], [116.92365494978104, -34.57889776552006], [116.89865494978103, -34.57889776552006], [116.89865494978103, -34.60389776552006], [116.92365494978104, -34.60389776552006]]]}, "properties": {"layer": "Fuel type", "fuel_code": 220, "fuel_class": "Open forest", "fuel_risk": 86}}, {"type": "Feature", "geometry": {"type": "Polygon", "coordinates": [[[116.94865494978104, -34.60389776552006], [116.94865494978104, -34.57889776552006], [116.92365494978104, -34.57889776552006], [116.92365494978104, -34.60389776552006], [116.94865494978104, -34.60389776552006]]]}, "properties": {"layer": "Fuel type", "fuel_code": 220, "fuel_class": "Open forest", "fuel_risk": 86}}, {"type": "Feature", "geometry": {"type": "Polygon", "coordinates": [[[116.97365494978105, -34.60389776552006], [116.97365494978105, -34.57889776552006], [116.94865494978104, -34.57889776552006], [116.94865494978104, -34.60389776552006], [116.97365494978105, -34.60389776552006]]]}, "properties": {"layer": "Fuel type", "fuel_code": 220, "fuel_class": "Open forest", "fuel_risk": 86}}, {"type": "Feature", "geometry": {"type": "Polygon", "coordinates": [[[116.99865494978106, -34.60389776552006], [116.99865494978106, -34.57889776552006], [116.97365494978105, -34.57889776552006], [116.97365494978105, -34.60389776552006], [116.99865494978106, -34.60389776552006]]]}, "properties": {"layer": "Fuel type", "fuel_code": 310, "fuel_class": "Broadleaf plantation", "fuel_risk": 82}}, {"type": "Feature", "geometry": {"type": "Polygon", "coordinates": [[[117.02365494978106, -34.60389776552006], [117.02365494978106, -34.57889776552006], [116.99865494978106, -34.57889776552006], [116.99865494978106, -34.60389776552006], [117.02365494978106, -34.60389776552006]]]}, "properties": {"layer": "Fuel type", "fuel_code": 310, "fuel_class": "Broadleaf plantation", "fuel_risk": 82}}, {"type": "Feature", "geometry": {"type": "Polygon", "coordinates": [[[117.04865494978107, -34.60389776552006], [117.04865494978107, -34.57889776552006], [117.02365494978106, -34.57889776552006], [117.02365494978106, -34.60389776552006], [117.04865494978107, -34.60389776552006]]]}, "properties": {"layer": "Fuel type", "fuel_code": 220, "fuel_class": "Open forest", "fuel_risk": 86}}, {"type": "Feature", "geometry": {"type": "Polygon", "coordinates": [[[117.07365494978107, -34.60389776552006], [117.07365494978107, -34.57889776552006], [117.04865494978107, -34.57889776552006], [117.04865494978107, -34.60389776552006], [117.07365494978107, -34.60389776552006]]]}, "properties": {"layer": "Fuel type", "fuel_code": 220, "fuel_class": "Open forest", "fuel_risk": 86}}, {"type": "Feature", "geometry": {"type": "Polygon", "coordinates": [[[117.09865494978108, -34.60389776552006], [117.09865494978108, -34.57889776552006], [117.07365494978107, -34.57889776552006], [117.07365494978107, -34.60389776552006], [117.09865494978108, -34.60389776552006]]]}, "properties": {"layer": "Fuel type", "fuel_code": 310, "fuel_class": "Broadleaf plantation", "fuel_risk": 82}}, {"type": "Feature", "geometry": {"type": "Polygon", "coordinates": [[[117.12365494978108, -34.60389776552006], [117.12365494978108, -34.57889776552006], [117.09865494978108, -34.57889776552006], [117.09865494978108, -34.60389776552006], [117.12365494978108, -34.60389776552006]]]}, "properties": {"layer": "Fuel type", "fuel_code": 220, "fuel_class": "Open forest", "fuel_risk": 86}}, {"type": "Feature", "geometry": {"type": "Polygon", "coordinates": [[[117.14865494978109, -34.60389776552006], [117.14865494978109, -34.57889776552006], [117.12365494978108, -34.57889776552006], [117.12365494978108, -34.60389776552006], [117.14865494978109, -34.60389776552006]]]}, "properties": {"layer": "Fuel type", "fuel_code": 220, "fuel_class": "Open forest", "fuel_risk": 86}}, {"type": "Feature", "geometry": {"type": "Polygon", "coordinates": [[[117.1736549497811, -34.60389776552006], [117.1736549497811, -34.57889776552006], [117.14865494978109, -34.57889776552006], [117.14865494978109, -34.60389776552006], [117.1736549497811, -34.60389776552006]]]}, "properties": {"layer": "Fuel type", "fuel_code": 220, "fuel_class": "Open forest", "fuel_risk": 86}}, {"type": "Feature", "geometry": {"type": "Polygon", "coordinates": [[[117.1986549497811, -34.60389776552006], [117.1986549497811, -34.57889776552006], [117.1736549497811, -34.57889776552006], [117.1736549497811, -34.60389776552006], [117.1986549497811, -34.60389776552006]]]}, "properties": {"layer": "Fuel type", "fuel_code": 230, "fuel_class": "Low open forest", "fuel_risk": 76}}, {"type": "Feature", "geometry": {"type": "Polygon", "coordinates": [[[117.2236549497811, -34.60389776552006], [117.2236549497811, -34.57889776552006], [117.1986549497811, -34.57889776552006], [117.1986549497811, -34.60389776552006], [117.2236549497811, -34.60389776552006]]]}, "properties": {"layer": "Fuel type", "fuel_code": 220, "fuel_class": "Open forest", "fuel_risk": 86}}, {"type": "Feature", "geometry": {"type": "Polygon", "coordinates": [[[117.24865494978111, -34.60389776552006], [117.24865494978111, -34.57889776552006], [117.2236549497811, -34.57889776552006], [117.2236549497811, -34.60389776552006], [117.24865494978111, -34.60389776552006]]]}, "properties": {"layer": "Fuel type", "fuel_code": 220, "fuel_class": "Open forest", "fuel_risk": 86}}, {"type": "Feature", "geometry": {"type": "Polygon", "coordinates": [[[117.27365494978112, -34.60389776552006], [117.27365494978112, -34.57889776552006], [117.24865494978111, -34.57889776552006], [117.24865494978111, -34.60389776552006], [117.27365494978112, -34.60389776552006]]]}, "properties": {"layer": "Fuel type", "fuel_code": 631, "fuel_class": "Grassland", "fuel_risk": 62}}, {"type": "Feature", "geometry": {"type": "Polygon", "coordinates": [[[117.29865494978112, -34.60389776552006], [117.29865494978112, -34.57889776552006], [117.27365494978112, -34.57889776552006], [117.27365494978112, -34.60389776552006], [117.29865494978112, -34.60389776552006]]]}, "properties": {"layer": "Fuel type", "fuel_code": 220, "fuel_class": "Open forest", "fuel_risk": 86}}, {"type": "Feature", "geometry": {"type": "Polygon", "coordinates": [[[117.32365494978113, -34.60389776552006], [117.32365494978113, -34.57889776552006], [117.29865494978112, -34.57889776552006], [117.29865494978112, -34.60389776552006], [117.32365494978113, -34.60389776552006]]]}, "properties": {"layer": "Fuel type", "fuel_code": 631, "fuel_class": "Grassland", "fuel_risk": 62}}, {"type": "Feature", "geometry": {"type": "Polygon", "coordinates": [[[117.34865494978114, -34.60389776552006], [117.34865494978114, -34.57889776552006], [117.32365494978113, -34.57889776552006], [117.32365494978113, -34.60389776552006], [117.34865494978114, -34.60389776552006]]]}, "properties": {"layer": "Fuel type", "fuel_code": 220, "fuel_class": "Open forest", "fuel_risk": 86}}, {"type": "Feature", "geometry": {"type": "Polygon", "coordinates": [[[117.37365494978114, -34.60389776552006], [117.37365494978114, -34.57889776552006], [117.34865494978114, -34.57889776552006], [117.34865494978114, -34.60389776552006], [117.37365494978114, -34.60389776552006]]]}, "properties": {"layer": "Fuel type", "fuel_code": 220, "fuel_class": "Open forest", "fuel_risk": 86}}, {"type": "Feature", "geometry": {"type": "Polygon", "coordinates": [[[117.39865494978115, -34.60389776552006], [117.39865494978115, -34.57889776552006], [117.37365494978114, -34.57889776552006], [117.37365494978114, -34.60389776552006], [117.39865494978115, -34.60389776552006]]]}, "properties": {"layer": "Fuel type", "fuel_code": 631, "fuel_class": "Grassland", "fuel_risk": 62}}, {"type": "Feature", "geometry": {"type": "Polygon", "coordinates": [[[117.42365494978115, -34.60389776552006], [117.42365494978115, -34.57889776552006], [117.39865494978115, -34.57889776552006], [117.39865494978115, -34.60389776552006], [117.42365494978115, -34.60389776552006]]]}, "properties": {"layer": "Fuel type", "fuel_code": 640, "fuel_class": "Croplands", "fuel_risk": 50}}, {"type": "Feature", "geometry": {"type": "Polygon", "coordinates": [[[117.44865494978116, -34.60389776552006], [117.44865494978116, -34.57889776552006], [117.42365494978115, -34.57889776552006], [117.42365494978115, -34.60389776552006], [117.44865494978116, -34.60389776552006]]]}, "properties": {"layer": "Fuel type", "fuel_code": 640, "fuel_class": "Croplands", "fuel_risk": 50}}, {"type": "Feature", "geometry": {"type": "Polygon", "coordinates": [[[117.47365494978116, -34.60389776552006], [117.47365494978116, -34.57889776552006], [117.44865494978116, -34.57889776552006], [117.44865494978116, -34.60389776552006], [117.47365494978116, -34.60389776552006]]]}, "properties": {"layer": "Fuel type", "fuel_code": 423, "fuel_class": "Woodland with grassy understory", "fuel_risk": 72}}, {"type": "Feature", "geometry": {"type": "Polygon", "coordinates": [[[117.49865494978117, -34.60389776552006], [117.49865494978117, -34.57889776552006], [117.47365494978116, -34.57889776552006], [117.47365494978116, -34.60389776552006], [117.49865494978117, -34.60389776552006]]]}, "properties": {"layer": "Fuel type", "fuel_code": 220, "fuel_class": "Open forest", "fuel_risk": 86}}, {"type": "Feature", "geometry": {"type": "Polygon", "coordinates": [[[117.52365494978118, -34.60389776552006], [117.52365494978118, -34.57889776552006], [117.49865494978117, -34.57889776552006], [117.49865494978117, -34.60389776552006], [117.52365494978118, -34.60389776552006]]]}, "properties": {"layer": "Fuel type", "fuel_code": 640, "fuel_class": "Croplands", "fuel_risk": 50}}, {"type": "Feature", "geometry": {"type": "Polygon", "coordinates": [[[117.54865494978118, -34.60389776552006], [117.54865494978118, -34.57889776552006], [117.52365494978118, -34.57889776552006], [117.52365494978118, -34.60389776552006], [117.54865494978118, -34.60389776552006]]]}, "properties": {"layer": "Fuel type", "fuel_code": 640, "fuel_class": "Croplands", "fuel_risk": 50}}, {"type": "Feature", "geometry": {"type": "Polygon", "coordinates": [[[117.57365494978119, -34.60389776552006], [117.57365494978119, -34.57889776552006], [117.54865494978118, -34.57889776552006], [117.54865494978118, -34.60389776552006], [117.57365494978119, -34.60389776552006]]]}, "properties": {"layer": "Fuel type", "fuel_code": 631, "fuel_class": "Grassland", "fuel_risk": 62}}, {"type": "Feature", "geometry": {"type": "Polygon", "coordinates": [[[117.59865494978119, -34.60389776552006], [117.59865494978119, -34.57889776552006], [117.57365494978119, -34.57889776552006], [117.57365494978119, -34.60389776552006], [117.59865494978119, -34.60389776552006]]]}, "properties": {"layer": "Fuel type", "fuel_code": 631, "fuel_class": "Grassland", "fuel_risk": 62}}, {"type": "Feature", "geometry": {"type": "Polygon", "coordinates": [[[117.6236549497812, -34.60389776552006], [117.6236549497812, -34.57889776552006], [117.59865494978119, -34.57889776552006], [117.59865494978119, -34.60389776552006], [117.6236549497812, -34.60389776552006]]]}, "properties": {"layer": "Fuel type", "fuel_code": 631, "fuel_class": "Grassland", "fuel_risk": 62}}, {"type": "Feature", "geometry": {"type": "Polygon", "coordinates": [[[117.6486549497812, -34.60389776552006], [117.6486549497812, -34.57889776552006], [117.6236549497812, -34.57889776552006], [117.6236549497812, -34.60389776552006], [117.6486549497812, -34.60389776552006]]]}, "properties": {"layer": "Fuel type", "fuel_code": 220, "fuel_class": "Open forest", "fuel_risk": 86}}, {"type": "Feature", "geometry": {"type": "Polygon", "coordinates": [[[117.67365494978121, -34.60389776552006], [117.67365494978121, -34.57889776552006], [117.6486549497812, -34.57889776552006], [117.6486549497812, -34.60389776552006], [117.67365494978121, -34.60389776552006]]]}, "properties": {"layer": "Fuel type", "fuel_code": 631, "fuel_class": "Grassland", "fuel_risk": 62}}, {"type": "Feature", "geometry": {"type": "Polygon", "coordinates": [[[117.69865494978121, -34.60389776552006], [117.69865494978121, -34.57889776552006], [117.67365494978121, -34.57889776552006], [117.67365494978121, -34.60389776552006], [117.69865494978121, -34.60389776552006]]]}, "properties": {"layer": "Fuel type", "fuel_code": 631, "fuel_class": "Grassland", "fuel_risk": 62}}, {"type": "Feature", "geometry": {"type": "Polygon", "coordinates": [[[117.72365494978122, -34.60389776552006], [117.72365494978122, -34.57889776552006], [117.69865494978121, -34.57889776552006], [117.69865494978121, -34.60389776552006], [117.72365494978122, -34.60389776552006]]]}, "properties": {"layer": "Fuel type", "fuel_code": 631, "fuel_class": "Grassland", "fuel_risk": 62}}, {"type": "Feature", "geometry": {"type": "Polygon", "coordinates": [[[117.74865494978123, -34.60389776552006], [117.74865494978123, -34.57889776552006], [117.72365494978122, -34.57889776552006], [117.72365494978122, -34.60389776552006], [117.74865494978123, -34.60389776552006]]]}, "properties": {"layer": "Fuel type", "fuel_code": 631, "fuel_class": "Grassland", "fuel_risk": 62}}, {"type": "Feature", "geometry": {"type": "Polygon", "coordinates": [[[117.77365494978123, -34.60389776552006], [117.77365494978123, -34.57889776552006], [117.74865494978123, -34.57889776552006], [117.74865494978123, -34.60389776552006], [117.77365494978123, -34.60389776552006]]]}, "properties": {"layer": "Fuel type", "fuel_code": 520, "fuel_class": "Shrubland", "fuel_risk": 82}}, {"type": "Feature", "geometry": {"type": "Polygon", "coordinates": [[[117.79865494978124, -34.60389776552006], [117.79865494978124, -34.57889776552006], [117.77365494978123, -34.57889776552006], [117.77365494978123, -34.60389776552006], [117.79865494978124, -34.60389776552006]]]}, "properties": {"layer": "Fuel type", "fuel_code": 220, "fuel_class": "Open forest", "fuel_risk": 86}}, {"type": "Feature", "geometry": {"type": "Polygon", "coordinates": [[[117.82365494978124, -34.60389776552006], [117.82365494978124, -34.57889776552006], [117.79865494978124, -34.57889776552006], [117.79865494978124, -34.60389776552006], [117.82365494978124, -34.60389776552006]]]}, "properties": {"layer": "Fuel type", "fuel_code": 960, "fuel_class": "Bare ground", "fuel_risk": 12}}, {"type": "Feature", "geometry": {"type": "Polygon", "coordinates": [[[117.84865494978125, -34.60389776552006], [117.84865494978125, -34.57889776552006], [117.82365494978124, -34.57889776552006], [117.82365494978124, -34.60389776552006], [117.84865494978125, -34.60389776552006]]]}, "properties": {"layer": "Fuel type", "fuel_code": 631, "fuel_class": "Grassland", "fuel_risk": 62}}, {"type": "Feature", "geometry": {"type": "Polygon", "coordinates": [[[117.87365494978125, -34.60389776552006], [117.87365494978125, -34.57889776552006], [117.84865494978125, -34.57889776552006], [117.84865494978125, -34.60389776552006], [117.87365494978125, -34.60389776552006]]]}, "properties": {"layer": "Fuel type", "fuel_code": 220, "fuel_class": "Open forest", "fuel_risk": 86}}, {"type": "Feature", "geometry": {"type": "Polygon", "coordinates": [[[117.89865494978126, -34.60389776552006], [117.89865494978126, -34.57889776552006], [117.87365494978125, -34.57889776552006], [117.87365494978125, -34.60389776552006], [117.89865494978126, -34.60389776552006]]]}, "properties": {"layer": "Fuel type", "fuel_code": 510, "fuel_class": "Tall shrubland", "fuel_risk": 88}}, {"type": "Feature", "geometry": {"type": "Polygon", "coordinates": [[[117.92365494978127, -34.60389776552006], [117.92365494978127, -34.57889776552006], [117.89865494978126, -34.57889776552006], [117.89865494978126, -34.60389776552006], [117.92365494978127, -34.60389776552006]]]}, "properties": {"layer": "Fuel type", "fuel_code": 631, "fuel_class": "Grassland", "fuel_risk": 62}}, {"type": "Feature", "geometry": {"type": "Polygon", "coordinates": [[[117.94865494978127, -34.60389776552006], [117.94865494978127, -34.57889776552006], [117.92365494978127, -34.57889776552006], [117.92365494978127, -34.60389776552006], [117.94865494978127, -34.60389776552006]]]}, "properties": {"layer": "Fuel type", "fuel_code": 640, "fuel_class": "Croplands", "fuel_risk": 50}}, {"type": "Feature", "geometry": {"type": "Polygon", "coordinates": [[[117.97365494978128, -34.60389776552006], [117.97365494978128, -34.57889776552006], [117.94865494978127, -34.57889776552006], [117.94865494978127, -34.60389776552006], [117.97365494978128, -34.60389776552006]]]}, "properties": {"layer": "Fuel type", "fuel_code": 640, "fuel_class": "Croplands", "fuel_risk": 50}}, {"type": "Feature", "geometry": {"type": "Polygon", "coordinates": [[[117.99865494978128, -34.60389776552006], [117.99865494978128, -34.57889776552006], [117.97365494978128, -34.57889776552006], [117.97365494978128, -34.60389776552006], [117.99865494978128, -34.60389776552006]]]}, "properties": {"layer": "Fuel type", "fuel_code": 640, "fuel_class": "Croplands", "fuel_risk": 50}}, {"type": "Feature", "geometry": {"type": "Polygon", "coordinates": [[[118.01203559541987, -34.60389776552006], [118.01203559541987, -34.57889776552006], [117.99865494978128, -34.57889776552006], [117.99865494978128, -34.60389776552006], [118.01203559541987, -34.60389776552006]]]}, "properties": {"layer": "Fuel type", "fuel_code": 640, "fuel_class": "Croplands", "fuel_risk": 50}}, {"type": "Feature", "geometry": {"type": "Polygon", "coordinates": [[[116.92365494978104, -34.57889776552006], [116.92365494978104, -34.55389776552006], [116.89865494978103, -34.55389776552006], [116.89865494978103, -34.57889776552006], [116.92365494978104, -34.57889776552006]]]}, "properties": {"layer": "Fuel type", "fuel_code": 220, "fuel_class": "Open forest", "fuel_risk": 86}}, {"type": "Feature", "geometry": {"type": "Polygon", "coordinates": [[[116.94865494978104, -34.57889776552006], [116.94865494978104, -34.55389776552006], [116.92365494978104, -34.55389776552006], [116.92365494978104, -34.57889776552006], [116.94865494978104, -34.57889776552006]]]}, "properties": {"layer": "Fuel type", "fuel_code": 310, "fuel_class": "Broadleaf plantation", "fuel_risk": 82}}, {"type": "Feature", "geometry": {"type": "Polygon", "coordinates": [[[116.97365494978105, -34.57889776552006], [116.97365494978105, -34.55389776552006], [116.94865494978104, -34.55389776552006], [116.94865494978104, -34.57889776552006], [116.97365494978105, -34.57889776552006]]]}, "properties": {"layer": "Fuel type", "fuel_code": 310, "fuel_class": "Broadleaf plantation", "fuel_risk": 82}}, {"type": "Feature", "geometry": {"type": "Polygon", "coordinates": [[[116.99865494978106, -34.57889776552006], [116.99865494978106, -34.55389776552006], [116.97365494978105, -34.55389776552006], [116.97365494978105, -34.57889776552006], [116.99865494978106, -34.57889776552006]]]}, "properties": {"layer": "Fuel type", "fuel_code": 220, "fuel_class": "Open forest", "fuel_risk": 86}}, {"type": "Feature", "geometry": {"type": "Polygon", "coordinates": [[[117.02365494978106, -34.57889776552006], [117.02365494978106, -34.55389776552006], [116.99865494978106, -34.55389776552006], [116.99865494978106, -34.57889776552006], [117.02365494978106, -34.57889776552006]]]}, "properties": {"layer": "Fuel type", "fuel_code": 433, "fuel_class": "Low woodland with grassy understory", "fuel_risk": 66}}, {"type": "Feature", "geometry": {"type": "Polygon", "coordinates": [[[117.04865494978107, -34.57889776552006], [117.04865494978107, -34.55389776552006], [117.02365494978106, -34.55389776552006], [117.02365494978106, -34.57889776552006], [117.04865494978107, -34.57889776552006]]]}, "properties": {"layer": "Fuel type", "fuel_code": 310, "fuel_class": "Broadleaf plantation", "fuel_risk": 82}}, {"type": "Feature", "geometry": {"type": "Polygon", "coordinates": [[[117.07365494978107, -34.57889776552006], [117.07365494978107, -34.55389776552006], [117.04865494978107, -34.55389776552006], [117.04865494978107, -34.57889776552006], [117.07365494978107, -34.57889776552006]]]}, "properties": {"layer": "Fuel type", "fuel_code": 310, "fuel_class": "Broadleaf plantation", "fuel_risk": 82}}, {"type": "Feature", "geometry": {"type": "Polygon", "coordinates": [[[117.09865494978108, -34.57889776552006], [117.09865494978108, -34.55389776552006], [117.07365494978107, -34.55389776552006], [117.07365494978107, -34.57889776552006], [117.09865494978108, -34.57889776552006]]]}, "properties": {"layer": "Fuel type", "fuel_code": 310, "fuel_class": "Broadleaf plantation", "fuel_risk": 82}}, {"type": "Feature", "geometry": {"type": "Polygon", "coordinates": [[[117.12365494978108, -34.57889776552006], [117.12365494978108, -34.55389776552006], [117.09865494978108, -34.55389776552006], [117.09865494978108, -34.57889776552006], [117.12365494978108, -34.57889776552006]]]}, "properties": {"layer": "Fuel type", "fuel_code": 421, "fuel_class": "Woodland with shrubby understory", "fuel_risk": 84}}, {"type": "Feature", "geometry": {"type": "Polygon", "coordinates": [[[117.14865494978109, -34.57889776552006], [117.14865494978109, -34.55389776552006], [117.12365494978108, -34.55389776552006], [117.12365494978108, -34.57889776552006], [117.14865494978109, -34.57889776552006]]]}, "properties": {"layer": "Fuel type", "fuel_code": 220, "fuel_class": "Open forest", "fuel_risk": 86}}, {"type": "Feature", "geometry": {"type": "Polygon", "coordinates": [[[117.1736549497811, -34.57889776552006], [117.1736549497811, -34.55389776552006], [117.14865494978109, -34.55389776552006], [117.14865494978109, -34.57889776552006], [117.1736549497811, -34.57889776552006]]]}, "properties": {"layer": "Fuel type", "fuel_code": 631, "fuel_class": "Grassland", "fuel_risk": 62}}, {"type": "Feature", "geometry": {"type": "Polygon", "coordinates": [[[117.1986549497811, -34.57889776552006], [117.1986549497811, -34.55389776552006], [117.1736549497811, -34.55389776552006], [117.1736549497811, -34.57889776552006], [117.1986549497811, -34.57889776552006]]]}, "properties": {"layer": "Fuel type", "fuel_code": 310, "fuel_class": "Broadleaf plantation", "fuel_risk": 82}}, {"type": "Feature", "geometry": {"type": "Polygon", "coordinates": [[[117.2236549497811, -34.57889776552006], [117.2236549497811, -34.55389776552006], [117.1986549497811, -34.55389776552006], [117.1986549497811, -34.57889776552006], [117.2236549497811, -34.57889776552006]]]}, "properties": {"layer": "Fuel type", "fuel_code": 423, "fuel_class": "Woodland with grassy understory", "fuel_risk": 72}}, {"type": "Feature", "geometry": {"type": "Polygon", "coordinates": [[[117.24865494978111, -34.57889776552006], [117.24865494978111, -34.55389776552006], [117.2236549497811, -34.55389776552006], [117.2236549497811, -34.57889776552006], [117.24865494978111, -34.57889776552006]]]}, "properties": {"layer": "Fuel type", "fuel_code": 220, "fuel_class": "Open forest", "fuel_risk": 86}}, {"type": "Feature", "geometry": {"type": "Polygon", "coordinates": [[[117.27365494978112, -34.57889776552006], [117.27365494978112, -34.55389776552006], [117.24865494978111, -34.55389776552006], [117.24865494978111, -34.57889776552006], [117.27365494978112, -34.57889776552006]]]}, "properties": {"layer": "Fuel type", "fuel_code": 220, "fuel_class": "Open forest", "fuel_risk": 86}}, {"type": "Feature", "geometry": {"type": "Polygon", "coordinates": [[[117.29865494978112, -34.57889776552006], [117.29865494978112, -34.55389776552006], [117.27365494978112, -34.55389776552006], [117.27365494978112, -34.57889776552006], [117.29865494978112, -34.57889776552006]]]}, "properties": {"layer": "Fuel type", "fuel_code": 310, "fuel_class": "Broadleaf plantation", "fuel_risk": 82}}, {"type": "Feature", "geometry": {"type": "Polygon", "coordinates": [[[117.32365494978113, -34.57889776552006], [117.32365494978113, -34.55389776552006], [117.29865494978112, -34.55389776552006], [117.29865494978112, -34.57889776552006], [117.32365494978113, -34.57889776552006]]]}, "properties": {"layer": "Fuel type", "fuel_code": 631, "fuel_class": "Grassland", "fuel_risk": 62}}, {"type": "Feature", "geometry": {"type": "Polygon", "coordinates": [[[117.34865494978114, -34.57889776552006], [117.34865494978114, -34.55389776552006], [117.32365494978113, -34.55389776552006], [117.32365494978113, -34.57889776552006], [117.34865494978114, -34.57889776552006]]]}, "properties": {"layer": "Fuel type", "fuel_code": 640, "fuel_class": "Croplands", "fuel_risk": 50}}, {"type": "Feature", "geometry": {"type": "Polygon", "coordinates": [[[117.37365494978114, -34.57889776552006], [117.37365494978114, -34.55389776552006], [117.34865494978114, -34.55389776552006], [117.34865494978114, -34.57889776552006], [117.37365494978114, -34.57889776552006]]]}, "properties": {"layer": "Fuel type", "fuel_code": 631, "fuel_class": "Grassland", "fuel_risk": 62}}, {"type": "Feature", "geometry": {"type": "Polygon", "coordinates": [[[117.39865494978115, -34.57889776552006], [117.39865494978115, -34.55389776552006], [117.37365494978114, -34.55389776552006], [117.37365494978114, -34.57889776552006], [117.39865494978115, -34.57889776552006]]]}, "properties": {"layer": "Fuel type", "fuel_code": 433, "fuel_class": "Low woodland with grassy understory", "fuel_risk": 66}}, {"type": "Feature", "geometry": {"type": "Polygon", "coordinates": [[[117.42365494978115, -34.57889776552006], [117.42365494978115, -34.55389776552006], [117.39865494978115, -34.55389776552006], [117.39865494978115, -34.57889776552006], [117.42365494978115, -34.57889776552006]]]}, "properties": {"layer": "Fuel type", "fuel_code": 310, "fuel_class": "Broadleaf plantation", "fuel_risk": 82}}, {"type": "Feature", "geometry": {"type": "Polygon", "coordinates": [[[117.44865494978116, -34.57889776552006], [117.44865494978116, -34.55389776552006], [117.42365494978115, -34.55389776552006], [117.42365494978115, -34.57889776552006], [117.44865494978116, -34.57889776552006]]]}, "properties": {"layer": "Fuel type", "fuel_code": 631, "fuel_class": "Grassland", "fuel_risk": 62}}, {"type": "Feature", "geometry": {"type": "Polygon", "coordinates": [[[117.47365494978116, -34.57889776552006], [117.47365494978116, -34.55389776552006], [117.44865494978116, -34.55389776552006], [117.44865494978116, -34.57889776552006], [117.47365494978116, -34.57889776552006]]]}, "properties": {"layer": "Fuel type", "fuel_code": 640, "fuel_class": "Croplands", "fuel_risk": 50}}, {"type": "Feature", "geometry": {"type": "Polygon", "coordinates": [[[117.49865494978117, -34.57889776552006], [117.49865494978117, -34.55389776552006], [117.47365494978116, -34.55389776552006], [117.47365494978116, -34.57889776552006], [117.49865494978117, -34.57889776552006]]]}, "properties": {"layer": "Fuel type", "fuel_code": 230, "fuel_class": "Low open forest", "fuel_risk": 76}}, {"type": "Feature", "geometry": {"type": "Polygon", "coordinates": [[[117.52365494978118, -34.57889776552006], [117.52365494978118, -34.55389776552006], [117.49865494978117, -34.55389776552006], [117.49865494978117, -34.57889776552006], [117.52365494978118, -34.57889776552006]]]}, "properties": {"layer": "Fuel type", "fuel_code": 631, "fuel_class": "Grassland", "fuel_risk": 62}}, {"type": "Feature", "geometry": {"type": "Polygon", "coordinates": [[[117.54865494978118, -34.57889776552006], [117.54865494978118, -34.55389776552006], [117.52365494978118, -34.55389776552006], [117.52365494978118, -34.57889776552006], [117.54865494978118, -34.57889776552006]]]}, "properties": {"layer": "Fuel type", "fuel_code": 631, "fuel_class": "Grassland", "fuel_risk": 62}}, {"type": "Feature", "geometry": {"type": "Polygon", "coordinates": [[[117.57365494978119, -34.57889776552006], [117.57365494978119, -34.55389776552006], [117.54865494978118, -34.55389776552006], [117.54865494978118, -34.57889776552006], [117.57365494978119, -34.57889776552006]]]}, "properties": {"layer": "Fuel type", "fuel_code": 631, "fuel_class": "Grassland", "fuel_risk": 62}}, {"type": "Feature", "geometry": {"type": "Polygon", "coordinates": [[[117.59865494978119, -34.57889776552006], [117.59865494978119, -34.55389776552006], [117.57365494978119, -34.55389776552006], [117.57365494978119, -34.57889776552006], [117.59865494978119, -34.57889776552006]]]}, "properties": {"layer": "Fuel type", "fuel_code": 640, "fuel_class": "Croplands", "fuel_risk": 50}}, {"type": "Feature", "geometry": {"type": "Polygon", "coordinates": [[[117.6236549497812, -34.57889776552006], [117.6236549497812, -34.55389776552006], [117.59865494978119, -34.55389776552006], [117.59865494978119, -34.57889776552006], [117.6236549497812, -34.57889776552006]]]}, "properties": {"layer": "Fuel type", "fuel_code": 631, "fuel_class": "Grassland", "fuel_risk": 62}}, {"type": "Feature", "geometry": {"type": "Polygon", "coordinates": [[[117.6486549497812, -34.57889776552006], [117.6486549497812, -34.55389776552006], [117.6236549497812, -34.55389776552006], [117.6236549497812, -34.57889776552006], [117.6486549497812, -34.57889776552006]]]}, "properties": {"layer": "Fuel type", "fuel_code": 631, "fuel_class": "Grassland", "fuel_risk": 62}}, {"type": "Feature", "geometry": {"type": "Polygon", "coordinates": [[[117.67365494978121, -34.57889776552006], [117.67365494978121, -34.55389776552006], [117.6486549497812, -34.55389776552006], [117.6486549497812, -34.57889776552006], [117.67365494978121, -34.57889776552006]]]}, "properties": {"layer": "Fuel type", "fuel_code": 220, "fuel_class": "Open forest", "fuel_risk": 86}}, {"type": "Feature", "geometry": {"type": "Polygon", "coordinates": [[[117.69865494978121, -34.57889776552006], [117.69865494978121, -34.55389776552006], [117.67365494978121, -34.55389776552006], [117.67365494978121, -34.57889776552006], [117.69865494978121, -34.57889776552006]]]}, "properties": {"layer": "Fuel type", "fuel_code": 631, "fuel_class": "Grassland", "fuel_risk": 62}}, {"type": "Feature", "geometry": {"type": "Polygon", "coordinates": [[[117.72365494978122, -34.57889776552006], [117.72365494978122, -34.55389776552006], [117.69865494978121, -34.55389776552006], [117.69865494978121, -34.57889776552006], [117.72365494978122, -34.57889776552006]]]}, "properties": {"layer": "Fuel type", "fuel_code": 631, "fuel_class": "Grassland", "fuel_risk": 62}}, {"type": "Feature", "geometry": {"type": "Polygon", "coordinates": [[[117.74865494978123, -34.57889776552006], [117.74865494978123, -34.55389776552006], [117.72365494978122, -34.55389776552006], [117.72365494978122, -34.57889776552006], [117.74865494978123, -34.57889776552006]]]}, "properties": {"layer": "Fuel type", "fuel_code": 631, "fuel_class": "Grassland", "fuel_risk": 62}}, {"type": "Feature", "geometry": {"type": "Polygon", "coordinates": [[[117.77365494978123, -34.57889776552006], [117.77365494978123, -34.55389776552006], [117.74865494978123, -34.55389776552006], [117.74865494978123, -34.57889776552006], [117.77365494978123, -34.57889776552006]]]}, "properties": {"layer": "Fuel type", "fuel_code": 423, "fuel_class": "Woodland with grassy understory", "fuel_risk": 72}}, {"type": "Feature", "geometry": {"type": "Polygon", "coordinates": [[[117.79865494978124, -34.57889776552006], [117.79865494978124, -34.55389776552006], [117.77365494978123, -34.55389776552006], [117.77365494978123, -34.57889776552006], [117.79865494978124, -34.57889776552006]]]}, "properties": {"layer": "Fuel type", "fuel_code": 631, "fuel_class": "Grassland", "fuel_risk": 62}}, {"type": "Feature", "geometry": {"type": "Polygon", "coordinates": [[[117.82365494978124, -34.57889776552006], [117.82365494978124, -34.55389776552006], [117.79865494978124, -34.55389776552006], [117.79865494978124, -34.57889776552006], [117.82365494978124, -34.57889776552006]]]}, "properties": {"layer": "Fuel type", "fuel_code": 433, "fuel_class": "Low woodland with grassy understory", "fuel_risk": 66}}, {"type": "Feature", "geometry": {"type": "Polygon", "coordinates": [[[117.84865494978125, -34.57889776552006], [117.84865494978125, -34.55389776552006], [117.82365494978124, -34.55389776552006], [117.82365494978124, -34.57889776552006], [117.84865494978125, -34.57889776552006]]]}, "properties": {"layer": "Fuel type", "fuel_code": 631, "fuel_class": "Grassland", "fuel_risk": 62}}, {"type": "Feature", "geometry": {"type": "Polygon", "coordinates": [[[117.87365494978125, -34.57889776552006], [117.87365494978125, -34.55389776552006], [117.84865494978125, -34.55389776552006], [117.84865494978125, -34.57889776552006], [117.87365494978125, -34.57889776552006]]]}, "properties": {"layer": "Fuel type", "fuel_code": 631, "fuel_class": "Grassland", "fuel_risk": 62}}, {"type": "Feature", "geometry": {"type": "Polygon", "coordinates": [[[117.89865494978126, -34.57889776552006], [117.89865494978126, -34.55389776552006], [117.87365494978125, -34.55389776552006], [117.87365494978125, -34.57889776552006], [117.89865494978126, -34.57889776552006]]]}, "properties": {"layer": "Fuel type", "fuel_code": 640, "fuel_class": "Croplands", "fuel_risk": 50}}, {"type": "Feature", "geometry": {"type": "Polygon", "coordinates": [[[117.92365494978127, -34.57889776552006], [117.92365494978127, -34.55389776552006], [117.89865494978126, -34.55389776552006], [117.89865494978126, -34.57889776552006], [117.92365494978127, -34.57889776552006]]]}, "properties": {"layer": "Fuel type", "fuel_code": 640, "fuel_class": "Croplands", "fuel_risk": 50}}, {"type": "Feature", "geometry": {"type": "Polygon", "coordinates": [[[117.94865494978127, -34.57889776552006], [117.94865494978127, -34.55389776552006], [117.92365494978127, -34.55389776552006], [117.92365494978127, -34.57889776552006], [117.94865494978127, -34.57889776552006]]]}, "properties": {"layer": "Fuel type", "fuel_code": 640, "fuel_class": "Croplands", "fuel_risk": 50}}, {"type": "Feature", "geometry": {"type": "Polygon", "coordinates": [[[117.97365494978128, -34.57889776552006], [117.97365494978128, -34.55389776552006], [117.94865494978127, -34.55389776552006], [117.94865494978127, -34.57889776552006], [117.97365494978128, -34.57889776552006]]]}, "properties": {"layer": "Fuel type", "fuel_code": 640, "fuel_class": "Croplands", "fuel_risk": 50}}, {"type": "Feature", "geometry": {"type": "Polygon", "coordinates": [[[117.99865494978128, -34.57889776552006], [117.99865494978128, -34.55389776552006], [117.97365494978128, -34.55389776552006], [117.97365494978128, -34.57889776552006], [117.99865494978128, -34.57889776552006]]]}, "properties": {"layer": "Fuel type", "fuel_code": 631, "fuel_class": "Grassland", "fuel_risk": 62}}, {"type": "Feature", "geometry": {"type": "Polygon", "coordinates": [[[118.01203559541987, -34.57889776552006], [118.01203559541987, -34.55389776552006], [117.99865494978128, -34.55389776552006], [117.99865494978128, -34.57889776552006], [118.01203559541987, -34.57889776552006]]]}, "properties": {"layer": "Fuel type", "fuel_code": 640, "fuel_class": "Croplands", "fuel_risk": 50}}, {"type": "Feature", "geometry": {"type": "Polygon", "coordinates": [[[116.92365494978104, -34.55389776552006], [116.92365494978104, -34.528897765520064], [116.89865494978103, -34.528897765520064], [116.89865494978103, -34.55389776552006], [116.92365494978104, -34.55389776552006]]]}, "properties": {"layer": "Fuel type", "fuel_code": 220, "fuel_class": "Open forest", "fuel_risk": 86}}, {"type": "Feature", "geometry": {"type": "Polygon", "coordinates": [[[116.94865494978104, -34.55389776552006], [116.94865494978104, -34.528897765520064], [116.92365494978104, -34.528897765520064], [116.92365494978104, -34.55389776552006], [116.94865494978104, -34.55389776552006]]]}, "properties": {"layer": "Fuel type", "fuel_code": 220, "fuel_class": "Open forest", "fuel_risk": 86}}, {"type": "Feature", "geometry": {"type": "Polygon", "coordinates": [[[116.97365494978105, -34.55389776552006], [116.97365494978105, -34.528897765520064], [116.94865494978104, -34.528897765520064], [116.94865494978104, -34.55389776552006], [116.97365494978105, -34.55389776552006]]]}, "properties": {"layer": "Fuel type", "fuel_code": 310, "fuel_class": "Broadleaf plantation", "fuel_risk": 82}}, {"type": "Feature", "geometry": {"type": "Polygon", "coordinates": [[[116.99865494978106, -34.55389776552006], [116.99865494978106, -34.528897765520064], [116.97365494978105, -34.528897765520064], [116.97365494978105, -34.55389776552006], [116.99865494978106, -34.55389776552006]]]}, "properties": {"layer": "Fuel type", "fuel_code": 310, "fuel_class": "Broadleaf plantation", "fuel_risk": 82}}, {"type": "Feature", "geometry": {"type": "Polygon", "coordinates": [[[117.02365494978106, -34.55389776552006], [117.02365494978106, -34.528897765520064], [116.99865494978106, -34.528897765520064], [116.99865494978106, -34.55389776552006], [117.02365494978106, -34.55389776552006]]]}, "properties": {"layer": "Fuel type", "fuel_code": 230, "fuel_class": "Low open forest", "fuel_risk": 76}}, {"type": "Feature", "geometry": {"type": "Polygon", "coordinates": [[[117.04865494978107, -34.55389776552006], [117.04865494978107, -34.528897765520064], [117.02365494978106, -34.528897765520064], [117.02365494978106, -34.55389776552006], [117.04865494978107, -34.55389776552006]]]}, "properties": {"layer": "Fuel type", "fuel_code": 220, "fuel_class": "Open forest", "fuel_risk": 86}}, {"type": "Feature", "geometry": {"type": "Polygon", "coordinates": [[[117.07365494978107, -34.55389776552006], [117.07365494978107, -34.528897765520064], [117.04865494978107, -34.528897765520064], [117.04865494978107, -34.55389776552006], [117.07365494978107, -34.55389776552006]]]}, "properties": {"layer": "Fuel type", "fuel_code": 510, "fuel_class": "Tall shrubland", "fuel_risk": 88}}, {"type": "Feature", "geometry": {"type": "Polygon", "coordinates": [[[117.09865494978108, -34.55389776552006], [117.09865494978108, -34.528897765520064], [117.07365494978107, -34.528897765520064], [117.07365494978107, -34.55389776552006], [117.09865494978108, -34.55389776552006]]]}, "properties": {"layer": "Fuel type", "fuel_code": 631, "fuel_class": "Grassland", "fuel_risk": 62}}, {"type": "Feature", "geometry": {"type": "Polygon", "coordinates": [[[117.12365494978108, -34.55389776552006], [117.12365494978108, -34.528897765520064], [117.09865494978108, -34.528897765520064], [117.09865494978108, -34.55389776552006], [117.12365494978108, -34.55389776552006]]]}, "properties": {"layer": "Fuel type", "fuel_code": 220, "fuel_class": "Open forest", "fuel_risk": 86}}, {"type": "Feature", "geometry": {"type": "Polygon", "coordinates": [[[117.14865494978109, -34.55389776552006], [117.14865494978109, -34.528897765520064], [117.12365494978108, -34.528897765520064], [117.12365494978108, -34.55389776552006], [117.14865494978109, -34.55389776552006]]]}, "properties": {"layer": "Fuel type", "fuel_code": 220, "fuel_class": "Open forest", "fuel_risk": 86}}, {"type": "Feature", "geometry": {"type": "Polygon", "coordinates": [[[117.1736549497811, -34.55389776552006], [117.1736549497811, -34.528897765520064], [117.14865494978109, -34.528897765520064], [117.14865494978109, -34.55389776552006], [117.1736549497811, -34.55389776552006]]]}, "properties": {"layer": "Fuel type", "fuel_code": 310, "fuel_class": "Broadleaf plantation", "fuel_risk": 82}}, {"type": "Feature", "geometry": {"type": "Polygon", "coordinates": [[[117.1986549497811, -34.55389776552006], [117.1986549497811, -34.528897765520064], [117.1736549497811, -34.528897765520064], [117.1736549497811, -34.55389776552006], [117.1986549497811, -34.55389776552006]]]}, "properties": {"layer": "Fuel type", "fuel_code": 220, "fuel_class": "Open forest", "fuel_risk": 86}}, {"type": "Feature", "geometry": {"type": "Polygon", "coordinates": [[[117.2236549497811, -34.55389776552006], [117.2236549497811, -34.528897765520064], [117.1986549497811, -34.528897765520064], [117.1986549497811, -34.55389776552006], [117.2236549497811, -34.55389776552006]]]}, "properties": {"layer": "Fuel type", "fuel_code": 631, "fuel_class": "Grassland", "fuel_risk": 62}}, {"type": "Feature", "geometry": {"type": "Polygon", "coordinates": [[[117.24865494978111, -34.55389776552006], [117.24865494978111, -34.528897765520064], [117.2236549497811, -34.528897765520064], [117.2236549497811, -34.55389776552006], [117.24865494978111, -34.55389776552006]]]}, "properties": {"layer": "Fuel type", "fuel_code": 631, "fuel_class": "Grassland", "fuel_risk": 62}}, {"type": "Feature", "geometry": {"type": "Polygon", "coordinates": [[[117.27365494978112, -34.55389776552006], [117.27365494978112, -34.528897765520064], [117.24865494978111, -34.528897765520064], [117.24865494978111, -34.55389776552006], [117.27365494978112, -34.55389776552006]]]}, "properties": {"layer": "Fuel type", "fuel_code": 433, "fuel_class": "Low woodland with grassy understory", "fuel_risk": 66}}, {"type": "Feature", "geometry": {"type": "Polygon", "coordinates": [[[117.29865494978112, -34.55389776552006], [117.29865494978112, -34.528897765520064], [117.27365494978112, -34.528897765520064], [117.27365494978112, -34.55389776552006], [117.29865494978112, -34.55389776552006]]]}, "properties": {"layer": "Fuel type", "fuel_code": 230, "fuel_class": "Low open forest", "fuel_risk": 76}}, {"type": "Feature", "geometry": {"type": "Polygon", "coordinates": [[[117.32365494978113, -34.55389776552006], [117.32365494978113, -34.528897765520064], [117.29865494978112, -34.528897765520064], [117.29865494978112, -34.55389776552006], [117.32365494978113, -34.55389776552006]]]}, "properties": {"layer": "Fuel type", "fuel_code": 510, "fuel_class": "Tall shrubland", "fuel_risk": 88}}, {"type": "Feature", "geometry": {"type": "Polygon", "coordinates": [[[117.34865494978114, -34.55389776552006], [117.34865494978114, -34.528897765520064], [117.32365494978113, -34.528897765520064], [117.32365494978113, -34.55389776552006], [117.34865494978114, -34.55389776552006]]]}, "properties": {"layer": "Fuel type", "fuel_code": 631, "fuel_class": "Grassland", "fuel_risk": 62}}, {"type": "Feature", "geometry": {"type": "Polygon", "coordinates": [[[117.37365494978114, -34.55389776552006], [117.37365494978114, -34.528897765520064], [117.34865494978114, -34.528897765520064], [117.34865494978114, -34.55389776552006], [117.37365494978114, -34.55389776552006]]]}, "properties": {"layer": "Fuel type", "fuel_code": 310, "fuel_class": "Broadleaf plantation", "fuel_risk": 82}}, {"type": "Feature", "geometry": {"type": "Polygon", "coordinates": [[[117.39865494978115, -34.55389776552006], [117.39865494978115, -34.528897765520064], [117.37365494978114, -34.528897765520064], [117.37365494978114, -34.55389776552006], [117.39865494978115, -34.55389776552006]]]}, "properties": {"layer": "Fuel type", "fuel_code": 631, "fuel_class": "Grassland", "fuel_risk": 62}}, {"type": "Feature", "geometry": {"type": "Polygon", "coordinates": [[[117.42365494978115, -34.55389776552006], [117.42365494978115, -34.528897765520064], [117.39865494978115, -34.528897765520064], [117.39865494978115, -34.55389776552006], [117.42365494978115, -34.55389776552006]]]}, "properties": {"layer": "Fuel type", "fuel_code": 230, "fuel_class": "Low open forest", "fuel_risk": 76}}, {"type": "Feature", "geometry": {"type": "Polygon", "coordinates": [[[117.44865494978116, -34.55389776552006], [117.44865494978116, -34.528897765520064], [117.42365494978115, -34.528897765520064], [117.42365494978115, -34.55389776552006], [117.44865494978116, -34.55389776552006]]]}, "properties": {"layer": "Fuel type", "fuel_code": 640, "fuel_class": "Croplands", "fuel_risk": 50}}, {"type": "Feature", "geometry": {"type": "Polygon", "coordinates": [[[117.47365494978116, -34.55389776552006], [117.47365494978116, -34.528897765520064], [117.44865494978116, -34.528897765520064], [117.44865494978116, -34.55389776552006], [117.47365494978116, -34.55389776552006]]]}, "properties": {"layer": "Fuel type", "fuel_code": 640, "fuel_class": "Croplands", "fuel_risk": 50}}, {"type": "Feature", "geometry": {"type": "Polygon", "coordinates": [[[117.49865494978117, -34.55389776552006], [117.49865494978117, -34.528897765520064], [117.47365494978116, -34.528897765520064], [117.47365494978116, -34.55389776552006], [117.49865494978117, -34.55389776552006]]]}, "properties": {"layer": "Fuel type", "fuel_code": 520, "fuel_class": "Shrubland", "fuel_risk": 82}}, {"type": "Feature", "geometry": {"type": "Polygon", "coordinates": [[[117.52365494978118, -34.55389776552006], [117.52365494978118, -34.528897765520064], [117.49865494978117, -34.528897765520064], [117.49865494978117, -34.55389776552006], [117.52365494978118, -34.55389776552006]]]}, "properties": {"layer": "Fuel type", "fuel_code": 640, "fuel_class": "Croplands", "fuel_risk": 50}}, {"type": "Feature", "geometry": {"type": "Polygon", "coordinates": [[[117.54865494978118, -34.55389776552006], [117.54865494978118, -34.528897765520064], [117.52365494978118, -34.528897765520064], [117.52365494978118, -34.55389776552006], [117.54865494978118, -34.55389776552006]]]}, "properties": {"layer": "Fuel type", "fuel_code": 640, "fuel_class": "Croplands", "fuel_risk": 50}}, {"type": "Feature", "geometry": {"type": "Polygon", "coordinates": [[[117.57365494978119, -34.55389776552006], [117.57365494978119, -34.528897765520064], [117.54865494978118, -34.528897765520064], [117.54865494978118, -34.55389776552006], [117.57365494978119, -34.55389776552006]]]}, "properties": {"layer": "Fuel type", "fuel_code": 640, "fuel_class": "Croplands", "fuel_risk": 50}}, {"type": "Feature", "geometry": {"type": "Polygon", "coordinates": [[[117.59865494978119, -34.55389776552006], [117.59865494978119, -34.528897765520064], [117.57365494978119, -34.528897765520064], [117.57365494978119, -34.55389776552006], [117.59865494978119, -34.55389776552006]]]}, "properties": {"layer": "Fuel type", "fuel_code": 220, "fuel_class": "Open forest", "fuel_risk": 86}}, {"type": "Feature", "geometry": {"type": "Polygon", "coordinates": [[[117.6236549497812, -34.55389776552006], [117.6236549497812, -34.528897765520064], [117.59865494978119, -34.528897765520064], [117.59865494978119, -34.55389776552006], [117.6236549497812, -34.55389776552006]]]}, "properties": {"layer": "Fuel type", "fuel_code": 640, "fuel_class": "Croplands", "fuel_risk": 50}}, {"type": "Feature", "geometry": {"type": "Polygon", "coordinates": [[[117.6486549497812, -34.55389776552006], [117.6486549497812, -34.528897765520064], [117.6236549497812, -34.528897765520064], [117.6236549497812, -34.55389776552006], [117.6486549497812, -34.55389776552006]]]}, "properties": {"layer": "Fuel type", "fuel_code": 640, "fuel_class": "Croplands", "fuel_risk": 50}}, {"type": "Feature", "geometry": {"type": "Polygon", "coordinates": [[[117.67365494978121, -34.55389776552006], [117.67365494978121, -34.528897765520064], [117.6486549497812, -34.528897765520064], [117.6486549497812, -34.55389776552006], [117.67365494978121, -34.55389776552006]]]}, "properties": {"layer": "Fuel type", "fuel_code": 631, "fuel_class": "Grassland", "fuel_risk": 62}}, {"type": "Feature", "geometry": {"type": "Polygon", "coordinates": [[[117.69865494978121, -34.55389776552006], [117.69865494978121, -34.528897765520064], [117.67365494978121, -34.528897765520064], [117.67365494978121, -34.55389776552006], [117.69865494978121, -34.55389776552006]]]}, "properties": {"layer": "Fuel type", "fuel_code": 631, "fuel_class": "Grassland", "fuel_risk": 62}}, {"type": "Feature", "geometry": {"type": "Polygon", "coordinates": [[[117.72365494978122, -34.55389776552006], [117.72365494978122, -34.528897765520064], [117.69865494978121, -34.528897765520064], [117.69865494978121, -34.55389776552006], [117.72365494978122, -34.55389776552006]]]}, "properties": {"layer": "Fuel type", "fuel_code": 631, "fuel_class": "Grassland", "fuel_risk": 62}}, {"type": "Feature", "geometry": {"type": "Polygon", "coordinates": [[[117.74865494978123, -34.55389776552006], [117.74865494978123, -34.528897765520064], [117.72365494978122, -34.528897765520064], [117.72365494978122, -34.55389776552006], [117.74865494978123, -34.55389776552006]]]}, "properties": {"layer": "Fuel type", "fuel_code": 631, "fuel_class": "Grassland", "fuel_risk": 62}}, {"type": "Feature", "geometry": {"type": "Polygon", "coordinates": [[[117.77365494978123, -34.55389776552006], [117.77365494978123, -34.528897765520064], [117.74865494978123, -34.528897765520064], [117.74865494978123, -34.55389776552006], [117.77365494978123, -34.55389776552006]]]}, "properties": {"layer": "Fuel type", "fuel_code": 631, "fuel_class": "Grassland", "fuel_risk": 62}}, {"type": "Feature", "geometry": {"type": "Polygon", "coordinates": [[[117.79865494978124, -34.55389776552006], [117.79865494978124, -34.528897765520064], [117.77365494978123, -34.528897765520064], [117.77365494978123, -34.55389776552006], [117.79865494978124, -34.55389776552006]]]}, "properties": {"layer": "Fuel type", "fuel_code": 631, "fuel_class": "Grassland", "fuel_risk": 62}}, {"type": "Feature", "geometry": {"type": "Polygon", "coordinates": [[[117.82365494978124, -34.55389776552006], [117.82365494978124, -34.528897765520064], [117.79865494978124, -34.528897765520064], [117.79865494978124, -34.55389776552006], [117.82365494978124, -34.55389776552006]]]}, "properties": {"layer": "Fuel type", "fuel_code": 640, "fuel_class": "Croplands", "fuel_risk": 50}}, {"type": "Feature", "geometry": {"type": "Polygon", "coordinates": [[[117.84865494978125, -34.55389776552006], [117.84865494978125, -34.528897765520064], [117.82365494978124, -34.528897765520064], [117.82365494978124, -34.55389776552006], [117.84865494978125, -34.55389776552006]]]}, "properties": {"layer": "Fuel type", "fuel_code": 631, "fuel_class": "Grassland", "fuel_risk": 62}}, {"type": "Feature", "geometry": {"type": "Polygon", "coordinates": [[[117.87365494978125, -34.55389776552006], [117.87365494978125, -34.528897765520064], [117.84865494978125, -34.528897765520064], [117.84865494978125, -34.55389776552006], [117.87365494978125, -34.55389776552006]]]}, "properties": {"layer": "Fuel type", "fuel_code": 631, "fuel_class": "Grassland", "fuel_risk": 62}}, {"type": "Feature", "geometry": {"type": "Polygon", "coordinates": [[[117.89865494978126, -34.55389776552006], [117.89865494978126, -34.528897765520064], [117.87365494978125, -34.528897765520064], [117.87365494978125, -34.55389776552006], [117.89865494978126, -34.55389776552006]]]}, "properties": {"layer": "Fuel type", "fuel_code": 631, "fuel_class": "Grassland", "fuel_risk": 62}}, {"type": "Feature", "geometry": {"type": "Polygon", "coordinates": [[[117.92365494978127, -34.55389776552006], [117.92365494978127, -34.528897765520064], [117.89865494978126, -34.528897765520064], [117.89865494978126, -34.55389776552006], [117.92365494978127, -34.55389776552006]]]}, "properties": {"layer": "Fuel type", "fuel_code": 631, "fuel_class": "Grassland", "fuel_risk": 62}}, {"type": "Feature", "geometry": {"type": "Polygon", "coordinates": [[[117.94865494978127, -34.55389776552006], [117.94865494978127, -34.528897765520064], [117.92365494978127, -34.528897765520064], [117.92365494978127, -34.55389776552006], [117.94865494978127, -34.55389776552006]]]}, "properties": {"layer": "Fuel type", "fuel_code": 640, "fuel_class": "Croplands", "fuel_risk": 50}}, {"type": "Feature", "geometry": {"type": "Polygon", "coordinates": [[[117.97365494978128, -34.55389776552006], [117.97365494978128, -34.528897765520064], [117.94865494978127, -34.528897765520064], [117.94865494978127, -34.55389776552006], [117.97365494978128, -34.55389776552006]]]}, "properties": {"layer": "Fuel type", "fuel_code": 640, "fuel_class": "Croplands", "fuel_risk": 50}}, {"type": "Feature", "geometry": {"type": "Polygon", "coordinates": [[[117.99865494978128, -34.55389776552006], [117.99865494978128, -34.528897765520064], [117.97365494978128, -34.528897765520064], [117.97365494978128, -34.55389776552006], [117.99865494978128, -34.55389776552006]]]}, "properties": {"layer": "Fuel type", "fuel_code": 631, "fuel_class": "Grassland", "fuel_risk": 62}}, {"type": "Feature", "geometry": {"type": "Polygon", "coordinates": [[[118.01203559541987, -34.55389776552006], [118.01203559541987, -34.528897765520064], [117.99865494978128, -34.528897765520064], [117.99865494978128, -34.55389776552006], [118.01203559541987, -34.55389776552006]]]}, "properties": {"layer": "Fuel type", "fuel_code": 631, "fuel_class": "Grassland", "fuel_risk": 62}}, {"type": "Feature", "geometry": {"type": "Polygon", "coordinates": [[[116.92365494978104, -34.528897765520064], [116.92365494978104, -34.503897765520065], [116.89865494978103, -34.503897765520065], [116.89865494978103, -34.528897765520064], [116.92365494978104, -34.528897765520064]]]}, "properties": {"layer": "Fuel type", "fuel_code": 220, "fuel_class": "Open forest", "fuel_risk": 86}}, {"type": "Feature", "geometry": {"type": "Polygon", "coordinates": [[[116.94865494978104, -34.528897765520064], [116.94865494978104, -34.503897765520065], [116.92365494978104, -34.503897765520065], [116.92365494978104, -34.528897765520064], [116.94865494978104, -34.528897765520064]]]}, "properties": {"layer": "Fuel type", "fuel_code": 220, "fuel_class": "Open forest", "fuel_risk": 86}}, {"type": "Feature", "geometry": {"type": "Polygon", "coordinates": [[[116.97365494978105, -34.528897765520064], [116.97365494978105, -34.503897765520065], [116.94865494978104, -34.503897765520065], [116.94865494978104, -34.528897765520064], [116.97365494978105, -34.528897765520064]]]}, "properties": {"layer": "Fuel type", "fuel_code": 640, "fuel_class": "Croplands", "fuel_risk": 50}}, {"type": "Feature", "geometry": {"type": "Polygon", "coordinates": [[[116.99865494978106, -34.528897765520064], [116.99865494978106, -34.503897765520065], [116.97365494978105, -34.503897765520065], [116.97365494978105, -34.528897765520064], [116.99865494978106, -34.528897765520064]]]}, "properties": {"layer": "Fuel type", "fuel_code": 640, "fuel_class": "Croplands", "fuel_risk": 50}}, {"type": "Feature", "geometry": {"type": "Polygon", "coordinates": [[[117.02365494978106, -34.528897765520064], [117.02365494978106, -34.503897765520065], [116.99865494978106, -34.503897765520065], [116.99865494978106, -34.528897765520064], [117.02365494978106, -34.528897765520064]]]}, "properties": {"layer": "Fuel type", "fuel_code": 631, "fuel_class": "Grassland", "fuel_risk": 62}}, {"type": "Feature", "geometry": {"type": "Polygon", "coordinates": [[[117.04865494978107, -34.528897765520064], [117.04865494978107, -34.503897765520065], [117.02365494978106, -34.503897765520065], [117.02365494978106, -34.528897765520064], [117.04865494978107, -34.528897765520064]]]}, "properties": {"layer": "Fuel type", "fuel_code": 220, "fuel_class": "Open forest", "fuel_risk": 86}}, {"type": "Feature", "geometry": {"type": "Polygon", "coordinates": [[[117.07365494978107, -34.528897765520064], [117.07365494978107, -34.503897765520065], [117.04865494978107, -34.503897765520065], [117.04865494978107, -34.528897765520064], [117.07365494978107, -34.528897765520064]]]}, "properties": {"layer": "Fuel type", "fuel_code": 220, "fuel_class": "Open forest", "fuel_risk": 86}}, {"type": "Feature", "geometry": {"type": "Polygon", "coordinates": [[[117.09865494978108, -34.528897765520064], [117.09865494978108, -34.503897765520065], [117.07365494978107, -34.503897765520065], [117.07365494978107, -34.528897765520064], [117.09865494978108, -34.528897765520064]]]}, "properties": {"layer": "Fuel type", "fuel_code": 220, "fuel_class": "Open forest", "fuel_risk": 86}}, {"type": "Feature", "geometry": {"type": "Polygon", "coordinates": [[[117.12365494978108, -34.528897765520064], [117.12365494978108, -34.503897765520065], [117.09865494978108, -34.503897765520065], [117.09865494978108, -34.528897765520064], [117.12365494978108, -34.528897765520064]]]}, "properties": {"layer": "Fuel type", "fuel_code": 631, "fuel_class": "Grassland", "fuel_risk": 62}}, {"type": "Feature", "geometry": {"type": "Polygon", "coordinates": [[[117.14865494978109, -34.528897765520064], [117.14865494978109, -34.503897765520065], [117.12365494978108, -34.503897765520065], [117.12365494978108, -34.528897765520064], [117.14865494978109, -34.528897765520064]]]}, "properties": {"layer": "Fuel type", "fuel_code": 230, "fuel_class": "Low open forest", "fuel_risk": 76}}, {"type": "Feature", "geometry": {"type": "Polygon", "coordinates": [[[117.1736549497811, -34.528897765520064], [117.1736549497811, -34.503897765520065], [117.14865494978109, -34.503897765520065], [117.14865494978109, -34.528897765520064], [117.1736549497811, -34.528897765520064]]]}, "properties": {"layer": "Fuel type", "fuel_code": 310, "fuel_class": "Broadleaf plantation", "fuel_risk": 82}}, {"type": "Feature", "geometry": {"type": "Polygon", "coordinates": [[[117.1986549497811, -34.528897765520064], [117.1986549497811, -34.503897765520065], [117.1736549497811, -34.503897765520065], [117.1736549497811, -34.528897765520064], [117.1986549497811, -34.528897765520064]]]}, "properties": {"layer": "Fuel type", "fuel_code": 631, "fuel_class": "Grassland", "fuel_risk": 62}}, {"type": "Feature", "geometry": {"type": "Polygon", "coordinates": [[[117.2236549497811, -34.528897765520064], [117.2236549497811, -34.503897765520065], [117.1986549497811, -34.503897765520065], [117.1986549497811, -34.528897765520064], [117.2236549497811, -34.528897765520064]]]}, "properties": {"layer": "Fuel type", "fuel_code": 220, "fuel_class": "Open forest", "fuel_risk": 86}}, {"type": "Feature", "geometry": {"type": "Polygon", "coordinates": [[[117.24865494978111, -34.528897765520064], [117.24865494978111, -34.503897765520065], [117.2236549497811, -34.503897765520065], [117.2236549497811, -34.528897765520064], [117.24865494978111, -34.528897765520064]]]}, "properties": {"layer": "Fuel type", "fuel_code": 230, "fuel_class": "Low open forest", "fuel_risk": 76}}, {"type": "Feature", "geometry": {"type": "Polygon", "coordinates": [[[117.27365494978112, -34.528897765520064], [117.27365494978112, -34.503897765520065], [117.24865494978111, -34.503897765520065], [117.24865494978111, -34.528897765520064], [117.27365494978112, -34.528897765520064]]]}, "properties": {"layer": "Fuel type", "fuel_code": 220, "fuel_class": "Open forest", "fuel_risk": 86}}, {"type": "Feature", "geometry": {"type": "Polygon", "coordinates": [[[117.29865494978112, -34.528897765520064], [117.29865494978112, -34.503897765520065], [117.27365494978112, -34.503897765520065], [117.27365494978112, -34.528897765520064], [117.29865494978112, -34.528897765520064]]]}, "properties": {"layer": "Fuel type", "fuel_code": 310, "fuel_class": "Broadleaf plantation", "fuel_risk": 82}}, {"type": "Feature", "geometry": {"type": "Polygon", "coordinates": [[[117.32365494978113, -34.528897765520064], [117.32365494978113, -34.503897765520065], [117.29865494978112, -34.503897765520065], [117.29865494978112, -34.528897765520064], [117.32365494978113, -34.528897765520064]]]}, "properties": {"layer": "Fuel type", "fuel_code": 631, "fuel_class": "Grassland", "fuel_risk": 62}}, {"type": "Feature", "geometry": {"type": "Polygon", "coordinates": [[[117.34865494978114, -34.528897765520064], [117.34865494978114, -34.503897765520065], [117.32365494978113, -34.503897765520065], [117.32365494978113, -34.528897765520064], [117.34865494978114, -34.528897765520064]]]}, "properties": {"layer": "Fuel type", "fuel_code": 640, "fuel_class": "Croplands", "fuel_risk": 50}}, {"type": "Feature", "geometry": {"type": "Polygon", "coordinates": [[[117.37365494978114, -34.528897765520064], [117.37365494978114, -34.503897765520065], [117.34865494978114, -34.503897765520065], [117.34865494978114, -34.528897765520064], [117.37365494978114, -34.528897765520064]]]}, "properties": {"layer": "Fuel type", "fuel_code": 631, "fuel_class": "Grassland", "fuel_risk": 62}}, {"type": "Feature", "geometry": {"type": "Polygon", "coordinates": [[[117.39865494978115, -34.528897765520064], [117.39865494978115, -34.503897765520065], [117.37365494978114, -34.503897765520065], [117.37365494978114, -34.528897765520064], [117.39865494978115, -34.528897765520064]]]}, "properties": {"layer": "Fuel type", "fuel_code": 631, "fuel_class": "Grassland", "fuel_risk": 62}}, {"type": "Feature", "geometry": {"type": "Polygon", "coordinates": [[[117.42365494978115, -34.528897765520064], [117.42365494978115, -34.503897765520065], [117.39865494978115, -34.503897765520065], [117.39865494978115, -34.528897765520064], [117.42365494978115, -34.528897765520064]]]}, "properties": {"layer": "Fuel type", "fuel_code": 631, "fuel_class": "Grassland", "fuel_risk": 62}}, {"type": "Feature", "geometry": {"type": "Polygon", "coordinates": [[[117.44865494978116, -34.528897765520064], [117.44865494978116, -34.503897765520065], [117.42365494978115, -34.503897765520065], [117.42365494978115, -34.528897765520064], [117.44865494978116, -34.528897765520064]]]}, "properties": {"layer": "Fuel type", "fuel_code": 631, "fuel_class": "Grassland", "fuel_risk": 62}}, {"type": "Feature", "geometry": {"type": "Polygon", "coordinates": [[[117.47365494978116, -34.528897765520064], [117.47365494978116, -34.503897765520065], [117.44865494978116, -34.503897765520065], [117.44865494978116, -34.528897765520064], [117.47365494978116, -34.528897765520064]]]}, "properties": {"layer": "Fuel type", "fuel_code": 631, "fuel_class": "Grassland", "fuel_risk": 62}}, {"type": "Feature", "geometry": {"type": "Polygon", "coordinates": [[[117.49865494978117, -34.528897765520064], [117.49865494978117, -34.503897765520065], [117.47365494978116, -34.503897765520065], [117.47365494978116, -34.528897765520064], [117.49865494978117, -34.528897765520064]]]}, "properties": {"layer": "Fuel type", "fuel_code": 640, "fuel_class": "Croplands", "fuel_risk": 50}}, {"type": "Feature", "geometry": {"type": "Polygon", "coordinates": [[[117.52365494978118, -34.528897765520064], [117.52365494978118, -34.503897765520065], [117.49865494978117, -34.503897765520065], [117.49865494978117, -34.528897765520064], [117.52365494978118, -34.528897765520064]]]}, "properties": {"layer": "Fuel type", "fuel_code": 631, "fuel_class": "Grassland", "fuel_risk": 62}}, {"type": "Feature", "geometry": {"type": "Polygon", "coordinates": [[[117.54865494978118, -34.528897765520064], [117.54865494978118, -34.503897765520065], [117.52365494978118, -34.503897765520065], [117.52365494978118, -34.528897765520064], [117.54865494978118, -34.528897765520064]]]}, "properties": {"layer": "Fuel type", "fuel_code": 631, "fuel_class": "Grassland", "fuel_risk": 62}}, {"type": "Feature", "geometry": {"type": "Polygon", "coordinates": [[[117.57365494978119, -34.528897765520064], [117.57365494978119, -34.503897765520065], [117.54865494978118, -34.503897765520065], [117.54865494978118, -34.528897765520064], [117.57365494978119, -34.528897765520064]]]}, "properties": {"layer": "Fuel type", "fuel_code": 631, "fuel_class": "Grassland", "fuel_risk": 62}}, {"type": "Feature", "geometry": {"type": "Polygon", "coordinates": [[[117.59865494978119, -34.528897765520064], [117.59865494978119, -34.503897765520065], [117.57365494978119, -34.503897765520065], [117.57365494978119, -34.528897765520064], [117.59865494978119, -34.528897765520064]]]}, "properties": {"layer": "Fuel type", "fuel_code": 640, "fuel_class": "Croplands", "fuel_risk": 50}}, {"type": "Feature", "geometry": {"type": "Polygon", "coordinates": [[[117.6236549497812, -34.528897765520064], [117.6236549497812, -34.503897765520065], [117.59865494978119, -34.503897765520065], [117.59865494978119, -34.528897765520064], [117.6236549497812, -34.528897765520064]]]}, "properties": {"layer": "Fuel type", "fuel_code": 640, "fuel_class": "Croplands", "fuel_risk": 50}}, {"type": "Feature", "geometry": {"type": "Polygon", "coordinates": [[[117.6486549497812, -34.528897765520064], [117.6486549497812, -34.503897765520065], [117.6236549497812, -34.503897765520065], [117.6236549497812, -34.528897765520064], [117.6486549497812, -34.528897765520064]]]}, "properties": {"layer": "Fuel type", "fuel_code": 930, "fuel_class": "Wildland urban interface 2", "fuel_risk": 70}}, {"type": "Feature", "geometry": {"type": "Polygon", "coordinates": [[[117.67365494978121, -34.528897765520064], [117.67365494978121, -34.503897765520065], [117.6486549497812, -34.503897765520065], [117.6486549497812, -34.528897765520064], [117.67365494978121, -34.528897765520064]]]}, "properties": {"layer": "Fuel type", "fuel_code": 930, "fuel_class": "Wildland urban interface 2", "fuel_risk": 70}}, {"type": "Feature", "geometry": {"type": "Polygon", "coordinates": [[[117.69865494978121, -34.528897765520064], [117.69865494978121, -34.503897765520065], [117.67365494978121, -34.503897765520065], [117.67365494978121, -34.528897765520064], [117.69865494978121, -34.528897765520064]]]}, "properties": {"layer": "Fuel type", "fuel_code": 631, "fuel_class": "Grassland", "fuel_risk": 62}}, {"type": "Feature", "geometry": {"type": "Polygon", "coordinates": [[[117.72365494978122, -34.528897765520064], [117.72365494978122, -34.503897765520065], [117.69865494978121, -34.503897765520065], [117.69865494978121, -34.528897765520064], [117.72365494978122, -34.528897765520064]]]}, "properties": {"layer": "Fuel type", "fuel_code": 631, "fuel_class": "Grassland", "fuel_risk": 62}}, {"type": "Feature", "geometry": {"type": "Polygon", "coordinates": [[[117.74865494978123, -34.528897765520064], [117.74865494978123, -34.503897765520065], [117.72365494978122, -34.503897765520065], [117.72365494978122, -34.528897765520064], [117.74865494978123, -34.528897765520064]]]}, "properties": {"layer": "Fuel type", "fuel_code": 631, "fuel_class": "Grassland", "fuel_risk": 62}}, {"type": "Feature", "geometry": {"type": "Polygon", "coordinates": [[[117.77365494978123, -34.528897765520064], [117.77365494978123, -34.503897765520065], [117.74865494978123, -34.503897765520065], [117.74865494978123, -34.528897765520064], [117.77365494978123, -34.528897765520064]]]}, "properties": {"layer": "Fuel type", "fuel_code": 631, "fuel_class": "Grassland", "fuel_risk": 62}}, {"type": "Feature", "geometry": {"type": "Polygon", "coordinates": [[[117.79865494978124, -34.528897765520064], [117.79865494978124, -34.503897765520065], [117.77365494978123, -34.503897765520065], [117.77365494978123, -34.528897765520064], [117.79865494978124, -34.528897765520064]]]}, "properties": {"layer": "Fuel type", "fuel_code": 640, "fuel_class": "Croplands", "fuel_risk": 50}}, {"type": "Feature", "geometry": {"type": "Polygon", "coordinates": [[[117.82365494978124, -34.528897765520064], [117.82365494978124, -34.503897765520065], [117.79865494978124, -34.503897765520065], [117.79865494978124, -34.528897765520064], [117.82365494978124, -34.528897765520064]]]}, "properties": {"layer": "Fuel type", "fuel_code": 631, "fuel_class": "Grassland", "fuel_risk": 62}}, {"type": "Feature", "geometry": {"type": "Polygon", "coordinates": [[[117.84865494978125, -34.528897765520064], [117.84865494978125, -34.503897765520065], [117.82365494978124, -34.503897765520065], [117.82365494978124, -34.528897765520064], [117.84865494978125, -34.528897765520064]]]}, "properties": {"layer": "Fuel type", "fuel_code": 631, "fuel_class": "Grassland", "fuel_risk": 62}}, {"type": "Feature", "geometry": {"type": "Polygon", "coordinates": [[[117.87365494978125, -34.528897765520064], [117.87365494978125, -34.503897765520065], [117.84865494978125, -34.503897765520065], [117.84865494978125, -34.528897765520064], [117.87365494978125, -34.528897765520064]]]}, "properties": {"layer": "Fuel type", "fuel_code": 640, "fuel_class": "Croplands", "fuel_risk": 50}}, {"type": "Feature", "geometry": {"type": "Polygon", "coordinates": [[[117.89865494978126, -34.528897765520064], [117.89865494978126, -34.503897765520065], [117.87365494978125, -34.503897765520065], [117.87365494978125, -34.528897765520064], [117.89865494978126, -34.528897765520064]]]}, "properties": {"layer": "Fuel type", "fuel_code": 532, "fuel_class": "Open shrubland with grassy understory", "fuel_risk": 68}}, {"type": "Feature", "geometry": {"type": "Polygon", "coordinates": [[[117.92365494978127, -34.528897765520064], [117.92365494978127, -34.503897765520065], [117.89865494978126, -34.503897765520065], [117.89865494978126, -34.528897765520064], [117.92365494978127, -34.528897765520064]]]}, "properties": {"layer": "Fuel type", "fuel_code": 640, "fuel_class": "Croplands", "fuel_risk": 50}}, {"type": "Feature", "geometry": {"type": "Polygon", "coordinates": [[[117.94865494978127, -34.528897765520064], [117.94865494978127, -34.503897765520065], [117.92365494978127, -34.503897765520065], [117.92365494978127, -34.528897765520064], [117.94865494978127, -34.528897765520064]]]}, "properties": {"layer": "Fuel type", "fuel_code": 631, "fuel_class": "Grassland", "fuel_risk": 62}}, {"type": "Feature", "geometry": {"type": "Polygon", "coordinates": [[[117.97365494978128, -34.528897765520064], [117.97365494978128, -34.503897765520065], [117.94865494978127, -34.503897765520065], [117.94865494978127, -34.528897765520064], [117.97365494978128, -34.528897765520064]]]}, "properties": {"layer": "Fuel type", "fuel_code": 631, "fuel_class": "Grassland", "fuel_risk": 62}}, {"type": "Feature", "geometry": {"type": "Polygon", "coordinates": [[[117.99865494978128, -34.528897765520064], [117.99865494978128, -34.503897765520065], [117.97365494978128, -34.503897765520065], [117.97365494978128, -34.528897765520064], [117.99865494978128, -34.528897765520064]]]}, "properties": {"layer": "Fuel type", "fuel_code": 631, "fuel_class": "Grassland", "fuel_risk": 62}}, {"type": "Feature", "geometry": {"type": "Polygon", "coordinates": [[[118.01203559541987, -34.528897765520064], [118.01203559541987, -34.503897765520065], [117.99865494978128, -34.503897765520065], [117.99865494978128, -34.528897765520064], [118.01203559541987, -34.528897765520064]]]}, "properties": {"layer": "Fuel type", "fuel_code": 631, "fuel_class": "Grassland", "fuel_risk": 62}}, {"type": "Feature", "geometry": {"type": "Polygon", "coordinates": [[[116.92365494978104, -34.503897765520065], [116.92365494978104, -34.47889776552007], [116.89865494978103, -34.47889776552007], [116.89865494978103, -34.503897765520065], [116.92365494978104, -34.503897765520065]]]}, "properties": {"layer": "Fuel type", "fuel_code": 310, "fuel_class": "Broadleaf plantation", "fuel_risk": 82}}, {"type": "Feature", "geometry": {"type": "Polygon", "coordinates": [[[116.94865494978104, -34.503897765520065], [116.94865494978104, -34.47889776552007], [116.92365494978104, -34.47889776552007], [116.92365494978104, -34.503897765520065], [116.94865494978104, -34.503897765520065]]]}, "properties": {"layer": "Fuel type", "fuel_code": 230, "fuel_class": "Low open forest", "fuel_risk": 76}}, {"type": "Feature", "geometry": {"type": "Polygon", "coordinates": [[[116.97365494978105, -34.503897765520065], [116.97365494978105, -34.47889776552007], [116.94865494978104, -34.47889776552007], [116.94865494978104, -34.503897765520065], [116.97365494978105, -34.503897765520065]]]}, "properties": {"layer": "Fuel type", "fuel_code": 220, "fuel_class": "Open forest", "fuel_risk": 86}}, {"type": "Feature", "geometry": {"type": "Polygon", "coordinates": [[[116.99865494978106, -34.503897765520065], [116.99865494978106, -34.47889776552007], [116.97365494978105, -34.47889776552007], [116.97365494978105, -34.503897765520065], [116.99865494978106, -34.503897765520065]]]}, "properties": {"layer": "Fuel type", "fuel_code": 310, "fuel_class": "Broadleaf plantation", "fuel_risk": 82}}, {"type": "Feature", "geometry": {"type": "Polygon", "coordinates": [[[117.02365494978106, -34.503897765520065], [117.02365494978106, -34.47889776552007], [116.99865494978106, -34.47889776552007], [116.99865494978106, -34.503897765520065], [117.02365494978106, -34.503897765520065]]]}, "properties": {"layer": "Fuel type", "fuel_code": 321, "fuel_class": "Radiata pine", "fuel_risk": 96}}, {"type": "Feature", "geometry": {"type": "Polygon", "coordinates": [[[117.04865494978107, -34.503897765520065], [117.04865494978107, -34.47889776552007], [117.02365494978106, -34.47889776552007], [117.02365494978106, -34.503897765520065], [117.04865494978107, -34.503897765520065]]]}, "properties": {"layer": "Fuel type", "fuel_code": 220, "fuel_class": "Open forest", "fuel_risk": 86}}, {"type": "Feature", "geometry": {"type": "Polygon", "coordinates": [[[117.07365494978107, -34.503897765520065], [117.07365494978107, -34.47889776552007], [117.04865494978107, -34.47889776552007], [117.04865494978107, -34.503897765520065], [117.07365494978107, -34.503897765520065]]]}, "properties": {"layer": "Fuel type", "fuel_code": 310, "fuel_class": "Broadleaf plantation", "fuel_risk": 82}}, {"type": "Feature", "geometry": {"type": "Polygon", "coordinates": [[[117.09865494978108, -34.503897765520065], [117.09865494978108, -34.47889776552007], [117.07365494978107, -34.47889776552007], [117.07365494978107, -34.503897765520065], [117.09865494978108, -34.503897765520065]]]}, "properties": {"layer": "Fuel type", "fuel_code": 631, "fuel_class": "Grassland", "fuel_risk": 62}}, {"type": "Feature", "geometry": {"type": "Polygon", "coordinates": [[[117.12365494978108, -34.503897765520065], [117.12365494978108, -34.47889776552007], [117.09865494978108, -34.47889776552007], [117.09865494978108, -34.503897765520065], [117.12365494978108, -34.503897765520065]]]}, "properties": {"layer": "Fuel type", "fuel_code": 220, "fuel_class": "Open forest", "fuel_risk": 86}}, {"type": "Feature", "geometry": {"type": "Polygon", "coordinates": [[[117.14865494978109, -34.503897765520065], [117.14865494978109, -34.47889776552007], [117.12365494978108, -34.47889776552007], [117.12365494978108, -34.503897765520065], [117.14865494978109, -34.503897765520065]]]}, "properties": {"layer": "Fuel type", "fuel_code": 220, "fuel_class": "Open forest", "fuel_risk": 86}}, {"type": "Feature", "geometry": {"type": "Polygon", "coordinates": [[[117.1736549497811, -34.503897765520065], [117.1736549497811, -34.47889776552007], [117.14865494978109, -34.47889776552007], [117.14865494978109, -34.503897765520065], [117.1736549497811, -34.503897765520065]]]}, "properties": {"layer": "Fuel type", "fuel_code": 631, "fuel_class": "Grassland", "fuel_risk": 62}}, {"type": "Feature", "geometry": {"type": "Polygon", "coordinates": [[[117.1986549497811, -34.503897765520065], [117.1986549497811, -34.47889776552007], [117.1736549497811, -34.47889776552007], [117.1736549497811, -34.503897765520065], [117.1986549497811, -34.503897765520065]]]}, "properties": {"layer": "Fuel type", "fuel_code": 520, "fuel_class": "Shrubland", "fuel_risk": 82}}, {"type": "Feature", "geometry": {"type": "Polygon", "coordinates": [[[117.2236549497811, -34.503897765520065], [117.2236549497811, -34.47889776552007], [117.1986549497811, -34.47889776552007], [117.1986549497811, -34.503897765520065], [117.2236549497811, -34.503897765520065]]]}, "properties": {"layer": "Fuel type", "fuel_code": 520, "fuel_class": "Shrubland", "fuel_risk": 82}}, {"type": "Feature", "geometry": {"type": "Polygon", "coordinates": [[[117.24865494978111, -34.503897765520065], [117.24865494978111, -34.47889776552007], [117.2236549497811, -34.47889776552007], [117.2236549497811, -34.503897765520065], [117.24865494978111, -34.503897765520065]]]}, "properties": {"layer": "Fuel type", "fuel_code": 631, "fuel_class": "Grassland", "fuel_risk": 62}}, {"type": "Feature", "geometry": {"type": "Polygon", "coordinates": [[[117.27365494978112, -34.503897765520065], [117.27365494978112, -34.47889776552007], [117.24865494978111, -34.47889776552007], [117.24865494978111, -34.503897765520065], [117.27365494978112, -34.503897765520065]]]}, "properties": {"layer": "Fuel type", "fuel_code": 310, "fuel_class": "Broadleaf plantation", "fuel_risk": 82}}, {"type": "Feature", "geometry": {"type": "Polygon", "coordinates": [[[117.29865494978112, -34.503897765520065], [117.29865494978112, -34.47889776552007], [117.27365494978112, -34.47889776552007], [117.27365494978112, -34.503897765520065], [117.29865494978112, -34.503897765520065]]]}, "properties": {"layer": "Fuel type", "fuel_code": 310, "fuel_class": "Broadleaf plantation", "fuel_risk": 82}}, {"type": "Feature", "geometry": {"type": "Polygon", "coordinates": [[[117.32365494978113, -34.503897765520065], [117.32365494978113, -34.47889776552007], [117.29865494978112, -34.47889776552007], [117.29865494978112, -34.503897765520065], [117.32365494978113, -34.503897765520065]]]}, "properties": {"layer": "Fuel type", "fuel_code": 220, "fuel_class": "Open forest", "fuel_risk": 86}}, {"type": "Feature", "geometry": {"type": "Polygon", "coordinates": [[[117.34865494978114, -34.503897765520065], [117.34865494978114, -34.47889776552007], [117.32365494978113, -34.47889776552007], [117.32365494978113, -34.503897765520065], [117.34865494978114, -34.503897765520065]]]}, "properties": {"layer": "Fuel type", "fuel_code": 631, "fuel_class": "Grassland", "fuel_risk": 62}}, {"type": "Feature", "geometry": {"type": "Polygon", "coordinates": [[[117.37365494978114, -34.503897765520065], [117.37365494978114, -34.47889776552007], [117.34865494978114, -34.47889776552007], [117.34865494978114, -34.503897765520065], [117.37365494978114, -34.503897765520065]]]}, "properties": {"layer": "Fuel type", "fuel_code": 960, "fuel_class": "Bare ground", "fuel_risk": 12}}, {"type": "Feature", "geometry": {"type": "Polygon", "coordinates": [[[117.39865494978115, -34.503897765520065], [117.39865494978115, -34.47889776552007], [117.37365494978114, -34.47889776552007], [117.37365494978114, -34.503897765520065], [117.39865494978115, -34.503897765520065]]]}, "properties": {"layer": "Fuel type", "fuel_code": 640, "fuel_class": "Croplands", "fuel_risk": 50}}, {"type": "Feature", "geometry": {"type": "Polygon", "coordinates": [[[117.42365494978115, -34.503897765520065], [117.42365494978115, -34.47889776552007], [117.39865494978115, -34.47889776552007], [117.39865494978115, -34.503897765520065], [117.42365494978115, -34.503897765520065]]]}, "properties": {"layer": "Fuel type", "fuel_code": 631, "fuel_class": "Grassland", "fuel_risk": 62}}, {"type": "Feature", "geometry": {"type": "Polygon", "coordinates": [[[117.44865494978116, -34.503897765520065], [117.44865494978116, -34.47889776552007], [117.42365494978115, -34.47889776552007], [117.42365494978115, -34.503897765520065], [117.44865494978116, -34.503897765520065]]]}, "properties": {"layer": "Fuel type", "fuel_code": 532, "fuel_class": "Open shrubland with grassy understory", "fuel_risk": 68}}, {"type": "Feature", "geometry": {"type": "Polygon", "coordinates": [[[117.47365494978116, -34.503897765520065], [117.47365494978116, -34.47889776552007], [117.44865494978116, -34.47889776552007], [117.44865494978116, -34.503897765520065], [117.47365494978116, -34.503897765520065]]]}, "properties": {"layer": "Fuel type", "fuel_code": 631, "fuel_class": "Grassland", "fuel_risk": 62}}, {"type": "Feature", "geometry": {"type": "Polygon", "coordinates": [[[117.49865494978117, -34.503897765520065], [117.49865494978117, -34.47889776552007], [117.47365494978116, -34.47889776552007], [117.47365494978116, -34.503897765520065], [117.49865494978117, -34.503897765520065]]]}, "properties": {"layer": "Fuel type", "fuel_code": 631, "fuel_class": "Grassland", "fuel_risk": 62}}, {"type": "Feature", "geometry": {"type": "Polygon", "coordinates": [[[117.52365494978118, -34.503897765520065], [117.52365494978118, -34.47889776552007], [117.49865494978117, -34.47889776552007], [117.49865494978117, -34.503897765520065], [117.52365494978118, -34.503897765520065]]]}, "properties": {"layer": "Fuel type", "fuel_code": 640, "fuel_class": "Croplands", "fuel_risk": 50}}, {"type": "Feature", "geometry": {"type": "Polygon", "coordinates": [[[117.54865494978118, -34.503897765520065], [117.54865494978118, -34.47889776552007], [117.52365494978118, -34.47889776552007], [117.52365494978118, -34.503897765520065], [117.54865494978118, -34.503897765520065]]]}, "properties": {"layer": "Fuel type", "fuel_code": 640, "fuel_class": "Croplands", "fuel_risk": 50}}, {"type": "Feature", "geometry": {"type": "Polygon", "coordinates": [[[117.57365494978119, -34.503897765520065], [117.57365494978119, -34.47889776552007], [117.54865494978118, -34.47889776552007], [117.54865494978118, -34.503897765520065], [117.57365494978119, -34.503897765520065]]]}, "properties": {"layer": "Fuel type", "fuel_code": 631, "fuel_class": "Grassland", "fuel_risk": 62}}, {"type": "Feature", "geometry": {"type": "Polygon", "coordinates": [[[117.59865494978119, -34.503897765520065], [117.59865494978119, -34.47889776552007], [117.57365494978119, -34.47889776552007], [117.57365494978119, -34.503897765520065], [117.59865494978119, -34.503897765520065]]]}, "properties": {"layer": "Fuel type", "fuel_code": 640, "fuel_class": "Croplands", "fuel_risk": 50}}, {"type": "Feature", "geometry": {"type": "Polygon", "coordinates": [[[117.6236549497812, -34.503897765520065], [117.6236549497812, -34.47889776552007], [117.59865494978119, -34.47889776552007], [117.59865494978119, -34.503897765520065], [117.6236549497812, -34.503897765520065]]]}, "properties": {"layer": "Fuel type", "fuel_code": 631, "fuel_class": "Grassland", "fuel_risk": 62}}, {"type": "Feature", "geometry": {"type": "Polygon", "coordinates": [[[117.6486549497812, -34.503897765520065], [117.6486549497812, -34.47889776552007], [117.6236549497812, -34.47889776552007], [117.6236549497812, -34.503897765520065], [117.6486549497812, -34.503897765520065]]]}, "properties": {"layer": "Fuel type", "fuel_code": 631, "fuel_class": "Grassland", "fuel_risk": 62}}, {"type": "Feature", "geometry": {"type": "Polygon", "coordinates": [[[117.67365494978121, -34.503897765520065], [117.67365494978121, -34.47889776552007], [117.6486549497812, -34.47889776552007], [117.6486549497812, -34.503897765520065], [117.67365494978121, -34.503897765520065]]]}, "properties": {"layer": "Fuel type", "fuel_code": 640, "fuel_class": "Croplands", "fuel_risk": 50}}, {"type": "Feature", "geometry": {"type": "Polygon", "coordinates": [[[117.69865494978121, -34.503897765520065], [117.69865494978121, -34.47889776552007], [117.67365494978121, -34.47889776552007], [117.67365494978121, -34.503897765520065], [117.69865494978121, -34.503897765520065]]]}, "properties": {"layer": "Fuel type", "fuel_code": 631, "fuel_class": "Grassland", "fuel_risk": 62}}, {"type": "Feature", "geometry": {"type": "Polygon", "coordinates": [[[117.72365494978122, -34.503897765520065], [117.72365494978122, -34.47889776552007], [117.69865494978121, -34.47889776552007], [117.69865494978121, -34.503897765520065], [117.72365494978122, -34.503897765520065]]]}, "properties": {"layer": "Fuel type", "fuel_code": 631, "fuel_class": "Grassland", "fuel_risk": 62}}, {"type": "Feature", "geometry": {"type": "Polygon", "coordinates": [[[117.74865494978123, -34.503897765520065], [117.74865494978123, -34.47889776552007], [117.72365494978122, -34.47889776552007], [117.72365494978122, -34.503897765520065], [117.74865494978123, -34.503897765520065]]]}, "properties": {"layer": "Fuel type", "fuel_code": 640, "fuel_class": "Croplands", "fuel_risk": 50}}, {"type": "Feature", "geometry": {"type": "Polygon", "coordinates": [[[117.77365494978123, -34.503897765520065], [117.77365494978123, -34.47889776552007], [117.74865494978123, -34.47889776552007], [117.74865494978123, -34.503897765520065], [117.77365494978123, -34.503897765520065]]]}, "properties": {"layer": "Fuel type", "fuel_code": 631, "fuel_class": "Grassland", "fuel_risk": 62}}, {"type": "Feature", "geometry": {"type": "Polygon", "coordinates": [[[117.79865494978124, -34.503897765520065], [117.79865494978124, -34.47889776552007], [117.77365494978123, -34.47889776552007], [117.77365494978123, -34.503897765520065], [117.79865494978124, -34.503897765520065]]]}, "properties": {"layer": "Fuel type", "fuel_code": 631, "fuel_class": "Grassland", "fuel_risk": 62}}, {"type": "Feature", "geometry": {"type": "Polygon", "coordinates": [[[117.82365494978124, -34.503897765520065], [117.82365494978124, -34.47889776552007], [117.79865494978124, -34.47889776552007], [117.79865494978124, -34.503897765520065], [117.82365494978124, -34.503897765520065]]]}, "properties": {"layer": "Fuel type", "fuel_code": 631, "fuel_class": "Grassland", "fuel_risk": 62}}, {"type": "Feature", "geometry": {"type": "Polygon", "coordinates": [[[117.84865494978125, -34.503897765520065], [117.84865494978125, -34.47889776552007], [117.82365494978124, -34.47889776552007], [117.82365494978124, -34.503897765520065], [117.84865494978125, -34.503897765520065]]]}, "properties": {"layer": "Fuel type", "fuel_code": 640, "fuel_class": "Croplands", "fuel_risk": 50}}, {"type": "Feature", "geometry": {"type": "Polygon", "coordinates": [[[117.87365494978125, -34.503897765520065], [117.87365494978125, -34.47889776552007], [117.84865494978125, -34.47889776552007], [117.84865494978125, -34.503897765520065], [117.87365494978125, -34.503897765520065]]]}, "properties": {"layer": "Fuel type", "fuel_code": 640, "fuel_class": "Croplands", "fuel_risk": 50}}, {"type": "Feature", "geometry": {"type": "Polygon", "coordinates": [[[117.89865494978126, -34.503897765520065], [117.89865494978126, -34.47889776552007], [117.87365494978125, -34.47889776552007], [117.87365494978125, -34.503897765520065], [117.89865494978126, -34.503897765520065]]]}, "properties": {"layer": "Fuel type", "fuel_code": 631, "fuel_class": "Grassland", "fuel_risk": 62}}, {"type": "Feature", "geometry": {"type": "Polygon", "coordinates": [[[117.92365494978127, -34.503897765520065], [117.92365494978127, -34.47889776552007], [117.89865494978126, -34.47889776552007], [117.89865494978126, -34.503897765520065], [117.92365494978127, -34.503897765520065]]]}, "properties": {"layer": "Fuel type", "fuel_code": 631, "fuel_class": "Grassland", "fuel_risk": 62}}, {"type": "Feature", "geometry": {"type": "Polygon", "coordinates": [[[117.94865494978127, -34.503897765520065], [117.94865494978127, -34.47889776552007], [117.92365494978127, -34.47889776552007], [117.92365494978127, -34.503897765520065], [117.94865494978127, -34.503897765520065]]]}, "properties": {"layer": "Fuel type", "fuel_code": 631, "fuel_class": "Grassland", "fuel_risk": 62}}, {"type": "Feature", "geometry": {"type": "Polygon", "coordinates": [[[117.97365494978128, -34.503897765520065], [117.97365494978128, -34.47889776552007], [117.94865494978127, -34.47889776552007], [117.94865494978127, -34.503897765520065], [117.97365494978128, -34.503897765520065]]]}, "properties": {"layer": "Fuel type", "fuel_code": 631, "fuel_class": "Grassland", "fuel_risk": 62}}, {"type": "Feature", "geometry": {"type": "Polygon", "coordinates": [[[117.99865494978128, -34.503897765520065], [117.99865494978128, -34.47889776552007], [117.97365494978128, -34.47889776552007], [117.97365494978128, -34.503897765520065], [117.99865494978128, -34.503897765520065]]]}, "properties": {"layer": "Fuel type", "fuel_code": 640, "fuel_class": "Croplands", "fuel_risk": 50}}, {"type": "Feature", "geometry": {"type": "Polygon", "coordinates": [[[118.01203559541987, -34.503897765520065], [118.01203559541987, -34.47889776552007], [117.99865494978128, -34.47889776552007], [117.99865494978128, -34.503897765520065], [118.01203559541987, -34.503897765520065]]]}, "properties": {"layer": "Fuel type", "fuel_code": 631, "fuel_class": "Grassland", "fuel_risk": 62}}, {"type": "Feature", "geometry": {"type": "Polygon", "coordinates": [[[116.92365494978104, -34.47889776552007], [116.92365494978104, -34.45389776552007], [116.89865494978103, -34.45389776552007], [116.89865494978103, -34.47889776552007], [116.92365494978104, -34.47889776552007]]]}, "properties": {"layer": "Fuel type", "fuel_code": 230, "fuel_class": "Low open forest", "fuel_risk": 76}}, {"type": "Feature", "geometry": {"type": "Polygon", "coordinates": [[[116.94865494978104, -34.47889776552007], [116.94865494978104, -34.45389776552007], [116.92365494978104, -34.45389776552007], [116.92365494978104, -34.47889776552007], [116.94865494978104, -34.47889776552007]]]}, "properties": {"layer": "Fuel type", "fuel_code": 220, "fuel_class": "Open forest", "fuel_risk": 86}}, {"type": "Feature", "geometry": {"type": "Polygon", "coordinates": [[[116.97365494978105, -34.47889776552007], [116.97365494978105, -34.45389776552007], [116.94865494978104, -34.45389776552007], [116.94865494978104, -34.47889776552007], [116.97365494978105, -34.47889776552007]]]}, "properties": {"layer": "Fuel type", "fuel_code": 631, "fuel_class": "Grassland", "fuel_risk": 62}}, {"type": "Feature", "geometry": {"type": "Polygon", "coordinates": [[[116.99865494978106, -34.47889776552007], [116.99865494978106, -34.45389776552007], [116.97365494978105, -34.45389776552007], [116.97365494978105, -34.47889776552007], [116.99865494978106, -34.47889776552007]]]}, "properties": {"layer": "Fuel type", "fuel_code": 310, "fuel_class": "Broadleaf plantation", "fuel_risk": 82}}, {"type": "Feature", "geometry": {"type": "Polygon", "coordinates": [[[117.02365494978106, -34.47889776552007], [117.02365494978106, -34.45389776552007], [116.99865494978106, -34.45389776552007], [116.99865494978106, -34.47889776552007], [117.02365494978106, -34.47889776552007]]]}, "properties": {"layer": "Fuel type", "fuel_code": 920, "fuel_class": "Wildland urban interface 1", "fuel_risk": 82}}, {"type": "Feature", "geometry": {"type": "Polygon", "coordinates": [[[117.04865494978107, -34.47889776552007], [117.04865494978107, -34.45389776552007], [117.02365494978106, -34.45389776552007], [117.02365494978106, -34.47889776552007], [117.04865494978107, -34.47889776552007]]]}, "properties": {"layer": "Fuel type", "fuel_code": 310, "fuel_class": "Broadleaf plantation", "fuel_risk": 82}}, {"type": "Feature", "geometry": {"type": "Polygon", "coordinates": [[[117.07365494978107, -34.47889776552007], [117.07365494978107, -34.45389776552007], [117.04865494978107, -34.45389776552007], [117.04865494978107, -34.47889776552007], [117.07365494978107, -34.47889776552007]]]}, "properties": {"layer": "Fuel type", "fuel_code": 640, "fuel_class": "Croplands", "fuel_risk": 50}}, {"type": "Feature", "geometry": {"type": "Polygon", "coordinates": [[[117.09865494978108, -34.47889776552007], [117.09865494978108, -34.45389776552007], [117.07365494978107, -34.45389776552007], [117.07365494978107, -34.47889776552007], [117.09865494978108, -34.47889776552007]]]}, "properties": {"layer": "Fuel type", "fuel_code": 631, "fuel_class": "Grassland", "fuel_risk": 62}}, {"type": "Feature", "geometry": {"type": "Polygon", "coordinates": [[[117.12365494978108, -34.47889776552007], [117.12365494978108, -34.45389776552007], [117.09865494978108, -34.45389776552007], [117.09865494978108, -34.47889776552007], [117.12365494978108, -34.47889776552007]]]}, "properties": {"layer": "Fuel type", "fuel_code": 631, "fuel_class": "Grassland", "fuel_risk": 62}}, {"type": "Feature", "geometry": {"type": "Polygon", "coordinates": [[[117.14865494978109, -34.47889776552007], [117.14865494978109, -34.45389776552007], [117.12365494978108, -34.45389776552007], [117.12365494978108, -34.47889776552007], [117.14865494978109, -34.47889776552007]]]}, "properties": {"layer": "Fuel type", "fuel_code": 631, "fuel_class": "Grassland", "fuel_risk": 62}}, {"type": "Feature", "geometry": {"type": "Polygon", "coordinates": [[[117.1736549497811, -34.47889776552007], [117.1736549497811, -34.45389776552007], [117.14865494978109, -34.45389776552007], [117.14865494978109, -34.47889776552007], [117.1736549497811, -34.47889776552007]]]}, "properties": {"layer": "Fuel type", "fuel_code": 631, "fuel_class": "Grassland", "fuel_risk": 62}}, {"type": "Feature", "geometry": {"type": "Polygon", "coordinates": [[[117.1986549497811, -34.47889776552007], [117.1986549497811, -34.45389776552007], [117.1736549497811, -34.45389776552007], [117.1736549497811, -34.47889776552007], [117.1986549497811, -34.47889776552007]]]}, "properties": {"layer": "Fuel type", "fuel_code": 800, "fuel_class": "Wetlands", "fuel_risk": 35}}, {"type": "Feature", "geometry": {"type": "Polygon", "coordinates": [[[117.2236549497811, -34.47889776552007], [117.2236549497811, -34.45389776552007], [117.1986549497811, -34.45389776552007], [117.1986549497811, -34.47889776552007], [117.2236549497811, -34.47889776552007]]]}, "properties": {"layer": "Fuel type", "fuel_code": 433, "fuel_class": "Low woodland with grassy understory", "fuel_risk": 66}}, {"type": "Feature", "geometry": {"type": "Polygon", "coordinates": [[[117.24865494978111, -34.47889776552007], [117.24865494978111, -34.45389776552007], [117.2236549497811, -34.45389776552007], [117.2236549497811, -34.47889776552007], [117.24865494978111, -34.47889776552007]]]}, "properties": {"layer": "Fuel type", "fuel_code": 220, "fuel_class": "Open forest", "fuel_risk": 86}}, {"type": "Feature", "geometry": {"type": "Polygon", "coordinates": [[[117.27365494978112, -34.47889776552007], [117.27365494978112, -34.45389776552007], [117.24865494978111, -34.45389776552007], [117.24865494978111, -34.47889776552007], [117.27365494978112, -34.47889776552007]]]}, "properties": {"layer": "Fuel type", "fuel_code": 800, "fuel_class": "Wetlands", "fuel_risk": 35}}, {"type": "Feature", "geometry": {"type": "Polygon", "coordinates": [[[117.29865494978112, -34.47889776552007], [117.29865494978112, -34.45389776552007], [117.27365494978112, -34.45389776552007], [117.27365494978112, -34.47889776552007], [117.29865494978112, -34.47889776552007]]]}, "properties": {"layer": "Fuel type", "fuel_code": 800, "fuel_class": "Wetlands", "fuel_risk": 35}}, {"type": "Feature", "geometry": {"type": "Polygon", "coordinates": [[[117.32365494978113, -34.47889776552007], [117.32365494978113, -34.45389776552007], [117.29865494978112, -34.45389776552007], [117.29865494978112, -34.47889776552007], [117.32365494978113, -34.47889776552007]]]}, "properties": {"layer": "Fuel type", "fuel_code": 631, "fuel_class": "Grassland", "fuel_risk": 62}}, {"type": "Feature", "geometry": {"type": "Polygon", "coordinates": [[[117.34865494978114, -34.47889776552007], [117.34865494978114, -34.45389776552007], [117.32365494978113, -34.45389776552007], [117.32365494978113, -34.47889776552007], [117.34865494978114, -34.47889776552007]]]}, "properties": {"layer": "Fuel type", "fuel_code": 631, "fuel_class": "Grassland", "fuel_risk": 62}}, {"type": "Feature", "geometry": {"type": "Polygon", "coordinates": [[[117.37365494978114, -34.47889776552007], [117.37365494978114, -34.45389776552007], [117.34865494978114, -34.45389776552007], [117.34865494978114, -34.47889776552007], [117.37365494978114, -34.47889776552007]]]}, "properties": {"layer": "Fuel type", "fuel_code": 640, "fuel_class": "Croplands", "fuel_risk": 50}}, {"type": "Feature", "geometry": {"type": "Polygon", "coordinates": [[[117.39865494978115, -34.47889776552007], [117.39865494978115, -34.45389776552007], [117.37365494978114, -34.45389776552007], [117.37365494978114, -34.47889776552007], [117.39865494978115, -34.47889776552007]]]}, "properties": {"layer": "Fuel type", "fuel_code": 640, "fuel_class": "Croplands", "fuel_risk": 50}}, {"type": "Feature", "geometry": {"type": "Polygon", "coordinates": [[[117.42365494978115, -34.47889776552007], [117.42365494978115, -34.45389776552007], [117.39865494978115, -34.45389776552007], [117.39865494978115, -34.47889776552007], [117.42365494978115, -34.47889776552007]]]}, "properties": {"layer": "Fuel type", "fuel_code": 631, "fuel_class": "Grassland", "fuel_risk": 62}}, {"type": "Feature", "geometry": {"type": "Polygon", "coordinates": [[[117.44865494978116, -34.47889776552007], [117.44865494978116, -34.45389776552007], [117.42365494978115, -34.45389776552007], [117.42365494978115, -34.47889776552007], [117.44865494978116, -34.47889776552007]]]}, "properties": {"layer": "Fuel type", "fuel_code": 631, "fuel_class": "Grassland", "fuel_risk": 62}}, {"type": "Feature", "geometry": {"type": "Polygon", "coordinates": [[[117.47365494978116, -34.47889776552007], [117.47365494978116, -34.45389776552007], [117.44865494978116, -34.45389776552007], [117.44865494978116, -34.47889776552007], [117.47365494978116, -34.47889776552007]]]}, "properties": {"layer": "Fuel type", "fuel_code": 640, "fuel_class": "Croplands", "fuel_risk": 50}}, {"type": "Feature", "geometry": {"type": "Polygon", "coordinates": [[[117.49865494978117, -34.47889776552007], [117.49865494978117, -34.45389776552007], [117.47365494978116, -34.45389776552007], [117.47365494978116, -34.47889776552007], [117.49865494978117, -34.47889776552007]]]}, "properties": {"layer": "Fuel type", "fuel_code": 640, "fuel_class": "Croplands", "fuel_risk": 50}}, {"type": "Feature", "geometry": {"type": "Polygon", "coordinates": [[[117.52365494978118, -34.47889776552007], [117.52365494978118, -34.45389776552007], [117.49865494978117, -34.45389776552007], [117.49865494978117, -34.47889776552007], [117.52365494978118, -34.47889776552007]]]}, "properties": {"layer": "Fuel type", "fuel_code": 631, "fuel_class": "Grassland", "fuel_risk": 62}}, {"type": "Feature", "geometry": {"type": "Polygon", "coordinates": [[[117.54865494978118, -34.47889776552007], [117.54865494978118, -34.45389776552007], [117.52365494978118, -34.45389776552007], [117.52365494978118, -34.47889776552007], [117.54865494978118, -34.47889776552007]]]}, "properties": {"layer": "Fuel type", "fuel_code": 631, "fuel_class": "Grassland", "fuel_risk": 62}}, {"type": "Feature", "geometry": {"type": "Polygon", "coordinates": [[[117.57365494978119, -34.47889776552007], [117.57365494978119, -34.45389776552007], [117.54865494978118, -34.45389776552007], [117.54865494978118, -34.47889776552007], [117.57365494978119, -34.47889776552007]]]}, "properties": {"layer": "Fuel type", "fuel_code": 631, "fuel_class": "Grassland", "fuel_risk": 62}}, {"type": "Feature", "geometry": {"type": "Polygon", "coordinates": [[[117.59865494978119, -34.47889776552007], [117.59865494978119, -34.45389776552007], [117.57365494978119, -34.45389776552007], [117.57365494978119, -34.47889776552007], [117.59865494978119, -34.47889776552007]]]}, "properties": {"layer": "Fuel type", "fuel_code": 631, "fuel_class": "Grassland", "fuel_risk": 62}}, {"type": "Feature", "geometry": {"type": "Polygon", "coordinates": [[[117.6236549497812, -34.47889776552007], [117.6236549497812, -34.45389776552007], [117.59865494978119, -34.45389776552007], [117.59865494978119, -34.47889776552007], [117.6236549497812, -34.47889776552007]]]}, "properties": {"layer": "Fuel type", "fuel_code": 631, "fuel_class": "Grassland", "fuel_risk": 62}}, {"type": "Feature", "geometry": {"type": "Polygon", "coordinates": [[[117.6486549497812, -34.47889776552007], [117.6486549497812, -34.45389776552007], [117.6236549497812, -34.45389776552007], [117.6236549497812, -34.47889776552007], [117.6486549497812, -34.47889776552007]]]}, "properties": {"layer": "Fuel type", "fuel_code": 640, "fuel_class": "Croplands", "fuel_risk": 50}}, {"type": "Feature", "geometry": {"type": "Polygon", "coordinates": [[[117.67365494978121, -34.47889776552007], [117.67365494978121, -34.45389776552007], [117.6486549497812, -34.45389776552007], [117.6486549497812, -34.47889776552007], [117.67365494978121, -34.47889776552007]]]}, "properties": {"layer": "Fuel type", "fuel_code": 640, "fuel_class": "Croplands", "fuel_risk": 50}}, {"type": "Feature", "geometry": {"type": "Polygon", "coordinates": [[[117.69865494978121, -34.47889776552007], [117.69865494978121, -34.45389776552007], [117.67365494978121, -34.45389776552007], [117.67365494978121, -34.47889776552007], [117.69865494978121, -34.47889776552007]]]}, "properties": {"layer": "Fuel type", "fuel_code": 631, "fuel_class": "Grassland", "fuel_risk": 62}}, {"type": "Feature", "geometry": {"type": "Polygon", "coordinates": [[[117.72365494978122, -34.47889776552007], [117.72365494978122, -34.45389776552007], [117.69865494978121, -34.45389776552007], [117.69865494978121, -34.47889776552007], [117.72365494978122, -34.47889776552007]]]}, "properties": {"layer": "Fuel type", "fuel_code": 631, "fuel_class": "Grassland", "fuel_risk": 62}}, {"type": "Feature", "geometry": {"type": "Polygon", "coordinates": [[[117.74865494978123, -34.47889776552007], [117.74865494978123, -34.45389776552007], [117.72365494978122, -34.45389776552007], [117.72365494978122, -34.47889776552007], [117.74865494978123, -34.47889776552007]]]}, "properties": {"layer": "Fuel type", "fuel_code": 433, "fuel_class": "Low woodland with grassy understory", "fuel_risk": 66}}, {"type": "Feature", "geometry": {"type": "Polygon", "coordinates": [[[117.77365494978123, -34.47889776552007], [117.77365494978123, -34.45389776552007], [117.74865494978123, -34.45389776552007], [117.74865494978123, -34.47889776552007], [117.77365494978123, -34.47889776552007]]]}, "properties": {"layer": "Fuel type", "fuel_code": 431, "fuel_class": "Low woodland with shrubby understory", "fuel_risk": 78}}, {"type": "Feature", "geometry": {"type": "Polygon", "coordinates": [[[117.79865494978124, -34.47889776552007], [117.79865494978124, -34.45389776552007], [117.77365494978123, -34.45389776552007], [117.77365494978123, -34.47889776552007], [117.79865494978124, -34.47889776552007]]]}, "properties": {"layer": "Fuel type", "fuel_code": 510, "fuel_class": "Tall shrubland", "fuel_risk": 88}}, {"type": "Feature", "geometry": {"type": "Polygon", "coordinates": [[[117.82365494978124, -34.47889776552007], [117.82365494978124, -34.45389776552007], [117.79865494978124, -34.45389776552007], [117.79865494978124, -34.47889776552007], [117.82365494978124, -34.47889776552007]]]}, "properties": {"layer": "Fuel type", "fuel_code": 510, "fuel_class": "Tall shrubland", "fuel_risk": 88}}, {"type": "Feature", "geometry": {"type": "Polygon", "coordinates": [[[117.84865494978125, -34.47889776552007], [117.84865494978125, -34.45389776552007], [117.82365494978124, -34.45389776552007], [117.82365494978124, -34.47889776552007], [117.84865494978125, -34.47889776552007]]]}, "properties": {"layer": "Fuel type", "fuel_code": 431, "fuel_class": "Low woodland with shrubby understory", "fuel_risk": 78}}, {"type": "Feature", "geometry": {"type": "Polygon", "coordinates": [[[117.87365494978125, -34.47889776552007], [117.87365494978125, -34.45389776552007], [117.84865494978125, -34.45389776552007], [117.84865494978125, -34.47889776552007], [117.87365494978125, -34.47889776552007]]]}, "properties": {"layer": "Fuel type", "fuel_code": 520, "fuel_class": "Shrubland", "fuel_risk": 82}}, {"type": "Feature", "geometry": {"type": "Polygon", "coordinates": [[[117.89865494978126, -34.47889776552007], [117.89865494978126, -34.45389776552007], [117.87365494978125, -34.45389776552007], [117.87365494978125, -34.47889776552007], [117.89865494978126, -34.47889776552007]]]}, "properties": {"layer": "Fuel type", "fuel_code": 431, "fuel_class": "Low woodland with shrubby understory", "fuel_risk": 78}}, {"type": "Feature", "geometry": {"type": "Polygon", "coordinates": [[[117.92365494978127, -34.47889776552007], [117.92365494978127, -34.45389776552007], [117.89865494978126, -34.45389776552007], [117.89865494978126, -34.47889776552007], [117.92365494978127, -34.47889776552007]]]}, "properties": {"layer": "Fuel type", "fuel_code": 431, "fuel_class": "Low woodland with shrubby understory", "fuel_risk": 78}}, {"type": "Feature", "geometry": {"type": "Polygon", "coordinates": [[[117.94865494978127, -34.47889776552007], [117.94865494978127, -34.45389776552007], [117.92365494978127, -34.45389776552007], [117.92365494978127, -34.47889776552007], [117.94865494978127, -34.47889776552007]]]}, "properties": {"layer": "Fuel type", "fuel_code": 510, "fuel_class": "Tall shrubland", "fuel_risk": 88}}, {"type": "Feature", "geometry": {"type": "Polygon", "coordinates": [[[117.97365494978128, -34.47889776552007], [117.97365494978128, -34.45389776552007], [117.94865494978127, -34.45389776552007], [117.94865494978127, -34.47889776552007], [117.97365494978128, -34.47889776552007]]]}, "properties": {"layer": "Fuel type", "fuel_code": 510, "fuel_class": "Tall shrubland", "fuel_risk": 88}}, {"type": "Feature", "geometry": {"type": "Polygon", "coordinates": [[[117.99865494978128, -34.47889776552007], [117.99865494978128, -34.45389776552007], [117.97365494978128, -34.45389776552007], [117.97365494978128, -34.47889776552007], [117.99865494978128, -34.47889776552007]]]}, "properties": {"layer": "Fuel type", "fuel_code": 433, "fuel_class": "Low woodland with grassy understory", "fuel_risk": 66}}, {"type": "Feature", "geometry": {"type": "Polygon", "coordinates": [[[118.01203559541987, -34.47889776552007], [118.01203559541987, -34.45389776552007], [117.99865494978128, -34.45389776552007], [117.99865494978128, -34.47889776552007], [118.01203559541987, -34.47889776552007]]]}, "properties": {"layer": "Fuel type", "fuel_code": 230, "fuel_class": "Low open forest", "fuel_risk": 76}}, {"type": "Feature", "geometry": {"type": "Polygon", "coordinates": [[[116.92365494978104, -34.45389776552007], [116.92365494978104, -34.42889776552007], [116.89865494978103, -34.42889776552007], [116.89865494978103, -34.45389776552007], [116.92365494978104, -34.45389776552007]]]}, "properties": {"layer": "Fuel type", "fuel_code": 631, "fuel_class": "Grassland", "fuel_risk": 62}}, {"type": "Feature", "geometry": {"type": "Polygon", "coordinates": [[[116.94865494978104, -34.45389776552007], [116.94865494978104, -34.42889776552007], [116.92365494978104, -34.42889776552007], [116.92365494978104, -34.45389776552007], [116.94865494978104, -34.45389776552007]]]}, "properties": {"layer": "Fuel type", "fuel_code": 310, "fuel_class": "Broadleaf plantation", "fuel_risk": 82}}, {"type": "Feature", "geometry": {"type": "Polygon", "coordinates": [[[116.97365494978105, -34.45389776552007], [116.97365494978105, -34.42889776552007], [116.94865494978104, -34.42889776552007], [116.94865494978104, -34.45389776552007], [116.97365494978105, -34.45389776552007]]]}, "properties": {"layer": "Fuel type", "fuel_code": 220, "fuel_class": "Open forest", "fuel_risk": 86}}, {"type": "Feature", "geometry": {"type": "Polygon", "coordinates": [[[116.99865494978106, -34.45389776552007], [116.99865494978106, -34.42889776552007], [116.97365494978105, -34.42889776552007], [116.97365494978105, -34.45389776552007], [116.99865494978106, -34.45389776552007]]]}, "properties": {"layer": "Fuel type", "fuel_code": 631, "fuel_class": "Grassland", "fuel_risk": 62}}, {"type": "Feature", "geometry": {"type": "Polygon", "coordinates": [[[117.02365494978106, -34.45389776552007], [117.02365494978106, -34.42889776552007], [116.99865494978106, -34.42889776552007], [116.99865494978106, -34.45389776552007], [117.02365494978106, -34.45389776552007]]]}, "properties": {"layer": "Fuel type", "fuel_code": 631, "fuel_class": "Grassland", "fuel_risk": 62}}, {"type": "Feature", "geometry": {"type": "Polygon", "coordinates": [[[117.04865494978107, -34.45389776552007], [117.04865494978107, -34.42889776552007], [117.02365494978106, -34.42889776552007], [117.02365494978106, -34.45389776552007], [117.04865494978107, -34.45389776552007]]]}, "properties": {"layer": "Fuel type", "fuel_code": 631, "fuel_class": "Grassland", "fuel_risk": 62}}, {"type": "Feature", "geometry": {"type": "Polygon", "coordinates": [[[117.07365494978107, -34.45389776552007], [117.07365494978107, -34.42889776552007], [117.04865494978107, -34.42889776552007], [117.04865494978107, -34.45389776552007], [117.07365494978107, -34.45389776552007]]]}, "properties": {"layer": "Fuel type", "fuel_code": 230, "fuel_class": "Low open forest", "fuel_risk": 76}}, {"type": "Feature", "geometry": {"type": "Polygon", "coordinates": [[[117.09865494978108, -34.45389776552007], [117.09865494978108, -34.42889776552007], [117.07365494978107, -34.42889776552007], [117.07365494978107, -34.45389776552007], [117.09865494978108, -34.45389776552007]]]}, "properties": {"layer": "Fuel type", "fuel_code": 960, "fuel_class": "Bare ground", "fuel_risk": 12}}, {"type": "Feature", "geometry": {"type": "Polygon", "coordinates": [[[117.12365494978108, -34.45389776552007], [117.12365494978108, -34.42889776552007], [117.09865494978108, -34.42889776552007], [117.09865494978108, -34.45389776552007], [117.12365494978108, -34.45389776552007]]]}, "properties": {"layer": "Fuel type", "fuel_code": 220, "fuel_class": "Open forest", "fuel_risk": 86}}, {"type": "Feature", "geometry": {"type": "Polygon", "coordinates": [[[117.14865494978109, -34.45389776552007], [117.14865494978109, -34.42889776552007], [117.12365494978108, -34.42889776552007], [117.12365494978108, -34.45389776552007], [117.14865494978109, -34.45389776552007]]]}, "properties": {"layer": "Fuel type", "fuel_code": 230, "fuel_class": "Low open forest", "fuel_risk": 76}}, {"type": "Feature", "geometry": {"type": "Polygon", "coordinates": [[[117.1736549497811, -34.45389776552007], [117.1736549497811, -34.42889776552007], [117.14865494978109, -34.42889776552007], [117.14865494978109, -34.45389776552007], [117.1736549497811, -34.45389776552007]]]}, "properties": {"layer": "Fuel type", "fuel_code": 800, "fuel_class": "Wetlands", "fuel_risk": 35}}, {"type": "Feature", "geometry": {"type": "Polygon", "coordinates": [[[117.1986549497811, -34.45389776552007], [117.1986549497811, -34.42889776552007], [117.1736549497811, -34.42889776552007], [117.1736549497811, -34.45389776552007], [117.1986549497811, -34.45389776552007]]]}, "properties": {"layer": "Fuel type", "fuel_code": 220, "fuel_class": "Open forest", "fuel_risk": 86}}, {"type": "Feature", "geometry": {"type": "Polygon", "coordinates": [[[117.2236549497811, -34.45389776552007], [117.2236549497811, -34.42889776552007], [117.1986549497811, -34.42889776552007], [117.1986549497811, -34.45389776552007], [117.2236549497811, -34.45389776552007]]]}, "properties": {"layer": "Fuel type", "fuel_code": 230, "fuel_class": "Low open forest", "fuel_risk": 76}}, {"type": "Feature", "geometry": {"type": "Polygon", "coordinates": [[[117.24865494978111, -34.45389776552007], [117.24865494978111, -34.42889776552007], [117.2236549497811, -34.42889776552007], [117.2236549497811, -34.45389776552007], [117.24865494978111, -34.45389776552007]]]}, "properties": {"layer": "Fuel type", "fuel_code": 960, "fuel_class": "Bare ground", "fuel_risk": 12}}, {"type": "Feature", "geometry": {"type": "Polygon", "coordinates": [[[117.27365494978112, -34.45389776552007], [117.27365494978112, -34.42889776552007], [117.24865494978111, -34.42889776552007], [117.24865494978111, -34.45389776552007], [117.27365494978112, -34.45389776552007]]]}, "properties": {"layer": "Fuel type", "fuel_code": 433, "fuel_class": "Low woodland with grassy understory", "fuel_risk": 66}}, {"type": "Feature", "geometry": {"type": "Polygon", "coordinates": [[[117.29865494978112, -34.45389776552007], [117.29865494978112, -34.42889776552007], [117.27365494978112, -34.42889776552007], [117.27365494978112, -34.45389776552007], [117.29865494978112, -34.45389776552007]]]}, "properties": {"layer": "Fuel type", "fuel_code": 220, "fuel_class": "Open forest", "fuel_risk": 86}}, {"type": "Feature", "geometry": {"type": "Polygon", "coordinates": [[[117.32365494978113, -34.45389776552007], [117.32365494978113, -34.42889776552007], [117.29865494978112, -34.42889776552007], [117.29865494978112, -34.45389776552007], [117.32365494978113, -34.45389776552007]]]}, "properties": {"layer": "Fuel type", "fuel_code": 631, "fuel_class": "Grassland", "fuel_risk": 62}}, {"type": "Feature", "geometry": {"type": "Polygon", "coordinates": [[[117.34865494978114, -34.45389776552007], [117.34865494978114, -34.42889776552007], [117.32365494978113, -34.42889776552007], [117.32365494978113, -34.45389776552007], [117.34865494978114, -34.45389776552007]]]}, "properties": {"layer": "Fuel type", "fuel_code": 631, "fuel_class": "Grassland", "fuel_risk": 62}}, {"type": "Feature", "geometry": {"type": "Polygon", "coordinates": [[[117.37365494978114, -34.45389776552007], [117.37365494978114, -34.42889776552007], [117.34865494978114, -34.42889776552007], [117.34865494978114, -34.45389776552007], [117.37365494978114, -34.45389776552007]]]}, "properties": {"layer": "Fuel type", "fuel_code": 433, "fuel_class": "Low woodland with grassy understory", "fuel_risk": 66}}, {"type": "Feature", "geometry": {"type": "Polygon", "coordinates": [[[117.39865494978115, -34.45389776552007], [117.39865494978115, -34.42889776552007], [117.37365494978114, -34.42889776552007], [117.37365494978114, -34.45389776552007], [117.39865494978115, -34.45389776552007]]]}, "properties": {"layer": "Fuel type", "fuel_code": 532, "fuel_class": "Open shrubland with grassy understory", "fuel_risk": 68}}, {"type": "Feature", "geometry": {"type": "Polygon", "coordinates": [[[117.42365494978115, -34.45389776552007], [117.42365494978115, -34.42889776552007], [117.39865494978115, -34.42889776552007], [117.39865494978115, -34.45389776552007], [117.42365494978115, -34.45389776552007]]]}, "properties": {"layer": "Fuel type", "fuel_code": 631, "fuel_class": "Grassland", "fuel_risk": 62}}, {"type": "Feature", "geometry": {"type": "Polygon", "coordinates": [[[117.44865494978116, -34.45389776552007], [117.44865494978116, -34.42889776552007], [117.42365494978115, -34.42889776552007], [117.42365494978115, -34.45389776552007], [117.44865494978116, -34.45389776552007]]]}, "properties": {"layer": "Fuel type", "fuel_code": 631, "fuel_class": "Grassland", "fuel_risk": 62}}, {"type": "Feature", "geometry": {"type": "Polygon", "coordinates": [[[117.47365494978116, -34.45389776552007], [117.47365494978116, -34.42889776552007], [117.44865494978116, -34.42889776552007], [117.44865494978116, -34.45389776552007], [117.47365494978116, -34.45389776552007]]]}, "properties": {"layer": "Fuel type", "fuel_code": 631, "fuel_class": "Grassland", "fuel_risk": 62}}, {"type": "Feature", "geometry": {"type": "Polygon", "coordinates": [[[117.49865494978117, -34.45389776552007], [117.49865494978117, -34.42889776552007], [117.47365494978116, -34.42889776552007], [117.47365494978116, -34.45389776552007], [117.49865494978117, -34.45389776552007]]]}, "properties": {"layer": "Fuel type", "fuel_code": 930, "fuel_class": "Wildland urban interface 2", "fuel_risk": 70}}, {"type": "Feature", "geometry": {"type": "Polygon", "coordinates": [[[117.52365494978118, -34.45389776552007], [117.52365494978118, -34.42889776552007], [117.49865494978117, -34.42889776552007], [117.49865494978117, -34.45389776552007], [117.52365494978118, -34.45389776552007]]]}, "properties": {"layer": "Fuel type", "fuel_code": 631, "fuel_class": "Grassland", "fuel_risk": 62}}, {"type": "Feature", "geometry": {"type": "Polygon", "coordinates": [[[117.54865494978118, -34.45389776552007], [117.54865494978118, -34.42889776552007], [117.52365494978118, -34.42889776552007], [117.52365494978118, -34.45389776552007], [117.54865494978118, -34.45389776552007]]]}, "properties": {"layer": "Fuel type", "fuel_code": 631, "fuel_class": "Grassland", "fuel_risk": 62}}, {"type": "Feature", "geometry": {"type": "Polygon", "coordinates": [[[117.57365494978119, -34.45389776552007], [117.57365494978119, -34.42889776552007], [117.54865494978118, -34.42889776552007], [117.54865494978118, -34.45389776552007], [117.57365494978119, -34.45389776552007]]]}, "properties": {"layer": "Fuel type", "fuel_code": 631, "fuel_class": "Grassland", "fuel_risk": 62}}, {"type": "Feature", "geometry": {"type": "Polygon", "coordinates": [[[117.59865494978119, -34.45389776552007], [117.59865494978119, -34.42889776552007], [117.57365494978119, -34.42889776552007], [117.57365494978119, -34.45389776552007], [117.59865494978119, -34.45389776552007]]]}, "properties": {"layer": "Fuel type", "fuel_code": 631, "fuel_class": "Grassland", "fuel_risk": 62}}, {"type": "Feature", "geometry": {"type": "Polygon", "coordinates": [[[117.6236549497812, -34.45389776552007], [117.6236549497812, -34.42889776552007], [117.59865494978119, -34.42889776552007], [117.59865494978119, -34.45389776552007], [117.6236549497812, -34.45389776552007]]]}, "properties": {"layer": "Fuel type", "fuel_code": 631, "fuel_class": "Grassland", "fuel_risk": 62}}, {"type": "Feature", "geometry": {"type": "Polygon", "coordinates": [[[117.6486549497812, -34.45389776552007], [117.6486549497812, -34.42889776552007], [117.6236549497812, -34.42889776552007], [117.6236549497812, -34.45389776552007], [117.6486549497812, -34.45389776552007]]]}, "properties": {"layer": "Fuel type", "fuel_code": 631, "fuel_class": "Grassland", "fuel_risk": 62}}, {"type": "Feature", "geometry": {"type": "Polygon", "coordinates": [[[117.67365494978121, -34.45389776552007], [117.67365494978121, -34.42889776552007], [117.6486549497812, -34.42889776552007], [117.6486549497812, -34.45389776552007], [117.67365494978121, -34.45389776552007]]]}, "properties": {"layer": "Fuel type", "fuel_code": 640, "fuel_class": "Croplands", "fuel_risk": 50}}, {"type": "Feature", "geometry": {"type": "Polygon", "coordinates": [[[117.69865494978121, -34.45389776552007], [117.69865494978121, -34.42889776552007], [117.67365494978121, -34.42889776552007], [117.67365494978121, -34.45389776552007], [117.69865494978121, -34.45389776552007]]]}, "properties": {"layer": "Fuel type", "fuel_code": 640, "fuel_class": "Croplands", "fuel_risk": 50}}, {"type": "Feature", "geometry": {"type": "Polygon", "coordinates": [[[117.72365494978122, -34.45389776552007], [117.72365494978122, -34.42889776552007], [117.69865494978121, -34.42889776552007], [117.69865494978121, -34.45389776552007], [117.72365494978122, -34.45389776552007]]]}, "properties": {"layer": "Fuel type", "fuel_code": 631, "fuel_class": "Grassland", "fuel_risk": 62}}, {"type": "Feature", "geometry": {"type": "Polygon", "coordinates": [[[117.74865494978123, -34.45389776552007], [117.74865494978123, -34.42889776552007], [117.72365494978122, -34.42889776552007], [117.72365494978122, -34.45389776552007], [117.74865494978123, -34.45389776552007]]]}, "properties": {"layer": "Fuel type", "fuel_code": 433, "fuel_class": "Low woodland with grassy understory", "fuel_risk": 66}}, {"type": "Feature", "geometry": {"type": "Polygon", "coordinates": [[[117.77365494978123, -34.45389776552007], [117.77365494978123, -34.42889776552007], [117.74865494978123, -34.42889776552007], [117.74865494978123, -34.45389776552007], [117.77365494978123, -34.45389776552007]]]}, "properties": {"layer": "Fuel type", "fuel_code": 510, "fuel_class": "Tall shrubland", "fuel_risk": 88}}, {"type": "Feature", "geometry": {"type": "Polygon", "coordinates": [[[117.79865494978124, -34.45389776552007], [117.79865494978124, -34.42889776552007], [117.77365494978123, -34.42889776552007], [117.77365494978123, -34.45389776552007], [117.79865494978124, -34.45389776552007]]]}, "properties": {"layer": "Fuel type", "fuel_code": 431, "fuel_class": "Low woodland with shrubby understory", "fuel_risk": 78}}, {"type": "Feature", "geometry": {"type": "Polygon", "coordinates": [[[117.82365494978124, -34.45389776552007], [117.82365494978124, -34.42889776552007], [117.79865494978124, -34.42889776552007], [117.79865494978124, -34.45389776552007], [117.82365494978124, -34.45389776552007]]]}, "properties": {"layer": "Fuel type", "fuel_code": 510, "fuel_class": "Tall shrubland", "fuel_risk": 88}}, {"type": "Feature", "geometry": {"type": "Polygon", "coordinates": [[[117.84865494978125, -34.45389776552007], [117.84865494978125, -34.42889776552007], [117.82365494978124, -34.42889776552007], [117.82365494978124, -34.45389776552007], [117.84865494978125, -34.45389776552007]]]}, "properties": {"layer": "Fuel type", "fuel_code": 510, "fuel_class": "Tall shrubland", "fuel_risk": 88}}, {"type": "Feature", "geometry": {"type": "Polygon", "coordinates": [[[117.87365494978125, -34.45389776552007], [117.87365494978125, -34.42889776552007], [117.84865494978125, -34.42889776552007], [117.84865494978125, -34.45389776552007], [117.87365494978125, -34.45389776552007]]]}, "properties": {"layer": "Fuel type", "fuel_code": 510, "fuel_class": "Tall shrubland", "fuel_risk": 88}}, {"type": "Feature", "geometry": {"type": "Polygon", "coordinates": [[[117.89865494978126, -34.45389776552007], [117.89865494978126, -34.42889776552007], [117.87365494978125, -34.42889776552007], [117.87365494978125, -34.45389776552007], [117.89865494978126, -34.45389776552007]]]}, "properties": {"layer": "Fuel type", "fuel_code": 220, "fuel_class": "Open forest", "fuel_risk": 86}}, {"type": "Feature", "geometry": {"type": "Polygon", "coordinates": [[[117.92365494978127, -34.45389776552007], [117.92365494978127, -34.42889776552007], [117.89865494978126, -34.42889776552007], [117.89865494978126, -34.45389776552007], [117.92365494978127, -34.45389776552007]]]}, "properties": {"layer": "Fuel type", "fuel_code": 220, "fuel_class": "Open forest", "fuel_risk": 86}}, {"type": "Feature", "geometry": {"type": "Polygon", "coordinates": [[[117.94865494978127, -34.45389776552007], [117.94865494978127, -34.42889776552007], [117.92365494978127, -34.42889776552007], [117.92365494978127, -34.45389776552007], [117.94865494978127, -34.45389776552007]]]}, "properties": {"layer": "Fuel type", "fuel_code": 220, "fuel_class": "Open forest", "fuel_risk": 86}}, {"type": "Feature", "geometry": {"type": "Polygon", "coordinates": [[[117.97365494978128, -34.45389776552007], [117.97365494978128, -34.42889776552007], [117.94865494978127, -34.42889776552007], [117.94865494978127, -34.45389776552007], [117.97365494978128, -34.45389776552007]]]}, "properties": {"layer": "Fuel type", "fuel_code": 220, "fuel_class": "Open forest", "fuel_risk": 86}}, {"type": "Feature", "geometry": {"type": "Polygon", "coordinates": [[[117.99865494978128, -34.45389776552007], [117.99865494978128, -34.42889776552007], [117.97365494978128, -34.42889776552007], [117.97365494978128, -34.45389776552007], [117.99865494978128, -34.45389776552007]]]}, "properties": {"layer": "Fuel type", "fuel_code": 230, "fuel_class": "Low open forest", "fuel_risk": 76}}, {"type": "Feature", "geometry": {"type": "Polygon", "coordinates": [[[118.01203559541987, -34.45389776552007], [118.01203559541987, -34.42889776552007], [117.99865494978128, -34.42889776552007], [117.99865494978128, -34.45389776552007], [118.01203559541987, -34.45389776552007]]]}, "properties": {"layer": "Fuel type", "fuel_code": 433, "fuel_class": "Low woodland with grassy understory", "fuel_risk": 66}}, {"type": "Feature", "geometry": {"type": "Polygon", "coordinates": [[[116.92365494978104, -34.42889776552007], [116.92365494978104, -34.40389776552007], [116.89865494978103, -34.40389776552007], [116.89865494978103, -34.42889776552007], [116.92365494978104, -34.42889776552007]]]}, "properties": {"layer": "Fuel type", "fuel_code": 310, "fuel_class": "Broadleaf plantation", "fuel_risk": 82}}, {"type": "Feature", "geometry": {"type": "Polygon", "coordinates": [[[116.94865494978104, -34.42889776552007], [116.94865494978104, -34.40389776552007], [116.92365494978104, -34.40389776552007], [116.92365494978104, -34.42889776552007], [116.94865494978104, -34.42889776552007]]]}, "properties": {"layer": "Fuel type", "fuel_code": 220, "fuel_class": "Open forest", "fuel_risk": 86}}, {"type": "Feature", "geometry": {"type": "Polygon", "coordinates": [[[116.97365494978105, -34.42889776552007], [116.97365494978105, -34.40389776552007], [116.94865494978104, -34.40389776552007], [116.94865494978104, -34.42889776552007], [116.97365494978105, -34.42889776552007]]]}, "properties": {"layer": "Fuel type", "fuel_code": 640, "fuel_class": "Croplands", "fuel_risk": 50}}, {"type": "Feature", "geometry": {"type": "Polygon", "coordinates": [[[116.99865494978106, -34.42889776552007], [116.99865494978106, -34.40389776552007], [116.97365494978105, -34.40389776552007], [116.97365494978105, -34.42889776552007], [116.99865494978106, -34.42889776552007]]]}, "properties": {"layer": "Fuel type", "fuel_code": 631, "fuel_class": "Grassland", "fuel_risk": 62}}, {"type": "Feature", "geometry": {"type": "Polygon", "coordinates": [[[117.02365494978106, -34.42889776552007], [117.02365494978106, -34.40389776552007], [116.99865494978106, -34.40389776552007], [116.99865494978106, -34.42889776552007], [117.02365494978106, -34.42889776552007]]]}, "properties": {"layer": "Fuel type", "fuel_code": 631, "fuel_class": "Grassland", "fuel_risk": 62}}, {"type": "Feature", "geometry": {"type": "Polygon", "coordinates": [[[117.04865494978107, -34.42889776552007], [117.04865494978107, -34.40389776552007], [117.02365494978106, -34.40389776552007], [117.02365494978106, -34.42889776552007], [117.04865494978107, -34.42889776552007]]]}, "properties": {"layer": "Fuel type", "fuel_code": 631, "fuel_class": "Grassland", "fuel_risk": 62}}, {"type": "Feature", "geometry": {"type": "Polygon", "coordinates": [[[117.07365494978107, -34.42889776552007], [117.07365494978107, -34.40389776552007], [117.04865494978107, -34.40389776552007], [117.04865494978107, -34.42889776552007], [117.07365494978107, -34.42889776552007]]]}, "properties": {"layer": "Fuel type", "fuel_code": 631, "fuel_class": "Grassland", "fuel_risk": 62}}, {"type": "Feature", "geometry": {"type": "Polygon", "coordinates": [[[117.09865494978108, -34.42889776552007], [117.09865494978108, -34.40389776552007], [117.07365494978107, -34.40389776552007], [117.07365494978107, -34.42889776552007], [117.09865494978108, -34.42889776552007]]]}, "properties": {"layer": "Fuel type", "fuel_code": 631, "fuel_class": "Grassland", "fuel_risk": 62}}, {"type": "Feature", "geometry": {"type": "Polygon", "coordinates": [[[117.12365494978108, -34.42889776552007], [117.12365494978108, -34.40389776552007], [117.09865494978108, -34.40389776552007], [117.09865494978108, -34.42889776552007], [117.12365494978108, -34.42889776552007]]]}, "properties": {"layer": "Fuel type", "fuel_code": 631, "fuel_class": "Grassland", "fuel_risk": 62}}, {"type": "Feature", "geometry": {"type": "Polygon", "coordinates": [[[117.14865494978109, -34.42889776552007], [117.14865494978109, -34.40389776552007], [117.12365494978108, -34.40389776552007], [117.12365494978108, -34.42889776552007], [117.14865494978109, -34.42889776552007]]]}, "properties": {"layer": "Fuel type", "fuel_code": 220, "fuel_class": "Open forest", "fuel_risk": 86}}, {"type": "Feature", "geometry": {"type": "Polygon", "coordinates": [[[117.1736549497811, -34.42889776552007], [117.1736549497811, -34.40389776552007], [117.14865494978109, -34.40389776552007], [117.14865494978109, -34.42889776552007], [117.1736549497811, -34.42889776552007]]]}, "properties": {"layer": "Fuel type", "fuel_code": 631, "fuel_class": "Grassland", "fuel_risk": 62}}, {"type": "Feature", "geometry": {"type": "Polygon", "coordinates": [[[117.1986549497811, -34.42889776552007], [117.1986549497811, -34.40389776552007], [117.1736549497811, -34.40389776552007], [117.1736549497811, -34.42889776552007], [117.1986549497811, -34.42889776552007]]]}, "properties": {"layer": "Fuel type", "fuel_code": 220, "fuel_class": "Open forest", "fuel_risk": 86}}, {"type": "Feature", "geometry": {"type": "Polygon", "coordinates": [[[117.2236549497811, -34.42889776552007], [117.2236549497811, -34.40389776552007], [117.1986549497811, -34.40389776552007], [117.1986549497811, -34.42889776552007], [117.2236549497811, -34.42889776552007]]]}, "properties": {"layer": "Fuel type", "fuel_code": 220, "fuel_class": "Open forest", "fuel_risk": 86}}, {"type": "Feature", "geometry": {"type": "Polygon", "coordinates": [[[117.24865494978111, -34.42889776552007], [117.24865494978111, -34.40389776552007], [117.2236549497811, -34.40389776552007], [117.2236549497811, -34.42889776552007], [117.24865494978111, -34.42889776552007]]]}, "properties": {"layer": "Fuel type", "fuel_code": 423, "fuel_class": "Woodland with grassy understory", "fuel_risk": 72}}, {"type": "Feature", "geometry": {"type": "Polygon", "coordinates": [[[117.27365494978112, -34.42889776552007], [117.27365494978112, -34.40389776552007], [117.24865494978111, -34.40389776552007], [117.24865494978111, -34.42889776552007], [117.27365494978112, -34.42889776552007]]]}, "properties": {"layer": "Fuel type", "fuel_code": 960, "fuel_class": "Bare ground", "fuel_risk": 12}}, {"type": "Feature", "geometry": {"type": "Polygon", "coordinates": [[[117.29865494978112, -34.42889776552007], [117.29865494978112, -34.40389776552007], [117.27365494978112, -34.40389776552007], [117.27365494978112, -34.42889776552007], [117.29865494978112, -34.42889776552007]]]}, "properties": {"layer": "Fuel type", "fuel_code": 433, "fuel_class": "Low woodland with grassy understory", "fuel_risk": 66}}, {"type": "Feature", "geometry": {"type": "Polygon", "coordinates": [[[117.32365494978113, -34.42889776552007], [117.32365494978113, -34.40389776552007], [117.29865494978112, -34.40389776552007], [117.29865494978112, -34.42889776552007], [117.32365494978113, -34.42889776552007]]]}, "properties": {"layer": "Fuel type", "fuel_code": 631, "fuel_class": "Grassland", "fuel_risk": 62}}, {"type": "Feature", "geometry": {"type": "Polygon", "coordinates": [[[117.34865494978114, -34.42889776552007], [117.34865494978114, -34.40389776552007], [117.32365494978113, -34.40389776552007], [117.32365494978113, -34.42889776552007], [117.34865494978114, -34.42889776552007]]]}, "properties": {"layer": "Fuel type", "fuel_code": 631, "fuel_class": "Grassland", "fuel_risk": 62}}, {"type": "Feature", "geometry": {"type": "Polygon", "coordinates": [[[117.37365494978114, -34.42889776552007], [117.37365494978114, -34.40389776552007], [117.34865494978114, -34.40389776552007], [117.34865494978114, -34.42889776552007], [117.37365494978114, -34.42889776552007]]]}, "properties": {"layer": "Fuel type", "fuel_code": 510, "fuel_class": "Tall shrubland", "fuel_risk": 88}}, {"type": "Feature", "geometry": {"type": "Polygon", "coordinates": [[[117.39865494978115, -34.42889776552007], [117.39865494978115, -34.40389776552007], [117.37365494978114, -34.40389776552007], [117.37365494978114, -34.42889776552007], [117.39865494978115, -34.42889776552007]]]}, "properties": {"layer": "Fuel type", "fuel_code": 631, "fuel_class": "Grassland", "fuel_risk": 62}}, {"type": "Feature", "geometry": {"type": "Polygon", "coordinates": [[[117.42365494978115, -34.42889776552007], [117.42365494978115, -34.40389776552007], [117.39865494978115, -34.40389776552007], [117.39865494978115, -34.42889776552007], [117.42365494978115, -34.42889776552007]]]}, "properties": {"layer": "Fuel type", "fuel_code": 640, "fuel_class": "Croplands", "fuel_risk": 50}}, {"type": "Feature", "geometry": {"type": "Polygon", "coordinates": [[[117.44865494978116, -34.42889776552007], [117.44865494978116, -34.40389776552007], [117.42365494978115, -34.40389776552007], [117.42365494978115, -34.42889776552007], [117.44865494978116, -34.42889776552007]]]}, "properties": {"layer": "Fuel type", "fuel_code": 433, "fuel_class": "Low woodland with grassy understory", "fuel_risk": 66}}, {"type": "Feature", "geometry": {"type": "Polygon", "coordinates": [[[117.47365494978116, -34.42889776552007], [117.47365494978116, -34.40389776552007], [117.44865494978116, -34.40389776552007], [117.44865494978116, -34.42889776552007], [117.47365494978116, -34.42889776552007]]]}, "properties": {"layer": "Fuel type", "fuel_code": 631, "fuel_class": "Grassland", "fuel_risk": 62}}, {"type": "Feature", "geometry": {"type": "Polygon", "coordinates": [[[117.49865494978117, -34.42889776552007], [117.49865494978117, -34.40389776552007], [117.47365494978116, -34.40389776552007], [117.47365494978116, -34.42889776552007], [117.49865494978117, -34.42889776552007]]]}, "properties": {"layer": "Fuel type", "fuel_code": 510, "fuel_class": "Tall shrubland", "fuel_risk": 88}}, {"type": "Feature", "geometry": {"type": "Polygon", "coordinates": [[[117.52365494978118, -34.42889776552007], [117.52365494978118, -34.40389776552007], [117.49865494978117, -34.40389776552007], [117.49865494978117, -34.42889776552007], [117.52365494978118, -34.42889776552007]]]}, "properties": {"layer": "Fuel type", "fuel_code": 631, "fuel_class": "Grassland", "fuel_risk": 62}}, {"type": "Feature", "geometry": {"type": "Polygon", "coordinates": [[[117.54865494978118, -34.42889776552007], [117.54865494978118, -34.40389776552007], [117.52365494978118, -34.40389776552007], [117.52365494978118, -34.42889776552007], [117.54865494978118, -34.42889776552007]]]}, "properties": {"layer": "Fuel type", "fuel_code": 631, "fuel_class": "Grassland", "fuel_risk": 62}}, {"type": "Feature", "geometry": {"type": "Polygon", "coordinates": [[[117.57365494978119, -34.42889776552007], [117.57365494978119, -34.40389776552007], [117.54865494978118, -34.40389776552007], [117.54865494978118, -34.42889776552007], [117.57365494978119, -34.42889776552007]]]}, "properties": {"layer": "Fuel type", "fuel_code": 631, "fuel_class": "Grassland", "fuel_risk": 62}}, {"type": "Feature", "geometry": {"type": "Polygon", "coordinates": [[[117.59865494978119, -34.42889776552007], [117.59865494978119, -34.40389776552007], [117.57365494978119, -34.40389776552007], [117.57365494978119, -34.42889776552007], [117.59865494978119, -34.42889776552007]]]}, "properties": {"layer": "Fuel type", "fuel_code": 423, "fuel_class": "Woodland with grassy understory", "fuel_risk": 72}}, {"type": "Feature", "geometry": {"type": "Polygon", "coordinates": [[[117.6236549497812, -34.42889776552007], [117.6236549497812, -34.40389776552007], [117.59865494978119, -34.40389776552007], [117.59865494978119, -34.42889776552007], [117.6236549497812, -34.42889776552007]]]}, "properties": {"layer": "Fuel type", "fuel_code": 631, "fuel_class": "Grassland", "fuel_risk": 62}}, {"type": "Feature", "geometry": {"type": "Polygon", "coordinates": [[[117.6486549497812, -34.42889776552007], [117.6486549497812, -34.40389776552007], [117.6236549497812, -34.40389776552007], [117.6236549497812, -34.42889776552007], [117.6486549497812, -34.42889776552007]]]}, "properties": {"layer": "Fuel type", "fuel_code": 631, "fuel_class": "Grassland", "fuel_risk": 62}}, {"type": "Feature", "geometry": {"type": "Polygon", "coordinates": [[[117.67365494978121, -34.42889776552007], [117.67365494978121, -34.40389776552007], [117.6486549497812, -34.40389776552007], [117.6486549497812, -34.42889776552007], [117.67365494978121, -34.42889776552007]]]}, "properties": {"layer": "Fuel type", "fuel_code": 433, "fuel_class": "Low woodland with grassy understory", "fuel_risk": 66}}, {"type": "Feature", "geometry": {"type": "Polygon", "coordinates": [[[117.69865494978121, -34.42889776552007], [117.69865494978121, -34.40389776552007], [117.67365494978121, -34.40389776552007], [117.67365494978121, -34.42889776552007], [117.69865494978121, -34.42889776552007]]]}, "properties": {"layer": "Fuel type", "fuel_code": 640, "fuel_class": "Croplands", "fuel_risk": 50}}, {"type": "Feature", "geometry": {"type": "Polygon", "coordinates": [[[117.72365494978122, -34.42889776552007], [117.72365494978122, -34.40389776552007], [117.69865494978121, -34.40389776552007], [117.69865494978121, -34.42889776552007], [117.72365494978122, -34.42889776552007]]]}, "properties": {"layer": "Fuel type", "fuel_code": 631, "fuel_class": "Grassland", "fuel_risk": 62}}, {"type": "Feature", "geometry": {"type": "Polygon", "coordinates": [[[117.74865494978123, -34.42889776552007], [117.74865494978123, -34.40389776552007], [117.72365494978122, -34.40389776552007], [117.72365494978122, -34.42889776552007], [117.74865494978123, -34.42889776552007]]]}, "properties": {"layer": "Fuel type", "fuel_code": 510, "fuel_class": "Tall shrubland", "fuel_risk": 88}}, {"type": "Feature", "geometry": {"type": "Polygon", "coordinates": [[[117.77365494978123, -34.42889776552007], [117.77365494978123, -34.40389776552007], [117.74865494978123, -34.40389776552007], [117.74865494978123, -34.42889776552007], [117.77365494978123, -34.42889776552007]]]}, "properties": {"layer": "Fuel type", "fuel_code": 431, "fuel_class": "Low woodland with shrubby understory", "fuel_risk": 78}}, {"type": "Feature", "geometry": {"type": "Polygon", "coordinates": [[[117.79865494978124, -34.42889776552007], [117.79865494978124, -34.40389776552007], [117.77365494978123, -34.40389776552007], [117.77365494978123, -34.42889776552007], [117.79865494978124, -34.42889776552007]]]}, "properties": {"layer": "Fuel type", "fuel_code": 433, "fuel_class": "Low woodland with grassy understory", "fuel_risk": 66}}, {"type": "Feature", "geometry": {"type": "Polygon", "coordinates": [[[117.82365494978124, -34.42889776552007], [117.82365494978124, -34.40389776552007], [117.79865494978124, -34.40389776552007], [117.79865494978124, -34.42889776552007], [117.82365494978124, -34.42889776552007]]]}, "properties": {"layer": "Fuel type", "fuel_code": 220, "fuel_class": "Open forest", "fuel_risk": 86}}, {"type": "Feature", "geometry": {"type": "Polygon", "coordinates": [[[117.84865494978125, -34.42889776552007], [117.84865494978125, -34.40389776552007], [117.82365494978124, -34.40389776552007], [117.82365494978124, -34.42889776552007], [117.84865494978125, -34.42889776552007]]]}, "properties": {"layer": "Fuel type", "fuel_code": 421, "fuel_class": "Woodland with shrubby understory", "fuel_risk": 84}}, {"type": "Feature", "geometry": {"type": "Polygon", "coordinates": [[[117.87365494978125, -34.42889776552007], [117.87365494978125, -34.40389776552007], [117.84865494978125, -34.40389776552007], [117.84865494978125, -34.42889776552007], [117.87365494978125, -34.42889776552007]]]}, "properties": {"layer": "Fuel type", "fuel_code": 220, "fuel_class": "Open forest", "fuel_risk": 86}}, {"type": "Feature", "geometry": {"type": "Polygon", "coordinates": [[[117.89865494978126, -34.42889776552007], [117.89865494978126, -34.40389776552007], [117.87365494978125, -34.40389776552007], [117.87365494978125, -34.42889776552007], [117.89865494978126, -34.42889776552007]]]}, "properties": {"layer": "Fuel type", "fuel_code": 220, "fuel_class": "Open forest", "fuel_risk": 86}}, {"type": "Feature", "geometry": {"type": "Polygon", "coordinates": [[[117.92365494978127, -34.42889776552007], [117.92365494978127, -34.40389776552007], [117.89865494978126, -34.40389776552007], [117.89865494978126, -34.42889776552007], [117.92365494978127, -34.42889776552007]]]}, "properties": {"layer": "Fuel type", "fuel_code": 220, "fuel_class": "Open forest", "fuel_risk": 86}}, {"type": "Feature", "geometry": {"type": "Polygon", "coordinates": [[[117.94865494978127, -34.42889776552007], [117.94865494978127, -34.40389776552007], [117.92365494978127, -34.40389776552007], [117.92365494978127, -34.42889776552007], [117.94865494978127, -34.42889776552007]]]}, "properties": {"layer": "Fuel type", "fuel_code": 220, "fuel_class": "Open forest", "fuel_risk": 86}}, {"type": "Feature", "geometry": {"type": "Polygon", "coordinates": [[[117.97365494978128, -34.42889776552007], [117.97365494978128, -34.40389776552007], [117.94865494978127, -34.40389776552007], [117.94865494978127, -34.42889776552007], [117.97365494978128, -34.42889776552007]]]}, "properties": {"layer": "Fuel type", "fuel_code": 220, "fuel_class": "Open forest", "fuel_risk": 86}}, {"type": "Feature", "geometry": {"type": "Polygon", "coordinates": [[[117.99865494978128, -34.42889776552007], [117.99865494978128, -34.40389776552007], [117.97365494978128, -34.40389776552007], [117.97365494978128, -34.42889776552007], [117.99865494978128, -34.42889776552007]]]}, "properties": {"layer": "Fuel type", "fuel_code": 220, "fuel_class": "Open forest", "fuel_risk": 86}}, {"type": "Feature", "geometry": {"type": "Polygon", "coordinates": [[[118.01203559541987, -34.42889776552007], [118.01203559541987, -34.40389776552007], [117.99865494978128, -34.40389776552007], [117.99865494978128, -34.42889776552007], [118.01203559541987, -34.42889776552007]]]}, "properties": {"layer": "Fuel type", "fuel_code": 220, "fuel_class": "Open forest", "fuel_risk": 86}}, {"type": "Feature", "geometry": {"type": "Polygon", "coordinates": [[[116.92365494978104, -34.40389776552007], [116.92365494978104, -34.37889776552007], [116.89865494978103, -34.37889776552007], [116.89865494978103, -34.40389776552007], [116.92365494978104, -34.40389776552007]]]}, "properties": {"layer": "Fuel type", "fuel_code": 510, "fuel_class": "Tall shrubland", "fuel_risk": 88}}, {"type": "Feature", "geometry": {"type": "Polygon", "coordinates": [[[116.94865494978104, -34.40389776552007], [116.94865494978104, -34.37889776552007], [116.92365494978104, -34.37889776552007], [116.92365494978104, -34.40389776552007], [116.94865494978104, -34.40389776552007]]]}, "properties": {"layer": "Fuel type", "fuel_code": 310, "fuel_class": "Broadleaf plantation", "fuel_risk": 82}}, {"type": "Feature", "geometry": {"type": "Polygon", "coordinates": [[[116.97365494978105, -34.40389776552007], [116.97365494978105, -34.37889776552007], [116.94865494978104, -34.37889776552007], [116.94865494978104, -34.40389776552007], [116.97365494978105, -34.40389776552007]]]}, "properties": {"layer": "Fuel type", "fuel_code": 631, "fuel_class": "Grassland", "fuel_risk": 62}}, {"type": "Feature", "geometry": {"type": "Polygon", "coordinates": [[[116.99865494978106, -34.40389776552007], [116.99865494978106, -34.37889776552007], [116.97365494978105, -34.37889776552007], [116.97365494978105, -34.40389776552007], [116.99865494978106, -34.40389776552007]]]}, "properties": {"layer": "Fuel type", "fuel_code": 220, "fuel_class": "Open forest", "fuel_risk": 86}}, {"type": "Feature", "geometry": {"type": "Polygon", "coordinates": [[[117.02365494978106, -34.40389776552007], [117.02365494978106, -34.37889776552007], [116.99865494978106, -34.37889776552007], [116.99865494978106, -34.40389776552007], [117.02365494978106, -34.40389776552007]]]}, "properties": {"layer": "Fuel type", "fuel_code": 631, "fuel_class": "Grassland", "fuel_risk": 62}}, {"type": "Feature", "geometry": {"type": "Polygon", "coordinates": [[[117.04865494978107, -34.40389776552007], [117.04865494978107, -34.37889776552007], [117.02365494978106, -34.37889776552007], [117.02365494978106, -34.40389776552007], [117.04865494978107, -34.40389776552007]]]}, "properties": {"layer": "Fuel type", "fuel_code": 640, "fuel_class": "Croplands", "fuel_risk": 50}}, {"type": "Feature", "geometry": {"type": "Polygon", "coordinates": [[[117.07365494978107, -34.40389776552007], [117.07365494978107, -34.37889776552007], [117.04865494978107, -34.37889776552007], [117.04865494978107, -34.40389776552007], [117.07365494978107, -34.40389776552007]]]}, "properties": {"layer": "Fuel type", "fuel_code": 631, "fuel_class": "Grassland", "fuel_risk": 62}}, {"type": "Feature", "geometry": {"type": "Polygon", "coordinates": [[[117.09865494978108, -34.40389776552007], [117.09865494978108, -34.37889776552007], [117.07365494978107, -34.37889776552007], [117.07365494978107, -34.40389776552007], [117.09865494978108, -34.40389776552007]]]}, "properties": {"layer": "Fuel type", "fuel_code": 510, "fuel_class": "Tall shrubland", "fuel_risk": 88}}, {"type": "Feature", "geometry": {"type": "Polygon", "coordinates": [[[117.12365494978108, -34.40389776552007], [117.12365494978108, -34.37889776552007], [117.09865494978108, -34.37889776552007], [117.09865494978108, -34.40389776552007], [117.12365494978108, -34.40389776552007]]]}, "properties": {"layer": "Fuel type", "fuel_code": 310, "fuel_class": "Broadleaf plantation", "fuel_risk": 82}}, {"type": "Feature", "geometry": {"type": "Polygon", "coordinates": [[[117.14865494978109, -34.40389776552007], [117.14865494978109, -34.37889776552007], [117.12365494978108, -34.37889776552007], [117.12365494978108, -34.40389776552007], [117.14865494978109, -34.40389776552007]]]}, "properties": {"layer": "Fuel type", "fuel_code": 520, "fuel_class": "Shrubland", "fuel_risk": 82}}, {"type": "Feature", "geometry": {"type": "Polygon", "coordinates": [[[117.1736549497811, -34.40389776552007], [117.1736549497811, -34.37889776552007], [117.14865494978109, -34.37889776552007], [117.14865494978109, -34.40389776552007], [117.1736549497811, -34.40389776552007]]]}, "properties": {"layer": "Fuel type", "fuel_code": 640, "fuel_class": "Croplands", "fuel_risk": 50}}, {"type": "Feature", "geometry": {"type": "Polygon", "coordinates": [[[117.1986549497811, -34.40389776552007], [117.1986549497811, -34.37889776552007], [117.1736549497811, -34.37889776552007], [117.1736549497811, -34.40389776552007], [117.1986549497811, -34.40389776552007]]]}, "properties": {"layer": "Fuel type", "fuel_code": 640, "fuel_class": "Croplands", "fuel_risk": 50}}, {"type": "Feature", "geometry": {"type": "Polygon", "coordinates": [[[117.2236549497811, -34.40389776552007], [117.2236549497811, -34.37889776552007], [117.1986549497811, -34.37889776552007], [117.1986549497811, -34.40389776552007], [117.2236549497811, -34.40389776552007]]]}, "properties": {"layer": "Fuel type", "fuel_code": 631, "fuel_class": "Grassland", "fuel_risk": 62}}, {"type": "Feature", "geometry": {"type": "Polygon", "coordinates": [[[117.24865494978111, -34.40389776552007], [117.24865494978111, -34.37889776552007], [117.2236549497811, -34.37889776552007], [117.2236549497811, -34.40389776552007], [117.24865494978111, -34.40389776552007]]]}, "properties": {"layer": "Fuel type", "fuel_code": 510, "fuel_class": "Tall shrubland", "fuel_risk": 88}}, {"type": "Feature", "geometry": {"type": "Polygon", "coordinates": [[[117.27365494978112, -34.40389776552007], [117.27365494978112, -34.37889776552007], [117.24865494978111, -34.37889776552007], [117.24865494978111, -34.40389776552007], [117.27365494978112, -34.40389776552007]]]}, "properties": {"layer": "Fuel type", "fuel_code": 220, "fuel_class": "Open forest", "fuel_risk": 86}}, {"type": "Feature", "geometry": {"type": "Polygon", "coordinates": [[[117.29865494978112, -34.40389776552007], [117.29865494978112, -34.37889776552007], [117.27365494978112, -34.37889776552007], [117.27365494978112, -34.40389776552007], [117.29865494978112, -34.40389776552007]]]}, "properties": {"layer": "Fuel type", "fuel_code": 230, "fuel_class": "Low open forest", "fuel_risk": 76}}, {"type": "Feature", "geometry": {"type": "Polygon", "coordinates": [[[117.32365494978113, -34.40389776552007], [117.32365494978113, -34.37889776552007], [117.29865494978112, -34.37889776552007], [117.29865494978112, -34.40389776552007], [117.32365494978113, -34.40389776552007]]]}, "properties": {"layer": "Fuel type", "fuel_code": 631, "fuel_class": "Grassland", "fuel_risk": 62}}, {"type": "Feature", "geometry": {"type": "Polygon", "coordinates": [[[117.34865494978114, -34.40389776552007], [117.34865494978114, -34.37889776552007], [117.32365494978113, -34.37889776552007], [117.32365494978113, -34.40389776552007], [117.34865494978114, -34.40389776552007]]]}, "properties": {"layer": "Fuel type", "fuel_code": 640, "fuel_class": "Croplands", "fuel_risk": 50}}, {"type": "Feature", "geometry": {"type": "Polygon", "coordinates": [[[117.37365494978114, -34.40389776552007], [117.37365494978114, -34.37889776552007], [117.34865494978114, -34.37889776552007], [117.34865494978114, -34.40389776552007], [117.37365494978114, -34.40389776552007]]]}, "properties": {"layer": "Fuel type", "fuel_code": 220, "fuel_class": "Open forest", "fuel_risk": 86}}, {"type": "Feature", "geometry": {"type": "Polygon", "coordinates": [[[117.39865494978115, -34.40389776552007], [117.39865494978115, -34.37889776552007], [117.37365494978114, -34.37889776552007], [117.37365494978114, -34.40389776552007], [117.39865494978115, -34.40389776552007]]]}, "properties": {"layer": "Fuel type", "fuel_code": 631, "fuel_class": "Grassland", "fuel_risk": 62}}, {"type": "Feature", "geometry": {"type": "Polygon", "coordinates": [[[117.42365494978115, -34.40389776552007], [117.42365494978115, -34.37889776552007], [117.39865494978115, -34.37889776552007], [117.39865494978115, -34.40389776552007], [117.42365494978115, -34.40389776552007]]]}, "properties": {"layer": "Fuel type", "fuel_code": 423, "fuel_class": "Woodland with grassy understory", "fuel_risk": 72}}, {"type": "Feature", "geometry": {"type": "Polygon", "coordinates": [[[117.44865494978116, -34.40389776552007], [117.44865494978116, -34.37889776552007], [117.42365494978115, -34.37889776552007], [117.42365494978115, -34.40389776552007], [117.44865494978116, -34.40389776552007]]]}, "properties": {"layer": "Fuel type", "fuel_code": 631, "fuel_class": "Grassland", "fuel_risk": 62}}, {"type": "Feature", "geometry": {"type": "Polygon", "coordinates": [[[117.47365494978116, -34.40389776552007], [117.47365494978116, -34.37889776552007], [117.44865494978116, -34.37889776552007], [117.44865494978116, -34.40389776552007], [117.47365494978116, -34.40389776552007]]]}, "properties": {"layer": "Fuel type", "fuel_code": 631, "fuel_class": "Grassland", "fuel_risk": 62}}, {"type": "Feature", "geometry": {"type": "Polygon", "coordinates": [[[117.49865494978117, -34.40389776552007], [117.49865494978117, -34.37889776552007], [117.47365494978116, -34.37889776552007], [117.47365494978116, -34.40389776552007], [117.49865494978117, -34.40389776552007]]]}, "properties": {"layer": "Fuel type", "fuel_code": 631, "fuel_class": "Grassland", "fuel_risk": 62}}, {"type": "Feature", "geometry": {"type": "Polygon", "coordinates": [[[117.52365494978118, -34.40389776552007], [117.52365494978118, -34.37889776552007], [117.49865494978117, -34.37889776552007], [117.49865494978117, -34.40389776552007], [117.52365494978118, -34.40389776552007]]]}, "properties": {"layer": "Fuel type", "fuel_code": 631, "fuel_class": "Grassland", "fuel_risk": 62}}, {"type": "Feature", "geometry": {"type": "Polygon", "coordinates": [[[117.54865494978118, -34.40389776552007], [117.54865494978118, -34.37889776552007], [117.52365494978118, -34.37889776552007], [117.52365494978118, -34.40389776552007], [117.54865494978118, -34.40389776552007]]]}, "properties": {"layer": "Fuel type", "fuel_code": 631, "fuel_class": "Grassland", "fuel_risk": 62}}, {"type": "Feature", "geometry": {"type": "Polygon", "coordinates": [[[117.57365494978119, -34.40389776552007], [117.57365494978119, -34.37889776552007], [117.54865494978118, -34.37889776552007], [117.54865494978118, -34.40389776552007], [117.57365494978119, -34.40389776552007]]]}, "properties": {"layer": "Fuel type", "fuel_code": 640, "fuel_class": "Croplands", "fuel_risk": 50}}, {"type": "Feature", "geometry": {"type": "Polygon", "coordinates": [[[117.59865494978119, -34.40389776552007], [117.59865494978119, -34.37889776552007], [117.57365494978119, -34.37889776552007], [117.57365494978119, -34.40389776552007], [117.59865494978119, -34.40389776552007]]]}, "properties": {"layer": "Fuel type", "fuel_code": 640, "fuel_class": "Croplands", "fuel_risk": 50}}, {"type": "Feature", "geometry": {"type": "Polygon", "coordinates": [[[117.6236549497812, -34.40389776552007], [117.6236549497812, -34.37889776552007], [117.59865494978119, -34.37889776552007], [117.59865494978119, -34.40389776552007], [117.6236549497812, -34.40389776552007]]]}, "properties": {"layer": "Fuel type", "fuel_code": 640, "fuel_class": "Croplands", "fuel_risk": 50}}, {"type": "Feature", "geometry": {"type": "Polygon", "coordinates": [[[117.6486549497812, -34.40389776552007], [117.6486549497812, -34.37889776552007], [117.6236549497812, -34.37889776552007], [117.6236549497812, -34.40389776552007], [117.6486549497812, -34.40389776552007]]]}, "properties": {"layer": "Fuel type", "fuel_code": 640, "fuel_class": "Croplands", "fuel_risk": 50}}, {"type": "Feature", "geometry": {"type": "Polygon", "coordinates": [[[117.67365494978121, -34.40389776552007], [117.67365494978121, -34.37889776552007], [117.6486549497812, -34.37889776552007], [117.6486549497812, -34.40389776552007], [117.67365494978121, -34.40389776552007]]]}, "properties": {"layer": "Fuel type", "fuel_code": 640, "fuel_class": "Croplands", "fuel_risk": 50}}, {"type": "Feature", "geometry": {"type": "Polygon", "coordinates": [[[117.69865494978121, -34.40389776552007], [117.69865494978121, -34.37889776552007], [117.67365494978121, -34.37889776552007], [117.67365494978121, -34.40389776552007], [117.69865494978121, -34.40389776552007]]]}, "properties": {"layer": "Fuel type", "fuel_code": 433, "fuel_class": "Low woodland with grassy understory", "fuel_risk": 66}}, {"type": "Feature", "geometry": {"type": "Polygon", "coordinates": [[[117.72365494978122, -34.40389776552007], [117.72365494978122, -34.37889776552007], [117.69865494978121, -34.37889776552007], [117.69865494978121, -34.40389776552007], [117.72365494978122, -34.40389776552007]]]}, "properties": {"layer": "Fuel type", "fuel_code": 431, "fuel_class": "Low woodland with shrubby understory", "fuel_risk": 78}}, {"type": "Feature", "geometry": {"type": "Polygon", "coordinates": [[[117.74865494978123, -34.40389776552007], [117.74865494978123, -34.37889776552007], [117.72365494978122, -34.37889776552007], [117.72365494978122, -34.40389776552007], [117.74865494978123, -34.40389776552007]]]}, "properties": {"layer": "Fuel type", "fuel_code": 431, "fuel_class": "Low woodland with shrubby understory", "fuel_risk": 78}}, {"type": "Feature", "geometry": {"type": "Polygon", "coordinates": [[[117.77365494978123, -34.40389776552007], [117.77365494978123, -34.37889776552007], [117.74865494978123, -34.37889776552007], [117.74865494978123, -34.40389776552007], [117.77365494978123, -34.40389776552007]]]}, "properties": {"layer": "Fuel type", "fuel_code": 220, "fuel_class": "Open forest", "fuel_risk": 86}}, {"type": "Feature", "geometry": {"type": "Polygon", "coordinates": [[[117.79865494978124, -34.40389776552007], [117.79865494978124, -34.37889776552007], [117.77365494978123, -34.37889776552007], [117.77365494978123, -34.40389776552007], [117.79865494978124, -34.40389776552007]]]}, "properties": {"layer": "Fuel type", "fuel_code": 421, "fuel_class": "Woodland with shrubby understory", "fuel_risk": 84}}, {"type": "Feature", "geometry": {"type": "Polygon", "coordinates": [[[117.82365494978124, -34.40389776552007], [117.82365494978124, -34.37889776552007], [117.79865494978124, -34.37889776552007], [117.79865494978124, -34.40389776552007], [117.82365494978124, -34.40389776552007]]]}, "properties": {"layer": "Fuel type", "fuel_code": 220, "fuel_class": "Open forest", "fuel_risk": 86}}, {"type": "Feature", "geometry": {"type": "Polygon", "coordinates": [[[117.84865494978125, -34.40389776552007], [117.84865494978125, -34.37889776552007], [117.82365494978124, -34.37889776552007], [117.82365494978124, -34.40389776552007], [117.84865494978125, -34.40389776552007]]]}, "properties": {"layer": "Fuel type", "fuel_code": 220, "fuel_class": "Open forest", "fuel_risk": 86}}, {"type": "Feature", "geometry": {"type": "Polygon", "coordinates": [[[117.87365494978125, -34.40389776552007], [117.87365494978125, -34.37889776552007], [117.84865494978125, -34.37889776552007], [117.84865494978125, -34.40389776552007], [117.87365494978125, -34.40389776552007]]]}, "properties": {"layer": "Fuel type", "fuel_code": 230, "fuel_class": "Low open forest", "fuel_risk": 76}}, {"type": "Feature", "geometry": {"type": "Polygon", "coordinates": [[[117.89865494978126, -34.40389776552007], [117.89865494978126, -34.37889776552007], [117.87365494978125, -34.37889776552007], [117.87365494978125, -34.40389776552007], [117.89865494978126, -34.40389776552007]]]}, "properties": {"layer": "Fuel type", "fuel_code": 220, "fuel_class": "Open forest", "fuel_risk": 86}}, {"type": "Feature", "geometry": {"type": "Polygon", "coordinates": [[[117.92365494978127, -34.40389776552007], [117.92365494978127, -34.37889776552007], [117.89865494978126, -34.37889776552007], [117.89865494978126, -34.40389776552007], [117.92365494978127, -34.40389776552007]]]}, "properties": {"layer": "Fuel type", "fuel_code": 220, "fuel_class": "Open forest", "fuel_risk": 86}}, {"type": "Feature", "geometry": {"type": "Polygon", "coordinates": [[[117.94865494978127, -34.40389776552007], [117.94865494978127, -34.37889776552007], [117.92365494978127, -34.37889776552007], [117.92365494978127, -34.40389776552007], [117.94865494978127, -34.40389776552007]]]}, "properties": {"layer": "Fuel type", "fuel_code": 220, "fuel_class": "Open forest", "fuel_risk": 86}}, {"type": "Feature", "geometry": {"type": "Polygon", "coordinates": [[[117.97365494978128, -34.40389776552007], [117.97365494978128, -34.37889776552007], [117.94865494978127, -34.37889776552007], [117.94865494978127, -34.40389776552007], [117.97365494978128, -34.40389776552007]]]}, "properties": {"layer": "Fuel type", "fuel_code": 230, "fuel_class": "Low open forest", "fuel_risk": 76}}, {"type": "Feature", "geometry": {"type": "Polygon", "coordinates": [[[117.99865494978128, -34.40389776552007], [117.99865494978128, -34.37889776552007], [117.97365494978128, -34.37889776552007], [117.97365494978128, -34.40389776552007], [117.99865494978128, -34.40389776552007]]]}, "properties": {"layer": "Fuel type", "fuel_code": 230, "fuel_class": "Low open forest", "fuel_risk": 76}}, {"type": "Feature", "geometry": {"type": "Polygon", "coordinates": [[[118.01203559541987, -34.40389776552007], [118.01203559541987, -34.37889776552007], [117.99865494978128, -34.37889776552007], [117.99865494978128, -34.40389776552007], [118.01203559541987, -34.40389776552007]]]}, "properties": {"layer": "Fuel type", "fuel_code": 230, "fuel_class": "Low open forest", "fuel_risk": 76}}, {"type": "Feature", "geometry": {"type": "Polygon", "coordinates": [[[116.92365494978104, -34.37889776552007], [116.92365494978104, -34.353897765520074], [116.89865494978103, -34.353897765520074], [116.89865494978103, -34.37889776552007], [116.92365494978104, -34.37889776552007]]]}, "properties": {"layer": "Fuel type", "fuel_code": 640, "fuel_class": "Croplands", "fuel_risk": 50}}, {"type": "Feature", "geometry": {"type": "Polygon", "coordinates": [[[116.94865494978104, -34.37889776552007], [116.94865494978104, -34.353897765520074], [116.92365494978104, -34.353897765520074], [116.92365494978104, -34.37889776552007], [116.94865494978104, -34.37889776552007]]]}, "properties": {"layer": "Fuel type", "fuel_code": 220, "fuel_class": "Open forest", "fuel_risk": 86}}, {"type": "Feature", "geometry": {"type": "Polygon", "coordinates": [[[116.97365494978105, -34.37889776552007], [116.97365494978105, -34.353897765520074], [116.94865494978104, -34.353897765520074], [116.94865494978104, -34.37889776552007], [116.97365494978105, -34.37889776552007]]]}, "properties": {"layer": "Fuel type", "fuel_code": 640, "fuel_class": "Croplands", "fuel_risk": 50}}, {"type": "Feature", "geometry": {"type": "Polygon", "coordinates": [[[116.99865494978106, -34.37889776552007], [116.99865494978106, -34.353897765520074], [116.97365494978105, -34.353897765520074], [116.97365494978105, -34.37889776552007], [116.99865494978106, -34.37889776552007]]]}, "properties": {"layer": "Fuel type", "fuel_code": 631, "fuel_class": "Grassland", "fuel_risk": 62}}, {"type": "Feature", "geometry": {"type": "Polygon", "coordinates": [[[117.02365494978106, -34.37889776552007], [117.02365494978106, -34.353897765520074], [116.99865494978106, -34.353897765520074], [116.99865494978106, -34.37889776552007], [117.02365494978106, -34.37889776552007]]]}, "properties": {"layer": "Fuel type", "fuel_code": 433, "fuel_class": "Low woodland with grassy understory", "fuel_risk": 66}}, {"type": "Feature", "geometry": {"type": "Polygon", "coordinates": [[[117.04865494978107, -34.37889776552007], [117.04865494978107, -34.353897765520074], [117.02365494978106, -34.353897765520074], [117.02365494978106, -34.37889776552007], [117.04865494978107, -34.37889776552007]]]}, "properties": {"layer": "Fuel type", "fuel_code": 433, "fuel_class": "Low woodland with grassy understory", "fuel_risk": 66}}, {"type": "Feature", "geometry": {"type": "Polygon", "coordinates": [[[117.07365494978107, -34.37889776552007], [117.07365494978107, -34.353897765520074], [117.04865494978107, -34.353897765520074], [117.04865494978107, -34.37889776552007], [117.07365494978107, -34.37889776552007]]]}, "properties": {"layer": "Fuel type", "fuel_code": 631, "fuel_class": "Grassland", "fuel_risk": 62}}, {"type": "Feature", "geometry": {"type": "Polygon", "coordinates": [[[117.09865494978108, -34.37889776552007], [117.09865494978108, -34.353897765520074], [117.07365494978107, -34.353897765520074], [117.07365494978107, -34.37889776552007], [117.09865494978108, -34.37889776552007]]]}, "properties": {"layer": "Fuel type", "fuel_code": 423, "fuel_class": "Woodland with grassy understory", "fuel_risk": 72}}, {"type": "Feature", "geometry": {"type": "Polygon", "coordinates": [[[117.12365494978108, -34.37889776552007], [117.12365494978108, -34.353897765520074], [117.09865494978108, -34.353897765520074], [117.09865494978108, -34.37889776552007], [117.12365494978108, -34.37889776552007]]]}, "properties": {"layer": "Fuel type", "fuel_code": 631, "fuel_class": "Grassland", "fuel_risk": 62}}, {"type": "Feature", "geometry": {"type": "Polygon", "coordinates": [[[117.14865494978109, -34.37889776552007], [117.14865494978109, -34.353897765520074], [117.12365494978108, -34.353897765520074], [117.12365494978108, -34.37889776552007], [117.14865494978109, -34.37889776552007]]]}, "properties": {"layer": "Fuel type", "fuel_code": 631, "fuel_class": "Grassland", "fuel_risk": 62}}, {"type": "Feature", "geometry": {"type": "Polygon", "coordinates": [[[117.1736549497811, -34.37889776552007], [117.1736549497811, -34.353897765520074], [117.14865494978109, -34.353897765520074], [117.14865494978109, -34.37889776552007], [117.1736549497811, -34.37889776552007]]]}, "properties": {"layer": "Fuel type", "fuel_code": 631, "fuel_class": "Grassland", "fuel_risk": 62}}, {"type": "Feature", "geometry": {"type": "Polygon", "coordinates": [[[117.1986549497811, -34.37889776552007], [117.1986549497811, -34.353897765520074], [117.1736549497811, -34.353897765520074], [117.1736549497811, -34.37889776552007], [117.1986549497811, -34.37889776552007]]]}, "properties": {"layer": "Fuel type", "fuel_code": 631, "fuel_class": "Grassland", "fuel_risk": 62}}, {"type": "Feature", "geometry": {"type": "Polygon", "coordinates": [[[117.2236549497811, -34.37889776552007], [117.2236549497811, -34.353897765520074], [117.1986549497811, -34.353897765520074], [117.1986549497811, -34.37889776552007], [117.2236549497811, -34.37889776552007]]]}, "properties": {"layer": "Fuel type", "fuel_code": 631, "fuel_class": "Grassland", "fuel_risk": 62}}, {"type": "Feature", "geometry": {"type": "Polygon", "coordinates": [[[117.24865494978111, -34.37889776552007], [117.24865494978111, -34.353897765520074], [117.2236549497811, -34.353897765520074], [117.2236549497811, -34.37889776552007], [117.24865494978111, -34.37889776552007]]]}, "properties": {"layer": "Fuel type", "fuel_code": 631, "fuel_class": "Grassland", "fuel_risk": 62}}, {"type": "Feature", "geometry": {"type": "Polygon", "coordinates": [[[117.27365494978112, -34.37889776552007], [117.27365494978112, -34.353897765520074], [117.24865494978111, -34.353897765520074], [117.24865494978111, -34.37889776552007], [117.27365494978112, -34.37889776552007]]]}, "properties": {"layer": "Fuel type", "fuel_code": 631, "fuel_class": "Grassland", "fuel_risk": 62}}, {"type": "Feature", "geometry": {"type": "Polygon", "coordinates": [[[117.29865494978112, -34.37889776552007], [117.29865494978112, -34.353897765520074], [117.27365494978112, -34.353897765520074], [117.27365494978112, -34.37889776552007], [117.29865494978112, -34.37889776552007]]]}, "properties": {"layer": "Fuel type", "fuel_code": 800, "fuel_class": "Wetlands", "fuel_risk": 35}}, {"type": "Feature", "geometry": {"type": "Polygon", "coordinates": [[[117.32365494978113, -34.37889776552007], [117.32365494978113, -34.353897765520074], [117.29865494978112, -34.353897765520074], [117.29865494978112, -34.37889776552007], [117.32365494978113, -34.37889776552007]]]}, "properties": {"layer": "Fuel type", "fuel_code": 631, "fuel_class": "Grassland", "fuel_risk": 62}}, {"type": "Feature", "geometry": {"type": "Polygon", "coordinates": [[[117.34865494978114, -34.37889776552007], [117.34865494978114, -34.353897765520074], [117.32365494978113, -34.353897765520074], [117.32365494978113, -34.37889776552007], [117.34865494978114, -34.37889776552007]]]}, "properties": {"layer": "Fuel type", "fuel_code": 220, "fuel_class": "Open forest", "fuel_risk": 86}}, {"type": "Feature", "geometry": {"type": "Polygon", "coordinates": [[[117.37365494978114, -34.37889776552007], [117.37365494978114, -34.353897765520074], [117.34865494978114, -34.353897765520074], [117.34865494978114, -34.37889776552007], [117.37365494978114, -34.37889776552007]]]}, "properties": {"layer": "Fuel type", "fuel_code": 423, "fuel_class": "Woodland with grassy understory", "fuel_risk": 72}}, {"type": "Feature", "geometry": {"type": "Polygon", "coordinates": [[[117.39865494978115, -34.37889776552007], [117.39865494978115, -34.353897765520074], [117.37365494978114, -34.353897765520074], [117.37365494978114, -34.37889776552007], [117.39865494978115, -34.37889776552007]]]}, "properties": {"layer": "Fuel type", "fuel_code": 433, "fuel_class": "Low woodland with grassy understory", "fuel_risk": 66}}, {"type": "Feature", "geometry": {"type": "Polygon", "coordinates": [[[117.42365494978115, -34.37889776552007], [117.42365494978115, -34.353897765520074], [117.39865494978115, -34.353897765520074], [117.39865494978115, -34.37889776552007], [117.42365494978115, -34.37889776552007]]]}, "properties": {"layer": "Fuel type", "fuel_code": 631, "fuel_class": "Grassland", "fuel_risk": 62}}, {"type": "Feature", "geometry": {"type": "Polygon", "coordinates": [[[117.44865494978116, -34.37889776552007], [117.44865494978116, -34.353897765520074], [117.42365494978115, -34.353897765520074], [117.42365494978115, -34.37889776552007], [117.44865494978116, -34.37889776552007]]]}, "properties": {"layer": "Fuel type", "fuel_code": 640, "fuel_class": "Croplands", "fuel_risk": 50}}, {"type": "Feature", "geometry": {"type": "Polygon", "coordinates": [[[117.47365494978116, -34.37889776552007], [117.47365494978116, -34.353897765520074], [117.44865494978116, -34.353897765520074], [117.44865494978116, -34.37889776552007], [117.47365494978116, -34.37889776552007]]]}, "properties": {"layer": "Fuel type", "fuel_code": 631, "fuel_class": "Grassland", "fuel_risk": 62}}, {"type": "Feature", "geometry": {"type": "Polygon", "coordinates": [[[117.49865494978117, -34.37889776552007], [117.49865494978117, -34.353897765520074], [117.47365494978116, -34.353897765520074], [117.47365494978116, -34.37889776552007], [117.49865494978117, -34.37889776552007]]]}, "properties": {"layer": "Fuel type", "fuel_code": 423, "fuel_class": "Woodland with grassy understory", "fuel_risk": 72}}, {"type": "Feature", "geometry": {"type": "Polygon", "coordinates": [[[117.52365494978118, -34.37889776552007], [117.52365494978118, -34.353897765520074], [117.49865494978117, -34.353897765520074], [117.49865494978117, -34.37889776552007], [117.52365494978118, -34.37889776552007]]]}, "properties": {"layer": "Fuel type", "fuel_code": 640, "fuel_class": "Croplands", "fuel_risk": 50}}, {"type": "Feature", "geometry": {"type": "Polygon", "coordinates": [[[117.54865494978118, -34.37889776552007], [117.54865494978118, -34.353897765520074], [117.52365494978118, -34.353897765520074], [117.52365494978118, -34.37889776552007], [117.54865494978118, -34.37889776552007]]]}, "properties": {"layer": "Fuel type", "fuel_code": 631, "fuel_class": "Grassland", "fuel_risk": 62}}, {"type": "Feature", "geometry": {"type": "Polygon", "coordinates": [[[117.57365494978119, -34.37889776552007], [117.57365494978119, -34.353897765520074], [117.54865494978118, -34.353897765520074], [117.54865494978118, -34.37889776552007], [117.57365494978119, -34.37889776552007]]]}, "properties": {"layer": "Fuel type", "fuel_code": 433, "fuel_class": "Low woodland with grassy understory", "fuel_risk": 66}}, {"type": "Feature", "geometry": {"type": "Polygon", "coordinates": [[[117.59865494978119, -34.37889776552007], [117.59865494978119, -34.353897765520074], [117.57365494978119, -34.353897765520074], [117.57365494978119, -34.37889776552007], [117.59865494978119, -34.37889776552007]]]}, "properties": {"layer": "Fuel type", "fuel_code": 631, "fuel_class": "Grassland", "fuel_risk": 62}}, {"type": "Feature", "geometry": {"type": "Polygon", "coordinates": [[[117.6236549497812, -34.37889776552007], [117.6236549497812, -34.353897765520074], [117.59865494978119, -34.353897765520074], [117.59865494978119, -34.37889776552007], [117.6236549497812, -34.37889776552007]]]}, "properties": {"layer": "Fuel type", "fuel_code": 640, "fuel_class": "Croplands", "fuel_risk": 50}}, {"type": "Feature", "geometry": {"type": "Polygon", "coordinates": [[[117.6486549497812, -34.37889776552007], [117.6486549497812, -34.353897765520074], [117.6236549497812, -34.353897765520074], [117.6236549497812, -34.37889776552007], [117.6486549497812, -34.37889776552007]]]}, "properties": {"layer": "Fuel type", "fuel_code": 640, "fuel_class": "Croplands", "fuel_risk": 50}}, {"type": "Feature", "geometry": {"type": "Polygon", "coordinates": [[[117.67365494978121, -34.37889776552007], [117.67365494978121, -34.353897765520074], [117.6486549497812, -34.353897765520074], [117.6486549497812, -34.37889776552007], [117.67365494978121, -34.37889776552007]]]}, "properties": {"layer": "Fuel type", "fuel_code": 631, "fuel_class": "Grassland", "fuel_risk": 62}}, {"type": "Feature", "geometry": {"type": "Polygon", "coordinates": [[[117.69865494978121, -34.37889776552007], [117.69865494978121, -34.353897765520074], [117.67365494978121, -34.353897765520074], [117.67365494978121, -34.37889776552007], [117.69865494978121, -34.37889776552007]]]}, "properties": {"layer": "Fuel type", "fuel_code": 631, "fuel_class": "Grassland", "fuel_risk": 62}}, {"type": "Feature", "geometry": {"type": "Polygon", "coordinates": [[[117.72365494978122, -34.37889776552007], [117.72365494978122, -34.353897765520074], [117.69865494978121, -34.353897765520074], [117.69865494978121, -34.37889776552007], [117.72365494978122, -34.37889776552007]]]}, "properties": {"layer": "Fuel type", "fuel_code": 230, "fuel_class": "Low open forest", "fuel_risk": 76}}, {"type": "Feature", "geometry": {"type": "Polygon", "coordinates": [[[117.74865494978123, -34.37889776552007], [117.74865494978123, -34.353897765520074], [117.72365494978122, -34.353897765520074], [117.72365494978122, -34.37889776552007], [117.74865494978123, -34.37889776552007]]]}, "properties": {"layer": "Fuel type", "fuel_code": 220, "fuel_class": "Open forest", "fuel_risk": 86}}, {"type": "Feature", "geometry": {"type": "Polygon", "coordinates": [[[117.77365494978123, -34.37889776552007], [117.77365494978123, -34.353897765520074], [117.74865494978123, -34.353897765520074], [117.74865494978123, -34.37889776552007], [117.77365494978123, -34.37889776552007]]]}, "properties": {"layer": "Fuel type", "fuel_code": 230, "fuel_class": "Low open forest", "fuel_risk": 76}}, {"type": "Feature", "geometry": {"type": "Polygon", "coordinates": [[[117.79865494978124, -34.37889776552007], [117.79865494978124, -34.353897765520074], [117.77365494978123, -34.353897765520074], [117.77365494978123, -34.37889776552007], [117.79865494978124, -34.37889776552007]]]}, "properties": {"layer": "Fuel type", "fuel_code": 220, "fuel_class": "Open forest", "fuel_risk": 86}}, {"type": "Feature", "geometry": {"type": "Polygon", "coordinates": [[[117.82365494978124, -34.37889776552007], [117.82365494978124, -34.353897765520074], [117.79865494978124, -34.353897765520074], [117.79865494978124, -34.37889776552007], [117.82365494978124, -34.37889776552007]]]}, "properties": {"layer": "Fuel type", "fuel_code": 220, "fuel_class": "Open forest", "fuel_risk": 86}}, {"type": "Feature", "geometry": {"type": "Polygon", "coordinates": [[[117.84865494978125, -34.37889776552007], [117.84865494978125, -34.353897765520074], [117.82365494978124, -34.353897765520074], [117.82365494978124, -34.37889776552007], [117.84865494978125, -34.37889776552007]]]}, "properties": {"layer": "Fuel type", "fuel_code": 220, "fuel_class": "Open forest", "fuel_risk": 86}}, {"type": "Feature", "geometry": {"type": "Polygon", "coordinates": [[[117.87365494978125, -34.37889776552007], [117.87365494978125, -34.353897765520074], [117.84865494978125, -34.353897765520074], [117.84865494978125, -34.37889776552007], [117.87365494978125, -34.37889776552007]]]}, "properties": {"layer": "Fuel type", "fuel_code": 220, "fuel_class": "Open forest", "fuel_risk": 86}}, {"type": "Feature", "geometry": {"type": "Polygon", "coordinates": [[[117.89865494978126, -34.37889776552007], [117.89865494978126, -34.353897765520074], [117.87365494978125, -34.353897765520074], [117.87365494978125, -34.37889776552007], [117.89865494978126, -34.37889776552007]]]}, "properties": {"layer": "Fuel type", "fuel_code": 220, "fuel_class": "Open forest", "fuel_risk": 86}}, {"type": "Feature", "geometry": {"type": "Polygon", "coordinates": [[[117.92365494978127, -34.37889776552007], [117.92365494978127, -34.353897765520074], [117.89865494978126, -34.353897765520074], [117.89865494978126, -34.37889776552007], [117.92365494978127, -34.37889776552007]]]}, "properties": {"layer": "Fuel type", "fuel_code": 220, "fuel_class": "Open forest", "fuel_risk": 86}}, {"type": "Feature", "geometry": {"type": "Polygon", "coordinates": [[[117.94865494978127, -34.37889776552007], [117.94865494978127, -34.353897765520074], [117.92365494978127, -34.353897765520074], [117.92365494978127, -34.37889776552007], [117.94865494978127, -34.37889776552007]]]}, "properties": {"layer": "Fuel type", "fuel_code": 220, "fuel_class": "Open forest", "fuel_risk": 86}}, {"type": "Feature", "geometry": {"type": "Polygon", "coordinates": [[[117.97365494978128, -34.37889776552007], [117.97365494978128, -34.353897765520074], [117.94865494978127, -34.353897765520074], [117.94865494978127, -34.37889776552007], [117.97365494978128, -34.37889776552007]]]}, "properties": {"layer": "Fuel type", "fuel_code": 220, "fuel_class": "Open forest", "fuel_risk": 86}}, {"type": "Feature", "geometry": {"type": "Polygon", "coordinates": [[[117.99865494978128, -34.37889776552007], [117.99865494978128, -34.353897765520074], [117.97365494978128, -34.353897765520074], [117.97365494978128, -34.37889776552007], [117.99865494978128, -34.37889776552007]]]}, "properties": {"layer": "Fuel type", "fuel_code": 230, "fuel_class": "Low open forest", "fuel_risk": 76}}, {"type": "Feature", "geometry": {"type": "Polygon", "coordinates": [[[118.01203559541987, -34.37889776552007], [118.01203559541987, -34.353897765520074], [117.99865494978128, -34.353897765520074], [117.99865494978128, -34.37889776552007], [118.01203559541987, -34.37889776552007]]]}, "properties": {"layer": "Fuel type", "fuel_code": 230, "fuel_class": "Low open forest", "fuel_risk": 76}}, {"type": "Feature", "geometry": {"type": "Polygon", "coordinates": [[[116.92365494978104, -34.353897765520074], [116.92365494978104, -34.328897765520075], [116.89865494978103, -34.328897765520075], [116.89865494978103, -34.353897765520074], [116.92365494978104, -34.353897765520074]]]}, "properties": {"layer": "Fuel type", "fuel_code": 520, "fuel_class": "Shrubland", "fuel_risk": 82}}, {"type": "Feature", "geometry": {"type": "Polygon", "coordinates": [[[116.94865494978104, -34.353897765520074], [116.94865494978104, -34.328897765520075], [116.92365494978104, -34.328897765520075], [116.92365494978104, -34.353897765520074], [116.94865494978104, -34.353897765520074]]]}, "properties": {"layer": "Fuel type", "fuel_code": 640, "fuel_class": "Croplands", "fuel_risk": 50}}, {"type": "Feature", "geometry": {"type": "Polygon", "coordinates": [[[116.97365494978105, -34.353897765520074], [116.97365494978105, -34.328897765520075], [116.94865494978104, -34.328897765520075], [116.94865494978104, -34.353897765520074], [116.97365494978105, -34.353897765520074]]]}, "properties": {"layer": "Fuel type", "fuel_code": 423, "fuel_class": "Woodland with grassy understory", "fuel_risk": 72}}, {"type": "Feature", "geometry": {"type": "Polygon", "coordinates": [[[116.99865494978106, -34.353897765520074], [116.99865494978106, -34.328897765520075], [116.97365494978105, -34.328897765520075], [116.97365494978105, -34.353897765520074], [116.99865494978106, -34.353897765520074]]]}, "properties": {"layer": "Fuel type", "fuel_code": 510, "fuel_class": "Tall shrubland", "fuel_risk": 88}}, {"type": "Feature", "geometry": {"type": "Polygon", "coordinates": [[[117.02365494978106, -34.353897765520074], [117.02365494978106, -34.328897765520075], [116.99865494978106, -34.328897765520075], [116.99865494978106, -34.353897765520074], [117.02365494978106, -34.353897765520074]]]}, "properties": {"layer": "Fuel type", "fuel_code": 310, "fuel_class": "Broadleaf plantation", "fuel_risk": 82}}, {"type": "Feature", "geometry": {"type": "Polygon", "coordinates": [[[117.04865494978107, -34.353897765520074], [117.04865494978107, -34.328897765520075], [117.02365494978106, -34.328897765520075], [117.02365494978106, -34.353897765520074], [117.04865494978107, -34.353897765520074]]]}, "properties": {"layer": "Fuel type", "fuel_code": 631, "fuel_class": "Grassland", "fuel_risk": 62}}, {"type": "Feature", "geometry": {"type": "Polygon", "coordinates": [[[117.07365494978107, -34.353897765520074], [117.07365494978107, -34.328897765520075], [117.04865494978107, -34.328897765520075], [117.04865494978107, -34.353897765520074], [117.07365494978107, -34.353897765520074]]]}, "properties": {"layer": "Fuel type", "fuel_code": 631, "fuel_class": "Grassland", "fuel_risk": 62}}, {"type": "Feature", "geometry": {"type": "Polygon", "coordinates": [[[117.09865494978108, -34.353897765520074], [117.09865494978108, -34.328897765520075], [117.07365494978107, -34.328897765520075], [117.07365494978107, -34.353897765520074], [117.09865494978108, -34.353897765520074]]]}, "properties": {"layer": "Fuel type", "fuel_code": 640, "fuel_class": "Croplands", "fuel_risk": 50}}, {"type": "Feature", "geometry": {"type": "Polygon", "coordinates": [[[117.12365494978108, -34.353897765520074], [117.12365494978108, -34.328897765520075], [117.09865494978108, -34.328897765520075], [117.09865494978108, -34.353897765520074], [117.12365494978108, -34.353897765520074]]]}, "properties": {"layer": "Fuel type", "fuel_code": 640, "fuel_class": "Croplands", "fuel_risk": 50}}, {"type": "Feature", "geometry": {"type": "Polygon", "coordinates": [[[117.14865494978109, -34.353897765520074], [117.14865494978109, -34.328897765520075], [117.12365494978108, -34.328897765520075], [117.12365494978108, -34.353897765520074], [117.14865494978109, -34.353897765520074]]]}, "properties": {"layer": "Fuel type", "fuel_code": 220, "fuel_class": "Open forest", "fuel_risk": 86}}, {"type": "Feature", "geometry": {"type": "Polygon", "coordinates": [[[117.1736549497811, -34.353897765520074], [117.1736549497811, -34.328897765520075], [117.14865494978109, -34.328897765520075], [117.14865494978109, -34.353897765520074], [117.1736549497811, -34.353897765520074]]]}, "properties": {"layer": "Fuel type", "fuel_code": 640, "fuel_class": "Croplands", "fuel_risk": 50}}, {"type": "Feature", "geometry": {"type": "Polygon", "coordinates": [[[117.1986549497811, -34.353897765520074], [117.1986549497811, -34.328897765520075], [117.1736549497811, -34.328897765520075], [117.1736549497811, -34.353897765520074], [117.1986549497811, -34.353897765520074]]]}, "properties": {"layer": "Fuel type", "fuel_code": 631, "fuel_class": "Grassland", "fuel_risk": 62}}, {"type": "Feature", "geometry": {"type": "Polygon", "coordinates": [[[117.2236549497811, -34.353897765520074], [117.2236549497811, -34.328897765520075], [117.1986549497811, -34.328897765520075], [117.1986549497811, -34.353897765520074], [117.2236549497811, -34.353897765520074]]]}, "properties": {"layer": "Fuel type", "fuel_code": 640, "fuel_class": "Croplands", "fuel_risk": 50}}, {"type": "Feature", "geometry": {"type": "Polygon", "coordinates": [[[117.24865494978111, -34.353897765520074], [117.24865494978111, -34.328897765520075], [117.2236549497811, -34.328897765520075], [117.2236549497811, -34.353897765520074], [117.24865494978111, -34.353897765520074]]]}, "properties": {"layer": "Fuel type", "fuel_code": 640, "fuel_class": "Croplands", "fuel_risk": 50}}, {"type": "Feature", "geometry": {"type": "Polygon", "coordinates": [[[117.27365494978112, -34.353897765520074], [117.27365494978112, -34.328897765520075], [117.24865494978111, -34.328897765520075], [117.24865494978111, -34.353897765520074], [117.27365494978112, -34.353897765520074]]]}, "properties": {"layer": "Fuel type", "fuel_code": 220, "fuel_class": "Open forest", "fuel_risk": 86}}, {"type": "Feature", "geometry": {"type": "Polygon", "coordinates": [[[117.29865494978112, -34.353897765520074], [117.29865494978112, -34.328897765520075], [117.27365494978112, -34.328897765520075], [117.27365494978112, -34.353897765520074], [117.29865494978112, -34.353897765520074]]]}, "properties": {"layer": "Fuel type", "fuel_code": 631, "fuel_class": "Grassland", "fuel_risk": 62}}, {"type": "Feature", "geometry": {"type": "Polygon", "coordinates": [[[117.32365494978113, -34.353897765520074], [117.32365494978113, -34.328897765520075], [117.29865494978112, -34.328897765520075], [117.29865494978112, -34.353897765520074], [117.32365494978113, -34.353897765520074]]]}, "properties": {"layer": "Fuel type", "fuel_code": 631, "fuel_class": "Grassland", "fuel_risk": 62}}, {"type": "Feature", "geometry": {"type": "Polygon", "coordinates": [[[117.34865494978114, -34.353897765520074], [117.34865494978114, -34.328897765520075], [117.32365494978113, -34.328897765520075], [117.32365494978113, -34.353897765520074], [117.34865494978114, -34.353897765520074]]]}, "properties": {"layer": "Fuel type", "fuel_code": 640, "fuel_class": "Croplands", "fuel_risk": 50}}, {"type": "Feature", "geometry": {"type": "Polygon", "coordinates": [[[117.37365494978114, -34.353897765520074], [117.37365494978114, -34.328897765520075], [117.34865494978114, -34.328897765520075], [117.34865494978114, -34.353897765520074], [117.37365494978114, -34.353897765520074]]]}, "properties": {"layer": "Fuel type", "fuel_code": 510, "fuel_class": "Tall shrubland", "fuel_risk": 88}}, {"type": "Feature", "geometry": {"type": "Polygon", "coordinates": [[[117.39865494978115, -34.353897765520074], [117.39865494978115, -34.328897765520075], [117.37365494978114, -34.328897765520075], [117.37365494978114, -34.353897765520074], [117.39865494978115, -34.353897765520074]]]}, "properties": {"layer": "Fuel type", "fuel_code": 321, "fuel_class": "Radiata pine", "fuel_risk": 96}}, {"type": "Feature", "geometry": {"type": "Polygon", "coordinates": [[[117.42365494978115, -34.353897765520074], [117.42365494978115, -34.328897765520075], [117.39865494978115, -34.328897765520075], [117.39865494978115, -34.353897765520074], [117.42365494978115, -34.353897765520074]]]}, "properties": {"layer": "Fuel type", "fuel_code": 631, "fuel_class": "Grassland", "fuel_risk": 62}}, {"type": "Feature", "geometry": {"type": "Polygon", "coordinates": [[[117.44865494978116, -34.353897765520074], [117.44865494978116, -34.328897765520075], [117.42365494978115, -34.328897765520075], [117.42365494978115, -34.353897765520074], [117.44865494978116, -34.353897765520074]]]}, "properties": {"layer": "Fuel type", "fuel_code": 631, "fuel_class": "Grassland", "fuel_risk": 62}}, {"type": "Feature", "geometry": {"type": "Polygon", "coordinates": [[[117.47365494978116, -34.353897765520074], [117.47365494978116, -34.328897765520075], [117.44865494978116, -34.328897765520075], [117.44865494978116, -34.353897765520074], [117.47365494978116, -34.353897765520074]]]}, "properties": {"layer": "Fuel type", "fuel_code": 640, "fuel_class": "Croplands", "fuel_risk": 50}}, {"type": "Feature", "geometry": {"type": "Polygon", "coordinates": [[[117.49865494978117, -34.353897765520074], [117.49865494978117, -34.328897765520075], [117.47365494978116, -34.328897765520075], [117.47365494978116, -34.353897765520074], [117.49865494978117, -34.353897765520074]]]}, "properties": {"layer": "Fuel type", "fuel_code": 631, "fuel_class": "Grassland", "fuel_risk": 62}}, {"type": "Feature", "geometry": {"type": "Polygon", "coordinates": [[[117.52365494978118, -34.353897765520074], [117.52365494978118, -34.328897765520075], [117.49865494978117, -34.328897765520075], [117.49865494978117, -34.353897765520074], [117.52365494978118, -34.353897765520074]]]}, "properties": {"layer": "Fuel type", "fuel_code": 631, "fuel_class": "Grassland", "fuel_risk": 62}}, {"type": "Feature", "geometry": {"type": "Polygon", "coordinates": [[[117.54865494978118, -34.353897765520074], [117.54865494978118, -34.328897765520075], [117.52365494978118, -34.328897765520075], [117.52365494978118, -34.353897765520074], [117.54865494978118, -34.353897765520074]]]}, "properties": {"layer": "Fuel type", "fuel_code": 631, "fuel_class": "Grassland", "fuel_risk": 62}}, {"type": "Feature", "geometry": {"type": "Polygon", "coordinates": [[[117.57365494978119, -34.353897765520074], [117.57365494978119, -34.328897765520075], [117.54865494978118, -34.328897765520075], [117.54865494978118, -34.353897765520074], [117.57365494978119, -34.353897765520074]]]}, "properties": {"layer": "Fuel type", "fuel_code": 640, "fuel_class": "Croplands", "fuel_risk": 50}}, {"type": "Feature", "geometry": {"type": "Polygon", "coordinates": [[[117.59865494978119, -34.353897765520074], [117.59865494978119, -34.328897765520075], [117.57365494978119, -34.328897765520075], [117.57365494978119, -34.353897765520074], [117.59865494978119, -34.353897765520074]]]}, "properties": {"layer": "Fuel type", "fuel_code": 640, "fuel_class": "Croplands", "fuel_risk": 50}}, {"type": "Feature", "geometry": {"type": "Polygon", "coordinates": [[[117.6236549497812, -34.353897765520074], [117.6236549497812, -34.328897765520075], [117.59865494978119, -34.328897765520075], [117.59865494978119, -34.353897765520074], [117.6236549497812, -34.353897765520074]]]}, "properties": {"layer": "Fuel type", "fuel_code": 640, "fuel_class": "Croplands", "fuel_risk": 50}}, {"type": "Feature", "geometry": {"type": "Polygon", "coordinates": [[[117.6486549497812, -34.353897765520074], [117.6486549497812, -34.328897765520075], [117.6236549497812, -34.328897765520075], [117.6236549497812, -34.353897765520074], [117.6486549497812, -34.353897765520074]]]}, "properties": {"layer": "Fuel type", "fuel_code": 640, "fuel_class": "Croplands", "fuel_risk": 50}}, {"type": "Feature", "geometry": {"type": "Polygon", "coordinates": [[[117.67365494978121, -34.353897765520074], [117.67365494978121, -34.328897765520075], [117.6486549497812, -34.328897765520075], [117.6486549497812, -34.353897765520074], [117.67365494978121, -34.353897765520074]]]}, "properties": {"layer": "Fuel type", "fuel_code": 640, "fuel_class": "Croplands", "fuel_risk": 50}}, {"type": "Feature", "geometry": {"type": "Polygon", "coordinates": [[[117.69865494978121, -34.353897765520074], [117.69865494978121, -34.328897765520075], [117.67365494978121, -34.328897765520075], [117.67365494978121, -34.353897765520074], [117.69865494978121, -34.353897765520074]]]}, "properties": {"layer": "Fuel type", "fuel_code": 230, "fuel_class": "Low open forest", "fuel_risk": 76}}, {"type": "Feature", "geometry": {"type": "Polygon", "coordinates": [[[117.72365494978122, -34.353897765520074], [117.72365494978122, -34.328897765520075], [117.69865494978121, -34.328897765520075], [117.69865494978121, -34.353897765520074], [117.72365494978122, -34.353897765520074]]]}, "properties": {"layer": "Fuel type", "fuel_code": 220, "fuel_class": "Open forest", "fuel_risk": 86}}, {"type": "Feature", "geometry": {"type": "Polygon", "coordinates": [[[117.74865494978123, -34.353897765520074], [117.74865494978123, -34.328897765520075], [117.72365494978122, -34.328897765520075], [117.72365494978122, -34.353897765520074], [117.74865494978123, -34.353897765520074]]]}, "properties": {"layer": "Fuel type", "fuel_code": 220, "fuel_class": "Open forest", "fuel_risk": 86}}, {"type": "Feature", "geometry": {"type": "Polygon", "coordinates": [[[117.77365494978123, -34.353897765520074], [117.77365494978123, -34.328897765520075], [117.74865494978123, -34.328897765520075], [117.74865494978123, -34.353897765520074], [117.77365494978123, -34.353897765520074]]]}, "properties": {"layer": "Fuel type", "fuel_code": 220, "fuel_class": "Open forest", "fuel_risk": 86}}, {"type": "Feature", "geometry": {"type": "Polygon", "coordinates": [[[117.79865494978124, -34.353897765520074], [117.79865494978124, -34.328897765520075], [117.77365494978123, -34.328897765520075], [117.77365494978123, -34.353897765520074], [117.79865494978124, -34.353897765520074]]]}, "properties": {"layer": "Fuel type", "fuel_code": 230, "fuel_class": "Low open forest", "fuel_risk": 76}}, {"type": "Feature", "geometry": {"type": "Polygon", "coordinates": [[[117.82365494978124, -34.353897765520074], [117.82365494978124, -34.328897765520075], [117.79865494978124, -34.328897765520075], [117.79865494978124, -34.353897765520074], [117.82365494978124, -34.353897765520074]]]}, "properties": {"layer": "Fuel type", "fuel_code": 230, "fuel_class": "Low open forest", "fuel_risk": 76}}, {"type": "Feature", "geometry": {"type": "Polygon", "coordinates": [[[117.84865494978125, -34.353897765520074], [117.84865494978125, -34.328897765520075], [117.82365494978124, -34.328897765520075], [117.82365494978124, -34.353897765520074], [117.84865494978125, -34.353897765520074]]]}, "properties": {"layer": "Fuel type", "fuel_code": 421, "fuel_class": "Woodland with shrubby understory", "fuel_risk": 84}}, {"type": "Feature", "geometry": {"type": "Polygon", "coordinates": [[[117.87365494978125, -34.353897765520074], [117.87365494978125, -34.328897765520075], [117.84865494978125, -34.328897765520075], [117.84865494978125, -34.353897765520074], [117.87365494978125, -34.353897765520074]]]}, "properties": {"layer": "Fuel type", "fuel_code": 230, "fuel_class": "Low open forest", "fuel_risk": 76}}, {"type": "Feature", "geometry": {"type": "Polygon", "coordinates": [[[117.89865494978126, -34.353897765520074], [117.89865494978126, -34.328897765520075], [117.87365494978125, -34.328897765520075], [117.87365494978125, -34.353897765520074], [117.89865494978126, -34.353897765520074]]]}, "properties": {"layer": "Fuel type", "fuel_code": 421, "fuel_class": "Woodland with shrubby understory", "fuel_risk": 84}}, {"type": "Feature", "geometry": {"type": "Polygon", "coordinates": [[[117.92365494978127, -34.353897765520074], [117.92365494978127, -34.328897765520075], [117.89865494978126, -34.328897765520075], [117.89865494978126, -34.353897765520074], [117.92365494978127, -34.353897765520074]]]}, "properties": {"layer": "Fuel type", "fuel_code": 230, "fuel_class": "Low open forest", "fuel_risk": 76}}, {"type": "Feature", "geometry": {"type": "Polygon", "coordinates": [[[117.94865494978127, -34.353897765520074], [117.94865494978127, -34.328897765520075], [117.92365494978127, -34.328897765520075], [117.92365494978127, -34.353897765520074], [117.94865494978127, -34.353897765520074]]]}, "properties": {"layer": "Fuel type", "fuel_code": 230, "fuel_class": "Low open forest", "fuel_risk": 76}}, {"type": "Feature", "geometry": {"type": "Polygon", "coordinates": [[[117.97365494978128, -34.353897765520074], [117.97365494978128, -34.328897765520075], [117.94865494978127, -34.328897765520075], [117.94865494978127, -34.353897765520074], [117.97365494978128, -34.353897765520074]]]}, "properties": {"layer": "Fuel type", "fuel_code": 230, "fuel_class": "Low open forest", "fuel_risk": 76}}, {"type": "Feature", "geometry": {"type": "Polygon", "coordinates": [[[117.99865494978128, -34.353897765520074], [117.99865494978128, -34.328897765520075], [117.97365494978128, -34.328897765520075], [117.97365494978128, -34.353897765520074], [117.99865494978128, -34.353897765520074]]]}, "properties": {"layer": "Fuel type", "fuel_code": 230, "fuel_class": "Low open forest", "fuel_risk": 76}}, {"type": "Feature", "geometry": {"type": "Polygon", "coordinates": [[[118.01203559541987, -34.353897765520074], [118.01203559541987, -34.328897765520075], [117.99865494978128, -34.328897765520075], [117.99865494978128, -34.353897765520074], [118.01203559541987, -34.353897765520074]]]}, "properties": {"layer": "Fuel type", "fuel_code": 230, "fuel_class": "Low open forest", "fuel_risk": 76}}, {"type": "Feature", "geometry": {"type": "Polygon", "coordinates": [[[116.92365494978104, -34.328897765520075], [116.92365494978104, -34.30389776552008], [116.89865494978103, -34.30389776552008], [116.89865494978103, -34.328897765520075], [116.92365494978104, -34.328897765520075]]]}, "properties": {"layer": "Fuel type", "fuel_code": 631, "fuel_class": "Grassland", "fuel_risk": 62}}, {"type": "Feature", "geometry": {"type": "Polygon", "coordinates": [[[116.94865494978104, -34.328897765520075], [116.94865494978104, -34.30389776552008], [116.92365494978104, -34.30389776552008], [116.92365494978104, -34.328897765520075], [116.94865494978104, -34.328897765520075]]]}, "properties": {"layer": "Fuel type", "fuel_code": 631, "fuel_class": "Grassland", "fuel_risk": 62}}, {"type": "Feature", "geometry": {"type": "Polygon", "coordinates": [[[116.97365494978105, -34.328897765520075], [116.97365494978105, -34.30389776552008], [116.94865494978104, -34.30389776552008], [116.94865494978104, -34.328897765520075], [116.97365494978105, -34.328897765520075]]]}, "properties": {"layer": "Fuel type", "fuel_code": 433, "fuel_class": "Low woodland with grassy understory", "fuel_risk": 66}}, {"type": "Feature", "geometry": {"type": "Polygon", "coordinates": [[[116.99865494978106, -34.328897765520075], [116.99865494978106, -34.30389776552008], [116.97365494978105, -34.30389776552008], [116.97365494978105, -34.328897765520075], [116.99865494978106, -34.328897765520075]]]}, "properties": {"layer": "Fuel type", "fuel_code": 423, "fuel_class": "Woodland with grassy understory", "fuel_risk": 72}}, {"type": "Feature", "geometry": {"type": "Polygon", "coordinates": [[[117.02365494978106, -34.328897765520075], [117.02365494978106, -34.30389776552008], [116.99865494978106, -34.30389776552008], [116.99865494978106, -34.328897765520075], [117.02365494978106, -34.328897765520075]]]}, "properties": {"layer": "Fuel type", "fuel_code": 220, "fuel_class": "Open forest", "fuel_risk": 86}}, {"type": "Feature", "geometry": {"type": "Polygon", "coordinates": [[[117.04865494978107, -34.328897765520075], [117.04865494978107, -34.30389776552008], [117.02365494978106, -34.30389776552008], [117.02365494978106, -34.328897765520075], [117.04865494978107, -34.328897765520075]]]}, "properties": {"layer": "Fuel type", "fuel_code": 631, "fuel_class": "Grassland", "fuel_risk": 62}}, {"type": "Feature", "geometry": {"type": "Polygon", "coordinates": [[[117.07365494978107, -34.328897765520075], [117.07365494978107, -34.30389776552008], [117.04865494978107, -34.30389776552008], [117.04865494978107, -34.328897765520075], [117.07365494978107, -34.328897765520075]]]}, "properties": {"layer": "Fuel type", "fuel_code": 631, "fuel_class": "Grassland", "fuel_risk": 62}}, {"type": "Feature", "geometry": {"type": "Polygon", "coordinates": [[[117.09865494978108, -34.328897765520075], [117.09865494978108, -34.30389776552008], [117.07365494978107, -34.30389776552008], [117.07365494978107, -34.328897765520075], [117.09865494978108, -34.328897765520075]]]}, "properties": {"layer": "Fuel type", "fuel_code": 631, "fuel_class": "Grassland", "fuel_risk": 62}}, {"type": "Feature", "geometry": {"type": "Polygon", "coordinates": [[[117.12365494978108, -34.328897765520075], [117.12365494978108, -34.30389776552008], [117.09865494978108, -34.30389776552008], [117.09865494978108, -34.328897765520075], [117.12365494978108, -34.328897765520075]]]}, "properties": {"layer": "Fuel type", "fuel_code": 631, "fuel_class": "Grassland", "fuel_risk": 62}}, {"type": "Feature", "geometry": {"type": "Polygon", "coordinates": [[[117.14865494978109, -34.328897765520075], [117.14865494978109, -34.30389776552008], [117.12365494978108, -34.30389776552008], [117.12365494978108, -34.328897765520075], [117.14865494978109, -34.328897765520075]]]}, "properties": {"layer": "Fuel type", "fuel_code": 631, "fuel_class": "Grassland", "fuel_risk": 62}}, {"type": "Feature", "geometry": {"type": "Polygon", "coordinates": [[[117.1736549497811, -34.328897765520075], [117.1736549497811, -34.30389776552008], [117.14865494978109, -34.30389776552008], [117.14865494978109, -34.328897765520075], [117.1736549497811, -34.328897765520075]]]}, "properties": {"layer": "Fuel type", "fuel_code": 631, "fuel_class": "Grassland", "fuel_risk": 62}}, {"type": "Feature", "geometry": {"type": "Polygon", "coordinates": [[[117.1986549497811, -34.328897765520075], [117.1986549497811, -34.30389776552008], [117.1736549497811, -34.30389776552008], [117.1736549497811, -34.328897765520075], [117.1986549497811, -34.328897765520075]]]}, "properties": {"layer": "Fuel type", "fuel_code": 640, "fuel_class": "Croplands", "fuel_risk": 50}}, {"type": "Feature", "geometry": {"type": "Polygon", "coordinates": [[[117.2236549497811, -34.328897765520075], [117.2236549497811, -34.30389776552008], [117.1986549497811, -34.30389776552008], [117.1986549497811, -34.328897765520075], [117.2236549497811, -34.328897765520075]]]}, "properties": {"layer": "Fuel type", "fuel_code": 640, "fuel_class": "Croplands", "fuel_risk": 50}}, {"type": "Feature", "geometry": {"type": "Polygon", "coordinates": [[[117.24865494978111, -34.328897765520075], [117.24865494978111, -34.30389776552008], [117.2236549497811, -34.30389776552008], [117.2236549497811, -34.328897765520075], [117.24865494978111, -34.328897765520075]]]}, "properties": {"layer": "Fuel type", "fuel_code": 640, "fuel_class": "Croplands", "fuel_risk": 50}}, {"type": "Feature", "geometry": {"type": "Polygon", "coordinates": [[[117.27365494978112, -34.328897765520075], [117.27365494978112, -34.30389776552008], [117.24865494978111, -34.30389776552008], [117.24865494978111, -34.328897765520075], [117.27365494978112, -34.328897765520075]]]}, "properties": {"layer": "Fuel type", "fuel_code": 631, "fuel_class": "Grassland", "fuel_risk": 62}}, {"type": "Feature", "geometry": {"type": "Polygon", "coordinates": [[[117.29865494978112, -34.328897765520075], [117.29865494978112, -34.30389776552008], [117.27365494978112, -34.30389776552008], [117.27365494978112, -34.328897765520075], [117.29865494978112, -34.328897765520075]]]}, "properties": {"layer": "Fuel type", "fuel_code": 433, "fuel_class": "Low woodland with grassy understory", "fuel_risk": 66}}, {"type": "Feature", "geometry": {"type": "Polygon", "coordinates": [[[117.32365494978113, -34.328897765520075], [117.32365494978113, -34.30389776552008], [117.29865494978112, -34.30389776552008], [117.29865494978112, -34.328897765520075], [117.32365494978113, -34.328897765520075]]]}, "properties": {"layer": "Fuel type", "fuel_code": 631, "fuel_class": "Grassland", "fuel_risk": 62}}, {"type": "Feature", "geometry": {"type": "Polygon", "coordinates": [[[117.34865494978114, -34.328897765520075], [117.34865494978114, -34.30389776552008], [117.32365494978113, -34.30389776552008], [117.32365494978113, -34.328897765520075], [117.34865494978114, -34.328897765520075]]]}, "properties": {"layer": "Fuel type", "fuel_code": 631, "fuel_class": "Grassland", "fuel_risk": 62}}, {"type": "Feature", "geometry": {"type": "Polygon", "coordinates": [[[117.37365494978114, -34.328897765520075], [117.37365494978114, -34.30389776552008], [117.34865494978114, -34.30389776552008], [117.34865494978114, -34.328897765520075], [117.37365494978114, -34.328897765520075]]]}, "properties": {"layer": "Fuel type", "fuel_code": 631, "fuel_class": "Grassland", "fuel_risk": 62}}, {"type": "Feature", "geometry": {"type": "Polygon", "coordinates": [[[117.39865494978115, -34.328897765520075], [117.39865494978115, -34.30389776552008], [117.37365494978114, -34.30389776552008], [117.37365494978114, -34.328897765520075], [117.39865494978115, -34.328897765520075]]]}, "properties": {"layer": "Fuel type", "fuel_code": 631, "fuel_class": "Grassland", "fuel_risk": 62}}, {"type": "Feature", "geometry": {"type": "Polygon", "coordinates": [[[117.42365494978115, -34.328897765520075], [117.42365494978115, -34.30389776552008], [117.39865494978115, -34.30389776552008], [117.39865494978115, -34.328897765520075], [117.42365494978115, -34.328897765520075]]]}, "properties": {"layer": "Fuel type", "fuel_code": 631, "fuel_class": "Grassland", "fuel_risk": 62}}, {"type": "Feature", "geometry": {"type": "Polygon", "coordinates": [[[117.44865494978116, -34.328897765520075], [117.44865494978116, -34.30389776552008], [117.42365494978115, -34.30389776552008], [117.42365494978115, -34.328897765520075], [117.44865494978116, -34.328897765520075]]]}, "properties": {"layer": "Fuel type", "fuel_code": 631, "fuel_class": "Grassland", "fuel_risk": 62}}, {"type": "Feature", "geometry": {"type": "Polygon", "coordinates": [[[117.47365494978116, -34.328897765520075], [117.47365494978116, -34.30389776552008], [117.44865494978116, -34.30389776552008], [117.44865494978116, -34.328897765520075], [117.47365494978116, -34.328897765520075]]]}, "properties": {"layer": "Fuel type", "fuel_code": 640, "fuel_class": "Croplands", "fuel_risk": 50}}, {"type": "Feature", "geometry": {"type": "Polygon", "coordinates": [[[117.49865494978117, -34.328897765520075], [117.49865494978117, -34.30389776552008], [117.47365494978116, -34.30389776552008], [117.47365494978116, -34.328897765520075], [117.49865494978117, -34.328897765520075]]]}, "properties": {"layer": "Fuel type", "fuel_code": 631, "fuel_class": "Grassland", "fuel_risk": 62}}, {"type": "Feature", "geometry": {"type": "Polygon", "coordinates": [[[117.52365494978118, -34.328897765520075], [117.52365494978118, -34.30389776552008], [117.49865494978117, -34.30389776552008], [117.49865494978117, -34.328897765520075], [117.52365494978118, -34.328897765520075]]]}, "properties": {"layer": "Fuel type", "fuel_code": 640, "fuel_class": "Croplands", "fuel_risk": 50}}, {"type": "Feature", "geometry": {"type": "Polygon", "coordinates": [[[117.54865494978118, -34.328897765520075], [117.54865494978118, -34.30389776552008], [117.52365494978118, -34.30389776552008], [117.52365494978118, -34.328897765520075], [117.54865494978118, -34.328897765520075]]]}, "properties": {"layer": "Fuel type", "fuel_code": 631, "fuel_class": "Grassland", "fuel_risk": 62}}, {"type": "Feature", "geometry": {"type": "Polygon", "coordinates": [[[117.57365494978119, -34.328897765520075], [117.57365494978119, -34.30389776552008], [117.54865494978118, -34.30389776552008], [117.54865494978118, -34.328897765520075], [117.57365494978119, -34.328897765520075]]]}, "properties": {"layer": "Fuel type", "fuel_code": 631, "fuel_class": "Grassland", "fuel_risk": 62}}, {"type": "Feature", "geometry": {"type": "Polygon", "coordinates": [[[117.59865494978119, -34.328897765520075], [117.59865494978119, -34.30389776552008], [117.57365494978119, -34.30389776552008], [117.57365494978119, -34.328897765520075], [117.59865494978119, -34.328897765520075]]]}, "properties": {"layer": "Fuel type", "fuel_code": 640, "fuel_class": "Croplands", "fuel_risk": 50}}, {"type": "Feature", "geometry": {"type": "Polygon", "coordinates": [[[117.6236549497812, -34.328897765520075], [117.6236549497812, -34.30389776552008], [117.59865494978119, -34.30389776552008], [117.59865494978119, -34.328897765520075], [117.6236549497812, -34.328897765520075]]]}, "properties": {"layer": "Fuel type", "fuel_code": 631, "fuel_class": "Grassland", "fuel_risk": 62}}, {"type": "Feature", "geometry": {"type": "Polygon", "coordinates": [[[117.6486549497812, -34.328897765520075], [117.6486549497812, -34.30389776552008], [117.6236549497812, -34.30389776552008], [117.6236549497812, -34.328897765520075], [117.6486549497812, -34.328897765520075]]]}, "properties": {"layer": "Fuel type", "fuel_code": 631, "fuel_class": "Grassland", "fuel_risk": 62}}, {"type": "Feature", "geometry": {"type": "Polygon", "coordinates": [[[117.67365494978121, -34.328897765520075], [117.67365494978121, -34.30389776552008], [117.6486549497812, -34.30389776552008], [117.6486549497812, -34.328897765520075], [117.67365494978121, -34.328897765520075]]]}, "properties": {"layer": "Fuel type", "fuel_code": 631, "fuel_class": "Grassland", "fuel_risk": 62}}, {"type": "Feature", "geometry": {"type": "Polygon", "coordinates": [[[117.69865494978121, -34.328897765520075], [117.69865494978121, -34.30389776552008], [117.67365494978121, -34.30389776552008], [117.67365494978121, -34.328897765520075], [117.69865494978121, -34.328897765520075]]]}, "properties": {"layer": "Fuel type", "fuel_code": 433, "fuel_class": "Low woodland with grassy understory", "fuel_risk": 66}}, {"type": "Feature", "geometry": {"type": "Polygon", "coordinates": [[[117.72365494978122, -34.328897765520075], [117.72365494978122, -34.30389776552008], [117.69865494978121, -34.30389776552008], [117.69865494978121, -34.328897765520075], [117.72365494978122, -34.328897765520075]]]}, "properties": {"layer": "Fuel type", "fuel_code": 230, "fuel_class": "Low open forest", "fuel_risk": 76}}, {"type": "Feature", "geometry": {"type": "Polygon", "coordinates": [[[117.74865494978123, -34.328897765520075], [117.74865494978123, -34.30389776552008], [117.72365494978122, -34.30389776552008], [117.72365494978122, -34.328897765520075], [117.74865494978123, -34.328897765520075]]]}, "properties": {"layer": "Fuel type", "fuel_code": 230, "fuel_class": "Low open forest", "fuel_risk": 76}}, {"type": "Feature", "geometry": {"type": "Polygon", "coordinates": [[[117.77365494978123, -34.328897765520075], [117.77365494978123, -34.30389776552008], [117.74865494978123, -34.30389776552008], [117.74865494978123, -34.328897765520075], [117.77365494978123, -34.328897765520075]]]}, "properties": {"layer": "Fuel type", "fuel_code": 230, "fuel_class": "Low open forest", "fuel_risk": 76}}, {"type": "Feature", "geometry": {"type": "Polygon", "coordinates": [[[117.79865494978124, -34.328897765520075], [117.79865494978124, -34.30389776552008], [117.77365494978123, -34.30389776552008], [117.77365494978123, -34.328897765520075], [117.79865494978124, -34.328897765520075]]]}, "properties": {"layer": "Fuel type", "fuel_code": 230, "fuel_class": "Low open forest", "fuel_risk": 76}}, {"type": "Feature", "geometry": {"type": "Polygon", "coordinates": [[[117.82365494978124, -34.328897765520075], [117.82365494978124, -34.30389776552008], [117.79865494978124, -34.30389776552008], [117.79865494978124, -34.328897765520075], [117.82365494978124, -34.328897765520075]]]}, "properties": {"layer": "Fuel type", "fuel_code": 631, "fuel_class": "Grassland", "fuel_risk": 62}}, {"type": "Feature", "geometry": {"type": "Polygon", "coordinates": [[[117.84865494978125, -34.328897765520075], [117.84865494978125, -34.30389776552008], [117.82365494978124, -34.30389776552008], [117.82365494978124, -34.328897765520075], [117.84865494978125, -34.328897765520075]]]}, "properties": {"layer": "Fuel type", "fuel_code": 631, "fuel_class": "Grassland", "fuel_risk": 62}}, {"type": "Feature", "geometry": {"type": "Polygon", "coordinates": [[[117.87365494978125, -34.328897765520075], [117.87365494978125, -34.30389776552008], [117.84865494978125, -34.30389776552008], [117.84865494978125, -34.328897765520075], [117.87365494978125, -34.328897765520075]]]}, "properties": {"layer": "Fuel type", "fuel_code": 631, "fuel_class": "Grassland", "fuel_risk": 62}}, {"type": "Feature", "geometry": {"type": "Polygon", "coordinates": [[[117.89865494978126, -34.328897765520075], [117.89865494978126, -34.30389776552008], [117.87365494978125, -34.30389776552008], [117.87365494978125, -34.328897765520075], [117.89865494978126, -34.328897765520075]]]}, "properties": {"layer": "Fuel type", "fuel_code": 631, "fuel_class": "Grassland", "fuel_risk": 62}}, {"type": "Feature", "geometry": {"type": "Polygon", "coordinates": [[[117.92365494978127, -34.328897765520075], [117.92365494978127, -34.30389776552008], [117.89865494978126, -34.30389776552008], [117.89865494978126, -34.328897765520075], [117.92365494978127, -34.328897765520075]]]}, "properties": {"layer": "Fuel type", "fuel_code": 433, "fuel_class": "Low woodland with grassy understory", "fuel_risk": 66}}, {"type": "Feature", "geometry": {"type": "Polygon", "coordinates": [[[117.94865494978127, -34.328897765520075], [117.94865494978127, -34.30389776552008], [117.92365494978127, -34.30389776552008], [117.92365494978127, -34.328897765520075], [117.94865494978127, -34.328897765520075]]]}, "properties": {"layer": "Fuel type", "fuel_code": 631, "fuel_class": "Grassland", "fuel_risk": 62}}, {"type": "Feature", "geometry": {"type": "Polygon", "coordinates": [[[117.97365494978128, -34.328897765520075], [117.97365494978128, -34.30389776552008], [117.94865494978127, -34.30389776552008], [117.94865494978127, -34.328897765520075], [117.97365494978128, -34.328897765520075]]]}, "properties": {"layer": "Fuel type", "fuel_code": 631, "fuel_class": "Grassland", "fuel_risk": 62}}, {"type": "Feature", "geometry": {"type": "Polygon", "coordinates": [[[117.99865494978128, -34.328897765520075], [117.99865494978128, -34.30389776552008], [117.97365494978128, -34.30389776552008], [117.97365494978128, -34.328897765520075], [117.99865494978128, -34.328897765520075]]]}, "properties": {"layer": "Fuel type", "fuel_code": 431, "fuel_class": "Low woodland with shrubby understory", "fuel_risk": 78}}, {"type": "Feature", "geometry": {"type": "Polygon", "coordinates": [[[118.01203559541987, -34.328897765520075], [118.01203559541987, -34.30389776552008], [117.99865494978128, -34.30389776552008], [117.99865494978128, -34.328897765520075], [118.01203559541987, -34.328897765520075]]]}, "properties": {"layer": "Fuel type", "fuel_code": 431, "fuel_class": "Low woodland with shrubby understory", "fuel_risk": 78}}, {"type": "Feature", "geometry": {"type": "Polygon", "coordinates": [[[116.92365494978104, -34.30389776552008], [116.92365494978104, -34.27889776552008], [116.89865494978103, -34.27889776552008], [116.89865494978103, -34.30389776552008], [116.92365494978104, -34.30389776552008]]]}, "properties": {"layer": "Fuel type", "fuel_code": 631, "fuel_class": "Grassland", "fuel_risk": 62}}, {"type": "Feature", "geometry": {"type": "Polygon", "coordinates": [[[116.94865494978104, -34.30389776552008], [116.94865494978104, -34.27889776552008], [116.92365494978104, -34.27889776552008], [116.92365494978104, -34.30389776552008], [116.94865494978104, -34.30389776552008]]]}, "properties": {"layer": "Fuel type", "fuel_code": 423, "fuel_class": "Woodland with grassy understory", "fuel_risk": 72}}, {"type": "Feature", "geometry": {"type": "Polygon", "coordinates": [[[116.97365494978105, -34.30389776552008], [116.97365494978105, -34.27889776552008], [116.94865494978104, -34.27889776552008], [116.94865494978104, -34.30389776552008], [116.97365494978105, -34.30389776552008]]]}, "properties": {"layer": "Fuel type", "fuel_code": 631, "fuel_class": "Grassland", "fuel_risk": 62}}, {"type": "Feature", "geometry": {"type": "Polygon", "coordinates": [[[116.99865494978106, -34.30389776552008], [116.99865494978106, -34.27889776552008], [116.97365494978105, -34.27889776552008], [116.97365494978105, -34.30389776552008], [116.99865494978106, -34.30389776552008]]]}, "properties": {"layer": "Fuel type", "fuel_code": 631, "fuel_class": "Grassland", "fuel_risk": 62}}, {"type": "Feature", "geometry": {"type": "Polygon", "coordinates": [[[117.02365494978106, -34.30389776552008], [117.02365494978106, -34.27889776552008], [116.99865494978106, -34.27889776552008], [116.99865494978106, -34.30389776552008], [117.02365494978106, -34.30389776552008]]]}, "properties": {"layer": "Fuel type", "fuel_code": 220, "fuel_class": "Open forest", "fuel_risk": 86}}, {"type": "Feature", "geometry": {"type": "Polygon", "coordinates": [[[117.04865494978107, -34.30389776552008], [117.04865494978107, -34.27889776552008], [117.02365494978106, -34.27889776552008], [117.02365494978106, -34.30389776552008], [117.04865494978107, -34.30389776552008]]]}, "properties": {"layer": "Fuel type", "fuel_code": 631, "fuel_class": "Grassland", "fuel_risk": 62}}, {"type": "Feature", "geometry": {"type": "Polygon", "coordinates": [[[117.07365494978107, -34.30389776552008], [117.07365494978107, -34.27889776552008], [117.04865494978107, -34.27889776552008], [117.04865494978107, -34.30389776552008], [117.07365494978107, -34.30389776552008]]]}, "properties": {"layer": "Fuel type", "fuel_code": 220, "fuel_class": "Open forest", "fuel_risk": 86}}, {"type": "Feature", "geometry": {"type": "Polygon", "coordinates": [[[117.09865494978108, -34.30389776552008], [117.09865494978108, -34.27889776552008], [117.07365494978107, -34.27889776552008], [117.07365494978107, -34.30389776552008], [117.09865494978108, -34.30389776552008]]]}, "properties": {"layer": "Fuel type", "fuel_code": 631, "fuel_class": "Grassland", "fuel_risk": 62}}, {"type": "Feature", "geometry": {"type": "Polygon", "coordinates": [[[117.12365494978108, -34.30389776552008], [117.12365494978108, -34.27889776552008], [117.09865494978108, -34.27889776552008], [117.09865494978108, -34.30389776552008], [117.12365494978108, -34.30389776552008]]]}, "properties": {"layer": "Fuel type", "fuel_code": 640, "fuel_class": "Croplands", "fuel_risk": 50}}, {"type": "Feature", "geometry": {"type": "Polygon", "coordinates": [[[117.14865494978109, -34.30389776552008], [117.14865494978109, -34.27889776552008], [117.12365494978108, -34.27889776552008], [117.12365494978108, -34.30389776552008], [117.14865494978109, -34.30389776552008]]]}, "properties": {"layer": "Fuel type", "fuel_code": 631, "fuel_class": "Grassland", "fuel_risk": 62}}, {"type": "Feature", "geometry": {"type": "Polygon", "coordinates": [[[117.1736549497811, -34.30389776552008], [117.1736549497811, -34.27889776552008], [117.14865494978109, -34.27889776552008], [117.14865494978109, -34.30389776552008], [117.1736549497811, -34.30389776552008]]]}, "properties": {"layer": "Fuel type", "fuel_code": 631, "fuel_class": "Grassland", "fuel_risk": 62}}, {"type": "Feature", "geometry": {"type": "Polygon", "coordinates": [[[117.1986549497811, -34.30389776552008], [117.1986549497811, -34.27889776552008], [117.1736549497811, -34.27889776552008], [117.1736549497811, -34.30389776552008], [117.1986549497811, -34.30389776552008]]]}, "properties": {"layer": "Fuel type", "fuel_code": 631, "fuel_class": "Grassland", "fuel_risk": 62}}, {"type": "Feature", "geometry": {"type": "Polygon", "coordinates": [[[117.2236549497811, -34.30389776552008], [117.2236549497811, -34.27889776552008], [117.1986549497811, -34.27889776552008], [117.1986549497811, -34.30389776552008], [117.2236549497811, -34.30389776552008]]]}, "properties": {"layer": "Fuel type", "fuel_code": 640, "fuel_class": "Croplands", "fuel_risk": 50}}, {"type": "Feature", "geometry": {"type": "Polygon", "coordinates": [[[117.24865494978111, -34.30389776552008], [117.24865494978111, -34.27889776552008], [117.2236549497811, -34.27889776552008], [117.2236549497811, -34.30389776552008], [117.24865494978111, -34.30389776552008]]]}, "properties": {"layer": "Fuel type", "fuel_code": 631, "fuel_class": "Grassland", "fuel_risk": 62}}, {"type": "Feature", "geometry": {"type": "Polygon", "coordinates": [[[117.27365494978112, -34.30389776552008], [117.27365494978112, -34.27889776552008], [117.24865494978111, -34.27889776552008], [117.24865494978111, -34.30389776552008], [117.27365494978112, -34.30389776552008]]]}, "properties": {"layer": "Fuel type", "fuel_code": 631, "fuel_class": "Grassland", "fuel_risk": 62}}, {"type": "Feature", "geometry": {"type": "Polygon", "coordinates": [[[117.29865494978112, -34.30389776552008], [117.29865494978112, -34.27889776552008], [117.27365494978112, -34.27889776552008], [117.27365494978112, -34.30389776552008], [117.29865494978112, -34.30389776552008]]]}, "properties": {"layer": "Fuel type", "fuel_code": 220, "fuel_class": "Open forest", "fuel_risk": 86}}, {"type": "Feature", "geometry": {"type": "Polygon", "coordinates": [[[117.32365494978113, -34.30389776552008], [117.32365494978113, -34.27889776552008], [117.29865494978112, -34.27889776552008], [117.29865494978112, -34.30389776552008], [117.32365494978113, -34.30389776552008]]]}, "properties": {"layer": "Fuel type", "fuel_code": 631, "fuel_class": "Grassland", "fuel_risk": 62}}, {"type": "Feature", "geometry": {"type": "Polygon", "coordinates": [[[117.34865494978114, -34.30389776552008], [117.34865494978114, -34.27889776552008], [117.32365494978113, -34.27889776552008], [117.32365494978113, -34.30389776552008], [117.34865494978114, -34.30389776552008]]]}, "properties": {"layer": "Fuel type", "fuel_code": 640, "fuel_class": "Croplands", "fuel_risk": 50}}, {"type": "Feature", "geometry": {"type": "Polygon", "coordinates": [[[117.37365494978114, -34.30389776552008], [117.37365494978114, -34.27889776552008], [117.34865494978114, -34.27889776552008], [117.34865494978114, -34.30389776552008], [117.37365494978114, -34.30389776552008]]]}, "properties": {"layer": "Fuel type", "fuel_code": 631, "fuel_class": "Grassland", "fuel_risk": 62}}, {"type": "Feature", "geometry": {"type": "Polygon", "coordinates": [[[117.39865494978115, -34.30389776552008], [117.39865494978115, -34.27889776552008], [117.37365494978114, -34.27889776552008], [117.37365494978114, -34.30389776552008], [117.39865494978115, -34.30389776552008]]]}, "properties": {"layer": "Fuel type", "fuel_code": 631, "fuel_class": "Grassland", "fuel_risk": 62}}, {"type": "Feature", "geometry": {"type": "Polygon", "coordinates": [[[117.42365494978115, -34.30389776552008], [117.42365494978115, -34.27889776552008], [117.39865494978115, -34.27889776552008], [117.39865494978115, -34.30389776552008], [117.42365494978115, -34.30389776552008]]]}, "properties": {"layer": "Fuel type", "fuel_code": 532, "fuel_class": "Open shrubland with grassy understory", "fuel_risk": 68}}, {"type": "Feature", "geometry": {"type": "Polygon", "coordinates": [[[117.44865494978116, -34.30389776552008], [117.44865494978116, -34.27889776552008], [117.42365494978115, -34.27889776552008], [117.42365494978115, -34.30389776552008], [117.44865494978116, -34.30389776552008]]]}, "properties": {"layer": "Fuel type", "fuel_code": 631, "fuel_class": "Grassland", "fuel_risk": 62}}, {"type": "Feature", "geometry": {"type": "Polygon", "coordinates": [[[117.47365494978116, -34.30389776552008], [117.47365494978116, -34.27889776552008], [117.44865494978116, -34.27889776552008], [117.44865494978116, -34.30389776552008], [117.47365494978116, -34.30389776552008]]]}, "properties": {"layer": "Fuel type", "fuel_code": 631, "fuel_class": "Grassland", "fuel_risk": 62}}, {"type": "Feature", "geometry": {"type": "Polygon", "coordinates": [[[117.49865494978117, -34.30389776552008], [117.49865494978117, -34.27889776552008], [117.47365494978116, -34.27889776552008], [117.47365494978116, -34.30389776552008], [117.49865494978117, -34.30389776552008]]]}, "properties": {"layer": "Fuel type", "fuel_code": 631, "fuel_class": "Grassland", "fuel_risk": 62}}, {"type": "Feature", "geometry": {"type": "Polygon", "coordinates": [[[117.52365494978118, -34.30389776552008], [117.52365494978118, -34.27889776552008], [117.49865494978117, -34.27889776552008], [117.49865494978117, -34.30389776552008], [117.52365494978118, -34.30389776552008]]]}, "properties": {"layer": "Fuel type", "fuel_code": 631, "fuel_class": "Grassland", "fuel_risk": 62}}, {"type": "Feature", "geometry": {"type": "Polygon", "coordinates": [[[117.54865494978118, -34.30389776552008], [117.54865494978118, -34.27889776552008], [117.52365494978118, -34.27889776552008], [117.52365494978118, -34.30389776552008], [117.54865494978118, -34.30389776552008]]]}, "properties": {"layer": "Fuel type", "fuel_code": 640, "fuel_class": "Croplands", "fuel_risk": 50}}, {"type": "Feature", "geometry": {"type": "Polygon", "coordinates": [[[117.57365494978119, -34.30389776552008], [117.57365494978119, -34.27889776552008], [117.54865494978118, -34.27889776552008], [117.54865494978118, -34.30389776552008], [117.57365494978119, -34.30389776552008]]]}, "properties": {"layer": "Fuel type", "fuel_code": 433, "fuel_class": "Low woodland with grassy understory", "fuel_risk": 66}}, {"type": "Feature", "geometry": {"type": "Polygon", "coordinates": [[[117.59865494978119, -34.30389776552008], [117.59865494978119, -34.27889776552008], [117.57365494978119, -34.27889776552008], [117.57365494978119, -34.30389776552008], [117.59865494978119, -34.30389776552008]]]}, "properties": {"layer": "Fuel type", "fuel_code": 631, "fuel_class": "Grassland", "fuel_risk": 62}}, {"type": "Feature", "geometry": {"type": "Polygon", "coordinates": [[[117.6236549497812, -34.30389776552008], [117.6236549497812, -34.27889776552008], [117.59865494978119, -34.27889776552008], [117.59865494978119, -34.30389776552008], [117.6236549497812, -34.30389776552008]]]}, "properties": {"layer": "Fuel type", "fuel_code": 631, "fuel_class": "Grassland", "fuel_risk": 62}}, {"type": "Feature", "geometry": {"type": "Polygon", "coordinates": [[[117.6486549497812, -34.30389776552008], [117.6486549497812, -34.27889776552008], [117.6236549497812, -34.27889776552008], [117.6236549497812, -34.30389776552008], [117.6486549497812, -34.30389776552008]]]}, "properties": {"layer": "Fuel type", "fuel_code": 631, "fuel_class": "Grassland", "fuel_risk": 62}}, {"type": "Feature", "geometry": {"type": "Polygon", "coordinates": [[[117.67365494978121, -34.30389776552008], [117.67365494978121, -34.27889776552008], [117.6486549497812, -34.27889776552008], [117.6486549497812, -34.30389776552008], [117.67365494978121, -34.30389776552008]]]}, "properties": {"layer": "Fuel type", "fuel_code": 631, "fuel_class": "Grassland", "fuel_risk": 62}}, {"type": "Feature", "geometry": {"type": "Polygon", "coordinates": [[[117.69865494978121, -34.30389776552008], [117.69865494978121, -34.27889776552008], [117.67365494978121, -34.27889776552008], [117.67365494978121, -34.30389776552008], [117.69865494978121, -34.30389776552008]]]}, "properties": {"layer": "Fuel type", "fuel_code": 230, "fuel_class": "Low open forest", "fuel_risk": 76}}, {"type": "Feature", "geometry": {"type": "Polygon", "coordinates": [[[117.72365494978122, -34.30389776552008], [117.72365494978122, -34.27889776552008], [117.69865494978121, -34.27889776552008], [117.69865494978121, -34.30389776552008], [117.72365494978122, -34.30389776552008]]]}, "properties": {"layer": "Fuel type", "fuel_code": 230, "fuel_class": "Low open forest", "fuel_risk": 76}}, {"type": "Feature", "geometry": {"type": "Polygon", "coordinates": [[[117.74865494978123, -34.30389776552008], [117.74865494978123, -34.27889776552008], [117.72365494978122, -34.27889776552008], [117.72365494978122, -34.30389776552008], [117.74865494978123, -34.30389776552008]]]}, "properties": {"layer": "Fuel type", "fuel_code": 321, "fuel_class": "Radiata pine", "fuel_risk": 96}}, {"type": "Feature", "geometry": {"type": "Polygon", "coordinates": [[[117.77365494978123, -34.30389776552008], [117.77365494978123, -34.27889776552008], [117.74865494978123, -34.27889776552008], [117.74865494978123, -34.30389776552008], [117.77365494978123, -34.30389776552008]]]}, "properties": {"layer": "Fuel type", "fuel_code": 631, "fuel_class": "Grassland", "fuel_risk": 62}}, {"type": "Feature", "geometry": {"type": "Polygon", "coordinates": [[[117.79865494978124, -34.30389776552008], [117.79865494978124, -34.27889776552008], [117.77365494978123, -34.27889776552008], [117.77365494978123, -34.30389776552008], [117.79865494978124, -34.30389776552008]]]}, "properties": {"layer": "Fuel type", "fuel_code": 631, "fuel_class": "Grassland", "fuel_risk": 62}}, {"type": "Feature", "geometry": {"type": "Polygon", "coordinates": [[[117.82365494978124, -34.30389776552008], [117.82365494978124, -34.27889776552008], [117.79865494978124, -34.27889776552008], [117.79865494978124, -34.30389776552008], [117.82365494978124, -34.30389776552008]]]}, "properties": {"layer": "Fuel type", "fuel_code": 631, "fuel_class": "Grassland", "fuel_risk": 62}}, {"type": "Feature", "geometry": {"type": "Polygon", "coordinates": [[[117.84865494978125, -34.30389776552008], [117.84865494978125, -34.27889776552008], [117.82365494978124, -34.27889776552008], [117.82365494978124, -34.30389776552008], [117.84865494978125, -34.30389776552008]]]}, "properties": {"layer": "Fuel type", "fuel_code": 433, "fuel_class": "Low woodland with grassy understory", "fuel_risk": 66}}, {"type": "Feature", "geometry": {"type": "Polygon", "coordinates": [[[117.87365494978125, -34.30389776552008], [117.87365494978125, -34.27889776552008], [117.84865494978125, -34.27889776552008], [117.84865494978125, -34.30389776552008], [117.87365494978125, -34.30389776552008]]]}, "properties": {"layer": "Fuel type", "fuel_code": 960, "fuel_class": "Bare ground", "fuel_risk": 12}}, {"type": "Feature", "geometry": {"type": "Polygon", "coordinates": [[[117.89865494978126, -34.30389776552008], [117.89865494978126, -34.27889776552008], [117.87365494978125, -34.27889776552008], [117.87365494978125, -34.30389776552008], [117.89865494978126, -34.30389776552008]]]}, "properties": {"layer": "Fuel type", "fuel_code": 640, "fuel_class": "Croplands", "fuel_risk": 50}}, {"type": "Feature", "geometry": {"type": "Polygon", "coordinates": [[[117.92365494978127, -34.30389776552008], [117.92365494978127, -34.27889776552008], [117.89865494978126, -34.27889776552008], [117.89865494978126, -34.30389776552008], [117.92365494978127, -34.30389776552008]]]}, "properties": {"layer": "Fuel type", "fuel_code": 631, "fuel_class": "Grassland", "fuel_risk": 62}}, {"type": "Feature", "geometry": {"type": "Polygon", "coordinates": [[[117.94865494978127, -34.30389776552008], [117.94865494978127, -34.27889776552008], [117.92365494978127, -34.27889776552008], [117.92365494978127, -34.30389776552008], [117.94865494978127, -34.30389776552008]]]}, "properties": {"layer": "Fuel type", "fuel_code": 631, "fuel_class": "Grassland", "fuel_risk": 62}}, {"type": "Feature", "geometry": {"type": "Polygon", "coordinates": [[[117.97365494978128, -34.30389776552008], [117.97365494978128, -34.27889776552008], [117.94865494978127, -34.27889776552008], [117.94865494978127, -34.30389776552008], [117.97365494978128, -34.30389776552008]]]}, "properties": {"layer": "Fuel type", "fuel_code": 800, "fuel_class": "Wetlands", "fuel_risk": 35}}, {"type": "Feature", "geometry": {"type": "Polygon", "coordinates": [[[117.99865494978128, -34.30389776552008], [117.99865494978128, -34.27889776552008], [117.97365494978128, -34.27889776552008], [117.97365494978128, -34.30389776552008], [117.99865494978128, -34.30389776552008]]]}, "properties": {"layer": "Fuel type", "fuel_code": 433, "fuel_class": "Low woodland with grassy understory", "fuel_risk": 66}}, {"type": "Feature", "geometry": {"type": "Polygon", "coordinates": [[[118.01203559541987, -34.30389776552008], [118.01203559541987, -34.27889776552008], [117.99865494978128, -34.27889776552008], [117.99865494978128, -34.30389776552008], [118.01203559541987, -34.30389776552008]]]}, "properties": {"layer": "Fuel type", "fuel_code": 433, "fuel_class": "Low woodland with grassy understory", "fuel_risk": 66}}, {"type": "Feature", "geometry": {"type": "Polygon", "coordinates": [[[116.92365494978104, -34.27889776552008], [116.92365494978104, -34.25389776552008], [116.89865494978103, -34.25389776552008], [116.89865494978103, -34.27889776552008], [116.92365494978104, -34.27889776552008]]]}, "properties": {"layer": "Fuel type", "fuel_code": 423, "fuel_class": "Woodland with grassy understory", "fuel_risk": 72}}, {"type": "Feature", "geometry": {"type": "Polygon", "coordinates": [[[116.94865494978104, -34.27889776552008], [116.94865494978104, -34.25389776552008], [116.92365494978104, -34.25389776552008], [116.92365494978104, -34.27889776552008], [116.94865494978104, -34.27889776552008]]]}, "properties": {"layer": "Fuel type", "fuel_code": 631, "fuel_class": "Grassland", "fuel_risk": 62}}, {"type": "Feature", "geometry": {"type": "Polygon", "coordinates": [[[116.97365494978105, -34.27889776552008], [116.97365494978105, -34.25389776552008], [116.94865494978104, -34.25389776552008], [116.94865494978104, -34.27889776552008], [116.97365494978105, -34.27889776552008]]]}, "properties": {"layer": "Fuel type", "fuel_code": 640, "fuel_class": "Croplands", "fuel_risk": 50}}, {"type": "Feature", "geometry": {"type": "Polygon", "coordinates": [[[116.99865494978106, -34.27889776552008], [116.99865494978106, -34.25389776552008], [116.97365494978105, -34.25389776552008], [116.97365494978105, -34.27889776552008], [116.99865494978106, -34.27889776552008]]]}, "properties": {"layer": "Fuel type", "fuel_code": 631, "fuel_class": "Grassland", "fuel_risk": 62}}, {"type": "Feature", "geometry": {"type": "Polygon", "coordinates": [[[117.02365494978106, -34.27889776552008], [117.02365494978106, -34.25389776552008], [116.99865494978106, -34.25389776552008], [116.99865494978106, -34.27889776552008], [117.02365494978106, -34.27889776552008]]]}, "properties": {"layer": "Fuel type", "fuel_code": 640, "fuel_class": "Croplands", "fuel_risk": 50}}, {"type": "Feature", "geometry": {"type": "Polygon", "coordinates": [[[117.04865494978107, -34.27889776552008], [117.04865494978107, -34.25389776552008], [117.02365494978106, -34.25389776552008], [117.02365494978106, -34.27889776552008], [117.04865494978107, -34.27889776552008]]]}, "properties": {"layer": "Fuel type", "fuel_code": 631, "fuel_class": "Grassland", "fuel_risk": 62}}, {"type": "Feature", "geometry": {"type": "Polygon", "coordinates": [[[117.07365494978107, -34.27889776552008], [117.07365494978107, -34.25389776552008], [117.04865494978107, -34.25389776552008], [117.04865494978107, -34.27889776552008], [117.07365494978107, -34.27889776552008]]]}, "properties": {"layer": "Fuel type", "fuel_code": 631, "fuel_class": "Grassland", "fuel_risk": 62}}, {"type": "Feature", "geometry": {"type": "Polygon", "coordinates": [[[117.09865494978108, -34.27889776552008], [117.09865494978108, -34.25389776552008], [117.07365494978107, -34.25389776552008], [117.07365494978107, -34.27889776552008], [117.09865494978108, -34.27889776552008]]]}, "properties": {"layer": "Fuel type", "fuel_code": 631, "fuel_class": "Grassland", "fuel_risk": 62}}, {"type": "Feature", "geometry": {"type": "Polygon", "coordinates": [[[117.12365494978108, -34.27889776552008], [117.12365494978108, -34.25389776552008], [117.09865494978108, -34.25389776552008], [117.09865494978108, -34.27889776552008], [117.12365494978108, -34.27889776552008]]]}, "properties": {"layer": "Fuel type", "fuel_code": 640, "fuel_class": "Croplands", "fuel_risk": 50}}, {"type": "Feature", "geometry": {"type": "Polygon", "coordinates": [[[117.14865494978109, -34.27889776552008], [117.14865494978109, -34.25389776552008], [117.12365494978108, -34.25389776552008], [117.12365494978108, -34.27889776552008], [117.14865494978109, -34.27889776552008]]]}, "properties": {"layer": "Fuel type", "fuel_code": 631, "fuel_class": "Grassland", "fuel_risk": 62}}, {"type": "Feature", "geometry": {"type": "Polygon", "coordinates": [[[117.1736549497811, -34.27889776552008], [117.1736549497811, -34.25389776552008], [117.14865494978109, -34.25389776552008], [117.14865494978109, -34.27889776552008], [117.1736549497811, -34.27889776552008]]]}, "properties": {"layer": "Fuel type", "fuel_code": 631, "fuel_class": "Grassland", "fuel_risk": 62}}, {"type": "Feature", "geometry": {"type": "Polygon", "coordinates": [[[117.1986549497811, -34.27889776552008], [117.1986549497811, -34.25389776552008], [117.1736549497811, -34.25389776552008], [117.1736549497811, -34.27889776552008], [117.1986549497811, -34.27889776552008]]]}, "properties": {"layer": "Fuel type", "fuel_code": 631, "fuel_class": "Grassland", "fuel_risk": 62}}, {"type": "Feature", "geometry": {"type": "Polygon", "coordinates": [[[117.2236549497811, -34.27889776552008], [117.2236549497811, -34.25389776552008], [117.1986549497811, -34.25389776552008], [117.1986549497811, -34.27889776552008], [117.2236549497811, -34.27889776552008]]]}, "properties": {"layer": "Fuel type", "fuel_code": 532, "fuel_class": "Open shrubland with grassy understory", "fuel_risk": 68}}, {"type": "Feature", "geometry": {"type": "Polygon", "coordinates": [[[117.24865494978111, -34.27889776552008], [117.24865494978111, -34.25389776552008], [117.2236549497811, -34.25389776552008], [117.2236549497811, -34.27889776552008], [117.24865494978111, -34.27889776552008]]]}, "properties": {"layer": "Fuel type", "fuel_code": 631, "fuel_class": "Grassland", "fuel_risk": 62}}, {"type": "Feature", "geometry": {"type": "Polygon", "coordinates": [[[117.27365494978112, -34.27889776552008], [117.27365494978112, -34.25389776552008], [117.24865494978111, -34.25389776552008], [117.24865494978111, -34.27889776552008], [117.27365494978112, -34.27889776552008]]]}, "properties": {"layer": "Fuel type", "fuel_code": 631, "fuel_class": "Grassland", "fuel_risk": 62}}, {"type": "Feature", "geometry": {"type": "Polygon", "coordinates": [[[117.29865494978112, -34.27889776552008], [117.29865494978112, -34.25389776552008], [117.27365494978112, -34.25389776552008], [117.27365494978112, -34.27889776552008], [117.29865494978112, -34.27889776552008]]]}, "properties": {"layer": "Fuel type", "fuel_code": 631, "fuel_class": "Grassland", "fuel_risk": 62}}, {"type": "Feature", "geometry": {"type": "Polygon", "coordinates": [[[117.32365494978113, -34.27889776552008], [117.32365494978113, -34.25389776552008], [117.29865494978112, -34.25389776552008], [117.29865494978112, -34.27889776552008], [117.32365494978113, -34.27889776552008]]]}, "properties": {"layer": "Fuel type", "fuel_code": 631, "fuel_class": "Grassland", "fuel_risk": 62}}, {"type": "Feature", "geometry": {"type": "Polygon", "coordinates": [[[117.34865494978114, -34.27889776552008], [117.34865494978114, -34.25389776552008], [117.32365494978113, -34.25389776552008], [117.32365494978113, -34.27889776552008], [117.34865494978114, -34.27889776552008]]]}, "properties": {"layer": "Fuel type", "fuel_code": 631, "fuel_class": "Grassland", "fuel_risk": 62}}, {"type": "Feature", "geometry": {"type": "Polygon", "coordinates": [[[117.37365494978114, -34.27889776552008], [117.37365494978114, -34.25389776552008], [117.34865494978114, -34.25389776552008], [117.34865494978114, -34.27889776552008], [117.37365494978114, -34.27889776552008]]]}, "properties": {"layer": "Fuel type", "fuel_code": 631, "fuel_class": "Grassland", "fuel_risk": 62}}, {"type": "Feature", "geometry": {"type": "Polygon", "coordinates": [[[117.39865494978115, -34.27889776552008], [117.39865494978115, -34.25389776552008], [117.37365494978114, -34.25389776552008], [117.37365494978114, -34.27889776552008], [117.39865494978115, -34.27889776552008]]]}, "properties": {"layer": "Fuel type", "fuel_code": 631, "fuel_class": "Grassland", "fuel_risk": 62}}, {"type": "Feature", "geometry": {"type": "Polygon", "coordinates": [[[117.42365494978115, -34.27889776552008], [117.42365494978115, -34.25389776552008], [117.39865494978115, -34.25389776552008], [117.39865494978115, -34.27889776552008], [117.42365494978115, -34.27889776552008]]]}, "properties": {"layer": "Fuel type", "fuel_code": 631, "fuel_class": "Grassland", "fuel_risk": 62}}, {"type": "Feature", "geometry": {"type": "Polygon", "coordinates": [[[117.44865494978116, -34.27889776552008], [117.44865494978116, -34.25389776552008], [117.42365494978115, -34.25389776552008], [117.42365494978115, -34.27889776552008], [117.44865494978116, -34.27889776552008]]]}, "properties": {"layer": "Fuel type", "fuel_code": 631, "fuel_class": "Grassland", "fuel_risk": 62}}, {"type": "Feature", "geometry": {"type": "Polygon", "coordinates": [[[117.47365494978116, -34.27889776552008], [117.47365494978116, -34.25389776552008], [117.44865494978116, -34.25389776552008], [117.44865494978116, -34.27889776552008], [117.47365494978116, -34.27889776552008]]]}, "properties": {"layer": "Fuel type", "fuel_code": 631, "fuel_class": "Grassland", "fuel_risk": 62}}, {"type": "Feature", "geometry": {"type": "Polygon", "coordinates": [[[117.49865494978117, -34.27889776552008], [117.49865494978117, -34.25389776552008], [117.47365494978116, -34.25389776552008], [117.47365494978116, -34.27889776552008], [117.49865494978117, -34.27889776552008]]]}, "properties": {"layer": "Fuel type", "fuel_code": 631, "fuel_class": "Grassland", "fuel_risk": 62}}, {"type": "Feature", "geometry": {"type": "Polygon", "coordinates": [[[117.52365494978118, -34.27889776552008], [117.52365494978118, -34.25389776552008], [117.49865494978117, -34.25389776552008], [117.49865494978117, -34.27889776552008], [117.52365494978118, -34.27889776552008]]]}, "properties": {"layer": "Fuel type", "fuel_code": 631, "fuel_class": "Grassland", "fuel_risk": 62}}, {"type": "Feature", "geometry": {"type": "Polygon", "coordinates": [[[117.54865494978118, -34.27889776552008], [117.54865494978118, -34.25389776552008], [117.52365494978118, -34.25389776552008], [117.52365494978118, -34.27889776552008], [117.54865494978118, -34.27889776552008]]]}, "properties": {"layer": "Fuel type", "fuel_code": 631, "fuel_class": "Grassland", "fuel_risk": 62}}, {"type": "Feature", "geometry": {"type": "Polygon", "coordinates": [[[117.57365494978119, -34.27889776552008], [117.57365494978119, -34.25389776552008], [117.54865494978118, -34.25389776552008], [117.54865494978118, -34.27889776552008], [117.57365494978119, -34.27889776552008]]]}, "properties": {"layer": "Fuel type", "fuel_code": 640, "fuel_class": "Croplands", "fuel_risk": 50}}, {"type": "Feature", "geometry": {"type": "Polygon", "coordinates": [[[117.59865494978119, -34.27889776552008], [117.59865494978119, -34.25389776552008], [117.57365494978119, -34.25389776552008], [117.57365494978119, -34.27889776552008], [117.59865494978119, -34.27889776552008]]]}, "properties": {"layer": "Fuel type", "fuel_code": 640, "fuel_class": "Croplands", "fuel_risk": 50}}, {"type": "Feature", "geometry": {"type": "Polygon", "coordinates": [[[117.6236549497812, -34.27889776552008], [117.6236549497812, -34.25389776552008], [117.59865494978119, -34.25389776552008], [117.59865494978119, -34.27889776552008], [117.6236549497812, -34.27889776552008]]]}, "properties": {"layer": "Fuel type", "fuel_code": 631, "fuel_class": "Grassland", "fuel_risk": 62}}, {"type": "Feature", "geometry": {"type": "Polygon", "coordinates": [[[117.6486549497812, -34.27889776552008], [117.6486549497812, -34.25389776552008], [117.6236549497812, -34.25389776552008], [117.6236549497812, -34.27889776552008], [117.6486549497812, -34.27889776552008]]]}, "properties": {"layer": "Fuel type", "fuel_code": 631, "fuel_class": "Grassland", "fuel_risk": 62}}, {"type": "Feature", "geometry": {"type": "Polygon", "coordinates": [[[117.67365494978121, -34.27889776552008], [117.67365494978121, -34.25389776552008], [117.6486549497812, -34.25389776552008], [117.6486549497812, -34.27889776552008], [117.67365494978121, -34.27889776552008]]]}, "properties": {"layer": "Fuel type", "fuel_code": 631, "fuel_class": "Grassland", "fuel_risk": 62}}, {"type": "Feature", "geometry": {"type": "Polygon", "coordinates": [[[117.69865494978121, -34.27889776552008], [117.69865494978121, -34.25389776552008], [117.67365494978121, -34.25389776552008], [117.67365494978121, -34.27889776552008], [117.69865494978121, -34.27889776552008]]]}, "properties": {"layer": "Fuel type", "fuel_code": 631, "fuel_class": "Grassland", "fuel_risk": 62}}, {"type": "Feature", "geometry": {"type": "Polygon", "coordinates": [[[117.72365494978122, -34.27889776552008], [117.72365494978122, -34.25389776552008], [117.69865494978121, -34.25389776552008], [117.69865494978121, -34.27889776552008], [117.72365494978122, -34.27889776552008]]]}, "properties": {"layer": "Fuel type", "fuel_code": 631, "fuel_class": "Grassland", "fuel_risk": 62}}, {"type": "Feature", "geometry": {"type": "Polygon", "coordinates": [[[117.74865494978123, -34.27889776552008], [117.74865494978123, -34.25389776552008], [117.72365494978122, -34.25389776552008], [117.72365494978122, -34.27889776552008], [117.74865494978123, -34.27889776552008]]]}, "properties": {"layer": "Fuel type", "fuel_code": 800, "fuel_class": "Wetlands", "fuel_risk": 35}}, {"type": "Feature", "geometry": {"type": "Polygon", "coordinates": [[[117.77365494978123, -34.27889776552008], [117.77365494978123, -34.25389776552008], [117.74865494978123, -34.25389776552008], [117.74865494978123, -34.27889776552008], [117.77365494978123, -34.27889776552008]]]}, "properties": {"layer": "Fuel type", "fuel_code": 632, "fuel_class": "Open grassland", "fuel_risk": 48}}, {"type": "Feature", "geometry": {"type": "Polygon", "coordinates": [[[117.79865494978124, -34.27889776552008], [117.79865494978124, -34.25389776552008], [117.77365494978123, -34.25389776552008], [117.77365494978123, -34.27889776552008], [117.79865494978124, -34.27889776552008]]]}, "properties": {"layer": "Fuel type", "fuel_code": 910, "fuel_class": "Water", "fuel_risk": 5}}, {"type": "Feature", "geometry": {"type": "Polygon", "coordinates": [[[117.82365494978124, -34.27889776552008], [117.82365494978124, -34.25389776552008], [117.79865494978124, -34.25389776552008], [117.79865494978124, -34.27889776552008], [117.82365494978124, -34.27889776552008]]]}, "properties": {"layer": "Fuel type", "fuel_code": 631, "fuel_class": "Grassland", "fuel_risk": 62}}, {"type": "Feature", "geometry": {"type": "Polygon", "coordinates": [[[117.84865494978125, -34.27889776552008], [117.84865494978125, -34.25389776552008], [117.82365494978124, -34.25389776552008], [117.82365494978124, -34.27889776552008], [117.84865494978125, -34.27889776552008]]]}, "properties": {"layer": "Fuel type", "fuel_code": 631, "fuel_class": "Grassland", "fuel_risk": 62}}, {"type": "Feature", "geometry": {"type": "Polygon", "coordinates": [[[117.87365494978125, -34.27889776552008], [117.87365494978125, -34.25389776552008], [117.84865494978125, -34.25389776552008], [117.84865494978125, -34.27889776552008], [117.87365494978125, -34.27889776552008]]]}, "properties": {"layer": "Fuel type", "fuel_code": 631, "fuel_class": "Grassland", "fuel_risk": 62}}, {"type": "Feature", "geometry": {"type": "Polygon", "coordinates": [[[117.89865494978126, -34.27889776552008], [117.89865494978126, -34.25389776552008], [117.87365494978125, -34.25389776552008], [117.87365494978125, -34.27889776552008], [117.89865494978126, -34.27889776552008]]]}, "properties": {"layer": "Fuel type", "fuel_code": 631, "fuel_class": "Grassland", "fuel_risk": 62}}, {"type": "Feature", "geometry": {"type": "Polygon", "coordinates": [[[117.92365494978127, -34.27889776552008], [117.92365494978127, -34.25389776552008], [117.89865494978126, -34.25389776552008], [117.89865494978126, -34.27889776552008], [117.92365494978127, -34.27889776552008]]]}, "properties": {"layer": "Fuel type", "fuel_code": 631, "fuel_class": "Grassland", "fuel_risk": 62}}, {"type": "Feature", "geometry": {"type": "Polygon", "coordinates": [[[117.94865494978127, -34.27889776552008], [117.94865494978127, -34.25389776552008], [117.92365494978127, -34.25389776552008], [117.92365494978127, -34.27889776552008], [117.94865494978127, -34.27889776552008]]]}, "properties": {"layer": "Fuel type", "fuel_code": 631, "fuel_class": "Grassland", "fuel_risk": 62}}, {"type": "Feature", "geometry": {"type": "Polygon", "coordinates": [[[117.97365494978128, -34.27889776552008], [117.97365494978128, -34.25389776552008], [117.94865494978127, -34.25389776552008], [117.94865494978127, -34.27889776552008], [117.97365494978128, -34.27889776552008]]]}, "properties": {"layer": "Fuel type", "fuel_code": 533, "fuel_class": "Open shrubland with sparse understory", "fuel_risk": 54}}, {"type": "Feature", "geometry": {"type": "Polygon", "coordinates": [[[117.99865494978128, -34.27889776552008], [117.99865494978128, -34.25389776552008], [117.97365494978128, -34.25389776552008], [117.97365494978128, -34.27889776552008], [117.99865494978128, -34.27889776552008]]]}, "properties": {"layer": "Fuel type", "fuel_code": 631, "fuel_class": "Grassland", "fuel_risk": 62}}, {"type": "Feature", "geometry": {"type": "Polygon", "coordinates": [[[118.01203559541987, -34.27889776552008], [118.01203559541987, -34.25389776552008], [117.99865494978128, -34.25389776552008], [117.99865494978128, -34.27889776552008], [118.01203559541987, -34.27889776552008]]]}, "properties": {"layer": "Fuel type", "fuel_code": 631, "fuel_class": "Grassland", "fuel_risk": 62}}, {"type": "Feature", "geometry": {"type": "Polygon", "coordinates": [[[116.92365494978104, -34.25389776552008], [116.92365494978104, -34.22889776552008], [116.89865494978103, -34.22889776552008], [116.89865494978103, -34.25389776552008], [116.92365494978104, -34.25389776552008]]]}, "properties": {"layer": "Fuel type", "fuel_code": 220, "fuel_class": "Open forest", "fuel_risk": 86}}, {"type": "Feature", "geometry": {"type": "Polygon", "coordinates": [[[116.94865494978104, -34.25389776552008], [116.94865494978104, -34.22889776552008], [116.92365494978104, -34.22889776552008], [116.92365494978104, -34.25389776552008], [116.94865494978104, -34.25389776552008]]]}, "properties": {"layer": "Fuel type", "fuel_code": 220, "fuel_class": "Open forest", "fuel_risk": 86}}, {"type": "Feature", "geometry": {"type": "Polygon", "coordinates": [[[116.97365494978105, -34.25389776552008], [116.97365494978105, -34.22889776552008], [116.94865494978104, -34.22889776552008], [116.94865494978104, -34.25389776552008], [116.97365494978105, -34.25389776552008]]]}, "properties": {"layer": "Fuel type", "fuel_code": 423, "fuel_class": "Woodland with grassy understory", "fuel_risk": 72}}, {"type": "Feature", "geometry": {"type": "Polygon", "coordinates": [[[116.99865494978106, -34.25389776552008], [116.99865494978106, -34.22889776552008], [116.97365494978105, -34.22889776552008], [116.97365494978105, -34.25389776552008], [116.99865494978106, -34.25389776552008]]]}, "properties": {"layer": "Fuel type", "fuel_code": 520, "fuel_class": "Shrubland", "fuel_risk": 82}}, {"type": "Feature", "geometry": {"type": "Polygon", "coordinates": [[[117.02365494978106, -34.25389776552008], [117.02365494978106, -34.22889776552008], [116.99865494978106, -34.22889776552008], [116.99865494978106, -34.25389776552008], [117.02365494978106, -34.25389776552008]]]}, "properties": {"layer": "Fuel type", "fuel_code": 631, "fuel_class": "Grassland", "fuel_risk": 62}}, {"type": "Feature", "geometry": {"type": "Polygon", "coordinates": [[[117.04865494978107, -34.25389776552008], [117.04865494978107, -34.22889776552008], [117.02365494978106, -34.22889776552008], [117.02365494978106, -34.25389776552008], [117.04865494978107, -34.25389776552008]]]}, "properties": {"layer": "Fuel type", "fuel_code": 631, "fuel_class": "Grassland", "fuel_risk": 62}}, {"type": "Feature", "geometry": {"type": "Polygon", "coordinates": [[[117.07365494978107, -34.25389776552008], [117.07365494978107, -34.22889776552008], [117.04865494978107, -34.22889776552008], [117.04865494978107, -34.25389776552008], [117.07365494978107, -34.25389776552008]]]}, "properties": {"layer": "Fuel type", "fuel_code": 631, "fuel_class": "Grassland", "fuel_risk": 62}}, {"type": "Feature", "geometry": {"type": "Polygon", "coordinates": [[[117.09865494978108, -34.25389776552008], [117.09865494978108, -34.22889776552008], [117.07365494978107, -34.22889776552008], [117.07365494978107, -34.25389776552008], [117.09865494978108, -34.25389776552008]]]}, "properties": {"layer": "Fuel type", "fuel_code": 631, "fuel_class": "Grassland", "fuel_risk": 62}}, {"type": "Feature", "geometry": {"type": "Polygon", "coordinates": [[[117.12365494978108, -34.25389776552008], [117.12365494978108, -34.22889776552008], [117.09865494978108, -34.22889776552008], [117.09865494978108, -34.25389776552008], [117.12365494978108, -34.25389776552008]]]}, "properties": {"layer": "Fuel type", "fuel_code": 631, "fuel_class": "Grassland", "fuel_risk": 62}}, {"type": "Feature", "geometry": {"type": "Polygon", "coordinates": [[[117.14865494978109, -34.25389776552008], [117.14865494978109, -34.22889776552008], [117.12365494978108, -34.22889776552008], [117.12365494978108, -34.25389776552008], [117.14865494978109, -34.25389776552008]]]}, "properties": {"layer": "Fuel type", "fuel_code": 631, "fuel_class": "Grassland", "fuel_risk": 62}}, {"type": "Feature", "geometry": {"type": "Polygon", "coordinates": [[[117.1736549497811, -34.25389776552008], [117.1736549497811, -34.22889776552008], [117.14865494978109, -34.22889776552008], [117.14865494978109, -34.25389776552008], [117.1736549497811, -34.25389776552008]]]}, "properties": {"layer": "Fuel type", "fuel_code": 532, "fuel_class": "Open shrubland with grassy understory", "fuel_risk": 68}}, {"type": "Feature", "geometry": {"type": "Polygon", "coordinates": [[[117.1986549497811, -34.25389776552008], [117.1986549497811, -34.22889776552008], [117.1736549497811, -34.22889776552008], [117.1736549497811, -34.25389776552008], [117.1986549497811, -34.25389776552008]]]}, "properties": {"layer": "Fuel type", "fuel_code": 631, "fuel_class": "Grassland", "fuel_risk": 62}}, {"type": "Feature", "geometry": {"type": "Polygon", "coordinates": [[[117.2236549497811, -34.25389776552008], [117.2236549497811, -34.22889776552008], [117.1986549497811, -34.22889776552008], [117.1986549497811, -34.25389776552008], [117.2236549497811, -34.25389776552008]]]}, "properties": {"layer": "Fuel type", "fuel_code": 631, "fuel_class": "Grassland", "fuel_risk": 62}}, {"type": "Feature", "geometry": {"type": "Polygon", "coordinates": [[[117.24865494978111, -34.25389776552008], [117.24865494978111, -34.22889776552008], [117.2236549497811, -34.22889776552008], [117.2236549497811, -34.25389776552008], [117.24865494978111, -34.25389776552008]]]}, "properties": {"layer": "Fuel type", "fuel_code": 631, "fuel_class": "Grassland", "fuel_risk": 62}}, {"type": "Feature", "geometry": {"type": "Polygon", "coordinates": [[[117.27365494978112, -34.25389776552008], [117.27365494978112, -34.22889776552008], [117.24865494978111, -34.22889776552008], [117.24865494978111, -34.25389776552008], [117.27365494978112, -34.25389776552008]]]}, "properties": {"layer": "Fuel type", "fuel_code": 631, "fuel_class": "Grassland", "fuel_risk": 62}}, {"type": "Feature", "geometry": {"type": "Polygon", "coordinates": [[[117.29865494978112, -34.25389776552008], [117.29865494978112, -34.22889776552008], [117.27365494978112, -34.22889776552008], [117.27365494978112, -34.25389776552008], [117.29865494978112, -34.25389776552008]]]}, "properties": {"layer": "Fuel type", "fuel_code": 631, "fuel_class": "Grassland", "fuel_risk": 62}}, {"type": "Feature", "geometry": {"type": "Polygon", "coordinates": [[[117.32365494978113, -34.25389776552008], [117.32365494978113, -34.22889776552008], [117.29865494978112, -34.22889776552008], [117.29865494978112, -34.25389776552008], [117.32365494978113, -34.25389776552008]]]}, "properties": {"layer": "Fuel type", "fuel_code": 631, "fuel_class": "Grassland", "fuel_risk": 62}}, {"type": "Feature", "geometry": {"type": "Polygon", "coordinates": [[[117.34865494978114, -34.25389776552008], [117.34865494978114, -34.22889776552008], [117.32365494978113, -34.22889776552008], [117.32365494978113, -34.25389776552008], [117.34865494978114, -34.25389776552008]]]}, "properties": {"layer": "Fuel type", "fuel_code": 631, "fuel_class": "Grassland", "fuel_risk": 62}}, {"type": "Feature", "geometry": {"type": "Polygon", "coordinates": [[[117.37365494978114, -34.25389776552008], [117.37365494978114, -34.22889776552008], [117.34865494978114, -34.22889776552008], [117.34865494978114, -34.25389776552008], [117.37365494978114, -34.25389776552008]]]}, "properties": {"layer": "Fuel type", "fuel_code": 433, "fuel_class": "Low woodland with grassy understory", "fuel_risk": 66}}, {"type": "Feature", "geometry": {"type": "Polygon", "coordinates": [[[117.39865494978115, -34.25389776552008], [117.39865494978115, -34.22889776552008], [117.37365494978114, -34.22889776552008], [117.37365494978114, -34.25389776552008], [117.39865494978115, -34.25389776552008]]]}, "properties": {"layer": "Fuel type", "fuel_code": 631, "fuel_class": "Grassland", "fuel_risk": 62}}, {"type": "Feature", "geometry": {"type": "Polygon", "coordinates": [[[117.42365494978115, -34.25389776552008], [117.42365494978115, -34.22889776552008], [117.39865494978115, -34.22889776552008], [117.39865494978115, -34.25389776552008], [117.42365494978115, -34.25389776552008]]]}, "properties": {"layer": "Fuel type", "fuel_code": 631, "fuel_class": "Grassland", "fuel_risk": 62}}, {"type": "Feature", "geometry": {"type": "Polygon", "coordinates": [[[117.44865494978116, -34.25389776552008], [117.44865494978116, -34.22889776552008], [117.42365494978115, -34.22889776552008], [117.42365494978115, -34.25389776552008], [117.44865494978116, -34.25389776552008]]]}, "properties": {"layer": "Fuel type", "fuel_code": 631, "fuel_class": "Grassland", "fuel_risk": 62}}, {"type": "Feature", "geometry": {"type": "Polygon", "coordinates": [[[117.47365494978116, -34.25389776552008], [117.47365494978116, -34.22889776552008], [117.44865494978116, -34.22889776552008], [117.44865494978116, -34.25389776552008], [117.47365494978116, -34.25389776552008]]]}, "properties": {"layer": "Fuel type", "fuel_code": 631, "fuel_class": "Grassland", "fuel_risk": 62}}, {"type": "Feature", "geometry": {"type": "Polygon", "coordinates": [[[117.49865494978117, -34.25389776552008], [117.49865494978117, -34.22889776552008], [117.47365494978116, -34.22889776552008], [117.47365494978116, -34.25389776552008], [117.49865494978117, -34.25389776552008]]]}, "properties": {"layer": "Fuel type", "fuel_code": 631, "fuel_class": "Grassland", "fuel_risk": 62}}, {"type": "Feature", "geometry": {"type": "Polygon", "coordinates": [[[117.52365494978118, -34.25389776552008], [117.52365494978118, -34.22889776552008], [117.49865494978117, -34.22889776552008], [117.49865494978117, -34.25389776552008], [117.52365494978118, -34.25389776552008]]]}, "properties": {"layer": "Fuel type", "fuel_code": 631, "fuel_class": "Grassland", "fuel_risk": 62}}, {"type": "Feature", "geometry": {"type": "Polygon", "coordinates": [[[117.54865494978118, -34.25389776552008], [117.54865494978118, -34.22889776552008], [117.52365494978118, -34.22889776552008], [117.52365494978118, -34.25389776552008], [117.54865494978118, -34.25389776552008]]]}, "properties": {"layer": "Fuel type", "fuel_code": 631, "fuel_class": "Grassland", "fuel_risk": 62}}, {"type": "Feature", "geometry": {"type": "Polygon", "coordinates": [[[117.57365494978119, -34.25389776552008], [117.57365494978119, -34.22889776552008], [117.54865494978118, -34.22889776552008], [117.54865494978118, -34.25389776552008], [117.57365494978119, -34.25389776552008]]]}, "properties": {"layer": "Fuel type", "fuel_code": 631, "fuel_class": "Grassland", "fuel_risk": 62}}, {"type": "Feature", "geometry": {"type": "Polygon", "coordinates": [[[117.59865494978119, -34.25389776552008], [117.59865494978119, -34.22889776552008], [117.57365494978119, -34.22889776552008], [117.57365494978119, -34.25389776552008], [117.59865494978119, -34.25389776552008]]]}, "properties": {"layer": "Fuel type", "fuel_code": 631, "fuel_class": "Grassland", "fuel_risk": 62}}, {"type": "Feature", "geometry": {"type": "Polygon", "coordinates": [[[117.6236549497812, -34.25389776552008], [117.6236549497812, -34.22889776552008], [117.59865494978119, -34.22889776552008], [117.59865494978119, -34.25389776552008], [117.6236549497812, -34.25389776552008]]]}, "properties": {"layer": "Fuel type", "fuel_code": 640, "fuel_class": "Croplands", "fuel_risk": 50}}, {"type": "Feature", "geometry": {"type": "Polygon", "coordinates": [[[117.6486549497812, -34.25389776552008], [117.6486549497812, -34.22889776552008], [117.6236549497812, -34.22889776552008], [117.6236549497812, -34.25389776552008], [117.6486549497812, -34.25389776552008]]]}, "properties": {"layer": "Fuel type", "fuel_code": 532, "fuel_class": "Open shrubland with grassy understory", "fuel_risk": 68}}, {"type": "Feature", "geometry": {"type": "Polygon", "coordinates": [[[117.67365494978121, -34.25389776552008], [117.67365494978121, -34.22889776552008], [117.6486549497812, -34.22889776552008], [117.6486549497812, -34.25389776552008], [117.67365494978121, -34.25389776552008]]]}, "properties": {"layer": "Fuel type", "fuel_code": 631, "fuel_class": "Grassland", "fuel_risk": 62}}, {"type": "Feature", "geometry": {"type": "Polygon", "coordinates": [[[117.69865494978121, -34.25389776552008], [117.69865494978121, -34.22889776552008], [117.67365494978121, -34.22889776552008], [117.67365494978121, -34.25389776552008], [117.69865494978121, -34.25389776552008]]]}, "properties": {"layer": "Fuel type", "fuel_code": 800, "fuel_class": "Wetlands", "fuel_risk": 35}}, {"type": "Feature", "geometry": {"type": "Polygon", "coordinates": [[[117.72365494978122, -34.25389776552008], [117.72365494978122, -34.22889776552008], [117.69865494978121, -34.22889776552008], [117.69865494978121, -34.25389776552008], [117.72365494978122, -34.25389776552008]]]}, "properties": {"layer": "Fuel type", "fuel_code": 631, "fuel_class": "Grassland", "fuel_risk": 62}}, {"type": "Feature", "geometry": {"type": "Polygon", "coordinates": [[[117.74865494978123, -34.25389776552008], [117.74865494978123, -34.22889776552008], [117.72365494978122, -34.22889776552008], [117.72365494978122, -34.25389776552008], [117.74865494978123, -34.25389776552008]]]}, "properties": {"layer": "Fuel type", "fuel_code": 800, "fuel_class": "Wetlands", "fuel_risk": 35}}, {"type": "Feature", "geometry": {"type": "Polygon", "coordinates": [[[117.77365494978123, -34.25389776552008], [117.77365494978123, -34.22889776552008], [117.74865494978123, -34.22889776552008], [117.74865494978123, -34.25389776552008], [117.77365494978123, -34.25389776552008]]]}, "properties": {"layer": "Fuel type", "fuel_code": 631, "fuel_class": "Grassland", "fuel_risk": 62}}, {"type": "Feature", "geometry": {"type": "Polygon", "coordinates": [[[117.79865494978124, -34.25389776552008], [117.79865494978124, -34.22889776552008], [117.77365494978123, -34.22889776552008], [117.77365494978123, -34.25389776552008], [117.79865494978124, -34.25389776552008]]]}, "properties": {"layer": "Fuel type", "fuel_code": 433, "fuel_class": "Low woodland with grassy understory", "fuel_risk": 66}}, {"type": "Feature", "geometry": {"type": "Polygon", "coordinates": [[[117.82365494978124, -34.25389776552008], [117.82365494978124, -34.22889776552008], [117.79865494978124, -34.22889776552008], [117.79865494978124, -34.25389776552008], [117.82365494978124, -34.25389776552008]]]}, "properties": {"layer": "Fuel type", "fuel_code": 532, "fuel_class": "Open shrubland with grassy understory", "fuel_risk": 68}}, {"type": "Feature", "geometry": {"type": "Polygon", "coordinates": [[[117.84865494978125, -34.25389776552008], [117.84865494978125, -34.22889776552008], [117.82365494978124, -34.22889776552008], [117.82365494978124, -34.25389776552008], [117.84865494978125, -34.25389776552008]]]}, "properties": {"layer": "Fuel type", "fuel_code": 433, "fuel_class": "Low woodland with grassy understory", "fuel_risk": 66}}, {"type": "Feature", "geometry": {"type": "Polygon", "coordinates": [[[117.87365494978125, -34.25389776552008], [117.87365494978125, -34.22889776552008], [117.84865494978125, -34.22889776552008], [117.84865494978125, -34.25389776552008], [117.87365494978125, -34.25389776552008]]]}, "properties": {"layer": "Fuel type", "fuel_code": 640, "fuel_class": "Croplands", "fuel_risk": 50}}, {"type": "Feature", "geometry": {"type": "Polygon", "coordinates": [[[117.89865494978126, -34.25389776552008], [117.89865494978126, -34.22889776552008], [117.87365494978125, -34.22889776552008], [117.87365494978125, -34.25389776552008], [117.89865494978126, -34.25389776552008]]]}, "properties": {"layer": "Fuel type", "fuel_code": 631, "fuel_class": "Grassland", "fuel_risk": 62}}, {"type": "Feature", "geometry": {"type": "Polygon", "coordinates": [[[117.92365494978127, -34.25389776552008], [117.92365494978127, -34.22889776552008], [117.89865494978126, -34.22889776552008], [117.89865494978126, -34.25389776552008], [117.92365494978127, -34.25389776552008]]]}, "properties": {"layer": "Fuel type", "fuel_code": 631, "fuel_class": "Grassland", "fuel_risk": 62}}, {"type": "Feature", "geometry": {"type": "Polygon", "coordinates": [[[117.94865494978127, -34.25389776552008], [117.94865494978127, -34.22889776552008], [117.92365494978127, -34.22889776552008], [117.92365494978127, -34.25389776552008], [117.94865494978127, -34.25389776552008]]]}, "properties": {"layer": "Fuel type", "fuel_code": 631, "fuel_class": "Grassland", "fuel_risk": 62}}, {"type": "Feature", "geometry": {"type": "Polygon", "coordinates": [[[117.97365494978128, -34.25389776552008], [117.97365494978128, -34.22889776552008], [117.94865494978127, -34.22889776552008], [117.94865494978127, -34.25389776552008], [117.97365494978128, -34.25389776552008]]]}, "properties": {"layer": "Fuel type", "fuel_code": 433, "fuel_class": "Low woodland with grassy understory", "fuel_risk": 66}}, {"type": "Feature", "geometry": {"type": "Polygon", "coordinates": [[[117.99865494978128, -34.25389776552008], [117.99865494978128, -34.22889776552008], [117.97365494978128, -34.22889776552008], [117.97365494978128, -34.25389776552008], [117.99865494978128, -34.25389776552008]]]}, "properties": {"layer": "Fuel type", "fuel_code": 532, "fuel_class": "Open shrubland with grassy understory", "fuel_risk": 68}}, {"type": "Feature", "geometry": {"type": "Polygon", "coordinates": [[[118.01203559541987, -34.25389776552008], [118.01203559541987, -34.22889776552008], [117.99865494978128, -34.22889776552008], [117.99865494978128, -34.25389776552008], [118.01203559541987, -34.25389776552008]]]}, "properties": {"layer": "Fuel type", "fuel_code": 640, "fuel_class": "Croplands", "fuel_risk": 50}}, {"type": "Feature", "geometry": {"type": "Polygon", "coordinates": [[[116.92365494978104, -34.22889776552008], [116.92365494978104, -34.20389776552008], [116.89865494978103, -34.20389776552008], [116.89865494978103, -34.22889776552008], [116.92365494978104, -34.22889776552008]]]}, "properties": {"layer": "Fuel type", "fuel_code": 631, "fuel_class": "Grassland", "fuel_risk": 62}}, {"type": "Feature", "geometry": {"type": "Polygon", "coordinates": [[[116.94865494978104, -34.22889776552008], [116.94865494978104, -34.20389776552008], [116.92365494978104, -34.20389776552008], [116.92365494978104, -34.22889776552008], [116.94865494978104, -34.22889776552008]]]}, "properties": {"layer": "Fuel type", "fuel_code": 640, "fuel_class": "Croplands", "fuel_risk": 50}}, {"type": "Feature", "geometry": {"type": "Polygon", "coordinates": [[[116.97365494978105, -34.22889776552008], [116.97365494978105, -34.20389776552008], [116.94865494978104, -34.20389776552008], [116.94865494978104, -34.22889776552008], [116.97365494978105, -34.22889776552008]]]}, "properties": {"layer": "Fuel type", "fuel_code": 310, "fuel_class": "Broadleaf plantation", "fuel_risk": 82}}, {"type": "Feature", "geometry": {"type": "Polygon", "coordinates": [[[116.99865494978106, -34.22889776552008], [116.99865494978106, -34.20389776552008], [116.97365494978105, -34.20389776552008], [116.97365494978105, -34.22889776552008], [116.99865494978106, -34.22889776552008]]]}, "properties": {"layer": "Fuel type", "fuel_code": 631, "fuel_class": "Grassland", "fuel_risk": 62}}, {"type": "Feature", "geometry": {"type": "Polygon", "coordinates": [[[117.02365494978106, -34.22889776552008], [117.02365494978106, -34.20389776552008], [116.99865494978106, -34.20389776552008], [116.99865494978106, -34.22889776552008], [117.02365494978106, -34.22889776552008]]]}, "properties": {"layer": "Fuel type", "fuel_code": 631, "fuel_class": "Grassland", "fuel_risk": 62}}, {"type": "Feature", "geometry": {"type": "Polygon", "coordinates": [[[117.04865494978107, -34.22889776552008], [117.04865494978107, -34.20389776552008], [117.02365494978106, -34.20389776552008], [117.02365494978106, -34.22889776552008], [117.04865494978107, -34.22889776552008]]]}, "properties": {"layer": "Fuel type", "fuel_code": 640, "fuel_class": "Croplands", "fuel_risk": 50}}, {"type": "Feature", "geometry": {"type": "Polygon", "coordinates": [[[117.07365494978107, -34.22889776552008], [117.07365494978107, -34.20389776552008], [117.04865494978107, -34.20389776552008], [117.04865494978107, -34.22889776552008], [117.07365494978107, -34.22889776552008]]]}, "properties": {"layer": "Fuel type", "fuel_code": 631, "fuel_class": "Grassland", "fuel_risk": 62}}, {"type": "Feature", "geometry": {"type": "Polygon", "coordinates": [[[117.09865494978108, -34.22889776552008], [117.09865494978108, -34.20389776552008], [117.07365494978107, -34.20389776552008], [117.07365494978107, -34.22889776552008], [117.09865494978108, -34.22889776552008]]]}, "properties": {"layer": "Fuel type", "fuel_code": 433, "fuel_class": "Low woodland with grassy understory", "fuel_risk": 66}}, {"type": "Feature", "geometry": {"type": "Polygon", "coordinates": [[[117.12365494978108, -34.22889776552008], [117.12365494978108, -34.20389776552008], [117.09865494978108, -34.20389776552008], [117.09865494978108, -34.22889776552008], [117.12365494978108, -34.22889776552008]]]}, "properties": {"layer": "Fuel type", "fuel_code": 631, "fuel_class": "Grassland", "fuel_risk": 62}}, {"type": "Feature", "geometry": {"type": "Polygon", "coordinates": [[[117.14865494978109, -34.22889776552008], [117.14865494978109, -34.20389776552008], [117.12365494978108, -34.20389776552008], [117.12365494978108, -34.22889776552008], [117.14865494978109, -34.22889776552008]]]}, "properties": {"layer": "Fuel type", "fuel_code": 631, "fuel_class": "Grassland", "fuel_risk": 62}}, {"type": "Feature", "geometry": {"type": "Polygon", "coordinates": [[[117.1736549497811, -34.22889776552008], [117.1736549497811, -34.20389776552008], [117.14865494978109, -34.20389776552008], [117.14865494978109, -34.22889776552008], [117.1736549497811, -34.22889776552008]]]}, "properties": {"layer": "Fuel type", "fuel_code": 631, "fuel_class": "Grassland", "fuel_risk": 62}}, {"type": "Feature", "geometry": {"type": "Polygon", "coordinates": [[[117.1986549497811, -34.22889776552008], [117.1986549497811, -34.20389776552008], [117.1736549497811, -34.20389776552008], [117.1736549497811, -34.22889776552008], [117.1986549497811, -34.22889776552008]]]}, "properties": {"layer": "Fuel type", "fuel_code": 640, "fuel_class": "Croplands", "fuel_risk": 50}}, {"type": "Feature", "geometry": {"type": "Polygon", "coordinates": [[[117.2236549497811, -34.22889776552008], [117.2236549497811, -34.20389776552008], [117.1986549497811, -34.20389776552008], [117.1986549497811, -34.22889776552008], [117.2236549497811, -34.22889776552008]]]}, "properties": {"layer": "Fuel type", "fuel_code": 631, "fuel_class": "Grassland", "fuel_risk": 62}}, {"type": "Feature", "geometry": {"type": "Polygon", "coordinates": [[[117.24865494978111, -34.22889776552008], [117.24865494978111, -34.20389776552008], [117.2236549497811, -34.20389776552008], [117.2236549497811, -34.22889776552008], [117.24865494978111, -34.22889776552008]]]}, "properties": {"layer": "Fuel type", "fuel_code": 631, "fuel_class": "Grassland", "fuel_risk": 62}}, {"type": "Feature", "geometry": {"type": "Polygon", "coordinates": [[[117.27365494978112, -34.22889776552008], [117.27365494978112, -34.20389776552008], [117.24865494978111, -34.20389776552008], [117.24865494978111, -34.22889776552008], [117.27365494978112, -34.22889776552008]]]}, "properties": {"layer": "Fuel type", "fuel_code": 631, "fuel_class": "Grassland", "fuel_risk": 62}}, {"type": "Feature", "geometry": {"type": "Polygon", "coordinates": [[[117.29865494978112, -34.22889776552008], [117.29865494978112, -34.20389776552008], [117.27365494978112, -34.20389776552008], [117.27365494978112, -34.22889776552008], [117.29865494978112, -34.22889776552008]]]}, "properties": {"layer": "Fuel type", "fuel_code": 433, "fuel_class": "Low woodland with grassy understory", "fuel_risk": 66}}, {"type": "Feature", "geometry": {"type": "Polygon", "coordinates": [[[117.32365494978113, -34.22889776552008], [117.32365494978113, -34.20389776552008], [117.29865494978112, -34.20389776552008], [117.29865494978112, -34.22889776552008], [117.32365494978113, -34.22889776552008]]]}, "properties": {"layer": "Fuel type", "fuel_code": 433, "fuel_class": "Low woodland with grassy understory", "fuel_risk": 66}}, {"type": "Feature", "geometry": {"type": "Polygon", "coordinates": [[[117.34865494978114, -34.22889776552008], [117.34865494978114, -34.20389776552008], [117.32365494978113, -34.20389776552008], [117.32365494978113, -34.22889776552008], [117.34865494978114, -34.22889776552008]]]}, "properties": {"layer": "Fuel type", "fuel_code": 631, "fuel_class": "Grassland", "fuel_risk": 62}}, {"type": "Feature", "geometry": {"type": "Polygon", "coordinates": [[[117.37365494978114, -34.22889776552008], [117.37365494978114, -34.20389776552008], [117.34865494978114, -34.20389776552008], [117.34865494978114, -34.22889776552008], [117.37365494978114, -34.22889776552008]]]}, "properties": {"layer": "Fuel type", "fuel_code": 631, "fuel_class": "Grassland", "fuel_risk": 62}}, {"type": "Feature", "geometry": {"type": "Polygon", "coordinates": [[[117.39865494978115, -34.22889776552008], [117.39865494978115, -34.20389776552008], [117.37365494978114, -34.20389776552008], [117.37365494978114, -34.22889776552008], [117.39865494978115, -34.22889776552008]]]}, "properties": {"layer": "Fuel type", "fuel_code": 631, "fuel_class": "Grassland", "fuel_risk": 62}}, {"type": "Feature", "geometry": {"type": "Polygon", "coordinates": [[[117.42365494978115, -34.22889776552008], [117.42365494978115, -34.20389776552008], [117.39865494978115, -34.20389776552008], [117.39865494978115, -34.22889776552008], [117.42365494978115, -34.22889776552008]]]}, "properties": {"layer": "Fuel type", "fuel_code": 631, "fuel_class": "Grassland", "fuel_risk": 62}}, {"type": "Feature", "geometry": {"type": "Polygon", "coordinates": [[[117.44865494978116, -34.22889776552008], [117.44865494978116, -34.20389776552008], [117.42365494978115, -34.20389776552008], [117.42365494978115, -34.22889776552008], [117.44865494978116, -34.22889776552008]]]}, "properties": {"layer": "Fuel type", "fuel_code": 532, "fuel_class": "Open shrubland with grassy understory", "fuel_risk": 68}}, {"type": "Feature", "geometry": {"type": "Polygon", "coordinates": [[[117.47365494978116, -34.22889776552008], [117.47365494978116, -34.20389776552008], [117.44865494978116, -34.20389776552008], [117.44865494978116, -34.22889776552008], [117.47365494978116, -34.22889776552008]]]}, "properties": {"layer": "Fuel type", "fuel_code": 631, "fuel_class": "Grassland", "fuel_risk": 62}}, {"type": "Feature", "geometry": {"type": "Polygon", "coordinates": [[[117.49865494978117, -34.22889776552008], [117.49865494978117, -34.20389776552008], [117.47365494978116, -34.20389776552008], [117.47365494978116, -34.22889776552008], [117.49865494978117, -34.22889776552008]]]}, "properties": {"layer": "Fuel type", "fuel_code": 631, "fuel_class": "Grassland", "fuel_risk": 62}}, {"type": "Feature", "geometry": {"type": "Polygon", "coordinates": [[[117.52365494978118, -34.22889776552008], [117.52365494978118, -34.20389776552008], [117.49865494978117, -34.20389776552008], [117.49865494978117, -34.22889776552008], [117.52365494978118, -34.22889776552008]]]}, "properties": {"layer": "Fuel type", "fuel_code": 433, "fuel_class": "Low woodland with grassy understory", "fuel_risk": 66}}, {"type": "Feature", "geometry": {"type": "Polygon", "coordinates": [[[117.54865494978118, -34.22889776552008], [117.54865494978118, -34.20389776552008], [117.52365494978118, -34.20389776552008], [117.52365494978118, -34.22889776552008], [117.54865494978118, -34.22889776552008]]]}, "properties": {"layer": "Fuel type", "fuel_code": 960, "fuel_class": "Bare ground", "fuel_risk": 12}}, {"type": "Feature", "geometry": {"type": "Polygon", "coordinates": [[[117.57365494978119, -34.22889776552008], [117.57365494978119, -34.20389776552008], [117.54865494978118, -34.20389776552008], [117.54865494978118, -34.22889776552008], [117.57365494978119, -34.22889776552008]]]}, "properties": {"layer": "Fuel type", "fuel_code": 632, "fuel_class": "Open grassland", "fuel_risk": 48}}, {"type": "Feature", "geometry": {"type": "Polygon", "coordinates": [[[117.59865494978119, -34.22889776552008], [117.59865494978119, -34.20389776552008], [117.57365494978119, -34.20389776552008], [117.57365494978119, -34.22889776552008], [117.59865494978119, -34.22889776552008]]]}, "properties": {"layer": "Fuel type", "fuel_code": 433, "fuel_class": "Low woodland with grassy understory", "fuel_risk": 66}}, {"type": "Feature", "geometry": {"type": "Polygon", "coordinates": [[[117.6236549497812, -34.22889776552008], [117.6236549497812, -34.20389776552008], [117.59865494978119, -34.20389776552008], [117.59865494978119, -34.22889776552008], [117.6236549497812, -34.22889776552008]]]}, "properties": {"layer": "Fuel type", "fuel_code": 631, "fuel_class": "Grassland", "fuel_risk": 62}}, {"type": "Feature", "geometry": {"type": "Polygon", "coordinates": [[[117.6486549497812, -34.22889776552008], [117.6486549497812, -34.20389776552008], [117.6236549497812, -34.20389776552008], [117.6236549497812, -34.22889776552008], [117.6486549497812, -34.22889776552008]]]}, "properties": {"layer": "Fuel type", "fuel_code": 910, "fuel_class": "Water", "fuel_risk": 5}}, {"type": "Feature", "geometry": {"type": "Polygon", "coordinates": [[[117.67365494978121, -34.22889776552008], [117.67365494978121, -34.20389776552008], [117.6486549497812, -34.20389776552008], [117.6486549497812, -34.22889776552008], [117.67365494978121, -34.22889776552008]]]}, "properties": {"layer": "Fuel type", "fuel_code": 631, "fuel_class": "Grassland", "fuel_risk": 62}}, {"type": "Feature", "geometry": {"type": "Polygon", "coordinates": [[[117.69865494978121, -34.22889776552008], [117.69865494978121, -34.20389776552008], [117.67365494978121, -34.20389776552008], [117.67365494978121, -34.22889776552008], [117.69865494978121, -34.22889776552008]]]}, "properties": {"layer": "Fuel type", "fuel_code": 640, "fuel_class": "Croplands", "fuel_risk": 50}}, {"type": "Feature", "geometry": {"type": "Polygon", "coordinates": [[[117.72365494978122, -34.22889776552008], [117.72365494978122, -34.20389776552008], [117.69865494978121, -34.20389776552008], [117.69865494978121, -34.22889776552008], [117.72365494978122, -34.22889776552008]]]}, "properties": {"layer": "Fuel type", "fuel_code": 631, "fuel_class": "Grassland", "fuel_risk": 62}}, {"type": "Feature", "geometry": {"type": "Polygon", "coordinates": [[[117.74865494978123, -34.22889776552008], [117.74865494978123, -34.20389776552008], [117.72365494978122, -34.20389776552008], [117.72365494978122, -34.22889776552008], [117.74865494978123, -34.22889776552008]]]}, "properties": {"layer": "Fuel type", "fuel_code": 631, "fuel_class": "Grassland", "fuel_risk": 62}}, {"type": "Feature", "geometry": {"type": "Polygon", "coordinates": [[[117.77365494978123, -34.22889776552008], [117.77365494978123, -34.20389776552008], [117.74865494978123, -34.20389776552008], [117.74865494978123, -34.22889776552008], [117.77365494978123, -34.22889776552008]]]}, "properties": {"layer": "Fuel type", "fuel_code": 640, "fuel_class": "Croplands", "fuel_risk": 50}}, {"type": "Feature", "geometry": {"type": "Polygon", "coordinates": [[[117.79865494978124, -34.22889776552008], [117.79865494978124, -34.20389776552008], [117.77365494978123, -34.20389776552008], [117.77365494978123, -34.22889776552008], [117.79865494978124, -34.22889776552008]]]}, "properties": {"layer": "Fuel type", "fuel_code": 640, "fuel_class": "Croplands", "fuel_risk": 50}}, {"type": "Feature", "geometry": {"type": "Polygon", "coordinates": [[[117.82365494978124, -34.22889776552008], [117.82365494978124, -34.20389776552008], [117.79865494978124, -34.20389776552008], [117.79865494978124, -34.22889776552008], [117.82365494978124, -34.22889776552008]]]}, "properties": {"layer": "Fuel type", "fuel_code": 640, "fuel_class": "Croplands", "fuel_risk": 50}}, {"type": "Feature", "geometry": {"type": "Polygon", "coordinates": [[[117.84865494978125, -34.22889776552008], [117.84865494978125, -34.20389776552008], [117.82365494978124, -34.20389776552008], [117.82365494978124, -34.22889776552008], [117.84865494978125, -34.22889776552008]]]}, "properties": {"layer": "Fuel type", "fuel_code": 631, "fuel_class": "Grassland", "fuel_risk": 62}}, {"type": "Feature", "geometry": {"type": "Polygon", "coordinates": [[[117.87365494978125, -34.22889776552008], [117.87365494978125, -34.20389776552008], [117.84865494978125, -34.20389776552008], [117.84865494978125, -34.22889776552008], [117.87365494978125, -34.22889776552008]]]}, "properties": {"layer": "Fuel type", "fuel_code": 631, "fuel_class": "Grassland", "fuel_risk": 62}}, {"type": "Feature", "geometry": {"type": "Polygon", "coordinates": [[[117.89865494978126, -34.22889776552008], [117.89865494978126, -34.20389776552008], [117.87365494978125, -34.20389776552008], [117.87365494978125, -34.22889776552008], [117.89865494978126, -34.22889776552008]]]}, "properties": {"layer": "Fuel type", "fuel_code": 433, "fuel_class": "Low woodland with grassy understory", "fuel_risk": 66}}, {"type": "Feature", "geometry": {"type": "Polygon", "coordinates": [[[117.92365494978127, -34.22889776552008], [117.92365494978127, -34.20389776552008], [117.89865494978126, -34.20389776552008], [117.89865494978126, -34.22889776552008], [117.92365494978127, -34.22889776552008]]]}, "properties": {"layer": "Fuel type", "fuel_code": 631, "fuel_class": "Grassland", "fuel_risk": 62}}, {"type": "Feature", "geometry": {"type": "Polygon", "coordinates": [[[117.94865494978127, -34.22889776552008], [117.94865494978127, -34.20389776552008], [117.92365494978127, -34.20389776552008], [117.92365494978127, -34.22889776552008], [117.94865494978127, -34.22889776552008]]]}, "properties": {"layer": "Fuel type", "fuel_code": 800, "fuel_class": "Wetlands", "fuel_risk": 35}}, {"type": "Feature", "geometry": {"type": "Polygon", "coordinates": [[[117.97365494978128, -34.22889776552008], [117.97365494978128, -34.20389776552008], [117.94865494978127, -34.20389776552008], [117.94865494978127, -34.22889776552008], [117.97365494978128, -34.22889776552008]]]}, "properties": {"layer": "Fuel type", "fuel_code": 532, "fuel_class": "Open shrubland with grassy understory", "fuel_risk": 68}}, {"type": "Feature", "geometry": {"type": "Polygon", "coordinates": [[[117.99865494978128, -34.22889776552008], [117.99865494978128, -34.20389776552008], [117.97365494978128, -34.20389776552008], [117.97365494978128, -34.22889776552008], [117.99865494978128, -34.22889776552008]]]}, "properties": {"layer": "Fuel type", "fuel_code": 640, "fuel_class": "Croplands", "fuel_risk": 50}}, {"type": "Feature", "geometry": {"type": "Polygon", "coordinates": [[[118.01203559541987, -34.22889776552008], [118.01203559541987, -34.20389776552008], [117.99865494978128, -34.20389776552008], [117.99865494978128, -34.22889776552008], [118.01203559541987, -34.22889776552008]]]}, "properties": {"layer": "Fuel type", "fuel_code": 631, "fuel_class": "Grassland", "fuel_risk": 62}}, {"type": "Feature", "geometry": {"type": "Polygon", "coordinates": [[[116.92365494978104, -34.20389776552008], [116.92365494978104, -34.19577284590814], [116.89865494978103, -34.19577284590814], [116.89865494978103, -34.20389776552008], [116.92365494978104, -34.20389776552008]]]}, "properties": {"layer": "Fuel type", "fuel_code": 220, "fuel_class": "Open forest", "fuel_risk": 86}}, {"type": "Feature", "geometry": {"type": "Polygon", "coordinates": [[[116.94865494978104, -34.20389776552008], [116.94865494978104, -34.19577284590814], [116.92365494978104, -34.19577284590814], [116.92365494978104, -34.20389776552008], [116.94865494978104, -34.20389776552008]]]}, "properties": {"layer": "Fuel type", "fuel_code": 640, "fuel_class": "Croplands", "fuel_risk": 50}}, {"type": "Feature", "geometry": {"type": "Polygon", "coordinates": [[[116.97365494978105, -34.20389776552008], [116.97365494978105, -34.19577284590814], [116.94865494978104, -34.19577284590814], [116.94865494978104, -34.20389776552008], [116.97365494978105, -34.20389776552008]]]}, "properties": {"layer": "Fuel type", "fuel_code": 520, "fuel_class": "Shrubland", "fuel_risk": 82}}, {"type": "Feature", "geometry": {"type": "Polygon", "coordinates": [[[116.99865494978106, -34.20389776552008], [116.99865494978106, -34.19577284590814], [116.97365494978105, -34.19577284590814], [116.97365494978105, -34.20389776552008], [116.99865494978106, -34.20389776552008]]]}, "properties": {"layer": "Fuel type", "fuel_code": 920, "fuel_class": "Wildland urban interface 1", "fuel_risk": 82}}, {"type": "Feature", "geometry": {"type": "Polygon", "coordinates": [[[117.02365494978106, -34.20389776552008], [117.02365494978106, -34.19577284590814], [116.99865494978106, -34.19577284590814], [116.99865494978106, -34.20389776552008], [117.02365494978106, -34.20389776552008]]]}, "properties": {"layer": "Fuel type", "fuel_code": 631, "fuel_class": "Grassland", "fuel_risk": 62}}, {"type": "Feature", "geometry": {"type": "Polygon", "coordinates": [[[117.04865494978107, -34.20389776552008], [117.04865494978107, -34.19577284590814], [117.02365494978106, -34.19577284590814], [117.02365494978106, -34.20389776552008], [117.04865494978107, -34.20389776552008]]]}, "properties": {"layer": "Fuel type", "fuel_code": 433, "fuel_class": "Low woodland with grassy understory", "fuel_risk": 66}}, {"type": "Feature", "geometry": {"type": "Polygon", "coordinates": [[[117.07365494978107, -34.20389776552008], [117.07365494978107, -34.19577284590814], [117.04865494978107, -34.19577284590814], [117.04865494978107, -34.20389776552008], [117.07365494978107, -34.20389776552008]]]}, "properties": {"layer": "Fuel type", "fuel_code": 631, "fuel_class": "Grassland", "fuel_risk": 62}}, {"type": "Feature", "geometry": {"type": "Polygon", "coordinates": [[[117.09865494978108, -34.20389776552008], [117.09865494978108, -34.19577284590814], [117.07365494978107, -34.19577284590814], [117.07365494978107, -34.20389776552008], [117.09865494978108, -34.20389776552008]]]}, "properties": {"layer": "Fuel type", "fuel_code": 640, "fuel_class": "Croplands", "fuel_risk": 50}}, {"type": "Feature", "geometry": {"type": "Polygon", "coordinates": [[[117.12365494978108, -34.20389776552008], [117.12365494978108, -34.19577284590814], [117.09865494978108, -34.19577284590814], [117.09865494978108, -34.20389776552008], [117.12365494978108, -34.20389776552008]]]}, "properties": {"layer": "Fuel type", "fuel_code": 640, "fuel_class": "Croplands", "fuel_risk": 50}}, {"type": "Feature", "geometry": {"type": "Polygon", "coordinates": [[[117.14865494978109, -34.20389776552008], [117.14865494978109, -34.19577284590814], [117.12365494978108, -34.19577284590814], [117.12365494978108, -34.20389776552008], [117.14865494978109, -34.20389776552008]]]}, "properties": {"layer": "Fuel type", "fuel_code": 640, "fuel_class": "Croplands", "fuel_risk": 50}}, {"type": "Feature", "geometry": {"type": "Polygon", "coordinates": [[[117.1736549497811, -34.20389776552008], [117.1736549497811, -34.19577284590814], [117.14865494978109, -34.19577284590814], [117.14865494978109, -34.20389776552008], [117.1736549497811, -34.20389776552008]]]}, "properties": {"layer": "Fuel type", "fuel_code": 532, "fuel_class": "Open shrubland with grassy understory", "fuel_risk": 68}}, {"type": "Feature", "geometry": {"type": "Polygon", "coordinates": [[[117.1986549497811, -34.20389776552008], [117.1986549497811, -34.19577284590814], [117.1736549497811, -34.19577284590814], [117.1736549497811, -34.20389776552008], [117.1986549497811, -34.20389776552008]]]}, "properties": {"layer": "Fuel type", "fuel_code": 631, "fuel_class": "Grassland", "fuel_risk": 62}}, {"type": "Feature", "geometry": {"type": "Polygon", "coordinates": [[[117.2236549497811, -34.20389776552008], [117.2236549497811, -34.19577284590814], [117.1986549497811, -34.19577284590814], [117.1986549497811, -34.20389776552008], [117.2236549497811, -34.20389776552008]]]}, "properties": {"layer": "Fuel type", "fuel_code": 631, "fuel_class": "Grassland", "fuel_risk": 62}}, {"type": "Feature", "geometry": {"type": "Polygon", "coordinates": [[[117.24865494978111, -34.20389776552008], [117.24865494978111, -34.19577284590814], [117.2236549497811, -34.19577284590814], [117.2236549497811, -34.20389776552008], [117.24865494978111, -34.20389776552008]]]}, "properties": {"layer": "Fuel type", "fuel_code": 631, "fuel_class": "Grassland", "fuel_risk": 62}}, {"type": "Feature", "geometry": {"type": "Polygon", "coordinates": [[[117.27365494978112, -34.20389776552008], [117.27365494978112, -34.19577284590814], [117.24865494978111, -34.19577284590814], [117.24865494978111, -34.20389776552008], [117.27365494978112, -34.20389776552008]]]}, "properties": {"layer": "Fuel type", "fuel_code": 631, "fuel_class": "Grassland", "fuel_risk": 62}}, {"type": "Feature", "geometry": {"type": "Polygon", "coordinates": [[[117.29865494978112, -34.20389776552008], [117.29865494978112, -34.19577284590814], [117.27365494978112, -34.19577284590814], [117.27365494978112, -34.20389776552008], [117.29865494978112, -34.20389776552008]]]}, "properties": {"layer": "Fuel type", "fuel_code": 631, "fuel_class": "Grassland", "fuel_risk": 62}}, {"type": "Feature", "geometry": {"type": "Polygon", "coordinates": [[[117.32365494978113, -34.20389776552008], [117.32365494978113, -34.19577284590814], [117.29865494978112, -34.19577284590814], [117.29865494978112, -34.20389776552008], [117.32365494978113, -34.20389776552008]]]}, "properties": {"layer": "Fuel type", "fuel_code": 631, "fuel_class": "Grassland", "fuel_risk": 62}}, {"type": "Feature", "geometry": {"type": "Polygon", "coordinates": [[[117.34865494978114, -34.20389776552008], [117.34865494978114, -34.19577284590814], [117.32365494978113, -34.19577284590814], [117.32365494978113, -34.20389776552008], [117.34865494978114, -34.20389776552008]]]}, "properties": {"layer": "Fuel type", "fuel_code": 631, "fuel_class": "Grassland", "fuel_risk": 62}}, {"type": "Feature", "geometry": {"type": "Polygon", "coordinates": [[[117.37365494978114, -34.20389776552008], [117.37365494978114, -34.19577284590814], [117.34865494978114, -34.19577284590814], [117.34865494978114, -34.20389776552008], [117.37365494978114, -34.20389776552008]]]}, "properties": {"layer": "Fuel type", "fuel_code": 920, "fuel_class": "Wildland urban interface 1", "fuel_risk": 82}}, {"type": "Feature", "geometry": {"type": "Polygon", "coordinates": [[[117.39865494978115, -34.20389776552008], [117.39865494978115, -34.19577284590814], [117.37365494978114, -34.19577284590814], [117.37365494978114, -34.20389776552008], [117.39865494978115, -34.20389776552008]]]}, "properties": {"layer": "Fuel type", "fuel_code": 433, "fuel_class": "Low woodland with grassy understory", "fuel_risk": 66}}, {"type": "Feature", "geometry": {"type": "Polygon", "coordinates": [[[117.42365494978115, -34.20389776552008], [117.42365494978115, -34.19577284590814], [117.39865494978115, -34.19577284590814], [117.39865494978115, -34.20389776552008], [117.42365494978115, -34.20389776552008]]]}, "properties": {"layer": "Fuel type", "fuel_code": 631, "fuel_class": "Grassland", "fuel_risk": 62}}, {"type": "Feature", "geometry": {"type": "Polygon", "coordinates": [[[117.44865494978116, -34.20389776552008], [117.44865494978116, -34.19577284590814], [117.42365494978115, -34.19577284590814], [117.42365494978115, -34.20389776552008], [117.44865494978116, -34.20389776552008]]]}, "properties": {"layer": "Fuel type", "fuel_code": 631, "fuel_class": "Grassland", "fuel_risk": 62}}, {"type": "Feature", "geometry": {"type": "Polygon", "coordinates": [[[117.47365494978116, -34.20389776552008], [117.47365494978116, -34.19577284590814], [117.44865494978116, -34.19577284590814], [117.44865494978116, -34.20389776552008], [117.47365494978116, -34.20389776552008]]]}, "properties": {"layer": "Fuel type", "fuel_code": 631, "fuel_class": "Grassland", "fuel_risk": 62}}, {"type": "Feature", "geometry": {"type": "Polygon", "coordinates": [[[117.49865494978117, -34.20389776552008], [117.49865494978117, -34.19577284590814], [117.47365494978116, -34.19577284590814], [117.47365494978116, -34.20389776552008], [117.49865494978117, -34.20389776552008]]]}, "properties": {"layer": "Fuel type", "fuel_code": 631, "fuel_class": "Grassland", "fuel_risk": 62}}, {"type": "Feature", "geometry": {"type": "Polygon", "coordinates": [[[117.52365494978118, -34.20389776552008], [117.52365494978118, -34.19577284590814], [117.49865494978117, -34.19577284590814], [117.49865494978117, -34.20389776552008], [117.52365494978118, -34.20389776552008]]]}, "properties": {"layer": "Fuel type", "fuel_code": 631, "fuel_class": "Grassland", "fuel_risk": 62}}, {"type": "Feature", "geometry": {"type": "Polygon", "coordinates": [[[117.54865494978118, -34.20389776552008], [117.54865494978118, -34.19577284590814], [117.52365494978118, -34.19577284590814], [117.52365494978118, -34.20389776552008], [117.54865494978118, -34.20389776552008]]]}, "properties": {"layer": "Fuel type", "fuel_code": 631, "fuel_class": "Grassland", "fuel_risk": 62}}, {"type": "Feature", "geometry": {"type": "Polygon", "coordinates": [[[117.57365494978119, -34.20389776552008], [117.57365494978119, -34.19577284590814], [117.54865494978118, -34.19577284590814], [117.54865494978118, -34.20389776552008], [117.57365494978119, -34.20389776552008]]]}, "properties": {"layer": "Fuel type", "fuel_code": 631, "fuel_class": "Grassland", "fuel_risk": 62}}, {"type": "Feature", "geometry": {"type": "Polygon", "coordinates": [[[117.59865494978119, -34.20389776552008], [117.59865494978119, -34.19577284590814], [117.57365494978119, -34.19577284590814], [117.57365494978119, -34.20389776552008], [117.59865494978119, -34.20389776552008]]]}, "properties": {"layer": "Fuel type", "fuel_code": 631, "fuel_class": "Grassland", "fuel_risk": 62}}, {"type": "Feature", "geometry": {"type": "Polygon", "coordinates": [[[117.6236549497812, -34.20389776552008], [117.6236549497812, -34.19577284590814], [117.59865494978119, -34.19577284590814], [117.59865494978119, -34.20389776552008], [117.6236549497812, -34.20389776552008]]]}, "properties": {"layer": "Fuel type", "fuel_code": 631, "fuel_class": "Grassland", "fuel_risk": 62}}, {"type": "Feature", "geometry": {"type": "Polygon", "coordinates": [[[117.6486549497812, -34.20389776552008], [117.6486549497812, -34.19577284590814], [117.6236549497812, -34.19577284590814], [117.6236549497812, -34.20389776552008], [117.6486549497812, -34.20389776552008]]]}, "properties": {"layer": "Fuel type", "fuel_code": 632, "fuel_class": "Open grassland", "fuel_risk": 48}}, {"type": "Feature", "geometry": {"type": "Polygon", "coordinates": [[[117.67365494978121, -34.20389776552008], [117.67365494978121, -34.19577284590814], [117.6486549497812, -34.19577284590814], [117.6486549497812, -34.20389776552008], [117.67365494978121, -34.20389776552008]]]}, "properties": {"layer": "Fuel type", "fuel_code": 910, "fuel_class": "Water", "fuel_risk": 5}}, {"type": "Feature", "geometry": {"type": "Polygon", "coordinates": [[[117.69865494978121, -34.20389776552008], [117.69865494978121, -34.19577284590814], [117.67365494978121, -34.19577284590814], [117.67365494978121, -34.20389776552008], [117.69865494978121, -34.20389776552008]]]}, "properties": {"layer": "Fuel type", "fuel_code": 631, "fuel_class": "Grassland", "fuel_risk": 62}}, {"type": "Feature", "geometry": {"type": "Polygon", "coordinates": [[[117.72365494978122, -34.20389776552008], [117.72365494978122, -34.19577284590814], [117.69865494978121, -34.19577284590814], [117.69865494978121, -34.20389776552008], [117.72365494978122, -34.20389776552008]]]}, "properties": {"layer": "Fuel type", "fuel_code": 631, "fuel_class": "Grassland", "fuel_risk": 62}}, {"type": "Feature", "geometry": {"type": "Polygon", "coordinates": [[[117.74865494978123, -34.20389776552008], [117.74865494978123, -34.19577284590814], [117.72365494978122, -34.19577284590814], [117.72365494978122, -34.20389776552008], [117.74865494978123, -34.20389776552008]]]}, "properties": {"layer": "Fuel type", "fuel_code": 532, "fuel_class": "Open shrubland with grassy understory", "fuel_risk": 68}}, {"type": "Feature", "geometry": {"type": "Polygon", "coordinates": [[[117.77365494978123, -34.20389776552008], [117.77365494978123, -34.19577284590814], [117.74865494978123, -34.19577284590814], [117.74865494978123, -34.20389776552008], [117.77365494978123, -34.20389776552008]]]}, "properties": {"layer": "Fuel type", "fuel_code": 631, "fuel_class": "Grassland", "fuel_risk": 62}}, {"type": "Feature", "geometry": {"type": "Polygon", "coordinates": [[[117.79865494978124, -34.20389776552008], [117.79865494978124, -34.19577284590814], [117.77365494978123, -34.19577284590814], [117.77365494978123, -34.20389776552008], [117.79865494978124, -34.20389776552008]]]}, "properties": {"layer": "Fuel type", "fuel_code": 640, "fuel_class": "Croplands", "fuel_risk": 50}}, {"type": "Feature", "geometry": {"type": "Polygon", "coordinates": [[[117.82365494978124, -34.20389776552008], [117.82365494978124, -34.19577284590814], [117.79865494978124, -34.19577284590814], [117.79865494978124, -34.20389776552008], [117.82365494978124, -34.20389776552008]]]}, "properties": {"layer": "Fuel type", "fuel_code": 640, "fuel_class": "Croplands", "fuel_risk": 50}}, {"type": "Feature", "geometry": {"type": "Polygon", "coordinates": [[[117.84865494978125, -34.20389776552008], [117.84865494978125, -34.19577284590814], [117.82365494978124, -34.19577284590814], [117.82365494978124, -34.20389776552008], [117.84865494978125, -34.20389776552008]]]}, "properties": {"layer": "Fuel type", "fuel_code": 640, "fuel_class": "Croplands", "fuel_risk": 50}}, {"type": "Feature", "geometry": {"type": "Polygon", "coordinates": [[[117.87365494978125, -34.20389776552008], [117.87365494978125, -34.19577284590814], [117.84865494978125, -34.19577284590814], [117.84865494978125, -34.20389776552008], [117.87365494978125, -34.20389776552008]]]}, "properties": {"layer": "Fuel type", "fuel_code": 640, "fuel_class": "Croplands", "fuel_risk": 50}}, {"type": "Feature", "geometry": {"type": "Polygon", "coordinates": [[[117.89865494978126, -34.20389776552008], [117.89865494978126, -34.19577284590814], [117.87365494978125, -34.19577284590814], [117.87365494978125, -34.20389776552008], [117.89865494978126, -34.20389776552008]]]}, "properties": {"layer": "Fuel type", "fuel_code": 640, "fuel_class": "Croplands", "fuel_risk": 50}}, {"type": "Feature", "geometry": {"type": "Polygon", "coordinates": [[[117.92365494978127, -34.20389776552008], [117.92365494978127, -34.19577284590814], [117.89865494978126, -34.19577284590814], [117.89865494978126, -34.20389776552008], [117.92365494978127, -34.20389776552008]]]}, "properties": {"layer": "Fuel type", "fuel_code": 631, "fuel_class": "Grassland", "fuel_risk": 62}}, {"type": "Feature", "geometry": {"type": "Polygon", "coordinates": [[[117.94865494978127, -34.20389776552008], [117.94865494978127, -34.19577284590814], [117.92365494978127, -34.19577284590814], [117.92365494978127, -34.20389776552008], [117.94865494978127, -34.20389776552008]]]}, "properties": {"layer": "Fuel type", "fuel_code": 640, "fuel_class": "Croplands", "fuel_risk": 50}}, {"type": "Feature", "geometry": {"type": "Polygon", "coordinates": [[[117.97365494978128, -34.20389776552008], [117.97365494978128, -34.19577284590814], [117.94865494978127, -34.19577284590814], [117.94865494978127, -34.20389776552008], [117.97365494978128, -34.20389776552008]]]}, "properties": {"layer": "Fuel type", "fuel_code": 640, "fuel_class": "Croplands", "fuel_risk": 50}}, {"type": "Feature", "geometry": {"type": "Polygon", "coordinates": [[[117.99865494978128, -34.20389776552008], [117.99865494978128, -34.19577284590814], [117.97365494978128, -34.19577284590814], [117.97365494978128, -34.20389776552008], [117.99865494978128, -34.20389776552008]]]}, "properties": {"layer": "Fuel type", "fuel_code": 640, "fuel_class": "Croplands", "fuel_risk": 50}}, {"type": "Feature", "geometry": {"type": "Polygon", "coordinates": [[[118.01203559541987, -34.20389776552008], [118.01203559541987, -34.19577284590814], [117.99865494978128, -34.19577284590814], [117.99865494978128, -34.20389776552008], [118.01203559541987, -34.20389776552008]]]}, "properties": {"layer": "Fuel type", "fuel_code": 631, "fuel_class": "Grassland", "fuel_risk": 62}}]}