{"type": "FeatureCollection", "name": "FRK all heritage", "features": [{"type": "Feature", "geometry": {"type": "Polygon", "coordinates": [[[117.534259907, -34.338797596], [117.5451315, -34.338749711], [117.545189765, -34.347767818], [117.534317072, -34.347815702], [117.534259907, -34.338797596]]]}, "properties": {"layer": "Heritage", "heritage_kind": "Aboriginal", "id": 5739, "identifier": "ACH-00005739", "name": "TENTERDEN", "place_status": "Register", "place_type": "Modified Tree", "region": "Southern", "culturally_sensitive": "No", "restricted_place": "No", "boundary_reliable": "No", "source": "Register", "longitude": 117.539725, "latitude": -34.343283, "fuel_code": 631, "fuel_class": "Grassland", "fuel_risk": 62, "slope_degrees": 2.88, "slope_class": "Low slope", "slope_risk": 12, "heritage_sensitivity": 64, "heritage_type_risk": 95, "heritage_type_risk_label": "Wood or tree-based heritage", "slope_data_quality": "Sampled from slope raster", "burn_management_context": "No burn option overlap", "burn_management_risk": 65, "vulnerability_score": 58, "vulnerability_level": "Medium"}}, {"type": "Feature", "geometry": {"type": "Polygon", "coordinates": [[[117.471104898, -34.520341923], [117.471142874, -34.522615032], [117.459115615, -34.522640555], [117.459182432, -34.520844066], [117.460221818, -34.520341564], [117.471104898, -34.520341923]]]}, "properties": {"layer": "Heritage", "heritage_kind": "Aboriginal", "id": 4582, "identifier": "ACH-00004582", "name": "WAMBELLUP SCARRED TREE", "place_status": "Register", "place_type": "Modified Tree", "region": "Southern", "culturally_sensitive": "No", "restricted_place": "No", "boundary_reliable": "No", "source": "Register", "longitude": 117.465132, "latitude": -34.52137, "fuel_code": 230, "fuel_class": "Low open forest", "fuel_risk": 76, "slope_degrees": 0.78, "slope_class": "Low slope", "slope_risk": 12, "heritage_sensitivity": 64, "heritage_type_risk": 95, "heritage_type_risk_label": "Wood or tree-based heritage", "slope_data_quality": "Sampled from slope raster", "burn_management_context": "No burn option overlap", "burn_management_risk": 65, "vulnerability_score": 64, "vulnerability_level": "Medium"}}, {"type": "Feature", "geometry": {"type": "Polygon", "coordinates": [[[117.823135932, -34.529549444], [117.824249714, -34.530433483], [117.827762569, -34.531439321], [117.82702855, -34.532416372], [117.821840134, -34.532773507], [117.821298324, -34.532098423], [117.823135932, -34.529549444]]]}, "properties": {"layer": "Heritage", "heritage_kind": "Aboriginal", "id": 5160, "identifier": "ACH-00005160", "name": "WOOGENILLUP POOL", "place_status": "Register", "place_type": "Artefacts / Scatter", "region": "Southern", "culturally_sensitive": "No", "restricted_place": "No", "boundary_reliable": "No", "source": "Register", "longitude": 117.824745, "latitude": -34.531292, "fuel_code": 631, "fuel_class": "Grassland", "fuel_risk": 62, "slope_degrees": 1.51, "slope_class": "Low slope", "slope_risk": 12, "heritage_sensitivity": 64, "heritage_type_risk": 86, "heritage_type_risk_label": "Rock art / rock shelter", "slope_data_quality": "Sampled from slope raster", "burn_management_context": "No burn option overlap", "burn_management_risk": 65, "vulnerability_score": 56, "vulnerability_level": "Medium"}}, {"type": "Feature", "geometry": {"type": "Polygon", "coordinates": [[[117.968372018, -34.273007053], [117.979233933, -34.272920761], [117.979338575, -34.281937869], [117.968475452, -34.282024337], [117.968372018, -34.273007053]]]}, "properties": {"layer": "Heritage", "heritage_kind": "Aboriginal", "id": 5745, "identifier": "ACH-00005745", "name": "CAMEL LAKE", "place_status": "Register", "place_type": "Traditional Structure", "region": "Southern", "culturally_sensitive": "No", "restricted_place": "No", "boundary_reliable": "No", "source": "Register", "longitude": 117.973855, "latitude": -34.277472, "fuel_code": 431, "fuel_class": "Low woodland with shrubby understory", "fuel_risk": 78, "slope_degrees": 2.64, "slope_class": "Low slope", "slope_risk": 12, "heritage_sensitivity": 64, "heritage_type_risk": 64, "heritage_type_risk_label": "General Aboriginal heritage place", "slope_data_quality": "Sampled from slope raster", "burn_management_context": "No burn option overlap", "burn_management_risk": 65, "vulnerability_score": 57, "vulnerability_level": "Medium"}}, {"type": "Feature", "geometry": {"type": "Polygon", "coordinates": [[[117.251847638, -34.222725592], [117.252899373, -34.22703158], [117.250598468, -34.227064209], [117.249788784, -34.222751752], [117.251847638, -34.222725592]]]}, "properties": {"layer": "Heritage", "heritage_kind": "Aboriginal", "id": 4920, "identifier": "ACH-00004920", "name": "BOYACUP HOMESTEAD BURIAL", "place_status": "Register", "place_type": "Burial", "region": "Southern", "culturally_sensitive": "No", "restricted_place": "No", "boundary_reliable": "No", "source": "Register", "longitude": 117.251178, "latitude": -34.223933, "fuel_code": 631, "fuel_class": "Grassland", "fuel_risk": 62, "slope_degrees": 1.0, "slope_class": "Low slope", "slope_risk": 12, "heritage_sensitivity": 88, "heritage_type_risk": 76, "heritage_type_risk_label": "Burial or grave", "slope_data_quality": "Sampled from slope raster", "burn_management_context": "No burn option overlap", "burn_management_risk": 65, "vulnerability_score": 53, "vulnerability_level": "Medium"}}, {"type": "Feature", "geometry": {"type": "Polygon", "coordinates": [[[117.610491576, -34.356475947], [117.610551512, -34.364815066], [117.603907316, -34.364825561], [117.603887004, -34.356510687], [117.610491576, -34.356475947]]]}, "properties": {"layer": "Heritage", "heritage_kind": "Aboriginal", "id": 4835, "identifier": "ACH-00004835", "name": "TARIPTA.", "place_status": "Register", "place_type": "Water Source", "region": "Southern", "culturally_sensitive": "No", "restricted_place": "No", "boundary_reliable": "No", "source": "Register", "longitude": 117.607201, "latitude": -34.359188, "fuel_code": 640, "fuel_class": "Croplands", "fuel_risk": 50, "slope_degrees": 1.36, "slope_class": "Low slope", "slope_risk": 12, "heritage_sensitivity": 76, "heritage_type_risk": 60, "heritage_type_risk_label": "Camp / historical / water source", "slope_data_quality": "Sampled from slope raster", "burn_management_context": "No burn option overlap", "burn_management_risk": 65, "vulnerability_score": 44, "vulnerability_level": "Medium"}}, {"type": "Feature", "geometry": {"type": "Polygon", "coordinates": [[[116.90165979, -35.050543774], [116.914854276, -35.051090875], [116.914815097, -35.052753956], [116.910531556, -35.058068641], [116.90584608, -35.057208855], [116.90631452, -35.05542142], [116.903414537, -35.054374179], [116.898874018, -35.054877885], [116.899405768, -35.051290941], [116.90165979, -35.050543774]]]}, "properties": {"layer": "Heritage", "heritage_kind": "Aboriginal", "id": 4593, "identifier": "ACH-00004593", "name": "THE GAP 1", "place_status": "Register", "place_type": "Artefacts / Scatter", "region": "Southern", "culturally_sensitive": "No", "restricted_place": "No", "boundary_reliable": "No", "source": "Register", "longitude": 116.906634, "latitude": -35.053515, "fuel_code": 220, "fuel_class": "Open forest", "fuel_risk": 86, "slope_degrees": 5.1, "slope_class": "Moderate slope", "slope_risk": 12, "heritage_sensitivity": 64, "heritage_type_risk": 86, "heritage_type_risk_label": "Rock art / rock shelter", "slope_data_quality": "Sampled from slope raster", "burn_management_context": "Inside DBCA burn option area", "burn_management_risk": 35, "vulnerability_score": 65, "vulnerability_level": "Medium"}}, {"type": "Feature", "geometry": {"type": "Polygon", "coordinates": [[[116.926210062, -35.056349936], [116.925657047, -35.057450366], [116.9272302, -35.058839031], [116.925860266, -35.063344978], [116.921002411, -35.064479415], [116.920601447, -35.063255958], [116.918284723, -35.063974168], [116.916925023, -35.06175451], [116.915116163, -35.062194575], [116.915415681, -35.059319036], [116.918489244, -35.060629229], [116.923938525, -35.060720625], [116.924583353, -35.056669856], [116.926210062, -35.056349936]]]}, "properties": {"layer": "Heritage", "heritage_kind": "Aboriginal", "id": 4700, "identifier": "ACH-00004700", "name": "POINT IRWIN QUARRY", "place_status": "Register", "place_type": "Artefacts / Scatter; Quarry", "region": "Southern", "culturally_sensitive": "No", "restricted_place": "No", "boundary_reliable": "No", "source": "Register", "longitude": 116.916691, "latitude": -35.060431, "fuel_code": 520, "fuel_class": "Shrubland", "fuel_risk": 82, "slope_degrees": 1.87, "slope_class": "Low slope", "slope_risk": 12, "heritage_sensitivity": 64, "heritage_type_risk": 86, "heritage_type_risk_label": "Rock art / rock shelter", "slope_data_quality": "Sampled from slope raster", "burn_management_context": "Inside DBCA burn option area", "burn_management_risk": 35, "vulnerability_score": 63, "vulnerability_level": "Medium"}}, {"type": "Feature", "geometry": {"type": "Polygon", "coordinates": [[[117.629393127, -34.37085173], [117.629003419, -34.371046066], [117.629026911, -34.370863108], [117.629393127, -34.37085173]]]}, "properties": {"layer": "Heritage", "heritage_kind": "Aboriginal", "id": 4968, "identifier": "ACH-00004968", "name": "WONGALILLUP", "place_status": "Register", "place_type": "Artefacts / Scatter; Ritual / Ceremonial; Traditional Structure", "region": "Southern", "culturally_sensitive": "No", "restricted_place": "No", "boundary_reliable": "No", "source": "Register", "longitude": 117.629205, "latitude": -34.370991, "fuel_code": 640, "fuel_class": "Croplands", "fuel_risk": 50, "slope_degrees": 1.79, "slope_class": "Low slope", "slope_risk": 12, "heritage_sensitivity": 84, "heritage_type_risk": 86, "heritage_type_risk_label": "Rock art / rock shelter", "slope_data_quality": "Sampled from slope raster", "burn_management_context": "No burn option overlap", "burn_management_risk": 65, "vulnerability_score": 50, "vulnerability_level": "Medium"}}, {"type": "Feature", "geometry": {"type": "Polygon", "coordinates": [[[117.023239032, -34.204682256], [117.012384231, -34.204683759], [117.01238293798795, -34.19577284590814], [117.0232365553802, -34.19577284590814], [117.023239032, -34.204682256]]]}, "properties": {"layer": "Heritage", "heritage_kind": "Aboriginal", "id": 4970, "identifier": "ACH-00004970", "name": "YERIMINUP BURIAL 2", "place_status": "Register", "place_type": "Burial", "region": "Southern", "culturally_sensitive": "No", "restricted_place": "No", "boundary_reliable": "No", "source": "Register", "longitude": 117.017811, "latitude": -34.201879, "fuel_code": 433, "fuel_class": "Low woodland with grassy understory", "fuel_risk": 66, "slope_degrees": 2.92, "slope_class": "Low slope", "slope_risk": 12, "heritage_sensitivity": 88, "heritage_type_risk": 76, "heritage_type_risk_label": "Burial or grave", "slope_data_quality": "Sampled from slope raster", "burn_management_context": "No burn option overlap", "burn_management_risk": 65, "vulnerability_score": 55, "vulnerability_level": "Medium"}}, {"type": "Feature", "geometry": {"type": "Polygon", "coordinates": [[[116.931365437, -35.043509422], [116.928661484, -35.047126266], [116.92902618, -35.050599368], [116.928055325, -35.052220699], [116.928447053, -35.050250823], [116.926220616, -35.047876196], [116.925477362, -35.044247076], [116.931365437, -35.043509422]]]}, "properties": {"layer": "Heritage", "heritage_kind": "Aboriginal", "id": 5181, "identifier": "ACH-00005181", "name": "NORNALUP NATIONAL PARK", "place_status": "Register", "place_type": "Artefacts / Scatter", "region": "Southern", "culturally_sensitive": "No", "restricted_place": "No", "boundary_reliable": "No", "source": "Register", "longitude": 116.927359, "latitude": -35.047762, "fuel_code": 510, "fuel_class": "Tall shrubland", "fuel_risk": 88, "slope_degrees": 1.5, "slope_class": "Low slope", "slope_risk": 12, "heritage_sensitivity": 64, "heritage_type_risk": 86, "heritage_type_risk_label": "Rock art / rock shelter", "slope_data_quality": "Sampled from slope raster", "burn_management_context": "Inside DBCA burn option area", "burn_management_risk": 35, "vulnerability_score": 66, "vulnerability_level": "Medium"}}, {"type": "Feature", "geometry": {"type": "Polygon", "coordinates": [[[117.371024918, -34.303327275], [117.381892102, -34.303293875], [117.381933032, -34.312312269], [117.371064652, -34.312345667], [117.371024918, -34.303327275]]]}, "properties": {"layer": "Heritage", "heritage_kind": "Aboriginal", "id": 5698, "identifier": "ACH-00005698", "name": "TENTERDIN WEST", "place_status": "Register", "place_type": "Modified Tree", "region": "Southern", "culturally_sensitive": "No", "restricted_place": "No", "boundary_reliable": "No", "source": "Register", "longitude": 117.376479, "latitude": -34.30782, "fuel_code": 631, "fuel_class": "Grassland", "fuel_risk": 62, "slope_degrees": 0.66, "slope_class": "Low slope", "slope_risk": 12, "heritage_sensitivity": 64, "heritage_type_risk": 95, "heritage_type_risk_label": "Wood or tree-based heritage", "slope_data_quality": "Sampled from slope raster", "burn_management_context": "No burn option overlap", "burn_management_risk": 65, "vulnerability_score": 58, "vulnerability_level": "Medium"}}, {"type": "Feature", "geometry": {"type": "MultiPolygon", "coordinates": [[[[117.641718301, -34.501817811], [117.642273993, -34.501905822], [117.64195214, -34.502139663], [117.641718301, -34.501817811]]], [[[117.640574349, -34.505118858], [117.641437056, -34.50523009], [117.640920737, -34.505615432], [117.640574349, -34.505118858]]]]}, "properties": {"layer": "Heritage", "heritage_kind": "Aboriginal", "id": 5189, "identifier": "ACH-00005189", "name": "LALLEYS FARM POSSUM TREES", "place_status": "Register", "place_type": "Modified Tree", "region": "Southern", "culturally_sensitive": "No", "restricted_place": "No", "boundary_reliable": "No", "source": "Register", "longitude": 117.641004, "latitude": -34.505202, "fuel_code": 631, "fuel_class": "Grassland", "fuel_risk": 62, "slope_degrees": 2.95, "slope_class": "Low slope", "slope_risk": 12, "heritage_sensitivity": 64, "heritage_type_risk": 95, "heritage_type_risk_label": "Wood or tree-based heritage", "slope_data_quality": "Sampled from slope raster", "burn_management_context": "No burn option overlap", "burn_management_risk": 65, "vulnerability_score": 58, "vulnerability_level": "Medium"}}, {"type": "Feature", "geometry": {"type": "Polygon", "coordinates": [[[117.620502298, -34.239188814], [117.631360784, -34.239133304], [117.631428203, -34.248151414], [117.620568414, -34.248206922], [117.620502298, -34.239188814]]]}, "properties": {"layer": "Heritage", "heritage_kind": "Aboriginal", "id": 5732, "identifier": "ACH-00005732", "name": "SALT LAKE.", "place_status": "Register", "place_type": "Artefacts / Scatter; Camp", "region": "Southern", "culturally_sensitive": "No", "restricted_place": "No", "boundary_reliable": "No", "source": "Register", "longitude": 117.625965, "latitude": -34.24367, "fuel_code": 640, "fuel_class": "Croplands", "fuel_risk": 50, "slope_degrees": 2.92, "slope_class": "Low slope", "slope_risk": 12, "heritage_sensitivity": 64, "heritage_type_risk": 86, "heritage_type_risk_label": "Rock art / rock shelter", "slope_data_quality": "Sampled from slope raster", "burn_management_context": "No burn option overlap", "burn_management_risk": 65, "vulnerability_score": 50, "vulnerability_level": "Medium"}}, {"type": "Feature", "geometry": {"type": "Polygon", "coordinates": [[[117.951613854, -34.986503143], [117.951301704, -34.98519892], [117.952811559, -34.985308944], [117.952461858, -34.986032033], [117.951613854, -34.986503143]]]}, "properties": {"layer": "Heritage", "heritage_kind": "Aboriginal", "id": 637, "identifier": "ACH-00000637", "name": "GREEN ISLAND", "place_status": "Register", "place_type": "Creation / Dreaming Narrative; Historical", "region": "Southern", "culturally_sensitive": "No", "restricted_place": "No", "boundary_reliable": "Yes", "source": "Register", "longitude": 117.951999, "latitude": -34.985768, "fuel_code": 910, "fuel_class": "Water", "fuel_risk": 5, "slope_degrees": 0.0, "slope_class": "Low slope", "slope_risk": 12, "heritage_sensitivity": 80, "heritage_type_risk": 72, "heritage_type_risk_label": "Ceremonial / narrative place", "slope_data_quality": "Sampled from slope raster", "burn_management_context": "No burn option overlap", "burn_management_risk": 65, "vulnerability_score": 26, "vulnerability_level": "Low"}}, {"type": "Feature", "geometry": {"type": "Polygon", "coordinates": [[[117.948960489, -34.943689598], [117.95926913, -34.947952305], [117.962380061, -34.948396824], [117.964221207, -34.947466838], [117.96694672, -34.948199044], [117.967078385, -34.949606521], [117.970832325, -34.949491829], [117.974576709, -34.951741215], [117.979034233, -34.952212163], [117.973431075, -34.960253647], [117.975836009, -34.965419995], [117.975022418, -34.967373295], [117.976444011, -34.9680914], [117.980107607, -34.977629181], [117.979952898, -34.990389497], [117.972182108, -34.995306702], [117.96524491, -34.996527005], [117.954603828, -34.995584213], [117.951198836, -34.99666392], [117.95020813, -34.998275168], [117.948483842, -34.998120817], [117.944742959, -34.996233935], [117.943581375, -34.993182546], [117.941075782, -34.990922251], [117.939751085, -34.991378963], [117.940852188, -34.988788958], [117.939418299, -34.986047877], [117.939679108, -34.982698673], [117.943077496, -34.980387581], [117.946198885, -34.979996167], [117.945483566, -34.975450861], [117.947490143, -34.969140343], [117.946796337, -34.967463951], [117.947835726, -34.963938342], [117.944987886, -34.954771157], [117.947920985, -34.948213669], [117.948471325, -34.945406789], [117.947454326, -34.945450888], [117.948960489, -34.943689598]]]}, "properties": {"layer": "Heritage", "heritage_kind": "Aboriginal", "id": 636, "identifier": "ACH-00000636", "name": "OYSTER HARBOUR (total)", "place_status": "Register", "place_type": "Creation / Dreaming Narrative", "region": "Southern", "culturally_sensitive": "No", "restricted_place": "No", "boundary_reliable": "Yes", "source": "Register", "longitude": 117.962083, "latitude": -34.970992, "fuel_code": 910, "fuel_class": "Water", "fuel_risk": 5, "slope_degrees": 0.0, "slope_class": "Low slope", "slope_risk": 12, "heritage_sensitivity": 80, "heritage_type_risk": 72, "heritage_type_risk_label": "Ceremonial / narrative place", "slope_data_quality": "Sampled from slope raster", "burn_management_context": "No burn option overlap", "burn_management_risk": 65, "vulnerability_score": 26, "vulnerability_level": "Low"}}, {"type": "Feature", "geometry": {"type": "Polygon", "coordinates": [[[117.325635504, -35.007492662], [117.347411595, -35.009882377], [117.344508495, -35.027798766], [117.322728705, -35.025408749], [117.325635504, -35.007492662]]]}, "properties": {"layer": "Heritage", "heritage_kind": "Aboriginal", "id": 4436, "identifier": "ACH-00004436", "name": "PODDY POINT BURIAL", "place_status": "Register", "place_type": "Burial", "region": "Southern", "culturally_sensitive": "Yes", "restricted_place": "Yes", "boundary_reliable": "No", "source": "Register", "longitude": 117.335071, "latitude": -35.017646, "fuel_code": 960, "fuel_class": "Bare ground", "fuel_risk": 12, "slope_degrees": 1.09, "slope_class": "Low slope", "slope_risk": 12, "heritage_sensitivity": 100, "heritage_type_risk": 76, "heritage_type_risk_label": "Burial or grave", "slope_data_quality": "Sampled from slope raster", "burn_management_context": "No burn option overlap", "burn_management_risk": 65, "vulnerability_score": 31, "vulnerability_level": "Low"}}, {"type": "Feature", "geometry": {"type": "Polygon", "coordinates": [[[117.929231788, -35.085340711], [117.928872462, -35.085340711], [117.929052125, -35.085193693], [117.929231788, -35.085340711]]]}, "properties": {"layer": "Heritage", "heritage_kind": "Aboriginal", "id": 4456, "identifier": "ACH-00004456", "name": "LAKE VANCOUVER", "place_status": "Register", "place_type": "Artefacts / Scatter", "region": "Southern", "culturally_sensitive": "No", "restricted_place": "No", "boundary_reliable": "Yes", "source": "Register", "longitude": 117.929052, "latitude": -35.085353, "fuel_code": 930, "fuel_class": "Wildland urban interface 2", "fuel_risk": 70, "slope_degrees": 4.09, "slope_class": "Low slope", "slope_risk": 12, "heritage_sensitivity": 60, "heritage_type_risk": 86, "heritage_type_risk_label": "Rock art / rock shelter", "slope_data_quality": "Sampled from slope raster", "burn_management_context": "No burn option overlap", "burn_management_risk": 65, "vulnerability_score": 59, "vulnerability_level": "Medium"}}, {"type": "Feature", "geometry": {"type": "Polygon", "coordinates": [[[117.147301588, -35.010116944], [117.144920187, -35.011710545], [117.142934285, -35.009784745], [117.145342384, -35.008117944], [117.147301588, -35.010116944]]]}, "properties": {"layer": "Heritage", "heritage_kind": "Aboriginal", "id": 4485, "identifier": "ACH-00004485", "name": "PARRY INLET FISH TRAP", "place_status": "Register", "place_type": "Artefacts / Scatter; Fish Trap", "region": "Southern", "culturally_sensitive": "No", "restricted_place": "No", "boundary_reliable": "Yes", "source": "Register", "longitude": 117.145122, "latitude": -35.009921, "fuel_code": 800, "fuel_class": "Wetlands", "fuel_risk": 35, "slope_degrees": 0.0, "slope_class": "Low slope", "slope_risk": 12, "heritage_sensitivity": 60, "heritage_type_risk": 86, "heritage_type_risk_label": "Rock art / rock shelter", "slope_data_quality": "Sampled from slope raster", "burn_management_context": "No burn option overlap", "burn_management_risk": 65, "vulnerability_score": 44, "vulnerability_level": "Medium"}}, {"type": "Feature", "geometry": {"type": "Polygon", "coordinates": [[[117.919479326, -34.752750462], [117.925177323, -34.755764461], [117.926230737, -34.761176665], [117.92196269, -34.765511684], [117.915199243, -34.765726272], [117.910848025, -34.76230225], [117.910374852, -34.757673543], [117.913625915, -34.753881648], [117.919479326, -34.752750462]]]}, "properties": {"layer": "Heritage", "heritage_kind": "Aboriginal", "id": 4455, "identifier": "ACH-00004455", "name": "MORANDE LAKE", "place_status": "Register", "place_type": "Artefacts / Scatter; Quarry", "region": "Southern", "culturally_sensitive": "No", "restricted_place": "No", "boundary_reliable": "Yes", "source": "Register", "longitude": 117.918294, "latitude": -34.759481, "fuel_code": 631, "fuel_class": "Grassland", "fuel_risk": 62, "slope_degrees": 1.26, "slope_class": "Low slope", "slope_risk": 12, "heritage_sensitivity": 60, "heritage_type_risk": 86, "heritage_type_risk_label": "Rock art / rock shelter", "slope_data_quality": "Sampled from slope raster", "burn_management_context": "No burn option overlap", "burn_management_risk": 65, "vulnerability_score": 56, "vulnerability_level": "Medium"}}, {"type": "Feature", "geometry": {"type": "Polygon", "coordinates": [[[117.433210391, -34.985398942], [117.431334885, -34.988321642], [117.427268271, -34.989393236], [117.423500953, -34.987739028], [117.422292543, -34.984586922], [117.424223847, -34.981452823], [117.428300964, -34.980409429], [117.432051084, -34.982089637], [117.433210391, -34.985398942]]]}, "properties": {"layer": "Heritage", "heritage_kind": "Aboriginal", "id": 4554, "identifier": "ACH-00004554", "name": "CRUSOE BEACH ARRANGEMENT", "place_status": "Register", "place_type": "Fish Trap; Traditional Structure", "region": "Southern", "culturally_sensitive": "No", "restricted_place": "No", "boundary_reliable": "No", "source": "Register", "longitude": 117.427762, "latitude": -34.984918, "fuel_code": 910, "fuel_class": "Water", "fuel_risk": 5, "slope_degrees": 0.7, "slope_class": "Low slope", "slope_risk": 12, "heritage_sensitivity": 64, "heritage_type_risk": 64, "heritage_type_risk_label": "General Aboriginal heritage place", "slope_data_quality": "Sampled from slope raster", "burn_management_context": "No burn option overlap", "burn_management_risk": 65, "vulnerability_score": 24, "vulnerability_level": "Low"}}, {"type": "Feature", "geometry": {"type": "Polygon", "coordinates": [[[117.418218816, -34.837563379], [117.416345404, -34.840487377], [117.412283883, -34.84155917], [117.408521672, -34.839903765], [117.40731527, -34.836749961], [117.40924447, -34.833614351], [117.413316489, -34.832570758], [117.417061511, -34.834252173], [117.418218816, -34.837563379]]]}, "properties": {"layer": "Heritage", "heritage_kind": "Aboriginal", "id": 4555, "identifier": "ACH-00004555", "name": "MITCHELL RIVER.", "place_status": "Register", "place_type": "Artefacts / Scatter; Other; Quarry; Water Source", "region": "Southern", "culturally_sensitive": "No", "restricted_place": "No", "boundary_reliable": "No", "source": "Register", "longitude": 117.412777, "latitude": -34.837082, "fuel_code": 610, "fuel_class": "Sedgeland", "fuel_risk": 58, "slope_degrees": 1.17, "slope_class": "Low slope", "slope_risk": 12, "heritage_sensitivity": 76, "heritage_type_risk": 86, "heritage_type_risk_label": "Rock art / rock shelter", "slope_data_quality": "Sampled from slope raster", "burn_management_context": "No burn option overlap", "burn_management_risk": 65, "vulnerability_score": 54, "vulnerability_level": "Medium"}}, {"type": "Feature", "geometry": {"type": "Polygon", "coordinates": [[[117.90874331, -35.084354863], [117.906371118, -35.085958872], [117.904370928, -35.084042675], [117.90676942, -35.082365367], [117.90874331, -35.084354863]]]}, "properties": {"layer": "Heritage", "heritage_kind": "Aboriginal", "id": 4837, "identifier": "ACH-00004837", "name": "LIMEKILNS POINT", "place_status": "Register", "place_type": "Fish Trap; Traditional Structure", "region": "Southern", "culturally_sensitive": "No", "restricted_place": "No", "boundary_reliable": "Yes", "source": "Register", "longitude": 117.906561, "latitude": -35.084169, "fuel_code": 930, "fuel_class": "Wildland urban interface 2", "fuel_risk": 70, "slope_degrees": 2.53, "slope_class": "Low slope", "slope_risk": 12, "heritage_sensitivity": 60, "heritage_type_risk": 64, "heritage_type_risk_label": "General Aboriginal heritage place", "slope_data_quality": "Sampled from slope raster", "burn_management_context": "No burn option overlap", "burn_management_risk": 65, "vulnerability_score": 54, "vulnerability_level": "Medium"}}, {"type": "Feature", "geometry": {"type": "Polygon", "coordinates": [[[117.274478635, -35.022070189], [117.272098839, -35.023665485], [117.270110546, -35.021741386], [117.272517041, -35.020072791], [117.274478635, -35.022070189]]]}, "properties": {"layer": "Heritage", "heritage_kind": "Aboriginal", "id": 4910, "identifier": "ACH-00004910", "name": "LIGHTS BEACH", "place_status": "Register", "place_type": "Artefacts / Scatter", "region": "Southern", "culturally_sensitive": "No", "restricted_place": "No", "boundary_reliable": "Yes", "source": "Register", "longitude": 117.272299, "latitude": -35.021876, "fuel_code": 532, "fuel_class": "Open shrubland with grassy understory", "fuel_risk": 68, "slope_degrees": 2.18, "slope_class": "Low slope", "slope_risk": 12, "heritage_sensitivity": 60, "heritage_type_risk": 86, "heritage_type_risk_label": "Rock art / rock shelter", "slope_data_quality": "Sampled from slope raster", "burn_management_context": "No burn option overlap", "burn_management_risk": 65, "vulnerability_score": 58, "vulnerability_level": "Medium"}}, {"type": "Feature", "geometry": {"type": "Polygon", "coordinates": [[[118.000654671, -34.894961644], [118.001592961, -34.892960043], [118.003119874, -34.891986949], [118.002980189, -34.894998347], [118.000654671, -34.894961644]]]}, "properties": {"layer": "Heritage", "heritage_kind": "Aboriginal", "id": 5523, "identifier": "ACH-00005523", "name": "KALGAN HALL", "place_status": "Register", "place_type": "Sub surface cultural material; Artefacts / Scatter", "region": "Southern", "culturally_sensitive": "No", "restricted_place": "No", "boundary_reliable": "Yes", "source": "Register", "longitude": 118.002418, "latitude": -34.893844, "fuel_code": 930, "fuel_class": "Wildland urban interface 2", "fuel_risk": 70, "slope_degrees": null, "slope_class": "Unknown", "slope_risk": 35, "heritage_sensitivity": 60, "heritage_type_risk": 86, "heritage_type_risk_label": "Rock art / rock shelter", "slope_data_quality": "Unavailable at sampled point; high classification capped", "burn_management_context": "No burn option overlap", "burn_management_risk": 65, "vulnerability_score": 65, "vulnerability_level": "Medium"}}, {"type": "Feature", "geometry": {"type": "Polygon", "coordinates": [[[117.027290832, -35.028289023], [117.024311535, -35.030278728], [117.022518837, -35.02953333], [117.02183134, -35.027870029], [117.02280284, -35.026305527], [117.024844137, -35.025788724], [117.026716933, -35.026633222], [117.027290832, -35.028289023]]]}, "properties": {"layer": "Heritage", "heritage_kind": "Aboriginal", "id": 4944, "identifier": "ACH-00004944", "name": "FOUL BAY EAST", "place_status": "Register", "place_type": "Artefacts / Scatter", "region": "Southern", "culturally_sensitive": "No", "restricted_place": "No", "boundary_reliable": "Yes", "source": "Register", "longitude": 117.024566, "latitude": -35.028042, "fuel_code": 632, "fuel_class": "Open grassland", "fuel_risk": 48, "slope_degrees": 2.89, "slope_class": "Low slope", "slope_risk": 12, "heritage_sensitivity": 60, "heritage_type_risk": 86, "heritage_type_risk_label": "Rock art / rock shelter", "slope_data_quality": "Sampled from slope raster", "burn_management_context": "No burn option overlap", "burn_management_risk": 65, "vulnerability_score": 49, "vulnerability_level": "Medium"}}, {"type": "Feature", "geometry": {"type": "Polygon", "coordinates": [[[117.077726899, -35.033626569], [117.075344002, -35.035218973], [117.073358902, -35.033292573], [117.0757685, -35.03162697], [117.077726899, -35.033626569]]]}, "properties": {"layer": "Heritage", "heritage_kind": "Aboriginal", "id": 4945, "identifier": "ACH-00004945", "name": "BOAT HARBOUR", "place_status": "Register", "place_type": "Artefacts / Scatter", "region": "Southern", "culturally_sensitive": "No", "restricted_place": "No", "boundary_reliable": "Yes", "source": "Register", "longitude": 117.075547, "latitude": -35.03343, "fuel_code": 910, "fuel_class": "Water", "fuel_risk": 5, "slope_degrees": 1.89, "slope_class": "Low slope", "slope_risk": 12, "heritage_sensitivity": 60, "heritage_type_risk": 86, "heritage_type_risk_label": "Rock art / rock shelter", "slope_data_quality": "Sampled from slope raster", "burn_management_context": "No burn option overlap", "burn_management_risk": 65, "vulnerability_score": 30, "vulnerability_level": "Low"}}, {"type": "Feature", "geometry": {"type": "Polygon", "coordinates": [[[117.439881962, -34.328782865], [117.440015603, -34.319647586], [117.448046984, -34.319477487], [117.44819165, -34.330531765], [117.439881962, -34.328782865]]]}, "properties": {"layer": "Heritage", "heritage_kind": "Aboriginal", "id": 5339, "identifier": "ACH-00005339", "name": "TWONGKUP.", "place_status": "Register", "place_type": "Burial; Artefacts / Scatter; Modified Tree; Other", "region": "Southern", "culturally_sensitive": "No", "restricted_place": "No", "boundary_reliable": "Yes", "source": "Register", "longitude": 117.444026, "latitude": -34.326658, "fuel_code": 433, "fuel_class": "Low woodland with grassy understory", "fuel_risk": 66, "slope_degrees": 3.28, "slope_class": "Low slope", "slope_risk": 12, "heritage_sensitivity": 84, "heritage_type_risk": 95, "heritage_type_risk_label": "Wood or tree-based heritage", "slope_data_quality": "Sampled from slope raster", "burn_management_context": "No burn option overlap", "burn_management_risk": 65, "vulnerability_score": 60, "vulnerability_level": "Medium"}}, {"type": "Feature", "geometry": {"type": "Polygon", "coordinates": [[[117.466750418, -34.616243498], [117.465502418, -34.618085302], [117.463197417, -34.618643804], [117.461050414, -34.617753603], [117.46022081, -34.615756999], [117.461375208, -34.613873895], [117.463813411, -34.613246493], [117.466056516, -34.614255494], [117.466750418, -34.616243498]]]}, "properties": {"layer": "Heritage", "heritage_kind": "Aboriginal", "id": 4836, "identifier": "ACH-00004836", "name": "PAUL CREEK SCARRED TREE", "place_status": "Register", "place_type": "Modified Tree", "region": "Southern", "culturally_sensitive": "No", "restricted_place": "No", "boundary_reliable": "Yes", "source": "Register", "longitude": 117.463492, "latitude": -34.615955, "fuel_code": 220, "fuel_class": "Open forest", "fuel_risk": 86, "slope_degrees": 5.12, "slope_class": "Moderate slope", "slope_risk": 12, "heritage_sensitivity": 60, "heritage_type_risk": 95, "heritage_type_risk_label": "Wood or tree-based heritage", "slope_data_quality": "Sampled from slope raster", "burn_management_context": "No burn option overlap", "burn_management_risk": 65, "vulnerability_score": 69, "vulnerability_level": "High"}}, {"type": "Feature", "geometry": {"type": "Polygon", "coordinates": [[[117.919552914, -35.035727494], [117.919279081, -35.035716513], [117.919426199, -35.035606762], [117.919552914, -35.035727494]]]}, "properties": {"layer": "Heritage", "heritage_kind": "Aboriginal", "id": 5743, "identifier": "ACH-00005743", "name": "KING POINT, ALBANY.", "place_status": "Register", "place_type": "Other", "region": "Southern", "culturally_sensitive": "No", "restricted_place": "No", "boundary_reliable": "Yes", "source": "Register", "longitude": 117.919416, "latitude": -35.035719, "fuel_code": 960, "fuel_class": "Bare ground", "fuel_risk": 12, "slope_degrees": 6.51, "slope_class": "Moderate slope", "slope_risk": 18, "heritage_sensitivity": 60, "heritage_type_risk": 64, "heritage_type_risk_label": "General Aboriginal heritage place", "slope_data_quality": "Sampled from slope raster", "burn_management_context": "No burn option overlap", "burn_management_risk": 65, "vulnerability_score": 29, "vulnerability_level": "Low"}}, {"type": "Feature", "geometry": {"type": "Polygon", "coordinates": [[[117.467661887, -35.007238073], [117.461921475, -35.006082171], [117.460378773, -35.003553772], [117.461716377, -35.003187173], [117.467700589, -35.006078474], [117.467661887, -35.007238073]]]}, "properties": {"layer": "Heritage", "heritage_kind": "Aboriginal", "id": 4600, "identifier": "ACH-00004600", "name": "MARBALUP FISH TRAPS", "place_status": "Register", "place_type": "Artefacts / Scatter; Fish Trap; Traditional Structure", "region": "Southern", "culturally_sensitive": "No", "restricted_place": "No", "boundary_reliable": "Yes", "source": "Register", "longitude": 117.46357, "latitude": -35.005247, "fuel_code": 800, "fuel_class": "Wetlands", "fuel_risk": 35, "slope_degrees": 2.87, "slope_class": "Low slope", "slope_risk": 12, "heritage_sensitivity": 60, "heritage_type_risk": 86, "heritage_type_risk_label": "Rock art / rock shelter", "slope_data_quality": "Sampled from slope raster", "burn_management_context": "No burn option overlap", "burn_management_risk": 65, "vulnerability_score": 44, "vulnerability_level": "Medium"}}, {"type": "Feature", "geometry": {"type": "Polygon", "coordinates": [[[117.971035311, -34.94985853], [117.967240231, -34.954125889], [117.960930274, -34.955118369], [117.955491931, -34.952303163], [117.953843665, -34.947191189], [117.955150445, -34.944154426], [117.957564629, -34.942085864], [117.964250576, -34.940939326], [117.969907564, -34.944089606], [117.971187602, -34.946757773], [117.971035311, -34.94985853]]]}, "properties": {"layer": "Heritage", "heritage_kind": "Aboriginal", "id": 5744, "identifier": "ACH-00005744", "name": "OYSTER HARBOUR, ALBANY.", "place_status": "Register", "place_type": "Artefacts / Scatter; Camp; Fish Trap; Other", "region": "Southern", "culturally_sensitive": "No", "restricted_place": "No", "boundary_reliable": "No", "source": "Register", "longitude": 117.962554, "latitude": -34.948053, "fuel_code": 520, "fuel_class": "Shrubland", "fuel_risk": 82, "slope_degrees": 4.57, "slope_class": "Low slope", "slope_risk": 12, "heritage_sensitivity": 64, "heritage_type_risk": 86, "heritage_type_risk_label": "Rock art / rock shelter", "slope_data_quality": "Sampled from slope raster", "burn_management_context": "No burn option overlap", "burn_management_risk": 65, "vulnerability_score": 65, "vulnerability_level": "Medium"}}, {"type": "Feature", "geometry": {"type": "Polygon", "coordinates": [[[117.326251884, -35.025563059], [117.32521682, -35.025548187], [117.324746874, -35.024230559], [117.325778965, -35.024254353], [117.326251884, -35.025563059]]]}, "properties": {"layer": "Heritage", "heritage_kind": "Aboriginal", "id": 4668, "identifier": "ACH-00004668", "name": "KATELYSIA ROCK SHELTER.", "place_status": "Register", "place_type": "Sub surface cultural material; Artefacts / Scatter; Midden; Rock Shelter", "region": "Southern", "culturally_sensitive": "No", "restricted_place": "No", "boundary_reliable": "Yes", "source": "Register", "longitude": 117.325435, "latitude": -35.024891, "fuel_code": 510, "fuel_class": "Tall shrubland", "fuel_risk": 88, "slope_degrees": 5.46, "slope_class": "Moderate slope", "slope_risk": 14, "heritage_sensitivity": 76, "heritage_type_risk": 86, "heritage_type_risk_label": "Rock art / rock shelter", "slope_data_quality": "Sampled from slope raster", "burn_management_context": "No burn option overlap", "burn_management_risk": 65, "vulnerability_score": 68, "vulnerability_level": "High"}}, {"type": "Feature", "geometry": {"type": "Polygon", "coordinates": [[[117.996342447, -34.900280372], [117.996695335, -34.899724468], [117.996866038, -34.899930768], [117.996342447, -34.900280372]]]}, "properties": {"layer": "Heritage", "heritage_kind": "Aboriginal", "id": 5746, "identifier": "ACH-00005746", "name": "KALGAN RIVER", "place_status": "Register", "place_type": "Creation / Dreaming Narrative; Fish Trap", "region": "Southern", "culturally_sensitive": "No", "restricted_place": "No", "boundary_reliable": "No", "source": "Register", "longitude": 117.996364, "latitude": -34.900029, "fuel_code": 230, "fuel_class": "Low open forest", "fuel_risk": 76, "slope_degrees": 6.62, "slope_class": "Moderate slope", "slope_risk": 18, "heritage_sensitivity": 84, "heritage_type_risk": 72, "heritage_type_risk_label": "Ceremonial / narrative place", "slope_data_quality": "Sampled from slope raster", "burn_management_context": "No burn option overlap", "burn_management_risk": 65, "vulnerability_score": 60, "vulnerability_level": "Medium"}}, {"type": "Feature", "geometry": {"type": "Polygon", "coordinates": [[[117.657499194, -34.598179713], [117.654542201, -34.600183514], [117.652663303, -34.599357917], [117.652058001, -34.597780519], [117.653017198, -34.596210119], [117.655047795, -34.595684918], [117.656918193, -34.596523615], [117.657499194, -34.598179713]]]}, "properties": {"layer": "Heritage", "heritage_kind": "Aboriginal", "id": 4607, "identifier": "ACH-00004607", "name": "SPRING HILL.", "place_status": "Register", "place_type": "Artefacts / Scatter; Camp; Plant Resource; Water Source", "region": "Southern", "culturally_sensitive": "No", "restricted_place": "No", "boundary_reliable": "Yes", "source": "Register", "longitude": 117.654784, "latitude": -34.597943, "fuel_code": 631, "fuel_class": "Grassland", "fuel_risk": 62, "slope_degrees": 7.14, "slope_class": "Moderate slope", "slope_risk": 20, "heritage_sensitivity": 72, "heritage_type_risk": 86, "heritage_type_risk_label": "Rock art / rock shelter", "slope_data_quality": "Sampled from slope raster", "burn_management_context": "No burn option overlap", "burn_management_risk": 65, "vulnerability_score": 58, "vulnerability_level": "Medium"}}, {"type": "Feature", "geometry": {"type": "Polygon", "coordinates": [[[117.362135793, -34.986415719], [117.361586651, -34.986119781], [117.362134483, -34.98611815], [117.362135793, -34.986415719]]]}, "properties": {"layer": "Heritage", "heritage_kind": "Aboriginal", "id": 5707, "identifier": "ACH-00005707", "name": "WILSON'S INLET, DENMARK.", "place_status": "Register", "place_type": "Traditional Structure; Other", "region": "Southern", "culturally_sensitive": "No", "restricted_place": "No", "boundary_reliable": "Yes", "source": "Register", "longitude": 117.361861, "latitude": -34.986268, "fuel_code": 230, "fuel_class": "Low open forest", "fuel_risk": 76, "slope_degrees": 8.21, "slope_class": "Moderate slope", "slope_risk": 24, "heritage_sensitivity": 60, "heritage_type_risk": 64, "heritage_type_risk_label": "General Aboriginal heritage place", "slope_data_quality": "Sampled from slope raster", "burn_management_context": "No burn option overlap", "burn_management_risk": 65, "vulnerability_score": 59, "vulnerability_level": "Medium"}}, {"type": "Feature", "geometry": {"type": "Polygon", "coordinates": [[[117.697517755, -35.050579401], [117.69603002, -35.049704263], [117.69780812, -35.049910461], [117.697517755, -35.050579401]]]}, "properties": {"layer": "Heritage", "heritage_kind": "Aboriginal", "id": 5708, "identifier": "ACH-00005708", "name": "MUTTON BIRD ISLAND.", "place_status": "Register", "place_type": "Other", "region": "Southern", "culturally_sensitive": "No", "restricted_place": "No", "boundary_reliable": "Yes", "source": "Register", "longitude": 117.697306, "latitude": -35.050245, "fuel_code": 510, "fuel_class": "Tall shrubland", "fuel_risk": 88, "slope_degrees": 2.34, "slope_class": "Low slope", "slope_risk": 12, "heritage_sensitivity": 60, "heritage_type_risk": 64, "heritage_type_risk_label": "General Aboriginal heritage place", "slope_data_quality": "Sampled from slope raster", "burn_management_context": "No burn option overlap", "burn_management_risk": 65, "vulnerability_score": 62, "vulnerability_level": "Medium"}}, {"type": "Feature", "geometry": {"type": "Polygon", "coordinates": [[[117.628990067, -34.721821631], [117.62662148, -34.723423618], [117.624632464, -34.721501722], [117.62702735, -34.719826335], [117.628990067, -34.721821631]]]}, "properties": {"layer": "Heritage", "heritage_kind": "Aboriginal", "id": 4965, "identifier": "ACH-00004965", "name": "TEST PIT", "place_status": "Register", "place_type": "Artefacts / Scatter", "region": "Southern", "culturally_sensitive": "No", "restricted_place": "No", "boundary_reliable": "Yes", "source": "Register", "longitude": 117.626815, "latitude": -34.721632, "fuel_code": 610, "fuel_class": "Sedgeland", "fuel_risk": 58, "slope_degrees": 6.63, "slope_class": "Moderate slope", "slope_risk": 18, "heritage_sensitivity": 60, "heritage_type_risk": 86, "heritage_type_risk_label": "Rock art / rock shelter", "slope_data_quality": "Sampled from slope raster", "burn_management_context": "No burn option overlap", "burn_management_risk": 65, "vulnerability_score": 55, "vulnerability_level": "Medium"}}, {"type": "Feature", "geometry": {"type": "Polygon", "coordinates": [[[116.991710564, -34.236906444], [116.990633227, -34.237019398], [116.991070206, -34.236519973], [116.991710564, -34.236906444]]]}, "properties": {"layer": "Heritage", "heritage_kind": "Aboriginal", "id": 4969, "identifier": "ACH-00004969", "name": "YERIMINUP BURIAL 1", "place_status": "Register", "place_type": "Burial; Camp; Ritual / Ceremonial; Hunting Place; Meeting Place", "region": "Southern", "culturally_sensitive": "No", "restricted_place": "No", "boundary_reliable": "Yes", "source": "Register", "longitude": 116.991172, "latitude": -34.236963, "fuel_code": 433, "fuel_class": "Low woodland with grassy understory", "fuel_risk": 66, "slope_degrees": 1.2, "slope_class": "Low slope", "slope_risk": 12, "heritage_sensitivity": 84, "heritage_type_risk": 76, "heritage_type_risk_label": "Burial or grave", "slope_data_quality": "Sampled from slope raster", "burn_management_context": "No burn option overlap", "burn_management_risk": 65, "vulnerability_score": 55, "vulnerability_level": "Medium"}}, {"type": "Feature", "geometry": {"type": "Polygon", "coordinates": [[[117.864618645, -35.003826128], [117.862909465, -35.005637545], [117.862147645, -35.005202957], [117.86228742, -35.003431634], [117.864618645, -35.003826128]]]}, "properties": {"layer": "Heritage", "heritage_kind": "Aboriginal", "id": 5188, "identifier": "ACH-00005188", "name": "Weelara Lake (DEADMANS LAKE)", "place_status": "Register", "place_type": "Camp; Other; Water Source", "region": "Southern", "culturally_sensitive": "No", "restricted_place": "No", "boundary_reliable": "Yes", "source": "Register", "longitude": 117.863067, "latitude": -35.004632, "fuel_code": 631, "fuel_class": "Grassland", "fuel_risk": 62, "slope_degrees": 4.8, "slope_class": "Low slope", "slope_risk": 12, "heritage_sensitivity": 72, "heritage_type_risk": 60, "heritage_type_risk_label": "Camp / historical / water source", "slope_data_quality": "Sampled from slope raster", "burn_management_context": "No burn option overlap", "burn_management_risk": 65, "vulnerability_score": 49, "vulnerability_level": "Medium"}}, {"type": "Feature", "geometry": {"type": "Polygon", "coordinates": [[[117.700981046, -34.519050115], [117.698375656, -34.523152624], [117.692709076, -34.524664347], [117.687699397, -34.52259347], [117.6857559, -34.517935774], [117.688438486, -34.513536656], [117.694119664, -34.512064531], [117.699353749, -34.514412217], [117.700981046, -34.519050115]]]}, "properties": {"layer": "Heritage", "heritage_kind": "Aboriginal", "id": 5186, "identifier": "ACH-00005186", "name": "MOORILLUP POOL", "place_status": "Register", "place_type": "Artefacts / Scatter", "region": "Southern", "culturally_sensitive": "No", "restricted_place": "No", "boundary_reliable": "No", "source": "Register", "longitude": 117.693382, "latitude": -34.518388, "fuel_code": 631, "fuel_class": "Grassland", "fuel_risk": 62, "slope_degrees": 2.73, "slope_class": "Low slope", "slope_risk": 12, "heritage_sensitivity": 64, "heritage_type_risk": 86, "heritage_type_risk_label": "Rock art / rock shelter", "slope_data_quality": "Sampled from slope raster", "burn_management_context": "No burn option overlap", "burn_management_risk": 65, "vulnerability_score": 56, "vulnerability_level": "Medium"}}, {"type": "Feature", "geometry": {"type": "Polygon", "coordinates": [[[117.999037068, -34.570981602], [117.996812076, -34.574501403], [117.991956301, -34.575805601], [117.98744213, -34.573832897], [117.985978642, -34.570049892], [117.988269127, -34.566275789], [117.993137591, -34.565005491], [117.997631268, -34.567009397], [117.999037068, -34.570981602]]]}, "properties": {"layer": "Heritage", "heritage_kind": "Aboriginal", "id": 5112, "identifier": "ACH-00005112", "name": "KAMBALLUP POOL", "place_status": "Register", "place_type": "Sub surface cultural material; Artefacts / Scatter", "region": "Southern", "culturally_sensitive": "No", "restricted_place": "No", "boundary_reliable": "No", "source": "Register", "longitude": 117.99252, "latitude": -34.570426, "fuel_code": 433, "fuel_class": "Low woodland with grassy understory", "fuel_risk": 66, "slope_degrees": 1.88, "slope_class": "Low slope", "slope_risk": 12, "heritage_sensitivity": 64, "heritage_type_risk": 86, "heritage_type_risk_label": "Rock art / rock shelter", "slope_data_quality": "Sampled from slope raster", "burn_management_context": "No burn option overlap", "burn_management_risk": 65, "vulnerability_score": 57, "vulnerability_level": "Medium"}}, {"type": "Feature", "geometry": {"type": "Polygon", "coordinates": [[[118.011980994, -35.000774238], [118.008448305, -35.001482851], [118.007122105, -34.99878886], [118.008646703, -34.99741526], [118.010907095, -34.997451151], [118.01203559541987, -34.99826972849214], [118.011980994, -35.000774238]]]}, "properties": {"layer": "Heritage", "heritage_kind": "Aboriginal", "id": 5117, "identifier": "ACH-00005117", "name": "GULL ROCK LAKE ROAD", "place_status": "Register", "place_type": "Artefacts / Scatter", "region": "Southern", "culturally_sensitive": "No", "restricted_place": "No", "boundary_reliable": "Yes", "source": "Register", "longitude": 118.009512, "latitude": -34.99951, "fuel_code": 800, "fuel_class": "Wetlands", "fuel_risk": 35, "slope_degrees": null, "slope_class": "Unknown", "slope_risk": 35, "heritage_sensitivity": 60, "heritage_type_risk": 86, "heritage_type_risk_label": "Rock art / rock shelter", "slope_data_quality": "Unavailable at sampled point; high classification capped", "burn_management_context": "Inside DBCA burn option area", "burn_management_risk": 35, "vulnerability_score": 48, "vulnerability_level": "Medium"}}, {"type": "Feature", "geometry": {"type": "Polygon", "coordinates": [[[117.99065179, -35.009428492], [117.989407897, -35.011271799], [117.987097601, -35.011836816], [117.984831899, -35.010851939], [117.984097297, -35.008963251], [117.985246997, -35.007079144], [117.987690796, -35.006444924], [117.989946293, -35.007445403], [117.99065179, -35.009428492]]]}, "properties": {"layer": "Heritage", "heritage_kind": "Aboriginal", "id": 5118, "identifier": "ACH-00005118", "name": "LEDGE BEACH ROAD", "place_status": "Register", "place_type": "Artefacts / Scatter", "region": "Southern", "culturally_sensitive": "No", "restricted_place": "No", "boundary_reliable": "No", "source": "Register", "longitude": 117.98738, "latitude": -35.009151, "fuel_code": 800, "fuel_class": "Wetlands", "fuel_risk": 35, "slope_degrees": 1.29, "slope_class": "Low slope", "slope_risk": 12, "heritage_sensitivity": 64, "heritage_type_risk": 86, "heritage_type_risk_label": "Rock art / rock shelter", "slope_data_quality": "Sampled from slope raster", "burn_management_context": "Inside DBCA burn option area", "burn_management_risk": 35, "vulnerability_score": 42, "vulnerability_level": "Medium"}}, {"type": "Feature", "geometry": {"type": "Polygon", "coordinates": [[[117.593702102, -34.682502343], [117.597883306, -34.683014947], [117.598704213, -34.68474534], [117.598016819, -34.686469831], [117.595460821, -34.687518823], [117.592983717, -34.686619923], [117.592166509, -34.684489532], [117.593702102, -34.682502343]]]}, "properties": {"layer": "Heritage", "heritage_kind": "Aboriginal", "id": 15087, "identifier": "ACH-00015087", "name": "MT. BARKER 01", "place_status": "Register", "place_type": "Artefacts / Scatter", "region": "Not Recorded", "culturally_sensitive": "No", "restricted_place": "No", "boundary_reliable": "Yes", "source": "Register", "longitude": 117.595424, "latitude": -34.68482, "fuel_code": 631, "fuel_class": "Grassland", "fuel_risk": 62, "slope_degrees": 8.18, "slope_class": "Moderate slope", "slope_risk": 24, "heritage_sensitivity": 60, "heritage_type_risk": 86, "heritage_type_risk_label": "Rock art / rock shelter", "slope_data_quality": "Sampled from slope raster", "burn_management_context": "No burn option overlap", "burn_management_risk": 65, "vulnerability_score": 59, "vulnerability_level": "Medium"}}, {"type": "Feature", "geometry": {"type": "Polygon", "coordinates": [[[117.561441265, -34.666345214], [117.560321172, -34.668101705], [117.557888774, -34.668747204], [117.555740069, -34.667858409], [117.55490836, -34.66586262], [117.556061753, -34.663979125], [117.558500451, -34.663350523], [117.560745455, -34.664358021], [117.561441265, -34.666345214]]]}, "properties": {"layer": "Heritage", "heritage_kind": "Aboriginal", "id": 15093, "identifier": "ACH-00015093", "name": "MT. BARKER 07", "place_status": "Register", "place_type": "Artefacts / Scatter", "region": "Not Recorded", "culturally_sensitive": "No", "restricted_place": "No", "boundary_reliable": "Yes", "source": "Register", "longitude": 117.558181, "latitude": -34.666059, "fuel_code": 960, "fuel_class": "Bare ground", "fuel_risk": 12, "slope_degrees": 2.28, "slope_class": "Low slope", "slope_risk": 12, "heritage_sensitivity": 60, "heritage_type_risk": 86, "heritage_type_risk_label": "Rock art / rock shelter", "slope_data_quality": "Sampled from slope raster", "burn_management_context": "No burn option overlap", "burn_management_risk": 65, "vulnerability_score": 33, "vulnerability_level": "Low"}}, {"type": "Feature", "geometry": {"type": "MultiPolygon", "coordinates": [[[[118.011916711, -34.591587847], [118.007957662, -34.586966738], [118.0035348, -34.58730641], [117.994198258, -34.581772817], [117.99424889, -34.580106246], [117.99571318, -34.579444645], [117.994560267, -34.578460164], [117.995052762, -34.575845002], [117.992211833, -34.568983725], [117.992932733, -34.566348066], [117.985648794, -34.563224138], [117.983374411, -34.559737632], [117.980948155, -34.559462844], [117.977612359, -34.562420979], [117.971044279, -34.564298116], [117.962782369, -34.559413392], [117.958827952, -34.559370494], [117.957289806, -34.557476844], [117.953895989, -34.56040831], [117.950064484, -34.560816964], [117.950589325, -34.553765077], [117.948113005, -34.552551965], [117.946154371, -34.553897093], [117.943221064, -34.552973665], [117.942579648, -34.549448265], [117.934830206, -34.545082739], [117.926894659, -34.546307509], [117.925217824, -34.545509364], [117.924219732, -34.544519834], [117.924532762, -34.542395107], [117.921385913, -34.540501758], [117.922883621, -34.537570372], [117.920437032, -34.536918125], [117.918287459, -34.534489028], [117.914549046, -34.536945406], [117.909502168, -34.537985535], [117.897813831, -34.537215308], [117.895836196, -34.536316101], [117.89738404, -34.535046922], [117.895515857, -34.533723487], [117.893118033, -34.533791414], [117.889411688, -34.531253871], [117.887026355, -34.530959869], [117.88303322, -34.527355295], [117.883315325, -34.5256145], [117.880298342, -34.525964281], [117.879339079, -34.524222073], [117.876589123, -34.523663306], [117.874014884, -34.521452549], [117.867029373, -34.520386661], [117.859479258, -34.521925391], [117.855407348, -34.524021722], [117.844955418, -34.525395653], [117.84183294, -34.527421141], [117.826709774, -34.531606529], [117.822096955, -34.529968081], [117.821644315, -34.525990242], [117.820068038, -34.523397358], [117.820846239, -34.522223768], [117.817859681, -34.518999794], [117.814253513, -34.518852994], [117.809902247, -34.516960789], [117.808289915, -34.515002008], [117.802155476, -34.511770913], [117.799882064, -34.512392224], [117.801185261, -34.510713888], [117.800109703, -34.509504233], [117.795532563, -34.508751832], [117.791902911, -34.506761584], [117.787803694, -34.507589043], [117.784234416, -34.505140444], [117.775719607, -34.505719097], [117.770018376, -34.50816436], [117.767335857, -34.506879183], [117.757782816, -34.508395119], [117.753969848, -34.507189991], [117.749667818, -34.51026025], [117.744868506, -34.510126955], [117.741604839, -34.511960623], [117.738599542, -34.510839793], [117.735293481, -34.513368599], [117.733419279, -34.512984744], [117.73021893, -34.514550641], [117.726857591, -34.514049445], [117.72152806, -34.516039961], [117.71886914, -34.514984202], [117.716293828, -34.515968596], [117.714123664, -34.515666096], [117.714044681, -34.513698392], [117.710839216, -34.512710531], [117.705740261, -34.514424726], [117.700677306, -34.513921286], [117.699534105, -34.51663896], [117.696571598, -34.518914254], [117.689842334, -34.518014787], [117.686705242, -34.516129424], [117.68310508, -34.518991589], [117.684054351, -34.520678939], [117.681341656, -34.524934076], [117.679035333, -34.524558066], [117.670646216, -34.527741837], [117.664574587, -34.526555169], [117.660782769, -34.524756979], [117.656999616, -34.520955843], [117.651152555, -34.520604778], [117.642719225, -34.522875698], [117.634068875, -34.521770397], [117.632836072, -34.520872214], [117.642773838, -34.52230278], [117.651061053, -34.520062524], [117.657079212, -34.520409209], [117.661104379, -34.524285615], [117.670575094, -34.527200708], [117.678815178, -34.524047781], [117.680918326, -34.524514624], [117.683383182, -34.520577353], [117.68249269, -34.518754599], [117.684665241, -34.516256768], [117.686781125, -34.515564933], [117.696636299, -34.517687882], [117.699303868, -34.512877779], [117.705666033, -34.513875892], [117.711009049, -34.512139048], [117.714662523, -34.513298548], [117.715224633, -34.515415513], [117.718995393, -34.514419022], [117.721415226, -34.515498164], [117.727067652, -34.513226997], [117.735053507, -34.51284091], [117.738435467, -34.510308052], [117.742710172, -34.510828932], [117.745394974, -34.509422318], [117.749091476, -34.509724243], [117.753703521, -34.506679578], [117.757202597, -34.50693226], [117.757712783, -34.507854683], [117.767521284, -34.506342757], [117.770081593, -34.507536753], [117.777030956, -34.504268002], [117.780507543, -34.504825492], [117.782289839, -34.503404994], [117.783893661, -34.503860033], [117.78218862, -34.499884969], [117.780093054, -34.499771214], [117.7790441, -34.498783792], [117.780078696, -34.496183015], [117.781311433, -34.495583656], [117.779604607, -34.492905193], [117.78059304, -34.490481391], [117.779894306, -34.487801586], [117.777305755, -34.487274494], [117.776867866, -34.485730708], [117.77357306, -34.484669846], [117.771657532, -34.485920763], [117.768240074, -34.485631797], [117.768114877, -34.484020518], [117.765924987, -34.484482243], [117.761023757, -34.483280631], [117.75876027, -34.484100078], [117.754321324, -34.481161817], [117.753999168, -34.478459085], [117.754956487, -34.480887085], [117.759081511, -34.483616876], [117.761038033, -34.482738144], [117.76822382, -34.48348643], [117.768660363, -34.48516374], [117.77177202, -34.48537214], [117.773702753, -34.48413674], [117.78034341, -34.487405765], [117.781319887, -34.490484126], [117.780252282, -34.492781331], [117.781961537, -34.495658543], [117.77968695, -34.49867709], [117.782701805, -34.499512789], [117.785115489, -34.504417065], [117.786645619, -34.504484787], [117.788145207, -34.506336488], [117.792161046, -34.505972773], [117.794973312, -34.507650773], [117.80003658, -34.508305713], [117.801744505, -34.511208922], [117.808747102, -34.514589454], [117.810163513, -34.516457604], [117.814180137, -34.518233594], [117.818297478, -34.518566906], [117.821586886, -34.521993072], [117.820992264, -34.523898423], [117.822804509, -34.529228794], [117.824609399, -34.530287047], [117.828123064, -34.530953342], [117.841524085, -34.526817085], [117.844737423, -34.524853179], [117.855091777, -34.523537124], [117.859090526, -34.521457055], [117.866971073, -34.519808671], [117.875117614, -34.521155175], [117.876954727, -34.523213758], [117.879775264, -34.523796052], [117.880677938, -34.525512884], [117.883701924, -34.525171048], [117.884083886, -34.527312755], [117.887600714, -34.530484359], [117.889976284, -34.530721676], [117.893321329, -34.533147401], [117.896029194, -34.533280051], [117.898230177, -34.535106294], [117.896884962, -34.536158704], [117.897606102, -34.536425973], [117.908888376, -34.537462818], [117.914211563, -34.536478236], [117.916479621, -34.533778003], [117.918594744, -34.533857918], [117.920851434, -34.536485669], [117.923950963, -34.537884731], [117.922189228, -34.540340798], [117.925099614, -34.542090148], [117.925484916, -34.544934033], [117.931234513, -34.545367593], [117.935352947, -34.54437126], [117.942979575, -34.54897574], [117.94357807, -34.552515187], [117.945935941, -34.553244672], [117.948227774, -34.551927221], [117.951200309, -34.553388794], [117.950361411, -34.560333143], [117.953450139, -34.559791112], [117.957379772, -34.556935266], [117.959397534, -34.55898843], [117.962890657, -34.55880447], [117.967785556, -34.561025086], [117.970982696, -34.563695838], [117.976746134, -34.562073696], [117.981432006, -34.558668465], [117.983825063, -34.559314446], [117.986081309, -34.562818281], [117.991641093, -34.564316112], [117.993736591, -34.566199599], [117.993313379, -34.569122754], [117.995465555, -34.574351246], [117.995212147, -34.578121805], [117.996477012, -34.579375735], [117.994752068, -34.581404844], [118.003907663, -34.58656018], [118.008633282, -34.585361376], [118.01203559541987, -34.58650325584431], [118.01203559541987, -34.587403129749006], [118.009356046, -34.586038091], [118.007680474, -34.586382772], [118.01203559541987, -34.587604097470745], [118.010398131, -34.588545279], [118.011916711, -34.591587847]], [[117.801342903, -34.511359386], [117.801401339, -34.511384562], [117.801446731, -34.511335857], [117.801342903, -34.511359386]]], [[[118.012026919, -34.616375141], [118.008137503, -34.612758223], [118.008467435, -34.610974802], [118.01203559541987, -34.608029898159835], [118.011937861, -34.609718456], [118.008881116, -34.611695633], [118.01203559541987, -34.61479734147975], [118.012026919, -34.616375141]]], [[[118.011967427, -34.790474587], [118.009105712, -34.789155062], [118.004262832, -34.789583408], [118.001704915, -34.79107051], [117.994465475, -34.791211799], [117.98412337, -34.785646906], [117.981820007, -34.780544425], [117.977089353, -34.778366767], [117.982292233, -34.780155989], [117.984774949, -34.785369607], [117.994752729, -34.79070462], [118.001495344, -34.790538167], [118.004038188, -34.789030184], [118.009101367, -34.788613752], [118.011967427, -34.790474587]]], [[[118.01203559541987, -34.80660166739808], [118.012030086, -34.806248589], [118.01203559541987, -34.80619574486765], [118.01203559541987, -34.80660166739808]]], [[[118.01203559541987, -34.809149750147704], [118.0101615, -34.811171682], [118.009381775, -34.815408506], [118.006199954, -34.816750844], [118.006402666, -34.818472243], [118.00316381, -34.822011325], [117.999616683, -34.821986228], [117.995458923, -34.826797478], [117.994087274, -34.827202429], [117.995750098, -34.832131536], [117.9985201, -34.831801592], [117.999135181, -34.832550513], [117.997629074, -34.83503268], [117.998944637, -34.837296478], [117.995043912, -34.83983352], [117.996706138, -34.841349264], [117.996370015, -34.843006109], [117.997329234, -34.841964358], [117.998649295, -34.842924695], [117.998751905, -34.845386524], [117.997293123, -34.846115203], [117.999441311, -34.848683159], [117.998631161, -34.85030167], [117.994914842, -34.849191874], [117.994080332, -34.850010999], [117.993310398, -34.852791396], [117.996190666, -34.857198559], [117.988045775, -34.860139889], [117.987461053, -34.862123303], [117.989429374, -34.865735781], [117.987854046, -34.867979914], [117.988286033, -34.869150596], [117.993988346, -34.870839203], [117.996441622, -34.877485231], [117.996374487, -34.879892439], [117.999501931, -34.882513935], [117.998996895, -34.884422368], [118.000583335, -34.885483377], [117.999371823, -34.889542007], [118.000734949, -34.8918429], [117.998975995, -34.894881277], [118.001646379, -34.895016452], [118.003188926, -34.896732696], [117.996360206, -34.900873541], [117.994816044, -34.903345495], [117.991008516, -34.903264585], [117.9887316, -34.906279077], [117.983453299, -34.909480027], [117.981006857, -34.909836929], [117.979171432, -34.908140191], [117.977454282, -34.909018067], [117.976592347, -34.913320245], [117.981000906, -34.914180373], [117.982852434, -34.917079908], [117.979209511, -34.919524413], [117.980358846, -34.921839909], [117.974733366, -34.927521566], [117.977773061, -34.931443534], [117.974450494, -34.93565418], [117.974894408, -34.937284452], [117.976306052, -34.938308119], [117.980736213, -34.938109767], [117.98179859, -34.939999788], [117.980087136, -34.945504145], [117.980471189, -34.949373341], [117.978285596, -34.953935212], [117.976368889, -34.951479031], [117.97898558, -34.942236486], [117.974283773, -34.940101783], [117.971672147, -34.936072321], [117.972365813, -34.93413818], [117.975223221, -34.93188792], [117.972991755, -34.927955023], [117.973297442, -34.925695522], [117.978660208, -34.921553268], [117.976813589, -34.918676901], [117.980129628, -34.917591358], [117.980850824, -34.916278363], [117.975408734, -34.914059867], [117.976142752, -34.908252795], [117.979346384, -34.906853462], [117.982365176, -34.90855875], [117.987981051, -34.905491629], [117.990374738, -34.902524114], [117.994189981, -34.902418914], [117.996254755, -34.89967271], [118.001850553, -34.897078652], [118.001101446, -34.895697375], [117.99800386, -34.895236285], [117.999883707, -34.891753807], [117.998301764, -34.889524814], [117.999609686, -34.885671092], [117.997864687, -34.884798074], [117.99892454, -34.88277406], [117.995560615, -34.880140197], [117.995763709, -34.877509223], [117.99307773, -34.870657445], [117.987924254, -34.869629981], [117.987177342, -34.86804273], [117.988769247, -34.865551988], [117.986796961, -34.862479385], [117.987501218, -34.859829409], [117.995464088, -34.857110412], [117.993705012, -34.854628041], [117.989464808, -34.855136501], [117.987335319, -34.849362493], [117.983009557, -34.848077751], [117.984005729, -34.846106544], [117.980647842, -34.844252658], [117.980412737, -34.842712256], [117.981559578, -34.841495291], [117.98011365, -34.840230362], [117.977998694, -34.841000319], [117.974757224, -34.840235275], [117.966385549, -34.836766293], [117.966241458, -34.835695314], [117.9749195, -34.839669681], [117.978045992, -34.840456776], [117.98054486, -34.839807745], [117.982311496, -34.841511753], [117.981174421, -34.843642369], [117.984641328, -34.845959662], [117.983550122, -34.847768533], [117.98786184, -34.849032844], [117.989822107, -34.854655151], [117.992937905, -34.854401663], [117.99247906, -34.85270181], [117.993787752, -34.849272451], [117.995134005, -34.848614163], [117.998284528, -34.849714714], [117.998671597, -34.848406723], [117.996314087, -34.846184147], [117.998107132, -34.845219552], [117.997931127, -34.843041562], [117.995845638, -34.843540548], [117.995857356, -34.841446217], [117.994387536, -34.839878149], [117.995065499, -34.838397923], [117.998022001, -34.836904352], [117.996945627, -34.835070503], [117.998116072, -34.832677116], [117.996159943, -34.832987369], [117.994497622, -34.83171135], [117.993444557, -34.827036185], [117.9989088, -34.821741151], [118.002554747, -34.82147177], [118.004883653, -34.819380377], [118.005639663, -34.816460894], [118.008789427, -34.815151179], [118.009640756, -34.81082698], [118.01203559541987, -34.809149750147704]]]]}, "properties": {"layer": "Heritage", "heritage_kind": "Aboriginal", "id": 31739, "identifier": "ACH-00031739", "name": "Kalgan River", "place_status": "Register", "place_type": "Creation / Dreaming Narrative; Historical; Water Source", "region": "Southern", "culturally_sensitive": "No", "restricted_place": "No", "boundary_reliable": "No", "source": "Register", "longitude": 117.919441, "latitude": -34.535018, "fuel_code": 433, "fuel_class": "Low woodland with grassy understory", "fuel_risk": 66, "slope_degrees": 0.56, "slope_class": "Low slope", "slope_risk": 12, "heritage_sensitivity": 84, "heritage_type_risk": 72, "heritage_type_risk_label": "Ceremonial / narrative place", "slope_data_quality": "Sampled from slope raster", "burn_management_context": "No burn option overlap", "burn_management_risk": 65, "vulnerability_score": 54, "vulnerability_level": "Medium"}}, {"type": "Feature", "geometry": {"type": "Polygon", "coordinates": [[[116.985287728, -34.226020372], [117.007061352, -34.226578913], [117.006390556, -34.244664268], [116.984613487, -34.244105682], [116.985287728, -34.226020372]]]}, "properties": {"layer": "Heritage", "heritage_kind": "Aboriginal", "id": 17465, "identifier": "ACH-00017465", "name": "YERIMINUP FUNERAL TREE", "place_status": "Register", "place_type": "Ritual / Ceremonial", "region": "Southern", "culturally_sensitive": "Yes", "restricted_place": "Yes", "boundary_reliable": "Yes", "source": "Register", "longitude": 116.995838, "latitude": -34.235342, "fuel_code": 433, "fuel_class": "Low woodland with grassy understory", "fuel_risk": 66, "slope_degrees": 0.61, "slope_class": "Low slope", "slope_risk": 12, "heritage_sensitivity": 100, "heritage_type_risk": 95, "heritage_type_risk_label": "Wood or tree-based heritage", "slope_data_quality": "Sampled from slope raster", "burn_management_context": "No burn option overlap", "burn_management_risk": 65, "vulnerability_score": 60, "vulnerability_level": "Medium"}}, {"type": "Feature", "geometry": {"type": "Polygon", "coordinates": [[[117.81875137, -35.021421745], [117.818794767, -35.020700747], [117.819211767, -35.021070246], [117.81875137, -35.021421745]]]}, "properties": {"layer": "Heritage", "heritage_kind": "Aboriginal", "id": 18705, "identifier": "ACH-00018705", "name": "Black Stump", "place_status": "Register", "place_type": "Burial", "region": "Southern", "culturally_sensitive": "No", "restricted_place": "No", "boundary_reliable": "Yes", "source": "Register", "longitude": 117.818773, "latitude": -35.021061, "fuel_code": 930, "fuel_class": "Wildland urban interface 2", "fuel_risk": 70, "slope_degrees": 3.0, "slope_class": "Low slope", "slope_risk": 12, "heritage_sensitivity": 84, "heritage_type_risk": 76, "heritage_type_risk_label": "Burial or grave", "slope_data_quality": "Sampled from slope raster", "burn_management_context": "No burn option overlap", "burn_management_risk": 65, "vulnerability_score": 57, "vulnerability_level": "Medium"}}, {"type": "Feature", "geometry": {"type": "Polygon", "coordinates": [[[117.865278699, -35.007425222], [117.864620897, -35.007411923], [117.864973997, -35.007148622], [117.865278699, -35.007425222]]]}, "properties": {"layer": "Heritage", "heritage_kind": "Aboriginal", "id": 22526, "identifier": "ACH-00022526", "name": "Paddy Coyne's Camp", "place_status": "Register", "place_type": "Camp; Historical", "region": "Southern", "culturally_sensitive": "No", "restricted_place": "No", "boundary_reliable": "Yes", "source": "Register", "longitude": 117.86495, "latitude": -35.007419, "fuel_code": 220, "fuel_class": "Open forest", "fuel_risk": 86, "slope_degrees": 3.3, "slope_class": "Low slope", "slope_risk": 12, "heritage_sensitivity": 60, "heritage_type_risk": 60, "heritage_type_risk_label": "Camp / historical / water source", "slope_data_quality": "Sampled from slope raster", "burn_management_context": "No burn option overlap", "burn_management_risk": 65, "vulnerability_score": 60, "vulnerability_level": "Medium"}}, {"type": "Feature", "geometry": {"type": "Polygon", "coordinates": [[[117.863009993, -35.007044223], [117.863031392, -35.006683822], [117.863245293, -35.006868722], [117.863009993, -35.007044223]]]}, "properties": {"layer": "Heritage", "heritage_kind": "Aboriginal", "id": 22527, "identifier": "ACH-00022527", "name": "Albany Noongar Centre Ochre Site", "place_status": "Register", "place_type": "Ritual / Ceremonial; Historical; Ochre", "region": "Southern", "culturally_sensitive": "No", "restricted_place": "No", "boundary_reliable": "Yes", "source": "Register", "longitude": 117.863026, "latitude": -35.006864, "fuel_code": 220, "fuel_class": "Open forest", "fuel_risk": 86, "slope_degrees": 7.48, "slope_class": "Moderate slope", "slope_risk": 21, "heritage_sensitivity": 80, "heritage_type_risk": 72, "heritage_type_risk_label": "Ceremonial / narrative place", "slope_data_quality": "Sampled from slope raster", "burn_management_context": "No burn option overlap", "burn_management_risk": 65, "vulnerability_score": 65, "vulnerability_level": "Medium"}}, {"type": "Feature", "geometry": {"type": "Polygon", "coordinates": [[[117.346882444, -34.905834891], [117.345738146, -34.906378591], [117.350911737, -34.908271387], [117.348845834, -34.911372382], [117.349682431, -34.91257548], [117.355504444, -34.912614389], [117.358383649, -34.913885292], [117.358897847, -34.915910791], [117.357784341, -34.918241186], [117.362444445, -34.921394589], [117.365012542, -34.924659089], [117.364593439, -34.925763187], [117.362425136, -34.925731784], [117.361373228, -34.929206678], [117.364110525, -34.932110278], [117.369020221, -34.93291598], [117.368939717, -34.934314578], [117.370944511, -34.935465377], [117.367423398, -34.938608266], [117.368824483, -34.94148206], [117.363441166, -34.944415746], [117.362462755, -34.946607139], [117.360918959, -34.94611394], [117.359513455, -34.947238837], [117.362480629, -34.953165332], [117.360179227, -34.955232233], [117.36243322, -34.957038234], [117.356858824, -34.958387935], [117.361753709, -34.961859738], [117.363838697, -34.967389343], [117.371015111, -34.969726252], [117.370471509, -34.970404253], [117.363512596, -34.968401844], [117.361823199, -34.966561141], [117.360679309, -34.962350738], [117.355736124, -34.958768535], [117.356804826, -34.957413234], [117.361488522, -34.956737134], [117.359244628, -34.955576833], [117.36154143, -34.953318432], [117.360695938, -34.95049193], [117.358810747, -34.949186431], [117.358897257, -34.947033237], [117.360746662, -34.945575942], [117.362007558, -34.946071441], [117.362899369, -34.943981547], [117.368317885, -34.94112736], [117.366790099, -34.938435866], [117.368450609, -34.936309373], [117.37031001, -34.935820176], [117.368361417, -34.934592877], [117.36865432, -34.933386479], [117.363719424, -34.932556477], [117.360728227, -34.929365977], [117.361907936, -34.925375584], [117.364347041, -34.924757488], [117.357182639, -34.918474285], [117.358240145, -34.91582779], [117.357486247, -34.913807091], [117.349097731, -34.91315868], [117.34553364, -34.911850384], [117.349152536, -34.908690186], [117.34365005, -34.906688392], [117.346135847, -34.905057093], [117.34611104, -34.901081487], [117.345100041, -34.900698087], [117.352961932, -34.897415284], [117.35007522, -34.895083075], [117.347457827, -34.895596478], [117.34777122, -34.892525773], [117.346488121, -34.891075972], [117.344991528, -34.892666976], [117.343404132, -34.892907378], [117.33839844, -34.889022778], [117.334314451, -34.889387582], [117.329728862, -34.886848692], [117.325731873, -34.887339902], [117.320963081, -34.88428061], [117.320067879, -34.88110931], [117.317910976, -34.880318208], [117.318751671, -34.875394705], [117.314454168, -34.873842803], [117.311728955, -34.868065797], [117.312138353, -34.866953396], [117.314315254, -34.867037097], [117.316254147, -34.863284595], [117.319297148, -34.862783597], [117.319570244, -34.860572295], [117.31810054, -34.858931593], [117.311830442, -34.861896891], [117.310683245, -34.863450692], [117.307946944, -34.86346199], [117.30679615, -34.866462993], [117.304222249, -34.866352592], [117.300777553, -34.868658293], [117.298370046, -34.866688689], [117.299812542, -34.864803487], [117.289702017, -34.859298075], [117.288485924, -34.861274078], [117.285774934, -34.862254481], [117.288523738, -34.864998684], [117.288005043, -34.866283286], [117.284384148, -34.865865587], [117.284009346, -34.864940086], [117.282303751, -34.865939788], [117.278679453, -34.863772789], [117.277790651, -34.862031488], [117.279076044, -34.859765585], [117.276349648, -34.858045986], [117.275637637, -34.850613081], [117.272085434, -34.84779618], [117.269942936, -34.84771838], [117.266168824, -34.838988175], [117.26773802, -34.837415873], [117.267566717, -34.835982172], [117.265448618, -34.834764472], [117.263528723, -34.836486774], [117.261823823, -34.835433673], [117.259428726, -34.835868874], [117.254120923, -34.832706072], [117.251070217, -34.828364469], [117.254308409, -34.824543466], [117.2531713, -34.819201063], [117.250100501, -34.818824262], [117.250023697, -34.816624561], [117.247028089, -34.811904558], [117.238253487, -34.808660056], [117.234248982, -34.804603154], [117.234647375, -34.800793852], [117.233202576, -34.801100652], [117.231813771, -34.79798605], [117.23499796, -34.793479747], [117.234011054, -34.789994745], [117.231622554, -34.789112545], [117.22925976, -34.791929147], [117.227771261, -34.791979447], [117.224478259, -34.789710247], [117.223978255, -34.787491245], [117.218307853, -34.784898745], [117.215516544, -34.781787239], [117.214607728, -34.776107327], [117.210180618, -34.772415119], [117.210814414, -34.771200216], [117.214246109, -34.769667015], [117.210533907, -34.765172935], [117.212991204, -34.762208948], [117.210486903, -34.759888759], [117.212935099, -34.756101476], [117.212950295, -34.75279708], [117.210079587, -34.74661408], [117.202384681, -34.744346883], [117.201608077, -34.742723883], [117.198979678, -34.742814685], [117.198836972, -34.740461486], [117.197672072, -34.739933688], [117.204625069, -34.734071584], [117.197955272, -34.731230392], [117.199643871, -34.727237493], [117.195338875, -34.725003495], [117.196294686, -34.717792682], [117.198384284, -34.717570381], [117.199526386, -34.715984078], [117.197570791, -34.713800475], [117.197604394, -34.708661368], [117.199216683, -34.704413368], [117.196993477, -34.700994869], [117.197823873, -34.699655269], [117.19816128, -34.702548369], [117.199875782, -34.704372368], [117.198268194, -34.708720068], [117.198227591, -34.713727474], [117.200187385, -34.716025178], [117.198763883, -34.718019382], [117.196893785, -34.718024082], [117.19724788, -34.720709487], [117.195990075, -34.724919895], [117.20027447, -34.727065692], [117.198469872, -34.730880991], [117.203899068, -34.732547986], [117.205289868, -34.734034684], [117.20229347, -34.736227585], [117.20116907, -34.738610784], [117.198306471, -34.739726587], [117.19945467, -34.740242885], [117.199326376, -34.742351785], [117.201885476, -34.742229983], [117.20270578, -34.743860582], [117.210566487, -34.746242779], [117.213567495, -34.75259268], [117.213593599, -34.756194875], [117.211152303, -34.759874559], [117.212835903, -34.760536556], [117.213639604, -34.762310048], [117.211191107, -34.765099036], [117.214893809, -34.769774715], [117.210840618, -34.772383519], [117.215185126, -34.775841026], [117.216106543, -34.781530538], [117.218723551, -34.784471744], [117.224464954, -34.787114345], [117.225032158, -34.789406546], [117.22813196, -34.791502047], [117.231410653, -34.788595445], [117.234536553, -34.789661645], [117.23564516, -34.793587747], [117.23247437, -34.79798005], [117.233649475, -34.800630752], [117.235293674, -34.800517752], [117.234835581, -34.804353554], [117.238620186, -34.808207856], [117.247465188, -34.811486858], [117.250335995, -34.81574926], [117.2506304, -34.818493462], [117.253755399, -34.818946162], [117.254958109, -34.824642166], [117.251732417, -34.828297169], [117.254575622, -34.832306872], [117.259615025, -34.835347274], [117.262096022, -34.834827373], [117.263419322, -34.835886673], [117.265372717, -34.834204971], [117.268123216, -34.835678371], [117.26836312, -34.837596473], [117.266809923, -34.838842774], [117.270397735, -34.84726898], [117.274911134, -34.84864838], [117.276339936, -34.850534481], [117.276977847, -34.857878686], [117.279716242, -34.859514284], [117.27844445, -34.862114687], [117.279124551, -34.863366088], [117.282498149, -34.865410888], [117.284232943, -34.864334585], [117.287753142, -34.865773285], [117.285153435, -34.861998182], [117.289889717, -34.858775075], [117.300308541, -34.864438187], [117.299001646, -34.866383289], [117.300659752, -34.868117692], [117.303895648, -34.865873791], [117.306675549, -34.865824392], [117.307589142, -34.86292469], [117.310324344, -34.862986791], [117.311411341, -34.86147569], [117.316175338, -34.858834392], [117.318524339, -34.858507293], [117.320224243, -34.860479095], [117.319861648, -34.863075597], [117.316679748, -34.863709996], [117.314782555, -34.867469498], [117.312344055, -34.867575697], [117.314862767, -34.873390203], [117.31940017, -34.875210205], [117.318619377, -34.880455309], [117.320370477, -34.880509209], [117.321481779, -34.883944109], [117.325927472, -34.886815401], [117.329886161, -34.886303692], [117.334509551, -34.888866782], [117.33863384, -34.888505977], [117.343589631, -34.892383577], [117.345910022, -34.890535672], [117.347112519, -34.890778871], [117.348446119, -34.892519273], [117.347964325, -34.895228777], [117.350391619, -34.894601375], [117.353981136, -34.897885387], [117.347482736, -34.901009586], [117.346882444, -34.905834891]]]}, "properties": {"layer": "Heritage", "heritage_kind": "Aboriginal", "id": 22081, "identifier": "ACH-00022081", "name": "Denmark River", "place_status": "Register", "place_type": "Creation / Dreaming Narrative; Water Source", "region": "Southern", "culturally_sensitive": "No", "restricted_place": "No", "boundary_reliable": "Yes", "source": "Register", "longitude": 117.266844, "latitude": -34.835056, "fuel_code": 120, "fuel_class": "Closed forest", "fuel_risk": 96, "slope_degrees": 9.75, "slope_class": "Moderate slope", "slope_risk": 30, "heritage_sensitivity": 80, "heritage_type_risk": 72, "heritage_type_risk_label": "Ceremonial / narrative place", "slope_data_quality": "Sampled from slope raster", "burn_management_context": "No burn option overlap", "burn_management_risk": 65, "vulnerability_score": 72, "vulnerability_level": "High"}}, {"type": "Feature", "geometry": {"type": "Polygon", "coordinates": [[[117.865991174, -34.960669302], [117.865115272, -34.960633804], [117.86558547, -34.960291504], [117.865991174, -34.960669302]]]}, "properties": {"layer": "Heritage", "heritage_kind": "Aboriginal", "id": 21833, "identifier": "ACH-00021833", "name": "EAST BANK OF CREEK 1", "place_status": "Register", "place_type": "Creation / Dreaming Narrative; Landscape / Seascape Feature", "region": "Southern", "culturally_sensitive": "No", "restricted_place": "No", "boundary_reliable": "Yes", "source": "Register", "longitude": 117.865553, "latitude": -34.960652, "fuel_code": 510, "fuel_class": "Tall shrubland", "fuel_risk": 88, "slope_degrees": 1.09, "slope_class": "Low slope", "slope_risk": 12, "heritage_sensitivity": 80, "heritage_type_risk": 72, "heritage_type_risk_label": "Ceremonial / narrative place", "slope_data_quality": "Sampled from slope raster", "burn_management_context": "No burn option overlap", "burn_management_risk": 65, "vulnerability_score": 64, "vulnerability_level": "Medium"}}, {"type": "Feature", "geometry": {"type": "Polygon", "coordinates": [[[117.860634161, -34.960572117], [117.85975816, -34.960536618], [117.860228458, -34.960194319], [117.860634161, -34.960572117]]]}, "properties": {"layer": "Heritage", "heritage_kind": "Aboriginal", "id": 21835, "identifier": "ACH-00021835", "name": "EAST BANK OF CREEK 2", "place_status": "Register", "place_type": "Creation / Dreaming Narrative; Water Source", "region": "Southern", "culturally_sensitive": "No", "restricted_place": "No", "boundary_reliable": "Yes", "source": "Register", "longitude": 117.860196, "latitude": -34.960554, "fuel_code": 220, "fuel_class": "Open forest", "fuel_risk": 86, "slope_degrees": 0.49, "slope_class": "Low slope", "slope_risk": 12, "heritage_sensitivity": 80, "heritage_type_risk": 72, "heritage_type_risk_label": "Ceremonial / narrative place", "slope_data_quality": "Sampled from slope raster", "burn_management_context": "No burn option overlap", "burn_management_risk": 65, "vulnerability_score": 63, "vulnerability_level": "Medium"}}, {"type": "Feature", "geometry": {"type": "Polygon", "coordinates": [[[117.847732169, -34.964729983], [117.834935881, -34.957214905], [117.823777255, -34.954569991], [117.809389358, -34.955745783], [117.817108851, -34.954131785], [117.823971752, -34.954049592], [117.835192478, -34.956707007], [117.846307464, -34.963471988], [117.850806645, -34.964618289], [117.847732169, -34.964729983]]]}, "properties": {"layer": "Heritage", "heritage_kind": "Aboriginal", "id": 21837, "identifier": "ACH-00021837", "name": "CREEK 3", "place_status": "Register", "place_type": "Creation / Dreaming Narrative; Landscape / Seascape Feature; Water Source", "region": "Southern", "culturally_sensitive": "No", "restricted_place": "No", "boundary_reliable": "Yes", "source": "Register", "longitude": 117.840063, "latitude": -34.959478, "fuel_code": 230, "fuel_class": "Low open forest", "fuel_risk": 76, "slope_degrees": 4.08, "slope_class": "Low slope", "slope_risk": 12, "heritage_sensitivity": 80, "heritage_type_risk": 72, "heritage_type_risk_label": "Ceremonial / narrative place", "slope_data_quality": "Sampled from slope raster", "burn_management_context": "No burn option overlap", "burn_management_risk": 65, "vulnerability_score": 58, "vulnerability_level": "Medium"}}, {"type": "Feature", "geometry": {"type": "Polygon", "coordinates": [[[117.899115505, -35.017391468], [117.901548408, -35.016747968], [117.901433814, -35.017981764], [117.899115505, -35.017391468]]]}, "properties": {"layer": "Heritage", "heritage_kind": "Aboriginal", "id": 22556, "identifier": "ACH-00022556", "name": "Barmup (Strawberry Hill Farm)", "place_status": "Register", "place_type": "Artefacts / Scatter; Camp; Historical", "region": "Southern", "culturally_sensitive": "No", "restricted_place": "No", "boundary_reliable": "Yes", "source": "Register", "longitude": 117.900274, "latitude": -35.017342, "fuel_code": 950, "fuel_class": "Built-up", "fuel_risk": 26, "slope_degrees": 3.26, "slope_class": "Low slope", "slope_risk": 12, "heritage_sensitivity": 60, "heritage_type_risk": 86, "heritage_type_risk_label": "Rock art / rock shelter", "slope_data_quality": "Sampled from slope raster", "burn_management_context": "No burn option overlap", "burn_management_risk": 65, "vulnerability_score": 39, "vulnerability_level": "Medium"}}, {"type": "Feature", "geometry": {"type": "Polygon", "coordinates": [[[117.576859059, -34.654053981], [117.577632237, -34.656494906], [117.57648089, -34.654981151], [117.572541883, -34.65669151], [117.576859059, -34.654053981]]]}, "properties": {"layer": "Heritage", "heritage_kind": "Aboriginal", "id": 28190, "identifier": "ACH-00028190", "name": "Hay River Terrace Site", "place_status": "Register", "place_type": "Sub surface cultural material; Artefacts / Scatter", "region": "Southern", "culturally_sensitive": "No", "restricted_place": "No", "boundary_reliable": "Yes", "source": "Register", "longitude": 117.575064, "latitude": -34.655375, "fuel_code": 631, "fuel_class": "Grassland", "fuel_risk": 62, "slope_degrees": 6.31, "slope_class": "Moderate slope", "slope_risk": 17, "heritage_sensitivity": 60, "heritage_type_risk": 86, "heritage_type_risk_label": "Rock art / rock shelter", "slope_data_quality": "Sampled from slope raster", "burn_management_context": "No burn option overlap", "burn_management_risk": 65, "vulnerability_score": 57, "vulnerability_level": "Medium"}}, {"type": "Feature", "geometry": {"type": "Polygon", "coordinates": [[[117.357336688, -34.958533976], [117.35602124, -34.958529954], [117.356681409, -34.957990475], [117.357336688, -34.958533976]]]}, "properties": {"layer": "Heritage", "heritage_kind": "Aboriginal", "id": 27936, "identifier": "ACH-00027936", "name": "Kwoorbup Corroborree Ground", "place_status": "Register", "place_type": "Ritual / Ceremonial; Historical; Meeting Place", "region": "Southern", "culturally_sensitive": "No", "restricted_place": "No", "boundary_reliable": "Yes", "source": "Register", "longitude": 117.356679, "latitude": -34.958532, "fuel_code": 510, "fuel_class": "Tall shrubland", "fuel_risk": 88, "slope_degrees": 3.89, "slope_class": "Low slope", "slope_risk": 12, "heritage_sensitivity": 80, "heritage_type_risk": 72, "heritage_type_risk_label": "Ceremonial / narrative place", "slope_data_quality": "Sampled from slope raster", "burn_management_context": "No burn option overlap", "burn_management_risk": 65, "vulnerability_score": 64, "vulnerability_level": "Medium"}}, {"type": "Feature", "geometry": {"type": "Polygon", "coordinates": [[[117.88203624, -35.023927378], [117.883385029, -35.023420574], [117.883491729, -35.023782473], [117.88203624, -35.023927378]]]}, "properties": {"layer": "Heritage", "heritage_kind": "Aboriginal", "id": 21761, "identifier": "ACH-00021761", "name": "Mokare's Grave", "place_status": "Register", "place_type": "Burial", "region": "Southern", "culturally_sensitive": "No", "restricted_place": "No", "boundary_reliable": "Yes", "source": "Register", "longitude": 117.882711, "latitude": -35.023683, "fuel_code": 950, "fuel_class": "Built-up", "fuel_risk": 26, "slope_degrees": 3.85, "slope_class": "Low slope", "slope_risk": 12, "heritage_sensitivity": 84, "heritage_type_risk": 76, "heritage_type_risk_label": "Burial or grave", "slope_data_quality": "Sampled from slope raster", "burn_management_context": "No burn option overlap", "burn_management_risk": 65, "vulnerability_score": 37, "vulnerability_level": "Medium"}}, {"type": "Feature", "geometry": {"type": "Polygon", "coordinates": [[[117.653014528, -34.653124533], [117.652916371, -34.659127813], [117.643653842, -34.659107039], [117.643680575, -34.653174173], [117.653014528, -34.653124533]]]}, "properties": {"layer": "Heritage", "heritage_kind": "Aboriginal", "id": 39044, "identifier": "ACH-00039044", "name": "Pwakkenbak. Tower Hill. Mount Barker", "place_status": "Register", "place_type": "Artefacts / Scatter; Ritual / Ceremonial; Meeting Place; Landscape / Seascape Feature", "region": "Southern", "culturally_sensitive": "No", "restricted_place": "No", "boundary_reliable": "Yes", "source": "Register", "longitude": 117.648316, "latitude": -34.656141, "fuel_code": 230, "fuel_class": "Low open forest", "fuel_risk": 76, "slope_degrees": 9.77, "slope_class": "Moderate slope", "slope_risk": 30, "heritage_sensitivity": 80, "heritage_type_risk": 86, "heritage_type_risk_label": "Rock art / rock shelter", "slope_data_quality": "Sampled from slope raster", "burn_management_context": "No burn option overlap", "burn_management_risk": 65, "vulnerability_score": 66, "vulnerability_level": "Medium"}}, {"type": "Feature", "geometry": {"type": "Polygon", "coordinates": [[[117.69914437300008, -34.77058755599995], [117.6992421430001, -34.77060479599993], [117.699184639, -34.77064506099998], [117.69914437300008, -34.77058755599995]]]}, "properties": {"layer": "Heritage", "heritage_kind": "Aboriginal", "id": 38950, "identifier": "ACH-00038950", "name": "Narrikup", "place_status": "Lodged", "place_type": "Modified Tree", "region": "Southern", "culturally_sensitive": "No", "restricted_place": "No", "boundary_reliable": "Yes", "source": "Lodged", "longitude": 117.699193, "latitude": -34.770596, "fuel_code": 230, "fuel_class": "Low open forest", "fuel_risk": 76, "slope_degrees": 1.64, "slope_class": "Low slope", "slope_risk": 12, "heritage_sensitivity": 54, "heritage_type_risk": 95, "heritage_type_risk_label": "Wood or tree-based heritage", "slope_data_quality": "Sampled from slope raster", "burn_management_context": "No burn option overlap", "burn_management_risk": 65, "vulnerability_score": 64, "vulnerability_level": "Medium"}}, {"type": "Feature", "geometry": {"type": "Polygon", "coordinates": [[[117.2603199240001, -34.77566939199994], [117.26126219600008, -34.77669018199998], [117.26026044100001, -34.77618811399998], [117.2603199240001, -34.77566939199994]]]}, "properties": {"layer": "Heritage", "heritage_kind": "Aboriginal", "id": 38869, "identifier": "ACH-00038869", "name": "Powley Road lizard traps", "place_status": "Lodged", "place_type": "Traditional Structure", "region": "Southern", "culturally_sensitive": "No", "restricted_place": "No", "boundary_reliable": "Yes", "source": "Lodged", "longitude": 117.260811, "latitude": -34.776176, "fuel_code": 220, "fuel_class": "Open forest", "fuel_risk": 86, "slope_degrees": 0.81, "slope_class": "Low slope", "slope_risk": 12, "heritage_sensitivity": 54, "heritage_type_risk": 64, "heritage_type_risk_label": "General Aboriginal heritage place", "slope_data_quality": "Sampled from slope raster", "burn_management_context": "No burn option overlap", "burn_management_risk": 65, "vulnerability_score": 61, "vulnerability_level": "Medium"}}, {"type": "Feature", "geometry": {"type": "Polygon", "coordinates": [[[117.14176131400006, -34.87977547799994], [117.14233294500002, -34.87966863699995], [117.14217728800008, -34.88006726699996], [117.14176131400006, -34.87977547799994]]]}, "properties": {"layer": "Heritage", "heritage_kind": "Aboriginal", "id": 38872, "identifier": "ACH-00038872", "name": "Styx River watergall gnamma holes", "place_status": "Lodged", "place_type": "Water Source", "region": "Southern", "culturally_sensitive": "No", "restricted_place": "No", "boundary_reliable": "Yes", "source": "Lodged", "longitude": 117.142102, "latitude": -34.879921, "fuel_code": 220, "fuel_class": "Open forest", "fuel_risk": 86, "slope_degrees": 4.31, "slope_class": "Low slope", "slope_risk": 12, "heritage_sensitivity": 66, "heritage_type_risk": 60, "heritage_type_risk_label": "Camp / historical / water source", "slope_data_quality": "Sampled from slope raster", "burn_management_context": "No burn option overlap", "burn_management_risk": 65, "vulnerability_score": 60, "vulnerability_level": "Medium"}}, {"type": "Feature", "geometry": {"type": "Polygon", "coordinates": [[[117.24158810200004, -34.77540453399996], [117.24332949600011, -34.775132646999964], [117.24303650800005, -34.77629041899996], [117.24158810200004, -34.77540453399996]]]}, "properties": {"layer": "Heritage", "heritage_kind": "Aboriginal", "id": 38874, "identifier": "ACH-00038874", "name": "Powley Road Grinding Grooves", "place_status": "Lodged", "place_type": "Grinding areas / Grooves; Hunting Place; Traditional Structure; Other; Water Source", "region": "Southern", "culturally_sensitive": "No", "restricted_place": "No", "boundary_reliable": "Yes", "source": "Lodged", "longitude": 117.242431, "latitude": -34.775579, "fuel_code": 230, "fuel_class": "Low open forest", "fuel_risk": 76, "slope_degrees": 4.28, "slope_class": "Low slope", "slope_risk": 12, "heritage_sensitivity": 68, "heritage_type_risk": 60, "heritage_type_risk_label": "Camp / historical / water source", "slope_data_quality": "Sampled from slope raster", "burn_management_context": "No burn option overlap", "burn_management_risk": 65, "vulnerability_score": 55, "vulnerability_level": "Medium"}}, {"type": "Feature", "geometry": {"type": "Polygon", "coordinates": [[[117.22737713000004, -34.99664870799995], [117.22868345400002, -34.99710556499997], [117.23148816800006, -34.99919884499997], [117.22510562200011, -35.000419174999934], [117.22509903500008, -34.99819321099994], [117.22737713000004, -34.99664870799995]]]}, "properties": {"layer": "Heritage", "heritage_kind": "Aboriginal", "id": 4483, "identifier": "ACH-00004483", "name": "LAKE BILEVELD", "place_status": "Lodged", "place_type": "Artefacts / Scatter", "region": "Southern", "culturally_sensitive": "No", "restricted_place": "No", "boundary_reliable": "Yes", "source": "Lodged", "longitude": 117.227774, "latitude": -34.998341, "fuel_code": 960, "fuel_class": "Bare ground", "fuel_risk": 12, "slope_degrees": 2.5, "slope_class": "Low slope", "slope_risk": 12, "heritage_sensitivity": 54, "heritage_type_risk": 86, "heritage_type_risk_label": "Rock art / rock shelter", "slope_data_quality": "Sampled from slope raster", "burn_management_context": "No burn option overlap", "burn_management_risk": 65, "vulnerability_score": 33, "vulnerability_level": "Low"}}, {"type": "Feature", "geometry": {"type": "Polygon", "coordinates": [[[117.29635463700004, -34.700331967999944], [117.30727365400003, -34.700304865999954], [117.30730697600006, -34.709322663999956], [117.29638685900011, -34.709349765999946], [117.29635463700004, -34.700331967999944]]]}, "properties": {"layer": "Heritage", "heritage_kind": "Aboriginal", "id": 4484, "identifier": "ACH-00004484", "name": "AMARILLUP SWAMP", "place_status": "Lodged", "place_type": "Artefacts / Scatter", "region": "Southern", "culturally_sensitive": "No", "restricted_place": "No", "boundary_reliable": "No", "source": "Lodged", "longitude": 117.301831, "latitude": -34.704827, "fuel_code": 310, "fuel_class": "Broadleaf plantation", "fuel_risk": 82, "slope_degrees": 8.09, "slope_class": "Moderate slope", "slope_risk": 24, "heritage_sensitivity": 58, "heritage_type_risk": 86, "heritage_type_risk_label": "Rock art / rock shelter", "slope_data_quality": "Sampled from slope raster", "burn_management_context": "No burn option overlap", "burn_management_risk": 65, "vulnerability_score": 68, "vulnerability_level": "High"}}, {"type": "Feature", "geometry": {"type": "Polygon", "coordinates": [[[117.27800317100002, -34.768319464999934], [117.27675047700006, -34.77015896499995], [117.27444147900007, -34.770714562999956], [117.27229307400012, -34.769822458999954], [117.271465669, -34.76782585899997], [117.27262466500008, -34.76594506199996], [117.27506726600006, -34.765320765999945], [117.27731166700005, -34.76633176599995], [117.27800317100002, -34.768319464999934]]]}, "properties": {"layer": "Heritage", "heritage_kind": "Aboriginal", "id": 4553, "identifier": "ACH-00004553", "name": "BLUE LAKE/KOCKELLUP SPRING.", "place_status": "Lodged", "place_type": "Sub surface cultural material; Artefacts / Scatter; Camp; Other", "region": "Southern", "culturally_sensitive": "No", "restricted_place": "No", "boundary_reliable": "Yes", "source": "Lodged", "longitude": 117.274741, "latitude": -34.768028, "fuel_code": 230, "fuel_class": "Low open forest", "fuel_risk": 76, "slope_degrees": 7.52, "slope_class": "Moderate slope", "slope_risk": 22, "heritage_sensitivity": 54, "heritage_type_risk": 86, "heritage_type_risk_label": "Rock art / rock shelter", "slope_data_quality": "Sampled from slope raster", "burn_management_context": "No burn option overlap", "burn_management_risk": 65, "vulnerability_score": 64, "vulnerability_level": "Medium"}}, {"type": "Feature", "geometry": {"type": "Polygon", "coordinates": [[[117.27226694600006, -35.01621379699998], [117.26988725100011, -35.017809091999936], [117.26789905900011, -35.01588489399995], [117.2703054530001, -35.014216397999974], [117.27226694600006, -35.01621379699998]]]}, "properties": {"layer": "Heritage", "heritage_kind": "Aboriginal", "id": 4486, "identifier": "ACH-00004486", "name": "LAKE WILLIAMS", "place_status": "Lodged", "place_type": "Artefacts / Scatter", "region": "Southern", "culturally_sensitive": "No", "restricted_place": "No", "boundary_reliable": "Yes", "source": "Lodged", "longitude": 117.270087, "latitude": -35.01602, "fuel_code": 230, "fuel_class": "Low open forest", "fuel_risk": 76, "slope_degrees": 3.72, "slope_class": "Low slope", "slope_risk": 12, "heritage_sensitivity": 54, "heritage_type_risk": 86, "heritage_type_risk_label": "Rock art / rock shelter", "slope_data_quality": "Sampled from slope raster", "burn_management_context": "Inside DBCA burn option area", "burn_management_risk": 35, "vulnerability_score": 60, "vulnerability_level": "Medium"}}, {"type": "Feature", "geometry": {"type": "Polygon", "coordinates": [[[117.40312158400002, -34.97161528899994], [117.4010331830001, -34.974680486999944], [117.39717908000011, -34.975608782999984], [117.39359037200006, -34.97412547999994], [117.39220516500006, -34.97080127799995], [117.39413716700005, -34.967667279999944], [117.39821407300008, -34.96662458399993], [117.401963281, -34.968305586999975], [117.40312158400002, -34.97161528899994]]]}, "properties": {"layer": "Heritage", "heritage_kind": "Aboriginal", "id": 4643, "identifier": "ACH-00004643", "name": "SPRINGDALE ARRANGEMENT", "place_status": "Lodged", "place_type": "Traditional Structure", "region": "Southern", "culturally_sensitive": "No", "restricted_place": "No", "boundary_reliable": "No", "source": "Lodged", "longitude": 117.397674, "latitude": -34.971134, "fuel_code": 631, "fuel_class": "Grassland", "fuel_risk": 62, "slope_degrees": 13.4, "slope_class": "Moderate slope", "slope_risk": 44, "heritage_sensitivity": 58, "heritage_type_risk": 64, "heritage_type_risk_label": "General Aboriginal heritage place", "slope_data_quality": "Sampled from slope raster", "burn_management_context": "No burn option overlap", "burn_management_risk": 65, "vulnerability_score": 58, "vulnerability_level": "Medium"}}, {"type": "Feature", "geometry": {"type": "Polygon", "coordinates": [[[117.48387312900002, -35.02436548099996], [117.4948347610001, -35.02432127999998], [117.49488903600002, -35.03333847399995], [117.4839263020001, -35.03338266999998], [117.48387312900002, -35.02436548099996]]]}, "properties": {"layer": "Heritage", "heritage_kind": "Aboriginal", "id": 4545, "identifier": "ACH-00004545", "name": "YOUNGS SIDING BURIAL", "place_status": "Lodged", "place_type": "Burial", "region": "Southern", "culturally_sensitive": "No", "restricted_place": "No", "boundary_reliable": "No", "source": "Lodged", "longitude": 117.489381, "latitude": -35.028852, "fuel_code": 640, "fuel_class": "Croplands", "fuel_risk": 50, "slope_degrees": 1.38, "slope_class": "Low slope", "slope_risk": 12, "heritage_sensitivity": 82, "heritage_type_risk": 76, "heritage_type_risk_label": "Burial or grave", "slope_data_quality": "Sampled from slope raster", "burn_management_context": "No burn option overlap", "burn_management_risk": 65, "vulnerability_score": 48, "vulnerability_level": "Medium"}}, {"type": "Feature", "geometry": {"type": "Polygon", "coordinates": [[[116.93574167400004, -35.03914683399995], [116.93460816800007, -35.04089683299998], [116.93216425900005, -35.04153243099995], [116.92990715300004, -35.04053342999998], [116.92918994500008, -35.03864032699994], [116.9303575460001, -35.03676372899997], [116.93280775300002, -35.036145028999954], [116.935054465, -35.03715963199994], [116.93574167400004, -35.03914683399995]]]}, "properties": {"layer": "Heritage", "heritage_kind": "Aboriginal", "id": 4754, "identifier": "ACH-00004754", "name": "LITTLE GROPER ROCK", "place_status": "Lodged", "place_type": "Grinding areas / Grooves", "region": "Southern", "culturally_sensitive": "No", "restricted_place": "No", "boundary_reliable": "Yes", "source": "Lodged", "longitude": 116.932472, "latitude": -35.038849, "fuel_code": 800, "fuel_class": "Wetlands", "fuel_risk": 35, "slope_degrees": 2.94, "slope_class": "Low slope", "slope_risk": 12, "heritage_sensitivity": 68, "heritage_type_risk": 52, "heritage_type_risk_label": "Stone or sub-surface material", "slope_data_quality": "Sampled from slope raster", "burn_management_context": "No burn option overlap", "burn_management_risk": 65, "vulnerability_score": 35, "vulnerability_level": "Medium"}}, {"type": "Feature", "geometry": {"type": "Polygon", "coordinates": [[[116.9246321930001, -35.05335660399993], [116.92369638900004, -35.05126150099994], [116.92512640300004, -35.04922170799995], [116.92795842500004, -35.048874818999934], [116.9299861390001, -35.05035852599997], [116.93015583600004, -35.05216652499996], [116.92885432500009, -35.05368311999996], [116.9246321930001, -35.05335660399993]]]}, "properties": {"layer": "Heritage", "heritage_kind": "Aboriginal", "id": 4755, "identifier": "ACH-00004755", "name": "POINT IRWIN 1", "place_status": "Lodged", "place_type": "Grinding areas / Grooves", "region": "Southern", "culturally_sensitive": "No", "restricted_place": "No", "boundary_reliable": "Yes", "source": "Lodged", "longitude": 116.926979, "latitude": -35.05147, "fuel_code": 800, "fuel_class": "Wetlands", "fuel_risk": 35, "slope_degrees": 1.01, "slope_class": "Low slope", "slope_risk": 12, "heritage_sensitivity": 68, "heritage_type_risk": 52, "heritage_type_risk_label": "Stone or sub-surface material", "slope_data_quality": "Sampled from slope raster", "burn_management_context": "Inside DBCA burn option area", "burn_management_risk": 35, "vulnerability_score": 34, "vulnerability_level": "Medium"}}, {"type": "Feature", "geometry": {"type": "Polygon", "coordinates": [[[117.80148860500003, -34.93370077999998], [117.79511637600001, -34.93293348399993], [117.79352219500004, -34.92824106399996], [117.80149561700011, -34.92824950399995], [117.80148860500003, -34.93370077999998]]]}, "properties": {"layer": "Heritage", "heritage_kind": "Aboriginal", "id": 4630, "identifier": "ACH-00004630", "name": "KING RIVER.", "place_status": "Lodged", "place_type": "Camp", "region": "Southern", "culturally_sensitive": "No", "restricted_place": "No", "boundary_reliable": "No", "source": "Lodged", "longitude": 117.797781, "latitude": -34.930053, "fuel_code": 433, "fuel_class": "Low woodland with grassy understory", "fuel_risk": 66, "slope_degrees": 0.84, "slope_class": "Low slope", "slope_risk": 12, "heritage_sensitivity": 58, "heritage_type_risk": 60, "heritage_type_risk_label": "Camp / historical / water source", "slope_data_quality": "Sampled from slope raster", "burn_management_context": "No burn option overlap", "burn_management_risk": 65, "vulnerability_score": 51, "vulnerability_level": "Medium"}}, {"type": "Feature", "geometry": {"type": "Polygon", "coordinates": [[[116.9906645310001, -34.29487035999995], [116.99066351800002, -34.30388897199998], [116.97979601800012, -34.303887660999976], [116.97979813100005, -34.29486904999993], [116.9906645310001, -34.29487035999995]]]}, "properties": {"layer": "Heritage", "heritage_kind": "Aboriginal", "id": 5148, "identifier": "ACH-00005148", "name": "FRANKLAND: MIRINUP PROPERTY", "place_status": "Lodged", "place_type": "Artefacts / Scatter", "region": "Southern", "culturally_sensitive": "No", "restricted_place": "No", "boundary_reliable": "No", "source": "Lodged", "longitude": 116.98523, "latitude": -34.301145, "fuel_code": 631, "fuel_class": "Grassland", "fuel_risk": 62, "slope_degrees": 6.66, "slope_class": "Moderate slope", "slope_risk": 18, "heritage_sensitivity": 58, "heritage_type_risk": 86, "heritage_type_risk_label": "Rock art / rock shelter", "slope_data_quality": "Sampled from slope raster", "burn_management_context": "No burn option overlap", "burn_management_risk": 65, "vulnerability_score": 57, "vulnerability_level": "Medium"}}, {"type": "Feature", "geometry": {"type": "Polygon", "coordinates": [[[116.92467728500003, -35.05854610099993], [116.92076095700008, -35.057208086999935], [116.92047505800008, -35.05536698699996], [116.92169887000011, -35.05380729199993], [116.92434599100011, -35.053314102999934], [116.9266217060001, -35.05474311099994], [116.92669770300006, -35.05705570999993], [116.92467728500003, -35.05854610099993]]]}, "properties": {"layer": "Heritage", "heritage_kind": "Aboriginal", "id": 4756, "identifier": "ACH-00004756", "name": "POINT IRWIN 2", "place_status": "Lodged", "place_type": "Grinding areas / Grooves", "region": "Southern", "culturally_sensitive": "No", "restricted_place": "No", "boundary_reliable": "Yes", "source": "Lodged", "longitude": 116.923685, "latitude": -35.055977, "fuel_code": 433, "fuel_class": "Low woodland with grassy understory", "fuel_risk": 66, "slope_degrees": 11.08, "slope_class": "Moderate slope", "slope_risk": 35, "heritage_sensitivity": 68, "heritage_type_risk": 52, "heritage_type_risk_label": "Stone or sub-surface material", "slope_data_quality": "Sampled from slope raster", "burn_management_context": "Inside DBCA burn option area", "burn_management_risk": 35, "vulnerability_score": 53, "vulnerability_level": "Medium"}}, {"type": "Feature", "geometry": {"type": "Polygon", "coordinates": [[[117.35577929400006, -34.98964501499995], [117.35494709400007, -34.99020381199995], [117.35425089300008, -34.989530712999965], [117.35509249300003, -34.98894621599993], [117.35577929400006, -34.98964501499995]]]}, "properties": {"layer": "Heritage", "heritage_kind": "Aboriginal", "id": 4580, "identifier": "ACH-00004580", "name": "DENMARK QUARRY", "place_status": "Lodged", "place_type": "Artefacts / Scatter; Quarry", "region": "Southern", "culturally_sensitive": "No", "restricted_place": "No", "boundary_reliable": "Yes", "source": "Lodged", "longitude": 117.355017, "latitude": -34.989577, "fuel_code": 433, "fuel_class": "Low woodland with grassy understory", "fuel_risk": 66, "slope_degrees": 5.78, "slope_class": "Moderate slope", "slope_risk": 15, "heritage_sensitivity": 54, "heritage_type_risk": 86, "heritage_type_risk_label": "Rock art / rock shelter", "slope_data_quality": "Sampled from slope raster", "burn_management_context": "No burn option overlap", "burn_management_risk": 65, "vulnerability_score": 58, "vulnerability_level": "Medium"}}, {"type": "Feature", "geometry": {"type": "Polygon", "coordinates": [[[117.24271178000004, -35.02508727299994], [117.25367387100005, -35.02506487299996], [117.25370169900009, -35.03408229399997], [117.242738529, -35.034104696999975], [117.24271178000004, -35.02508727299994]]]}, "properties": {"layer": "Heritage", "heritage_kind": "Aboriginal", "id": 4946, "identifier": "ACH-00004946", "name": "WILLIAM BAY", "place_status": "Lodged", "place_type": "Artefacts / Scatter", "region": "Southern", "culturally_sensitive": "No", "restricted_place": "No", "boundary_reliable": "No", "source": "Lodged", "longitude": 117.248206, "latitude": -35.029585, "fuel_code": null, "fuel_class": "Unknown or no fuel data", "fuel_risk": 55, "slope_degrees": 1.89, "slope_class": "Low slope", "slope_risk": 12, "heritage_sensitivity": 58, "heritage_type_risk": 86, "heritage_type_risk_label": "Rock art / rock shelter", "slope_data_quality": "Sampled from slope raster", "burn_management_context": "No burn option overlap", "burn_management_risk": 65, "vulnerability_score": 52, "vulnerability_level": "Medium"}}, {"type": "Feature", "geometry": {"type": "Polygon", "coordinates": [[[116.90283234800006, -35.05355255499995], [116.90143745000012, -35.05546725199997], [116.89865494978103, -35.05584357843417], [116.89865494978103, -35.0506418245804], [116.90168885300011, -35.05117665499995], [116.90283234800006, -35.05355255499995]]]}, "properties": {"layer": "Heritage", "heritage_kind": "Aboriginal", "id": 4757, "identifier": "ACH-00004757", "name": "RAME HEAD 1", "place_status": "Lodged", "place_type": "Grinding areas / Grooves", "region": "Southern", "culturally_sensitive": "No", "restricted_place": "No", "boundary_reliable": "Yes", "source": "Lodged", "longitude": 116.900754, "latitude": -35.05326, "fuel_code": 423, "fuel_class": "Woodland with grassy understory", "fuel_risk": 72, "slope_degrees": 16.07, "slope_class": "Steep slope", "slope_risk": 54, "heritage_sensitivity": 68, "heritage_type_risk": 52, "heritage_type_risk_label": "Stone or sub-surface material", "slope_data_quality": "Sampled from slope raster", "burn_management_context": "Inside DBCA burn option area", "burn_management_risk": 35, "vulnerability_score": 61, "vulnerability_level": "Medium"}}, {"type": "Feature", "geometry": {"type": "Polygon", "coordinates": [[[117.87559841600012, -34.751651623999976], [117.88652302300011, -34.75157252599996], [117.88661939800011, -34.76058932099994], [117.87569358700011, -34.760668419999945], [117.87559841600012, -34.751651623999976]]]}, "properties": {"layer": "Heritage", "heritage_kind": "Aboriginal", "id": 5161, "identifier": "ACH-00005161", "name": "MORANDE ROAD WEST", "place_status": "Lodged", "place_type": "Artefacts / Scatter", "region": "Southern", "culturally_sensitive": "No", "restricted_place": "No", "boundary_reliable": "No", "source": "Lodged", "longitude": 117.881109, "latitude": -34.75612, "fuel_code": 631, "fuel_class": "Grassland", "fuel_risk": 62, "slope_degrees": 0.44, "slope_class": "Low slope", "slope_risk": 12, "heritage_sensitivity": 58, "heritage_type_risk": 86, "heritage_type_risk_label": "Rock art / rock shelter", "slope_data_quality": "Sampled from slope raster", "burn_management_context": "No burn option overlap", "burn_management_risk": 65, "vulnerability_score": 56, "vulnerability_level": "Medium"}}, {"type": "Feature", "geometry": {"type": "Polygon", "coordinates": [[[117.35000265800011, -34.47473803099996], [117.36089206800011, -34.474706287999936], [117.3609310060001, -34.48372439999997], [117.35004040100011, -34.483756108999955], [117.35000265800011, -34.47473803099996]]]}, "properties": {"layer": "Heritage", "heritage_kind": "Aboriginal", "id": 5146, "identifier": "ACH-00005146", "name": "LAKE KATHERINE", "place_status": "Lodged", "place_type": "Artefacts / Scatter", "region": "Southern", "culturally_sensitive": "No", "restricted_place": "No", "boundary_reliable": "No", "source": "Lodged", "longitude": 117.355467, "latitude": -34.479231, "fuel_code": 631, "fuel_class": "Grassland", "fuel_risk": 62, "slope_degrees": 4.34, "slope_class": "Low slope", "slope_risk": 12, "heritage_sensitivity": 58, "heritage_type_risk": 86, "heritage_type_risk_label": "Rock art / rock shelter", "slope_data_quality": "Sampled from slope raster", "burn_management_context": "No burn option overlap", "burn_management_risk": 65, "vulnerability_score": 56, "vulnerability_level": "Medium"}}, {"type": "Feature", "geometry": {"type": "Polygon", "coordinates": [[[117.6098222380001, -35.08537562099997], [117.6068516250001, -35.08737521399996], [117.60496501300008, -35.08655040799994], [117.60435780900002, -35.08497560799998], [117.60532181000008, -35.08340800899998], [117.60736142200005, -35.082884314999944], [117.60923943300008, -35.08372211999995], [117.6098222380001, -35.08537562099997]]]}, "properties": {"layer": "Heritage", "heritage_kind": "Aboriginal", "id": 4730, "identifier": "ACH-00004730", "name": "LAKE WILLIAM", "place_status": "Lodged", "place_type": "Artefacts / Scatter", "region": "Southern", "culturally_sensitive": "No", "restricted_place": "No", "boundary_reliable": "Yes", "source": "Lodged", "longitude": 117.607095, "latitude": -35.085138, "fuel_code": 960, "fuel_class": "Bare ground", "fuel_risk": 12, "slope_degrees": 0.32, "slope_class": "Low slope", "slope_risk": 12, "heritage_sensitivity": 54, "heritage_type_risk": 86, "heritage_type_risk_label": "Rock art / rock shelter", "slope_data_quality": "Sampled from slope raster", "burn_management_context": "Inside DBCA burn option area", "burn_management_risk": 35, "vulnerability_score": 32, "vulnerability_level": "Low"}}, {"type": "Feature", "geometry": {"type": "Polygon", "coordinates": [[[117.9193961850001, -34.76034627599995], [117.91929635100007, -34.75132955999993], [117.930220813, -34.75124655299993], [117.9303218770001, -34.760263254999984], [117.9193961850001, -34.76034627599995]]]}, "properties": {"layer": "Heritage", "heritage_kind": "Aboriginal", "id": 5163, "identifier": "ACH-00005163", "name": "MORANDE LAKE", "place_status": "Lodged", "place_type": "Artefacts / Scatter", "region": "Southern", "culturally_sensitive": "No", "restricted_place": "No", "boundary_reliable": "No", "source": "Lodged", "longitude": 117.924817, "latitude": -34.756499, "fuel_code": 631, "fuel_class": "Grassland", "fuel_risk": 62, "slope_degrees": 4.04, "slope_class": "Low slope", "slope_risk": 12, "heritage_sensitivity": 58, "heritage_type_risk": 86, "heritage_type_risk_label": "Rock art / rock shelter", "slope_data_quality": "Sampled from slope raster", "burn_management_context": "No burn option overlap", "burn_management_risk": 65, "vulnerability_score": 56, "vulnerability_level": "Medium"}}, {"type": "Feature", "geometry": {"type": "Polygon", "coordinates": [[[117.97159897100005, -34.55253646999995], [117.98249708500009, -34.552449269999954], [117.98260307200007, -34.561466078999956], [117.97170377300006, -34.561553283999956], [117.97159897100005, -34.55253646999995]]]}, "properties": {"layer": "Heritage", "heritage_kind": "Aboriginal", "id": 5164, "identifier": "ACH-00005164", "name": "SECOND POOL SITE", "place_status": "Lodged", "place_type": "Artefacts / Scatter", "region": "Southern", "culturally_sensitive": "No", "restricted_place": "No", "boundary_reliable": "No", "source": "Lodged", "longitude": 117.977101, "latitude": -34.557001, "fuel_code": 640, "fuel_class": "Croplands", "fuel_risk": 50, "slope_degrees": 3.01, "slope_class": "Low slope", "slope_risk": 12, "heritage_sensitivity": 58, "heritage_type_risk": 86, "heritage_type_risk_label": "Rock art / rock shelter", "slope_data_quality": "Sampled from slope raster", "burn_management_context": "No burn option overlap", "burn_management_risk": 65, "vulnerability_score": 50, "vulnerability_level": "Medium"}}, {"type": "Feature", "geometry": {"type": "Polygon", "coordinates": [[[117.64331876400001, -34.38336438199997], [117.65419586400003, -34.38330675599997], [117.65426605700009, -34.39232456399998], [117.64338775800002, -34.39238229099993], [117.64331876400001, -34.38336438199997]]]}, "properties": {"layer": "Heritage", "heritage_kind": "Aboriginal", "id": 4595, "identifier": "ACH-00004595", "name": "CHINNINUP.", "place_status": "Lodged", "place_type": "Camp; Meeting Place", "region": "Southern", "culturally_sensitive": "No", "restricted_place": "No", "boundary_reliable": "No", "source": "Lodged", "longitude": 117.648792, "latitude": -34.387844, "fuel_code": 423, "fuel_class": "Woodland with grassy understory", "fuel_risk": 72, "slope_degrees": 4.46, "slope_class": "Low slope", "slope_risk": 12, "heritage_sensitivity": 58, "heritage_type_risk": 60, "heritage_type_risk_label": "Camp / historical / water source", "slope_data_quality": "Sampled from slope raster", "burn_management_context": "No burn option overlap", "burn_management_risk": 65, "vulnerability_score": 54, "vulnerability_level": "Medium"}}, {"type": "Feature", "geometry": {"type": "Polygon", "coordinates": [[[117.33026259500002, -34.98881078399995], [117.34121969800003, -34.98878049399997], [117.34125719600002, -34.99779787699998], [117.33029889200009, -34.997828168999945], [117.33026259500002, -34.98881078399995]]]}, "properties": {"layer": "Heritage", "heritage_kind": "Aboriginal", "id": 5150, "identifier": "ACH-00005150", "name": "WILSONS INLET.", "place_status": "Lodged", "place_type": "Other; Rock Shelter", "region": "Southern", "culturally_sensitive": "No", "restricted_place": "No", "boundary_reliable": "No", "source": "Lodged", "longitude": 117.33576, "latitude": -34.993304, "fuel_code": 940, "fuel_class": "Wildland urban interface 3", "fuel_risk": 58, "slope_degrees": 2.6, "slope_class": "Low slope", "slope_risk": 12, "heritage_sensitivity": 74, "heritage_type_risk": 86, "heritage_type_risk_label": "Rock art / rock shelter", "slope_data_quality": "Sampled from slope raster", "burn_management_context": "No burn option overlap", "burn_management_risk": 65, "vulnerability_score": 54, "vulnerability_level": "Medium"}}, {"type": "Feature", "geometry": {"type": "Polygon", "coordinates": [[[117.54293094700006, -34.30643828299998], [117.54213079200008, -34.305377662999945], [117.543798132, -34.30440531299996], [117.54410636500006, -34.305017188999955], [117.54293094700006, -34.30643828299998]]]}, "properties": {"layer": "Heritage", "heritage_kind": "Aboriginal", "id": 4923, "identifier": "ACH-00004923", "name": "SHIRE HOLDING PADDOCK.", "place_status": "Lodged", "place_type": "Water Source", "region": "Southern", "culturally_sensitive": "No", "restricted_place": "No", "boundary_reliable": "Yes", "source": "Lodged", "longitude": 117.542945, "latitude": -34.305487, "fuel_code": 433, "fuel_class": "Low woodland with grassy understory", "fuel_risk": 66, "slope_degrees": 0.53, "slope_class": "Low slope", "slope_risk": 12, "heritage_sensitivity": 66, "heritage_type_risk": 60, "heritage_type_risk_label": "Camp / historical / water source", "slope_data_quality": "Sampled from slope raster", "burn_management_context": "No burn option overlap", "burn_management_risk": 65, "vulnerability_score": 51, "vulnerability_level": "Medium"}}, {"type": "Feature", "geometry": {"type": "Polygon", "coordinates": [[[117.56669270700002, -34.31159676999994], [117.56675325000003, -34.320614870999975], [117.5558840540001, -34.32066467499993], [117.55582470800005, -34.31164657299996], [117.56669270700002, -34.31159676999994]]]}, "properties": {"layer": "Heritage", "heritage_kind": "Aboriginal", "id": 4924, "identifier": "ACH-00004924", "name": "PYNUP.", "place_status": "Lodged", "place_type": "Water Source", "region": "Southern", "culturally_sensitive": "No", "restricted_place": "No", "boundary_reliable": "No", "source": "Lodged", "longitude": 117.561289, "latitude": -34.316131, "fuel_code": 631, "fuel_class": "Grassland", "fuel_risk": 62, "slope_degrees": 1.49, "slope_class": "Low slope", "slope_risk": 12, "heritage_sensitivity": 70, "heritage_type_risk": 60, "heritage_type_risk_label": "Camp / historical / water source", "slope_data_quality": "Sampled from slope raster", "burn_management_context": "No burn option overlap", "burn_management_risk": 65, "vulnerability_score": 49, "vulnerability_level": "Medium"}}, {"type": "Feature", "geometry": {"type": "Polygon", "coordinates": [[[117.43599521800002, -34.258020828999975], [117.44685650300005, -34.25798172599997], [117.44690416600008, -34.26700003899998], [117.43604168600007, -34.26703913999995], [117.43599521800002, -34.258020828999975]]]}, "properties": {"layer": "Heritage", "heritage_kind": "Aboriginal", "id": 4927, "identifier": "ACH-00004927", "name": "WASHPOOL RESERVE", "place_status": "Lodged", "place_type": "Modified Tree", "region": "Southern", "culturally_sensitive": "No", "restricted_place": "No", "boundary_reliable": "No", "source": "Lodged", "longitude": 117.441449, "latitude": -34.26251, "fuel_code": 433, "fuel_class": "Low woodland with grassy understory", "fuel_risk": 66, "slope_degrees": 2.07, "slope_class": "Low slope", "slope_risk": 12, "heritage_sensitivity": 58, "heritage_type_risk": 95, "heritage_type_risk_label": "Wood or tree-based heritage", "slope_data_quality": "Sampled from slope raster", "burn_management_context": "No burn option overlap", "burn_management_risk": 65, "vulnerability_score": 60, "vulnerability_level": "Medium"}}, {"type": "Feature", "geometry": {"type": "Polygon", "coordinates": [[[117.64414855900009, -34.49157766199994], [117.65503973600005, -34.49151963699995], [117.65511024800003, -34.50053731799994], [117.64421797500006, -34.50059524399995], [117.64414855900009, -34.49157766199994]]]}, "properties": {"layer": "Heritage", "heritage_kind": "Aboriginal", "id": 5741, "identifier": "ACH-00005741", "name": "KENDENUP.", "place_status": "Lodged", "place_type": "Ochre", "region": "Southern", "culturally_sensitive": "No", "restricted_place": "No", "boundary_reliable": "No", "source": "Lodged", "longitude": 117.649629, "latitude": -34.496057, "fuel_code": 631, "fuel_class": "Grassland", "fuel_risk": 62, "slope_degrees": 2.07, "slope_class": "Low slope", "slope_risk": 12, "heritage_sensitivity": 58, "heritage_type_risk": 64, "heritage_type_risk_label": "General Aboriginal heritage place", "slope_data_quality": "Sampled from slope raster", "burn_management_context": "No burn option overlap", "burn_management_risk": 65, "vulnerability_score": 50, "vulnerability_level": "Medium"}}, {"type": "Feature", "geometry": {"type": "Polygon", "coordinates": [[[116.9145448910001, -34.34895202799993], [116.92541827500008, -34.34895914499998], [116.9254102640001, -34.35797754499998], [116.91453577900006, -34.35797042799993], [116.9145448910001, -34.34895202799993]]]}, "properties": {"layer": "Heritage", "heritage_kind": "Aboriginal", "id": 5710, "identifier": "ACH-00005710", "name": "LAKE MUIR, MANJIMUP.", "place_status": "Lodged", "place_type": "Other", "region": "Southern", "culturally_sensitive": "No", "restricted_place": "No", "boundary_reliable": "No", "source": "Lodged", "longitude": 116.919977, "latitude": -34.353465, "fuel_code": 631, "fuel_class": "Grassland", "fuel_risk": 62, "slope_degrees": 1.17, "slope_class": "Low slope", "slope_risk": 12, "heritage_sensitivity": 58, "heritage_type_risk": 64, "heritage_type_risk_label": "General Aboriginal heritage place", "slope_data_quality": "Sampled from slope raster", "burn_management_context": "No burn option overlap", "burn_management_risk": 65, "vulnerability_score": 50, "vulnerability_level": "Medium"}}, {"type": "Feature", "geometry": {"type": "Polygon", "coordinates": [[[117.01238553300004, -34.21370246099997], [117.01238683400004, -34.22272116499994], [117.00152972700005, -34.22272176799993], [117.00152952700012, -34.21370306299997], [117.01238553300004, -34.21370246099997]]]}, "properties": {"layer": "Heritage", "heritage_kind": "Aboriginal", "id": 4971, "identifier": "ACH-00004971", "name": "YERIMINUP BURIAL 3", "place_status": "Lodged", "place_type": "Burial", "region": "Southern", "culturally_sensitive": "No", "restricted_place": "No", "boundary_reliable": "No", "source": "Lodged", "longitude": 117.006955, "latitude": -34.217848, "fuel_code": 631, "fuel_class": "Grassland", "fuel_risk": 62, "slope_degrees": 4.64, "slope_class": "Low slope", "slope_risk": 12, "heritage_sensitivity": 82, "heritage_type_risk": 76, "heritage_type_risk_label": "Burial or grave", "slope_data_quality": "Sampled from slope raster", "burn_management_context": "No burn option overlap", "burn_management_risk": 65, "vulnerability_score": 53, "vulnerability_level": "Medium"}}, {"type": "Feature", "geometry": {"type": "Polygon", "coordinates": [[[117.78455030600003, -34.36450389199996], [117.79542458600008, -34.364433702999975], [117.79550983900003, -34.37345118999997], [117.7846343010001, -34.37352150799995], [117.78455030600003, -34.36450389199996]]]}, "properties": {"layer": "Heritage", "heritage_kind": "Aboriginal", "id": 5725, "identifier": "ACH-00005725", "name": "RED GUM SPRING,STIRLING RA.", "place_status": "Lodged", "place_type": "Artefacts / Scatter; Camp", "region": "Southern", "culturally_sensitive": "No", "restricted_place": "No", "boundary_reliable": "No", "source": "Lodged", "longitude": 117.79003, "latitude": -34.368978, "fuel_code": 220, "fuel_class": "Open forest", "fuel_risk": 86, "slope_degrees": 14.02, "slope_class": "Moderate slope", "slope_risk": 46, "heritage_sensitivity": 58, "heritage_type_risk": 86, "heritage_type_risk_label": "Rock art / rock shelter", "slope_data_quality": "Sampled from slope raster", "burn_management_context": "No burn option overlap", "burn_management_risk": 65, "vulnerability_score": 75, "vulnerability_level": "High"}}, {"type": "Feature", "geometry": {"type": "Polygon", "coordinates": [[[117.66386547800005, -34.229943068999944], [117.67472281200003, -34.229883788999985], [117.67479467800001, -34.23890173199993], [117.66393625400008, -34.23896112699998], [117.66386547800005, -34.229943068999944]]]}, "properties": {"layer": "Heritage", "heritage_kind": "Aboriginal", "id": 5622, "identifier": "ACH-00005622", "name": "KENDENUP.", "place_status": "Lodged", "place_type": "Ochre", "region": "Southern", "culturally_sensitive": "No", "restricted_place": "No", "boundary_reliable": "No", "source": "Lodged", "longitude": 117.66933, "latitude": -34.234422, "fuel_code": 910, "fuel_class": "Water", "fuel_risk": 5, "slope_degrees": 0.0, "slope_class": "Low slope", "slope_risk": 12, "heritage_sensitivity": 58, "heritage_type_risk": 64, "heritage_type_risk_label": "General Aboriginal heritage place", "slope_data_quality": "Sampled from slope raster", "burn_management_context": "No burn option overlap", "burn_management_risk": 65, "vulnerability_score": 24, "vulnerability_level": "Low"}}, {"type": "Feature", "geometry": {"type": "Polygon", "coordinates": [[[117.72046337300003, -34.50016925099993], [117.7313553460001, -34.50010454299996], [117.73143414800006, -34.50912205299994], [117.72054097900002, -34.509186753999984], [117.72046337300003, -34.50016925099993]]]}, "properties": {"layer": "Heritage", "heritage_kind": "Aboriginal", "id": 5623, "identifier": "ACH-00005623", "name": "KENDENUP.", "place_status": "Lodged", "place_type": "Ochre", "region": "Southern", "culturally_sensitive": "No", "restricted_place": "No", "boundary_reliable": "No", "source": "Lodged", "longitude": 117.725948, "latitude": -34.504646, "fuel_code": 631, "fuel_class": "Grassland", "fuel_risk": 62, "slope_degrees": 3.68, "slope_class": "Low slope", "slope_risk": 12, "heritage_sensitivity": 58, "heritage_type_risk": 64, "heritage_type_risk_label": "General Aboriginal heritage place", "slope_data_quality": "Sampled from slope raster", "burn_management_context": "No burn option overlap", "burn_management_risk": 65, "vulnerability_score": 50, "vulnerability_level": "Medium"}}, {"type": "Feature", "geometry": {"type": "Polygon", "coordinates": [[[117.4870126300001, -35.011600089999945], [117.4881648270001, -35.01074558999994], [117.48920432200009, -35.01167128999998], [117.48805112500008, -35.01254788899996], [117.4870126300001, -35.011600089999945]]]}, "properties": {"layer": "Heritage", "heritage_kind": "Aboriginal", "id": 5187, "identifier": "ACH-00005187", "name": "KITSONS FARM", "place_status": "Lodged", "place_type": "Artefacts / Scatter", "region": "Southern", "culturally_sensitive": "No", "restricted_place": "No", "boundary_reliable": "No", "source": "Lodged", "longitude": 117.488108, "latitude": -35.011647, "fuel_code": 220, "fuel_class": "Open forest", "fuel_risk": 86, "slope_degrees": 5.25, "slope_class": "Moderate slope", "slope_risk": 13, "heritage_sensitivity": 58, "heritage_type_risk": 86, "heritage_type_risk_label": "Rock art / rock shelter", "slope_data_quality": "Sampled from slope raster", "burn_management_context": "No burn option overlap", "burn_management_risk": 65, "vulnerability_score": 67, "vulnerability_level": "High"}}, {"type": "Feature", "geometry": {"type": "Polygon", "coordinates": [[[117.46247483800005, -35.02079965399997], [117.46247484300011, -35.01677133499993], [117.46735766800009, -35.016771336999966], [117.467357665, -35.02079965699994], [117.46247483800005, -35.02079965399997]]]}, "properties": {"layer": "Heritage", "heritage_kind": "Aboriginal", "id": 5475, "identifier": "ACH-00005475", "name": "YOUNGS LAKE.", "place_status": "Lodged", "place_type": "Artefacts / Scatter; Camp; Fish Trap", "region": "Southern", "culturally_sensitive": "No", "restricted_place": "No", "boundary_reliable": "No", "source": "Lodged", "longitude": 117.464916, "latitude": -35.018785, "fuel_code": 800, "fuel_class": "Wetlands", "fuel_risk": 35, "slope_degrees": 0.0, "slope_class": "Low slope", "slope_risk": 12, "heritage_sensitivity": 58, "heritage_type_risk": 86, "heritage_type_risk_label": "Rock art / rock shelter", "slope_data_quality": "Sampled from slope raster", "burn_management_context": "No burn option overlap", "burn_management_risk": 65, "vulnerability_score": 44, "vulnerability_level": "Medium"}}, {"type": "Feature", "geometry": {"type": "Polygon", "coordinates": [[[116.92478499600008, -35.05235920499996], [116.91381912300005, -35.05235186599998], [116.91382863600006, -35.043334469999934], [116.92479330900005, -35.04334180899997], [116.92478499600008, -35.05235920499996]]]}, "properties": {"layer": "Heritage", "heritage_kind": "Aboriginal", "id": 15084, "identifier": "ACH-00015084", "name": "PEACEFUL BAY 01", "place_status": "Lodged", "place_type": "Artefacts / Scatter", "region": "Not Recorded", "culturally_sensitive": "No", "restricted_place": "No", "boundary_reliable": "No", "source": "Lodged", "longitude": 116.919308, "latitude": -35.046391, "fuel_code": 120, "fuel_class": "Closed forest", "fuel_risk": 96, "slope_degrees": 4.06, "slope_class": "Low slope", "slope_risk": 12, "heritage_sensitivity": 58, "heritage_type_risk": 86, "heritage_type_risk_label": "Rock art / rock shelter", "slope_data_quality": "Sampled from slope raster", "burn_management_context": "Inside DBCA burn option area", "burn_management_risk": 35, "vulnerability_score": 69, "vulnerability_level": "High"}}, {"type": "Feature", "geometry": {"type": "Polygon", "coordinates": [[[117.63755750700011, -34.66952661099998], [117.64165570500006, -34.67038040899996], [117.642254008, -34.672259302999976], [117.64137231400002, -34.67382929799993], [117.6387029220001, -34.67466299299997], [117.63634682300005, -34.67356489599996], [117.63579031600011, -34.671377803999974], [117.63755750700011, -34.66952661099998]]]}, "properties": {"layer": "Heritage", "heritage_kind": "Aboriginal", "id": 15089, "identifier": "ACH-00015089", "name": "MT. BARKER 03", "place_status": "Lodged", "place_type": "Artefacts / Scatter", "region": "Not Recorded", "culturally_sensitive": "No", "restricted_place": "No", "boundary_reliable": "Yes", "source": "Lodged", "longitude": 117.638993, "latitude": -34.671975, "fuel_code": 423, "fuel_class": "Woodland with grassy understory", "fuel_risk": 72, "slope_degrees": 3.21, "slope_class": "Low slope", "slope_risk": 12, "heritage_sensitivity": 54, "heritage_type_risk": 86, "heritage_type_risk_label": "Rock art / rock shelter", "slope_data_quality": "Sampled from slope raster", "burn_management_context": "No burn option overlap", "burn_management_risk": 65, "vulnerability_score": 60, "vulnerability_level": "Medium"}}, {"type": "Feature", "geometry": {"type": "Polygon", "coordinates": [[[117.63743460700005, -34.66955661099996], [117.64060580000012, -34.66793941699996], [117.64228950200004, -34.66883501399997], [117.64276980400007, -34.67051270899998], [117.64164000900007, -34.67200360399994], [117.63955831300007, -34.67237270199996], [117.63771521300009, -34.67130030499993], [117.63743460700005, -34.66955661099996]]]}, "properties": {"layer": "Heritage", "heritage_kind": "Aboriginal", "id": 15090, "identifier": "ACH-00015090", "name": "MT. BARKER 04", "place_status": "Lodged", "place_type": "Artefacts / Scatter", "region": "Not Recorded", "culturally_sensitive": "No", "restricted_place": "No", "boundary_reliable": "Yes", "source": "Lodged", "longitude": 117.640071, "latitude": -34.670164, "fuel_code": 631, "fuel_class": "Grassland", "fuel_risk": 62, "slope_degrees": 2.08, "slope_class": "Low slope", "slope_risk": 12, "heritage_sensitivity": 54, "heritage_type_risk": 86, "heritage_type_risk_label": "Rock art / rock shelter", "slope_data_quality": "Sampled from slope raster", "burn_management_context": "No burn option overlap", "burn_management_risk": 65, "vulnerability_score": 56, "vulnerability_level": "Medium"}}, {"type": "Feature", "geometry": {"type": "Polygon", "coordinates": [[[117.5652808960001, -34.740456653999956], [117.5657033010001, -34.74235485199995], [117.56427630400003, -34.74379684899998], [117.56202210300012, -34.743863645999966], [117.56047360000002, -34.742509645999974], [117.56186409400004, -34.73974375199998], [117.5652808960001, -34.740456653999956]]]}, "properties": {"layer": "Heritage", "heritage_kind": "Aboriginal", "id": 15091, "identifier": "ACH-00015091", "name": "MT. BARKER 05", "place_status": "Lodged", "place_type": "Artefacts / Scatter", "region": "Not Recorded", "culturally_sensitive": "No", "restricted_place": "No", "boundary_reliable": "Yes", "source": "Lodged", "longitude": 117.56306, "latitude": -34.741784, "fuel_code": 520, "fuel_class": "Shrubland", "fuel_risk": 82, "slope_degrees": 1.85, "slope_class": "Low slope", "slope_risk": 12, "heritage_sensitivity": 54, "heritage_type_risk": 86, "heritage_type_risk_label": "Rock art / rock shelter", "slope_data_quality": "Sampled from slope raster", "burn_management_context": "No burn option overlap", "burn_management_risk": 65, "vulnerability_score": 65, "vulnerability_level": "Medium"}}, {"type": "Feature", "geometry": {"type": "Polygon", "coordinates": [[[117.58826607600008, -34.67788995799998], [117.585305779, -34.67989205599997], [117.58342607100008, -34.67906586099997], [117.58282126200004, -34.67748866699998], [117.5837821560001, -34.67591907099995], [117.58581455800004, -34.675394868999945], [117.58768566600008, -34.67623406299998], [117.58826607600008, -34.67788995799998]]]}, "properties": {"layer": "Heritage", "heritage_kind": "Aboriginal", "id": 15092, "identifier": "ACH-00015092", "name": "MT. BARKER 06", "place_status": "Lodged", "place_type": "Artefacts / Scatter", "region": "Not Recorded", "culturally_sensitive": "No", "restricted_place": "No", "boundary_reliable": "Yes", "source": "Lodged", "longitude": 117.585549, "latitude": -34.677652, "fuel_code": 220, "fuel_class": "Open forest", "fuel_risk": 86, "slope_degrees": 3.54, "slope_class": "Low slope", "slope_risk": 12, "heritage_sensitivity": 54, "heritage_type_risk": 86, "heritage_type_risk_label": "Rock art / rock shelter", "slope_data_quality": "Sampled from slope raster", "burn_management_context": "No burn option overlap", "burn_management_risk": 65, "vulnerability_score": 66, "vulnerability_level": "Medium"}}, {"type": "Feature", "geometry": {"type": "Polygon", "coordinates": [[[117.62116082500006, -34.69756601299997], [117.61820053400004, -34.69956860099995], [117.61632033500007, -34.69874280299996], [117.61571493200006, -34.697165807999966], [117.616675525, -34.69559611599993], [117.61870811800009, -34.695071619999965], [117.62057981900011, -34.69591041899997], [117.62116082500006, -34.69756601299997]]]}, "properties": {"layer": "Heritage", "heritage_kind": "Aboriginal", "id": 15094, "identifier": "ACH-00015094", "name": "MT. BARKER 08", "place_status": "Lodged", "place_type": "Artefacts / Scatter", "region": "Not Recorded", "culturally_sensitive": "No", "restricted_place": "No", "boundary_reliable": "Yes", "source": "Lodged", "longitude": 117.618443, "latitude": -34.697329, "fuel_code": 310, "fuel_class": "Broadleaf plantation", "fuel_risk": 82, "slope_degrees": 2.64, "slope_class": "Low slope", "slope_risk": 12, "heritage_sensitivity": 54, "heritage_type_risk": 86, "heritage_type_risk_label": "Rock art / rock shelter", "slope_data_quality": "Sampled from slope raster", "burn_management_context": "No burn option overlap", "burn_management_risk": 65, "vulnerability_score": 65, "vulnerability_level": "Medium"}}, {"type": "Feature", "geometry": {"type": "Polygon", "coordinates": [[[117.93375340700004, -34.87953815999998], [117.93283084500001, -34.87773269699994], [117.93520310100007, -34.87768529899995], [117.93517587400004, -34.87811738399995], [117.93375340700004, -34.87953815999998]]]}, "properties": {"layer": "Heritage", "heritage_kind": "Aboriginal", "id": 15111, "identifier": "ACH-00015111", "name": "YUNGUP.", "place_status": "Lodged", "place_type": "Camp", "region": "Southern", "culturally_sensitive": "No", "restricted_place": "No", "boundary_reliable": "Yes", "source": "Lodged", "longitude": 117.933878, "latitude": -34.878573, "fuel_code": 640, "fuel_class": "Croplands", "fuel_risk": 50, "slope_degrees": 1.63, "slope_class": "Low slope", "slope_risk": 12, "heritage_sensitivity": 54, "heritage_type_risk": 60, "heritage_type_risk_label": "Camp / historical / water source", "slope_data_quality": "Sampled from slope raster", "burn_management_context": "No burn option overlap", "burn_management_risk": 65, "vulnerability_score": 44, "vulnerability_level": "Medium"}}, {"type": "Feature", "geometry": {"type": "Polygon", "coordinates": [[[117.61535368700004, -34.72470078899994], [117.61423379300004, -34.726457178999965], [117.61180049200004, -34.72710337299998], [117.60954368600005, -34.72611247499998], [117.6088171770001, -34.724220282999966], [117.60997026500002, -34.722336792999954], [117.61240996200002, -34.72170749899993], [117.6146564710001, -34.72271409699994], [117.61535368700004, -34.72470078899994]]]}, "properties": {"layer": "Heritage", "heritage_kind": "Aboriginal", "id": 15095, "identifier": "ACH-00015095", "name": "MT. BARKER 09", "place_status": "Lodged", "place_type": "Artefacts / Scatter", "region": "Not Recorded", "culturally_sensitive": "No", "restricted_place": "No", "boundary_reliable": "Yes", "source": "Lodged", "longitude": 117.612091, "latitude": -34.724416, "fuel_code": 631, "fuel_class": "Grassland", "fuel_risk": 62, "slope_degrees": 2.35, "slope_class": "Low slope", "slope_risk": 12, "heritage_sensitivity": 54, "heritage_type_risk": 86, "heritage_type_risk_label": "Rock art / rock shelter", "slope_data_quality": "Sampled from slope raster", "burn_management_context": "No burn option overlap", "burn_management_risk": 65, "vulnerability_score": 56, "vulnerability_level": "Medium"}}, {"type": "Feature", "geometry": {"type": "Polygon", "coordinates": [[[117.61963489100003, -34.71295604799997], [117.61851520700009, -34.71471263899997], [117.61608221400002, -34.71535893199996], [117.61382560900006, -34.71436793399994], [117.61309909600004, -34.712475740999935], [117.61425198000006, -34.71059225199997], [117.61669137100012, -34.70996285799998], [117.61893777500006, -34.710969355999964], [117.61963489100003, -34.71295604799997]]]}, "properties": {"layer": "Heritage", "heritage_kind": "Aboriginal", "id": 15096, "identifier": "ACH-00015096", "name": "MT. BARKER 10", "place_status": "Lodged", "place_type": "Artefacts / Scatter", "region": "Not Recorded", "culturally_sensitive": "No", "restricted_place": "No", "boundary_reliable": "Yes", "source": "Lodged", "longitude": 117.616373, "latitude": -34.712671, "fuel_code": 310, "fuel_class": "Broadleaf plantation", "fuel_risk": 82, "slope_degrees": 2.98, "slope_class": "Low slope", "slope_risk": 12, "heritage_sensitivity": 54, "heritage_type_risk": 86, "heritage_type_risk_label": "Rock art / rock shelter", "slope_data_quality": "Sampled from slope raster", "burn_management_context": "No burn option overlap", "burn_management_risk": 65, "vulnerability_score": 65, "vulnerability_level": "Medium"}}, {"type": "Feature", "geometry": {"type": "Polygon", "coordinates": [[[117.61107122200008, -34.73644522699993], [117.60995112600006, -34.73820161799995], [117.60751752400006, -34.73884771199994], [117.60526051800002, -34.737856713999975], [117.60453401200004, -34.73596462199998], [117.60568730700004, -34.73408133199996], [117.608127308, -34.73345213799996], [117.61037401400006, -34.73445863599994], [117.61107122200008, -34.73644522699993]]]}, "properties": {"layer": "Heritage", "heritage_kind": "Aboriginal", "id": 15097, "identifier": "ACH-00015097", "name": "MT. BARKER 11", "place_status": "Lodged", "place_type": "Artefacts / Scatter", "region": "Not Recorded", "culturally_sensitive": "No", "restricted_place": "No", "boundary_reliable": "Yes", "source": "Lodged", "longitude": 117.607809, "latitude": -34.73616, "fuel_code": 220, "fuel_class": "Open forest", "fuel_risk": 86, "slope_degrees": 2.76, "slope_class": "Low slope", "slope_risk": 12, "heritage_sensitivity": 54, "heritage_type_risk": 86, "heritage_type_risk_label": "Rock art / rock shelter", "slope_data_quality": "Sampled from slope raster", "burn_management_context": "No burn option overlap", "burn_management_risk": 65, "vulnerability_score": 66, "vulnerability_level": "Medium"}}, {"type": "Feature", "geometry": {"type": "Polygon", "coordinates": [[[117.6100649330001, -34.74817327499994], [117.60881773200003, -34.750015366999946], [117.60651082900006, -34.750575562999984], [117.60436022600004, -34.749687663999964], [117.60352712600002, -34.74769267099998], [117.60468042600007, -34.74580937999997], [117.60712072900003, -34.74518018499998], [117.60936773200001, -34.746186782999985], [117.6100649330001, -34.74817327499994]]]}, "properties": {"layer": "Heritage", "heritage_kind": "Aboriginal", "id": 15098, "identifier": "ACH-00015098", "name": "MT. BARKER 12", "place_status": "Lodged", "place_type": "Artefacts / Scatter", "region": "Not Recorded", "culturally_sensitive": "No", "restricted_place": "No", "boundary_reliable": "Yes", "source": "Lodged", "longitude": 117.606802, "latitude": -34.747888, "fuel_code": 423, "fuel_class": "Woodland with grassy understory", "fuel_risk": 72, "slope_degrees": 2.52, "slope_class": "Low slope", "slope_risk": 12, "heritage_sensitivity": 54, "heritage_type_risk": 86, "heritage_type_risk_label": "Rock art / rock shelter", "slope_data_quality": "Sampled from slope raster", "burn_management_context": "No burn option overlap", "burn_management_risk": 65, "vulnerability_score": 60, "vulnerability_level": "Medium"}}, {"type": "Feature", "geometry": {"type": "Polygon", "coordinates": [[[117.5982359080001, -34.68349114499995], [117.5941622040001, -34.68310614099994], [117.59322049800005, -34.68141824799994], [117.59381659100006, -34.67962615599998], [117.59615388700001, -34.67850086399994], [117.59883739300005, -34.67930326499993], [117.59975110200003, -34.68149325599995], [117.5982359080001, -34.68349114499995]]]}, "properties": {"layer": "Heritage", "heritage_kind": "Aboriginal", "id": 15099, "identifier": "ACH-00015099", "name": "MT. BARKER 13", "place_status": "Lodged", "place_type": "Artefacts / Scatter", "region": "Not Recorded", "culturally_sensitive": "No", "restricted_place": "No", "boundary_reliable": "Yes", "source": "Lodged", "longitude": 117.59649, "latitude": -34.681208, "fuel_code": 220, "fuel_class": "Open forest", "fuel_risk": 86, "slope_degrees": 8.48, "slope_class": "Moderate slope", "slope_risk": 25, "heritage_sensitivity": 54, "heritage_type_risk": 86, "heritage_type_risk_label": "Rock art / rock shelter", "slope_data_quality": "Sampled from slope raster", "burn_management_context": "No burn option overlap", "burn_management_risk": 65, "vulnerability_score": 70, "vulnerability_level": "High"}}, {"type": "Feature", "geometry": {"type": "Polygon", "coordinates": [[[117.59916650500008, -34.68259944999994], [117.59759789700001, -34.68062985699993], [117.59837958800006, -34.67849036699994], [117.6010050860001, -34.67756637599996], [117.60341429200002, -34.67858307499995], [117.6041295010001, -34.680345166999984], [117.60333870600005, -34.682039258999964], [117.59916650500008, -34.68259944999994]]]}, "properties": {"layer": "Heritage", "heritage_kind": "Aboriginal", "id": 15100, "identifier": "ACH-00015100", "name": "MT. BARKER 14", "place_status": "Lodged", "place_type": "Artefacts / Scatter", "region": "Not Recorded", "culturally_sensitive": "No", "restricted_place": "No", "boundary_reliable": "Yes", "source": "Lodged", "longitude": 117.60085, "latitude": -34.680285, "fuel_code": 631, "fuel_class": "Grassland", "fuel_risk": 62, "slope_degrees": 3.24, "slope_class": "Low slope", "slope_risk": 12, "heritage_sensitivity": 54, "heritage_type_risk": 86, "heritage_type_risk_label": "Rock art / rock shelter", "slope_data_quality": "Sampled from slope raster", "burn_management_context": "No burn option overlap", "burn_management_risk": 65, "vulnerability_score": 56, "vulnerability_level": "Medium"}}, {"type": "Feature", "geometry": {"type": "Polygon", "coordinates": [[[117.60049050700002, -34.68294655099993], [117.60066430000006, -34.68084075999997], [117.60277179600007, -34.67943946999998], [117.60529919900011, -34.67974917099997], [117.60682350400009, -34.68159546399994], [117.6063723100001, -34.683502155999975], [117.60443921500007, -34.68468164899997], [117.60205141300003, -34.68445604599998], [117.60049050700002, -34.68294655099993]]]}, "properties": {"layer": "Heritage", "heritage_kind": "Aboriginal", "id": 15101, "identifier": "ACH-00015101", "name": "MT. BARKER 15", "place_status": "Lodged", "place_type": "Artefacts / Scatter", "region": "Not Recorded", "culturally_sensitive": "No", "restricted_place": "No", "boundary_reliable": "Yes", "source": "Lodged", "longitude": 117.603592, "latitude": -34.682075, "fuel_code": 631, "fuel_class": "Grassland", "fuel_risk": 62, "slope_degrees": 2.31, "slope_class": "Low slope", "slope_risk": 12, "heritage_sensitivity": 54, "heritage_type_risk": 86, "heritage_type_risk_label": "Rock art / rock shelter", "slope_data_quality": "Sampled from slope raster", "burn_management_context": "No burn option overlap", "burn_management_risk": 65, "vulnerability_score": 56, "vulnerability_level": "Medium"}}, {"type": "Feature", "geometry": {"type": "Polygon", "coordinates": [[[117.63672241300003, -34.73355668599993], [117.63376152600006, -34.73555917199997], [117.63196942400009, -34.73481947199997], [117.63127481900005, -34.73315697899994], [117.63223551400006, -34.73158738999996], [117.63426861100004, -34.73106269699997], [117.63614111000004, -34.73190119499998], [117.63672241300003, -34.73355668599993]]]}, "properties": {"layer": "Heritage", "heritage_kind": "Aboriginal", "id": 15102, "identifier": "ACH-00015102", "name": "MT. BARKER 16", "place_status": "Lodged", "place_type": "Artefacts / Scatter", "region": "Not Recorded", "culturally_sensitive": "No", "restricted_place": "No", "boundary_reliable": "Yes", "source": "Lodged", "longitude": 117.634004, "latitude": -34.73332, "fuel_code": 310, "fuel_class": "Broadleaf plantation", "fuel_risk": 82, "slope_degrees": 2.62, "slope_class": "Low slope", "slope_risk": 12, "heritage_sensitivity": 54, "heritage_type_risk": 86, "heritage_type_risk_label": "Rock art / rock shelter", "slope_data_quality": "Sampled from slope raster", "burn_management_context": "No burn option overlap", "burn_management_risk": 65, "vulnerability_score": 65, "vulnerability_level": "Medium"}}, {"type": "Feature", "geometry": {"type": "Polygon", "coordinates": [[[117.58593116000009, -34.72616654299998], [117.58438255400006, -34.724812748999966], [117.58466314700001, -34.722862058999965], [117.58668814400005, -34.721830962999945], [117.58882724700004, -34.722420958999976], [117.58928585800004, -34.72527614599994], [117.58593116000009, -34.72616654299998]]]}, "properties": {"layer": "Heritage", "heritage_kind": "Aboriginal", "id": 15104, "identifier": "ACH-00015104", "name": "MT. BARKER 18", "place_status": "Lodged", "place_type": "Artefacts / Scatter", "region": "Not Recorded", "culturally_sensitive": "No", "restricted_place": "No", "boundary_reliable": "Yes", "source": "Lodged", "longitude": 117.586968, "latitude": -34.724087, "fuel_code": 220, "fuel_class": "Open forest", "fuel_risk": 86, "slope_degrees": 8.38, "slope_class": "Moderate slope", "slope_risk": 25, "heritage_sensitivity": 54, "heritage_type_risk": 86, "heritage_type_risk_label": "Rock art / rock shelter", "slope_data_quality": "Sampled from slope raster", "burn_management_context": "No burn option overlap", "burn_management_risk": 65, "vulnerability_score": 70, "vulnerability_level": "High"}}, {"type": "Feature", "geometry": {"type": "Polygon", "coordinates": [[[117.5860098600001, -34.72617284299997], [117.58639595200009, -34.72396115299995], [117.58850174800011, -34.72276495799997], [117.59114155200007, -34.72325775699994], [117.59241926100003, -34.72508555099995], [117.59185276700009, -34.72697094199998], [117.58984977000011, -34.728068733999976], [117.58747786700008, -34.72774473499993], [117.5860098600001, -34.72617284299997]]]}, "properties": {"layer": "Heritage", "heritage_kind": "Aboriginal", "id": 15105, "identifier": "ACH-00015105", "name": "MT. BARKER 19", "place_status": "Lodged", "place_type": "Artefacts / Scatter", "region": "Not Recorded", "culturally_sensitive": "No", "restricted_place": "No", "boundary_reliable": "Yes", "source": "Lodged", "longitude": 117.589162, "latitude": -34.725431, "fuel_code": 510, "fuel_class": "Tall shrubland", "fuel_risk": 88, "slope_degrees": 7.3, "slope_class": "Moderate slope", "slope_risk": 21, "heritage_sensitivity": 54, "heritage_type_risk": 86, "heritage_type_risk_label": "Rock art / rock shelter", "slope_data_quality": "Sampled from slope raster", "burn_management_context": "No burn option overlap", "burn_management_risk": 65, "vulnerability_score": 70, "vulnerability_level": "High"}}, {"type": "Feature", "geometry": {"type": "Polygon", "coordinates": [[[117.58741000500004, -34.71125981199998], [117.58444891200008, -34.713261605999946], [117.58256860800009, -34.712435512999946], [117.58196370200005, -34.71085852199997], [117.58292479600004, -34.709289027999944], [117.58495779500004, -34.70876492699995], [117.58682949800004, -34.709604120999984], [117.58741000500004, -34.71125981199998]]]}, "properties": {"layer": "Heritage", "heritage_kind": "Aboriginal", "id": 15106, "identifier": "ACH-00015106", "name": "MT. BARKER 20", "place_status": "Lodged", "place_type": "Artefacts / Scatter", "region": "Not Recorded", "culturally_sensitive": "No", "restricted_place": "No", "boundary_reliable": "Yes", "source": "Lodged", "longitude": 117.584692, "latitude": -34.711022, "fuel_code": 220, "fuel_class": "Open forest", "fuel_risk": 86, "slope_degrees": 3.62, "slope_class": "Low slope", "slope_risk": 12, "heritage_sensitivity": 54, "heritage_type_risk": 86, "heritage_type_risk_label": "Rock art / rock shelter", "slope_data_quality": "Sampled from slope raster", "burn_management_context": "No burn option overlap", "burn_management_risk": 65, "vulnerability_score": 66, "vulnerability_level": "Medium"}}, {"type": "Feature", "geometry": {"type": "Polygon", "coordinates": [[[117.57430600100008, -34.71132222699998], [117.57134460100008, -34.71332380699994], [117.56946449300005, -34.71249750499993], [117.56885968400002, -34.71092051099998], [117.56982097900004, -34.70935112099994], [117.57185408300006, -34.708827130999964], [117.57372569300003, -34.709666433999985], [117.57430600100008, -34.71132222699998]]]}, "properties": {"layer": "Heritage", "heritage_kind": "Aboriginal", "id": 15107, "identifier": "ACH-00015107", "name": "MT. BARKER 21", "place_status": "Lodged", "place_type": "Artefacts / Scatter", "region": "Not Recorded", "culturally_sensitive": "No", "restricted_place": "No", "boundary_reliable": "Yes", "source": "Lodged", "longitude": 117.571588, "latitude": -34.711084, "fuel_code": 510, "fuel_class": "Tall shrubland", "fuel_risk": 88, "slope_degrees": 3.06, "slope_class": "Low slope", "slope_risk": 12, "heritage_sensitivity": 54, "heritage_type_risk": 86, "heritage_type_risk_label": "Rock art / rock shelter", "slope_data_quality": "Sampled from slope raster", "burn_management_context": "No burn option overlap", "burn_management_risk": 65, "vulnerability_score": 67, "vulnerability_level": "High"}}, {"type": "Feature", "geometry": {"type": "Polygon", "coordinates": [[[117.58143322, -34.71584939699994], [117.58018582700004, -34.71769148799996], [117.57787952800004, -34.71825138699995], [117.5757297240001, -34.717362993999984], [117.57489731700002, -34.71536760599997], [117.57605081100007, -34.71348431599995], [117.57849050900006, -34.712855515999934], [117.58073661300011, -34.71386250799998], [117.58143322, -34.71584939699994]]]}, "properties": {"layer": "Heritage", "heritage_kind": "Aboriginal", "id": 15108, "identifier": "ACH-00015108", "name": "MT. BARKER 22", "place_status": "Lodged", "place_type": "Artefacts / Scatter", "region": "Not Recorded", "culturally_sensitive": "No", "restricted_place": "No", "boundary_reliable": "Yes", "source": "Lodged", "longitude": 117.578171, "latitude": -34.715564, "fuel_code": 510, "fuel_class": "Tall shrubland", "fuel_risk": 88, "slope_degrees": 1.82, "slope_class": "Low slope", "slope_risk": 12, "heritage_sensitivity": 54, "heritage_type_risk": 86, "heritage_type_risk_label": "Rock art / rock shelter", "slope_data_quality": "Sampled from slope raster", "burn_management_context": "No burn option overlap", "burn_management_risk": 65, "vulnerability_score": 67, "vulnerability_level": "High"}}, {"type": "Feature", "geometry": {"type": "Polygon", "coordinates": [[[117.56273379100003, -34.696097968999936], [117.56161339700009, -34.69785425699996], [117.5591803960001, -34.69849974899995], [117.55703109300009, -34.69761105199996], [117.55619918400009, -34.69561546199998], [117.55735277600002, -34.69373217399993], [117.55979217200002, -34.693103579999956], [117.56203768000012, -34.69411097799997], [117.56273379100003, -34.696097968999936]]]}, "properties": {"layer": "Heritage", "heritage_kind": "Aboriginal", "id": 15109, "identifier": "ACH-00015109", "name": "MT. BARKER 23", "place_status": "Lodged", "place_type": "Artefacts / Scatter", "region": "Not Recorded", "culturally_sensitive": "No", "restricted_place": "No", "boundary_reliable": "Yes", "source": "Lodged", "longitude": 117.559473, "latitude": -34.695812, "fuel_code": 631, "fuel_class": "Grassland", "fuel_risk": 62, "slope_degrees": 4.0, "slope_class": "Low slope", "slope_risk": 12, "heritage_sensitivity": 54, "heritage_type_risk": 86, "heritage_type_risk_label": "Rock art / rock shelter", "slope_data_quality": "Sampled from slope raster", "burn_management_context": "No burn option overlap", "burn_management_risk": 65, "vulnerability_score": 56, "vulnerability_level": "Medium"}}, {"type": "Feature", "geometry": {"type": "Polygon", "coordinates": [[[117.69667593800011, -35.041342809999946], [117.6978238370001, -35.040457206999974], [117.69886945000007, -35.041381711999975], [117.69773085100007, -35.042260013999964], [117.69667593800011, -35.041342809999946]]]}, "properties": {"layer": "Heritage", "heritage_kind": "Aboriginal", "id": 17460, "identifier": "ACH-00017460", "name": "MUTTON BIRD ROAD", "place_status": "Lodged", "place_type": "Artefacts / Scatter; Engraving; Grinding areas / Grooves; Traditional Structure", "region": "Southern", "culturally_sensitive": "No", "restricted_place": "No", "boundary_reliable": "Yes", "source": "Lodged", "longitude": 117.697773, "latitude": -35.041358, "fuel_code": 510, "fuel_class": "Tall shrubland", "fuel_risk": 88, "slope_degrees": 5.35, "slope_class": "Moderate slope", "slope_risk": 13, "heritage_sensitivity": 70, "heritage_type_risk": 86, "heritage_type_risk_label": "Rock art / rock shelter", "slope_data_quality": "Sampled from slope raster", "burn_management_context": "No burn option overlap", "burn_management_risk": 65, "vulnerability_score": 68, "vulnerability_level": "High"}}, {"type": "Feature", "geometry": {"type": "Polygon", "coordinates": [[[117.9621361830001, -34.943198682999935], [117.96211467600006, -34.94346877899994], [117.96195657700002, -34.94332467999993], [117.9621361830001, -34.943198682999935]]]}, "properties": {"layer": "Heritage", "heritage_kind": "Aboriginal", "id": 20047, "identifier": "ACH-00020047", "name": "Oyster Harbour Scarred Tree", "place_status": "Lodged", "place_type": "Modified Tree", "region": "Southern", "culturally_sensitive": "No", "restricted_place": "No", "boundary_reliable": "Yes", "source": "Lodged", "longitude": 117.962121, "latitude": -34.943331, "fuel_code": 631, "fuel_class": "Grassland", "fuel_risk": 62, "slope_degrees": 2.56, "slope_class": "Low slope", "slope_risk": 12, "heritage_sensitivity": 54, "heritage_type_risk": 95, "heritage_type_risk_label": "Wood or tree-based heritage", "slope_data_quality": "Sampled from slope raster", "burn_management_context": "No burn option overlap", "burn_management_risk": 65, "vulnerability_score": 58, "vulnerability_level": "Medium"}}, {"type": "Feature", "geometry": {"type": "Polygon", "coordinates": [[[117.71189960200002, -34.49502008899998], [117.7102011070001, -34.497540786999934], [117.70705601700001, -34.49830899199998], [117.703976828, -34.49695540299996], [117.70298383200009, -34.494368012999985], [117.70455442800005, -34.491791116999934], [117.70788121700002, -34.490928510999936], [117.71094640700005, -34.49230339899998], [117.71189960200002, -34.49502008899998]]]}, "properties": {"layer": "Heritage", "heritage_kind": "Aboriginal", "id": 20223, "identifier": "ACH-00020223", "name": "Kendenup Ochre Site", "place_status": "Lodged", "place_type": "Ochre; Quarry", "region": "Southern", "culturally_sensitive": "No", "restricted_place": "No", "boundary_reliable": "Yes", "source": "Lodged", "longitude": 117.70745, "latitude": -34.494633, "fuel_code": 631, "fuel_class": "Grassland", "fuel_risk": 62, "slope_degrees": 2.34, "slope_class": "Low slope", "slope_risk": 12, "heritage_sensitivity": 54, "heritage_type_risk": 52, "heritage_type_risk_label": "Stone or sub-surface material", "slope_data_quality": "Sampled from slope raster", "burn_management_context": "No burn option overlap", "burn_management_risk": 65, "vulnerability_score": 47, "vulnerability_level": "Medium"}}, {"type": "Feature", "geometry": {"type": "MultiPolygon", "coordinates": [[[[117.94426877, -34.95843280699995], [117.94402617800006, -34.95829042099996], [117.94421121900007, -34.95818979399996], [117.94426877, -34.95843280699995]]], [[[117.94354510500011, -34.95972655899993], [117.94354110000006, -34.95867625899996], [117.9446233000001, -34.95861375599998], [117.94472900500011, -34.95972535499993], [117.94354510500011, -34.95972655899993]]]]}, "properties": {"layer": "Heritage", "heritage_kind": "Aboriginal", "id": 21498, "identifier": "ACH-00021498", "name": "Windemere Scatter", "place_status": "Lodged", "place_type": "Artefacts / Scatter; Ochre; Other", "region": "Southern", "culturally_sensitive": "No", "restricted_place": "No", "boundary_reliable": "Yes", "source": "Lodged", "longitude": 117.94411, "latitude": -34.959194, "fuel_code": 631, "fuel_class": "Grassland", "fuel_risk": 62, "slope_degrees": 2.26, "slope_class": "Low slope", "slope_risk": 12, "heritage_sensitivity": 54, "heritage_type_risk": 86, "heritage_type_risk_label": "Rock art / rock shelter", "slope_data_quality": "Sampled from slope raster", "burn_management_context": "No burn option overlap", "burn_management_risk": 65, "vulnerability_score": 56, "vulnerability_level": "Medium"}}, {"type": "Feature", "geometry": {"type": "Polygon", "coordinates": [[[117.88803196300012, -34.958871586999976], [117.88888054300003, -34.957320393999964], [117.89083733200005, -34.956698794999966], [117.89275513900009, -34.957398388999934], [117.89351035700008, -34.95900938199998], [117.8926606770001, -34.96058817699998], [117.89067008800009, -34.961208975999966], [117.88876308100009, -34.96049007999994], [117.88803196300012, -34.958871586999976]]]}, "properties": {"layer": "Heritage", "heritage_kind": "Aboriginal", "id": 21788, "identifier": "ACH-00021788", "name": "CHESTER PASS ROAD CREEK 1", "place_status": "Lodged", "place_type": "Creation / Dreaming Narrative; Landscape / Seascape Feature; Water Source", "region": "Southern", "culturally_sensitive": "No", "restricted_place": "No", "boundary_reliable": "Yes", "source": "Lodged", "longitude": 117.890771, "latitude": -34.958954, "fuel_code": 930, "fuel_class": "Wildland urban interface 2", "fuel_risk": 70, "slope_degrees": 1.96, "slope_class": "Low slope", "slope_risk": 12, "heritage_sensitivity": 74, "heritage_type_risk": 72, "heritage_type_risk_label": "Ceremonial / narrative place", "slope_data_quality": "Sampled from slope raster", "burn_management_context": "No burn option overlap", "burn_management_risk": 65, "vulnerability_score": 56, "vulnerability_level": "Medium"}}, {"type": "Feature", "geometry": {"type": "Polygon", "coordinates": [[[117.86883333000003, -35.013838419999956], [117.86847452500001, -35.01294862199995], [117.8688190260001, -35.01293972199994], [117.86883333000003, -35.013838419999956]]]}, "properties": {"layer": "Heritage", "heritage_kind": "Aboriginal", "id": 22529, "identifier": "ACH-00022529", "name": "Mt Melville Gnamma Holes", "place_status": "Lodged", "place_type": "Landscape / Seascape Feature; Water Source", "region": "Southern", "culturally_sensitive": "No", "restricted_place": "No", "boundary_reliable": "Yes", "source": "Lodged", "longitude": 117.868655, "latitude": -35.013393, "fuel_code": 230, "fuel_class": "Low open forest", "fuel_risk": 76, "slope_degrees": 1.17, "slope_class": "Low slope", "slope_risk": 12, "heritage_sensitivity": 66, "heritage_type_risk": 60, "heritage_type_risk_label": "Camp / historical / water source", "slope_data_quality": "Sampled from slope raster", "burn_management_context": "No burn option overlap", "burn_management_risk": 65, "vulnerability_score": 55, "vulnerability_level": "Medium"}}, {"type": "Feature", "geometry": {"type": "Polygon", "coordinates": [[[117.86818422400006, -35.01280092199994], [117.86686972200005, -35.01274782199994], [117.86757542100008, -35.01223442299994], [117.86818422400006, -35.01280092199994]]]}, "properties": {"layer": "Heritage", "heritage_kind": "Aboriginal", "id": 22530, "identifier": "ACH-00022530", "name": "Mt Melville Waugal Trap", "place_status": "Lodged", "place_type": "Creation / Dreaming Narrative; Landscape / Seascape Feature", "region": "Southern", "culturally_sensitive": "No", "restricted_place": "No", "boundary_reliable": "No", "source": "Lodged", "longitude": 117.867527, "latitude": -35.012768, "fuel_code": 220, "fuel_class": "Open forest", "fuel_risk": 86, "slope_degrees": 8.3, "slope_class": "Moderate slope", "slope_risk": 25, "heritage_sensitivity": 78, "heritage_type_risk": 72, "heritage_type_risk_label": "Ceremonial / narrative place", "slope_data_quality": "Sampled from slope raster", "burn_management_context": "No burn option overlap", "burn_management_risk": 65, "vulnerability_score": 66, "vulnerability_level": "Medium"}}, {"type": "Feature", "geometry": {"type": "Polygon", "coordinates": [[[117.8657055970001, -35.007531479999955], [117.86524574900011, -35.00684353499997], [117.86725085500007, -35.005936205999944], [117.86771103900003, -35.00662348099996], [117.8657055970001, -35.007531479999955]]]}, "properties": {"layer": "Heritage", "heritage_kind": "Aboriginal", "id": 22533, "identifier": "ACH-00022533", "name": "Mt Melville School Site", "place_status": "Lodged", "place_type": "Camp; Historical", "region": "Southern", "culturally_sensitive": "No", "restricted_place": "No", "boundary_reliable": "Yes", "source": "Lodged", "longitude": 117.866478, "latitude": -35.006734, "fuel_code": 631, "fuel_class": "Grassland", "fuel_risk": 62, "slope_degrees": 3.18, "slope_class": "Low slope", "slope_risk": 12, "heritage_sensitivity": 54, "heritage_type_risk": 60, "heritage_type_risk_label": "Camp / historical / water source", "slope_data_quality": "Sampled from slope raster", "burn_management_context": "No burn option overlap", "burn_management_risk": 65, "vulnerability_score": 49, "vulnerability_level": "Medium"}}, {"type": "Feature", "geometry": {"type": "Polygon", "coordinates": [[[117.86713386300005, -35.02171730999993], [117.86704655400001, -35.01974661299994], [117.869427459, -35.01975091299994], [117.86942896900007, -35.02169270999997], [117.86713386300005, -35.02171730999993]]]}, "properties": {"layer": "Heritage", "heritage_kind": "Aboriginal", "id": 22535, "identifier": "ACH-00022535", "name": "Mt Melville Reserve (Maxwell Street)", "place_status": "Lodged", "place_type": "Camp; Historical", "region": "Southern", "culturally_sensitive": "No", "restricted_place": "No", "boundary_reliable": "Yes", "source": "Lodged", "longitude": 117.868238, "latitude": -35.020717, "fuel_code": 424, "fuel_class": "Woodland with sparse understory", "fuel_risk": 62, "slope_degrees": 4.43, "slope_class": "Low slope", "slope_risk": 12, "heritage_sensitivity": 54, "heritage_type_risk": 95, "heritage_type_risk_label": "Wood or tree-based heritage", "slope_data_quality": "Sampled from slope raster", "burn_management_context": "No burn option overlap", "burn_management_risk": 65, "vulnerability_score": 58, "vulnerability_level": "Medium"}}, {"type": "Feature", "geometry": {"type": "Polygon", "coordinates": [[[117.87057408400005, -35.02422650699998], [117.8692594800001, -35.024173306999955], [117.86996517900002, -35.02366000799998], [117.87057408400005, -35.02422650699998]]]}, "properties": {"layer": "Heritage", "heritage_kind": "Aboriginal", "id": 22536, "identifier": "ACH-00022536", "name": "Mt Melville Camp 1", "place_status": "Lodged", "place_type": "Camp; Historical", "region": "Southern", "culturally_sensitive": "No", "restricted_place": "No", "boundary_reliable": "No", "source": "Lodged", "longitude": 117.869917, "latitude": -35.024207, "fuel_code": 424, "fuel_class": "Woodland with sparse understory", "fuel_risk": 62, "slope_degrees": 9.3, "slope_class": "Moderate slope", "slope_risk": 28, "heritage_sensitivity": 58, "heritage_type_risk": 60, "heritage_type_risk_label": "Camp / historical / water source", "slope_data_quality": "Sampled from slope raster", "burn_management_context": "No burn option overlap", "burn_management_risk": 65, "vulnerability_score": 53, "vulnerability_level": "Medium"}}, {"type": "Feature", "geometry": {"type": "Polygon", "coordinates": [[[117.86742663200005, -35.014745019999964], [117.86611202900008, -35.01469191999996], [117.86681772800011, -35.01417851999997], [117.86742663200005, -35.014745019999964]]]}, "properties": {"layer": "Heritage", "heritage_kind": "Aboriginal", "id": 22537, "identifier": "ACH-00022537", "name": "Mt Melville Camp 2", "place_status": "Lodged", "place_type": "Camp; Historical", "region": "Southern", "culturally_sensitive": "No", "restricted_place": "No", "boundary_reliable": "Yes", "source": "Lodged", "longitude": 117.866769, "latitude": -35.014718, "fuel_code": 220, "fuel_class": "Open forest", "fuel_risk": 86, "slope_degrees": 7.81, "slope_class": "Moderate slope", "slope_risk": 23, "heritage_sensitivity": 54, "heritage_type_risk": 60, "heritage_type_risk_label": "Camp / historical / water source", "slope_data_quality": "Sampled from slope raster", "burn_management_context": "No burn option overlap", "burn_management_risk": 65, "vulnerability_score": 63, "vulnerability_level": "Medium"}}, {"type": "Feature", "geometry": {"type": "Polygon", "coordinates": [[[117.86739424100006, -35.01680591699994], [117.8667363400001, -35.016792616999965], [117.86708953900006, -35.016529316999936], [117.86739424100006, -35.01680591699994]]]}, "properties": {"layer": "Heritage", "heritage_kind": "Aboriginal", "id": 22538, "identifier": "ACH-00022538", "name": "Mt Melville Camp 3", "place_status": "Lodged", "place_type": "Camp; Historical", "region": "Southern", "culturally_sensitive": "No", "restricted_place": "No", "boundary_reliable": "Yes", "source": "Lodged", "longitude": 117.867065, "latitude": -35.016799, "fuel_code": 424, "fuel_class": "Woodland with sparse understory", "fuel_risk": 62, "slope_degrees": 9.66, "slope_class": "Moderate slope", "slope_risk": 30, "heritage_sensitivity": 54, "heritage_type_risk": 60, "heritage_type_risk_label": "Camp / historical / water source", "slope_data_quality": "Sampled from slope raster", "burn_management_context": "No burn option overlap", "burn_management_risk": 65, "vulnerability_score": 54, "vulnerability_level": "Medium"}}, {"type": "Feature", "geometry": {"type": "Polygon", "coordinates": [[[117.86723527700008, -34.960692997999956], [117.86726747300008, -34.96015229999995], [117.86758817600003, -34.96042959799996], [117.86723527700008, -34.960692997999956]]]}, "properties": {"layer": "Heritage", "heritage_kind": "Aboriginal", "id": 21834, "identifier": "ACH-00021834", "name": "MELALEUCA TREES", "place_status": "Lodged", "place_type": "Landscape / Seascape Feature", "region": "Southern", "culturally_sensitive": "No", "restricted_place": "No", "boundary_reliable": "Yes", "source": "Lodged", "longitude": 117.867259, "latitude": -34.960423, "fuel_code": 431, "fuel_class": "Low woodland with shrubby understory", "fuel_risk": 78, "slope_degrees": 6.26, "slope_class": "Moderate slope", "slope_risk": 17, "heritage_sensitivity": 54, "heritage_type_risk": 95, "heritage_type_risk_label": "Wood or tree-based heritage", "slope_data_quality": "Sampled from slope raster", "burn_management_context": "No burn option overlap", "burn_management_risk": 65, "vulnerability_score": 66, "vulnerability_level": "Medium"}}, {"type": "Feature", "geometry": {"type": "Polygon", "coordinates": [[[117.86847627600002, -35.02380470799994], [117.86770897400004, -35.023781406999944], [117.86811167400003, -35.02347370799998], [117.86847627600002, -35.02380470799994]]]}, "properties": {"layer": "Heritage", "heritage_kind": "Aboriginal", "id": 22539, "identifier": "ACH-00022539", "name": "Bibbleman Gnamma Holes", "place_status": "Lodged", "place_type": "Historical; Landscape / Seascape Feature", "region": "Southern", "culturally_sensitive": "No", "restricted_place": "No", "boundary_reliable": "Yes", "source": "Lodged", "longitude": 117.868093, "latitude": -35.023789, "fuel_code": 930, "fuel_class": "Wildland urban interface 2", "fuel_risk": 70, "slope_degrees": 11.84, "slope_class": "Moderate slope", "slope_risk": 38, "heritage_sensitivity": 54, "heritage_type_risk": 60, "heritage_type_risk_label": "Camp / historical / water source", "slope_data_quality": "Sampled from slope raster", "burn_management_context": "No burn option overlap", "burn_management_risk": 65, "vulnerability_score": 59, "vulnerability_level": "Medium"}}, {"type": "Feature", "geometry": {"type": "Polygon", "coordinates": [[[117.86916955400011, -35.018747013999985], [117.87002755900005, -35.01928681299995], [117.86914845600006, -35.01926591299997], [117.86916955400011, -35.018747013999985]]]}, "properties": {"layer": "Heritage", "heritage_kind": "Aboriginal", "id": 22540, "identifier": "ACH-00022540", "name": "Mt Melville Lizard Trap", "place_status": "Lodged", "place_type": "Hunting Place; Traditional Structure; Landscape / Seascape Feature", "region": "Southern", "culturally_sensitive": "No", "restricted_place": "No", "boundary_reliable": "Yes", "source": "Lodged", "longitude": 117.869599, "latitude": -35.019014, "fuel_code": 424, "fuel_class": "Woodland with sparse understory", "fuel_risk": 62, "slope_degrees": 9.68, "slope_class": "Moderate slope", "slope_risk": 30, "heritage_sensitivity": 54, "heritage_type_risk": 64, "heritage_type_risk_label": "General Aboriginal heritage place", "slope_data_quality": "Sampled from slope raster", "burn_management_context": "No burn option overlap", "burn_management_risk": 65, "vulnerability_score": 55, "vulnerability_level": "Medium"}}, {"type": "Feature", "geometry": {"type": "Polygon", "coordinates": [[[117.93052988600004, -35.05889055399996], [117.930977385, -35.059227153999984], [117.93053358700001, -35.05923045499998], [117.93052988600004, -35.05889055399996]]]}, "properties": {"layer": "Heritage", "heritage_kind": "Aboriginal", "id": 22541, "identifier": "ACH-00022541", "name": "Kingara Lizard Traps", "place_status": "Lodged", "place_type": "Artefacts / Scatter; Traditional Structure; Landscape / Seascape Feature", "region": "Southern", "culturally_sensitive": "No", "restricted_place": "No", "boundary_reliable": "Yes", "source": "Lodged", "longitude": 117.930754, "latitude": -35.059059, "fuel_code": 220, "fuel_class": "Open forest", "fuel_risk": 86, "slope_degrees": 3.66, "slope_class": "Low slope", "slope_risk": 12, "heritage_sensitivity": 54, "heritage_type_risk": 86, "heritage_type_risk_label": "Rock art / rock shelter", "slope_data_quality": "Sampled from slope raster", "burn_management_context": "No burn option overlap", "burn_management_risk": 65, "vulnerability_score": 66, "vulnerability_level": "Medium"}}, {"type": "Feature", "geometry": {"type": "Polygon", "coordinates": [[[117.93362167500004, -35.05902895299994], [117.93296787600002, -35.05840925199993], [117.93362177300003, -35.058400551999966], [117.93362167500004, -35.05902895299994]]]}, "properties": {"layer": "Heritage", "heritage_kind": "Aboriginal", "id": 22543, "identifier": "ACH-00022543", "name": "Eastern Granite Outcrop", "place_status": "Lodged", "place_type": "Hunting Place; Traditional Structure; Landscape / Seascape Feature", "region": "Southern", "culturally_sensitive": "No", "restricted_place": "No", "boundary_reliable": "Yes", "source": "Lodged", "longitude": 117.933295, "latitude": -35.058719, "fuel_code": 230, "fuel_class": "Low open forest", "fuel_risk": 76, "slope_degrees": 5.01, "slope_class": "Moderate slope", "slope_risk": 12, "heritage_sensitivity": 54, "heritage_type_risk": 64, "heritage_type_risk_label": "General Aboriginal heritage place", "slope_data_quality": "Sampled from slope raster", "burn_management_context": "No burn option overlap", "burn_management_risk": 65, "vulnerability_score": 56, "vulnerability_level": "Medium"}}, {"type": "Feature", "geometry": {"type": "Polygon", "coordinates": [[[117.93186048200005, -35.05917405399998], [117.93144368300011, -35.05882165299994], [117.93182908100005, -35.058791552999935], [117.93186048200005, -35.05917405399998]]]}, "properties": {"layer": "Heritage", "heritage_kind": "Aboriginal", "id": 22542, "identifier": "ACH-00022542", "name": "Point Possession Quartz Quarry", "place_status": "Lodged", "place_type": "Artefacts / Scatter; Quarry", "region": "Southern", "culturally_sensitive": "No", "restricted_place": "No", "boundary_reliable": "Yes", "source": "Lodged", "longitude": 117.931652, "latitude": -35.058996, "fuel_code": 230, "fuel_class": "Low open forest", "fuel_risk": 76, "slope_degrees": 7.64, "slope_class": "Moderate slope", "slope_risk": 22, "heritage_sensitivity": 54, "heritage_type_risk": 86, "heritage_type_risk_label": "Rock art / rock shelter", "slope_data_quality": "Sampled from slope raster", "burn_management_context": "No burn option overlap", "burn_management_risk": 65, "vulnerability_score": 64, "vulnerability_level": "Medium"}}, {"type": "Feature", "geometry": {"type": "Polygon", "coordinates": [[[117.93239998000001, -35.05919055399994], [117.9317418820001, -35.05917745399995], [117.9320949800001, -35.05891405299997], [117.93239998000001, -35.05919055399994]]]}, "properties": {"layer": "Heritage", "heritage_kind": "Aboriginal", "id": 22544, "identifier": "ACH-00022544", "name": "Point Possession Waugal Soak", "place_status": "Lodged", "place_type": "Camp; Historical; Water Source", "region": "Southern", "culturally_sensitive": "No", "restricted_place": "No", "boundary_reliable": "Yes", "source": "Lodged", "longitude": 117.932071, "latitude": -35.059184, "fuel_code": 230, "fuel_class": "Low open forest", "fuel_risk": 76, "slope_degrees": 6.15, "slope_class": "Moderate slope", "slope_risk": 16, "heritage_sensitivity": 66, "heritage_type_risk": 60, "heritage_type_risk_label": "Camp / historical / water source", "slope_data_quality": "Sampled from slope raster", "burn_management_context": "No burn option overlap", "burn_management_risk": 65, "vulnerability_score": 56, "vulnerability_level": "Medium"}}, {"type": "Feature", "geometry": {"type": "Polygon", "coordinates": [[[117.9306951850001, -35.05858595299998], [117.9306032830001, -35.05721744899995], [117.932252876, -35.05721394899996], [117.93225887900007, -35.058545451999976], [117.9306951850001, -35.05858595299998]]]}, "properties": {"layer": "Heritage", "heritage_kind": "Aboriginal", "id": 22545, "identifier": "ACH-00022545", "name": "Point Possession Granite Outcrop", "place_status": "Lodged", "place_type": "Artefacts / Scatter; Hunting Place; Traditional Structure; Landscape / Seascape Feature", "region": "Southern", "culturally_sensitive": "No", "restricted_place": "No", "boundary_reliable": "Yes", "source": "Lodged", "longitude": 117.931431, "latitude": -35.057881, "fuel_code": 230, "fuel_class": "Low open forest", "fuel_risk": 76, "slope_degrees": 12.47, "slope_class": "Moderate slope", "slope_risk": 40, "heritage_sensitivity": 54, "heritage_type_risk": 86, "heritage_type_risk_label": "Rock art / rock shelter", "slope_data_quality": "Sampled from slope raster", "burn_management_context": "No burn option overlap", "burn_management_risk": 65, "vulnerability_score": 69, "vulnerability_level": "High"}}, {"type": "Feature", "geometry": {"type": "Polygon", "coordinates": [[[117.92774239500011, -35.05706234899998], [117.92746879600008, -35.05704584899996], [117.92761559600001, -35.05694164799996], [117.92774239500011, -35.05706234899998]]]}, "properties": {"layer": "Heritage", "heritage_kind": "Aboriginal", "id": 22546, "identifier": "ACH-00022546", "name": "Whalers Cove Stone Source", "place_status": "Lodged", "place_type": "Landscape / Seascape Feature; Quarry", "region": "Southern", "culturally_sensitive": "No", "restricted_place": "No", "boundary_reliable": "Yes", "source": "Lodged", "longitude": 117.927606, "latitude": -35.057054, "fuel_code": 434, "fuel_class": "Low woodland with sparse understory", "fuel_risk": 56, "slope_degrees": 8.02, "slope_class": "Moderate slope", "slope_risk": 23, "heritage_sensitivity": 54, "heritage_type_risk": 52, "heritage_type_risk_label": "Stone or sub-surface material", "slope_data_quality": "Sampled from slope raster", "burn_management_context": "No burn option overlap", "burn_management_risk": 65, "vulnerability_score": 47, "vulnerability_level": "Medium"}}, {"type": "Feature", "geometry": {"type": "Polygon", "coordinates": [[[117.92361061100007, -35.05448524199994], [117.92313800900001, -35.05404304199993], [117.9235782070001, -35.05401254299994], [117.92361061100007, -35.05448524199994]]]}, "properties": {"layer": "Heritage", "heritage_kind": "Aboriginal", "id": 22547, "identifier": "ACH-00022547", "name": "Whalers Cove Grindstone", "place_status": "Lodged", "place_type": "Grinding areas / Grooves", "region": "Southern", "culturally_sensitive": "No", "restricted_place": "No", "boundary_reliable": "Yes", "source": "Lodged", "longitude": 117.923374, "latitude": -35.054264, "fuel_code": null, "fuel_class": "Unknown or no fuel data", "fuel_risk": 55, "slope_degrees": 14.09, "slope_class": "Moderate slope", "slope_risk": 47, "heritage_sensitivity": 68, "heritage_type_risk": 52, "heritage_type_risk_label": "Stone or sub-surface material", "slope_data_quality": "Sampled from slope raster", "burn_management_context": "No burn option overlap", "burn_management_risk": 65, "vulnerability_score": 53, "vulnerability_level": "Medium"}}, {"type": "Feature", "geometry": {"type": "Polygon", "coordinates": [[[117.97483426600002, -34.92663420499997], [117.97450596100009, -34.926621102999945], [117.97468227000002, -34.92648930699994], [117.97483426600002, -34.92663420499997]]]}, "properties": {"layer": "Heritage", "heritage_kind": "Aboriginal", "id": 22548, "identifier": "ACH-00022548", "name": "Kalgan River Scar Tree", "place_status": "Lodged", "place_type": "Modified Tree", "region": "Southern", "culturally_sensitive": "No", "restricted_place": "No", "boundary_reliable": "Yes", "source": "Lodged", "longitude": 117.97467, "latitude": -34.926624, "fuel_code": 920, "fuel_class": "Wildland urban interface 1", "fuel_risk": 82, "slope_degrees": 4.24, "slope_class": "Low slope", "slope_risk": 12, "heritage_sensitivity": 54, "heritage_type_risk": 95, "heritage_type_risk_label": "Wood or tree-based heritage", "slope_data_quality": "Sampled from slope raster", "burn_management_context": "No burn option overlap", "burn_management_risk": 65, "vulnerability_score": 67, "vulnerability_level": "High"}}, {"type": "Feature", "geometry": {"type": "Polygon", "coordinates": [[[117.97964344600007, -34.920358153999985], [117.97931514000004, -34.92034515199998], [117.9794910490001, -34.92021995599998], [117.97964344600007, -34.920358153999985]]]}, "properties": {"layer": "Heritage", "heritage_kind": "Aboriginal", "id": 22549, "identifier": "ACH-00022549", "name": "Kalgan River Scar Tree 2", "place_status": "Lodged", "place_type": "Modified Tree", "region": "Southern", "culturally_sensitive": "No", "restricted_place": "No", "boundary_reliable": "Yes", "source": "Lodged", "longitude": 117.979479, "latitude": -34.920355, "fuel_code": 220, "fuel_class": "Open forest", "fuel_risk": 86, "slope_degrees": 1.25, "slope_class": "Low slope", "slope_risk": 12, "heritage_sensitivity": 54, "heritage_type_risk": 95, "heritage_type_risk_label": "Wood or tree-based heritage", "slope_data_quality": "Sampled from slope raster", "burn_management_context": "No burn option overlap", "burn_management_risk": 65, "vulnerability_score": 69, "vulnerability_level": "High"}}, {"type": "Feature", "geometry": {"type": "Polygon", "coordinates": [[[117.98022769800002, -34.918855780999934], [117.97996479900007, -34.91885058099996], [117.98009940200006, -34.91874488299993], [117.98022769800002, -34.918855780999934]]]}, "properties": {"layer": "Heritage", "heritage_kind": "Aboriginal", "id": 22550, "identifier": "ACH-00022550", "name": "Kalgan River Grinding Patch and Gnamma Hole", "place_status": "Lodged", "place_type": "Grinding areas / Grooves; Landscape / Seascape Feature", "region": "Southern", "culturally_sensitive": "No", "restricted_place": "No", "boundary_reliable": "Yes", "source": "Lodged", "longitude": 117.980096, "latitude": -34.918853, "fuel_code": 631, "fuel_class": "Grassland", "fuel_risk": 62, "slope_degrees": 0.93, "slope_class": "Low slope", "slope_risk": 12, "heritage_sensitivity": 68, "heritage_type_risk": 52, "heritage_type_risk_label": "Stone or sub-surface material", "slope_data_quality": "Sampled from slope raster", "burn_management_context": "No burn option overlap", "burn_management_risk": 65, "vulnerability_score": 47, "vulnerability_level": "Medium"}}, {"type": "Feature", "geometry": {"type": "Polygon", "coordinates": [[[117.97922846400002, -34.91956936499997], [117.97879125500003, -34.919543061999946], [117.97902576400008, -34.91937616599995], [117.97922846400002, -34.91956936499997]]]}, "properties": {"layer": "Heritage", "heritage_kind": "Aboriginal", "id": 22551, "identifier": "ACH-00022551", "name": "Honey Moon Island (Kalgan River)", "place_status": "Lodged", "place_type": "Creation / Dreaming Narrative; Hunting Place; Landscape / Seascape Feature", "region": "Southern", "culturally_sensitive": "No", "restricted_place": "No", "boundary_reliable": "Yes", "source": "Lodged", "longitude": 117.97901, "latitude": -34.919556, "fuel_code": 520, "fuel_class": "Shrubland", "fuel_risk": 82, "slope_degrees": 4.04, "slope_class": "Low slope", "slope_risk": 12, "heritage_sensitivity": 74, "heritage_type_risk": 72, "heritage_type_risk_label": "Ceremonial / narrative place", "slope_data_quality": "Sampled from slope raster", "burn_management_context": "No burn option overlap", "burn_management_risk": 65, "vulnerability_score": 61, "vulnerability_level": "Medium"}}, {"type": "Feature", "geometry": {"type": "Polygon", "coordinates": [[[117.98227344100007, -34.91688501099998], [117.98183574300003, -34.91686761099993], [117.98207024700002, -34.91670061399998], [117.98227344100007, -34.91688501099998]]]}, "properties": {"layer": "Heritage", "heritage_kind": "Aboriginal", "id": 22552, "identifier": "ACH-00022552", "name": "Sid Coyne's Bream Spot", "place_status": "Lodged", "place_type": "Hunting Place; Landscape / Seascape Feature", "region": "Southern", "culturally_sensitive": "No", "restricted_place": "No", "boundary_reliable": "No", "source": "Lodged", "longitude": 117.982054, "latitude": -34.916881, "fuel_code": 433, "fuel_class": "Low woodland with grassy understory", "fuel_risk": 66, "slope_degrees": 3.39, "slope_class": "Low slope", "slope_risk": 12, "heritage_sensitivity": 58, "heritage_type_risk": 64, "heritage_type_risk_label": "General Aboriginal heritage place", "slope_data_quality": "Sampled from slope raster", "burn_management_context": "No burn option overlap", "burn_management_risk": 65, "vulnerability_score": 52, "vulnerability_level": "Medium"}}, {"type": "Feature", "geometry": {"type": "Polygon", "coordinates": [[[118.00078117500004, -34.950036473999944], [118.00071112100011, -34.94851459599994], [118.00415102900001, -34.94853420099997], [118.00411778000012, -34.94999827899994], [118.00078117500004, -34.950036473999944]]]}, "properties": {"layer": "Heritage", "heritage_kind": "Aboriginal", "id": 22553, "identifier": "ACH-00022553", "name": "Lower Kalgan Hall", "place_status": "Lodged", "place_type": "Camp; Historical", "region": "Southern", "culturally_sensitive": "No", "restricted_place": "No", "boundary_reliable": "Yes", "source": "Lodged", "longitude": 118.002414, "latitude": -34.949255, "fuel_code": 930, "fuel_class": "Wildland urban interface 2", "fuel_risk": 70, "slope_degrees": null, "slope_class": "Unknown", "slope_risk": 35, "heritage_sensitivity": 54, "heritage_type_risk": 60, "heritage_type_risk_label": "Camp / historical / water source", "slope_data_quality": "Unavailable at sampled point; high classification capped", "burn_management_context": "No burn option overlap", "burn_management_risk": 65, "vulnerability_score": 58, "vulnerability_level": "Medium"}}, {"type": "Feature", "geometry": {"type": "Polygon", "coordinates": [[[117.92567321000001, -34.924459782999975], [117.92660144000001, -34.92356909299997], [117.9268535430001, -34.92393379299995], [117.92567321000001, -34.924459782999975]]]}, "properties": {"layer": "Heritage", "heritage_kind": "Aboriginal", "id": 22559, "identifier": "ACH-00022559", "name": "Paddy Coyne's Seasonal Camp 1", "place_status": "Lodged", "place_type": "Camp; Historical", "region": "Southern", "culturally_sensitive": "No", "restricted_place": "No", "boundary_reliable": "Yes", "source": "Lodged", "longitude": 117.92613, "latitude": -34.924019, "fuel_code": 220, "fuel_class": "Open forest", "fuel_risk": 86, "slope_degrees": 3.28, "slope_class": "Low slope", "slope_risk": 12, "heritage_sensitivity": 54, "heritage_type_risk": 60, "heritage_type_risk_label": "Camp / historical / water source", "slope_data_quality": "Sampled from slope raster", "burn_management_context": "No burn option overlap", "burn_management_risk": 65, "vulnerability_score": 60, "vulnerability_level": "Medium"}}, {"type": "Feature", "geometry": {"type": "Polygon", "coordinates": [[[117.49053566300006, -35.03448427199993], [117.49515103700003, -35.032196374999955], [117.49514432, -35.03846196999996], [117.49053215200001, -35.038461867999956], [117.49053566300006, -35.03448427199993]]]}, "properties": {"layer": "Heritage", "heritage_kind": "Aboriginal", "id": 22557, "identifier": "ACH-00022557", "name": "Koirchekup Hill (Youngs Siding)", "place_status": "Lodged", "place_type": "Camp; Ritual / Ceremonial", "region": "Southern", "culturally_sensitive": "No", "restricted_place": "Yes", "boundary_reliable": "Yes", "source": "Lodged", "longitude": 117.49284, "latitude": -35.036473, "fuel_code": 220, "fuel_class": "Open forest", "fuel_risk": 86, "slope_degrees": 10.56, "slope_class": "Moderate slope", "slope_risk": 33, "heritage_sensitivity": 84, "heritage_type_risk": 72, "heritage_type_risk_label": "Ceremonial / narrative place", "slope_data_quality": "Sampled from slope raster", "burn_management_context": "No burn option overlap", "burn_management_risk": 65, "vulnerability_score": 68, "vulnerability_level": "High"}}, {"type": "Feature", "geometry": {"type": "MultiPolygon", "coordinates": [[[[117.88493131400003, -35.02145727499993], [117.8848874140001, -35.02145637499996], [117.8849099140001, -35.02143877499998], [117.88493131400003, -35.02145727499993]]], [[[117.88569940500008, -35.01895778199997], [117.88556780600004, -35.018955182999946], [117.88563520500009, -35.018902382999954], [117.88569940500008, -35.01895778199997]]]]}, "properties": {"layer": "Heritage", "heritage_kind": "Aboriginal", "id": 22560, "identifier": "ACH-00022560", "name": "Dog Rock and Tail", "place_status": "Lodged", "place_type": "Creation / Dreaming Narrative; Landscape / Seascape Feature", "region": "Southern", "culturally_sensitive": "No", "restricted_place": "No", "boundary_reliable": "Yes", "source": "Lodged", "longitude": 117.885634, "latitude": -35.018956, "fuel_code": 950, "fuel_class": "Built-up", "fuel_risk": 26, "slope_degrees": 4.4, "slope_class": "Low slope", "slope_risk": 12, "heritage_sensitivity": 74, "heritage_type_risk": 72, "heritage_type_risk_label": "Ceremonial / narrative place", "slope_data_quality": "Sampled from slope raster", "burn_management_context": "No burn option overlap", "burn_management_risk": 65, "vulnerability_score": 36, "vulnerability_level": "Medium"}}, {"type": "Feature", "geometry": {"type": "Polygon", "coordinates": [[[117.92115678800008, -35.02574059099993], [117.92047339100009, -35.025562192999985], [117.92096918900006, -35.02536939299995], [117.92115678800008, -35.02574059099993]]]}, "properties": {"layer": "Heritage", "heritage_kind": "Aboriginal", "id": 22563, "identifier": "ACH-00022563", "name": "Middleton Point Camp", "place_status": "Lodged", "place_type": "Camp; Historical; Hunting Place", "region": "Southern", "culturally_sensitive": "No", "restricted_place": "No", "boundary_reliable": "Yes", "source": "Lodged", "longitude": 117.920823, "latitude": -35.025627, "fuel_code": 960, "fuel_class": "Bare ground", "fuel_risk": 12, "slope_degrees": 5.11, "slope_class": "Moderate slope", "slope_risk": 12, "heritage_sensitivity": 54, "heritage_type_risk": 60, "heritage_type_risk_label": "Camp / historical / water source", "slope_data_quality": "Sampled from slope raster", "burn_management_context": "No burn option overlap", "burn_management_risk": 65, "vulnerability_score": 27, "vulnerability_level": "Low"}}, {"type": "Feature", "geometry": {"type": "Polygon", "coordinates": [[[117.91837080200003, -35.03070898499993], [117.9189781010001, -35.03070438299994], [117.91810170300005, -35.03086568499998], [117.91837080200003, -35.03070898499993]]]}, "properties": {"layer": "Heritage", "heritage_kind": "Aboriginal", "id": 22565, "identifier": "ACH-00022565", "name": "Mt Clarence Salmon Camp", "place_status": "Lodged", "place_type": "Camp; Historical; Hunting Place", "region": "Southern", "culturally_sensitive": "No", "restricted_place": "No", "boundary_reliable": "Yes", "source": "Lodged", "longitude": 117.918533, "latitude": -35.030787, "fuel_code": 230, "fuel_class": "Low open forest", "fuel_risk": 76, "slope_degrees": 15.84, "slope_class": "Steep slope", "slope_risk": 53, "heritage_sensitivity": 54, "heritage_type_risk": 60, "heritage_type_risk_label": "Camp / historical / water source", "slope_data_quality": "Sampled from slope raster", "burn_management_context": "No burn option overlap", "burn_management_risk": 65, "vulnerability_score": 66, "vulnerability_level": "Medium"}}, {"type": "Feature", "geometry": {"type": "Polygon", "coordinates": [[[117.87860807700008, -35.01999556399994], [117.8776223750001, -35.02007162499996], [117.87804554500008, -35.019642224999984], [117.87860807700008, -35.01999556399994]]]}, "properties": {"layer": "Heritage", "heritage_kind": "Aboriginal", "id": 22566, "identifier": "ACH-00022566", "name": "Camfield House (Annesfield)", "place_status": "Lodged", "place_type": "Historical; Traditional Structure", "region": "Southern", "culturally_sensitive": "No", "restricted_place": "No", "boundary_reliable": "Yes", "source": "Lodged", "longitude": 117.878108, "latitude": -35.020047, "fuel_code": 950, "fuel_class": "Built-up", "fuel_risk": 26, "slope_degrees": 8.51, "slope_class": "Moderate slope", "slope_risk": 25, "heritage_sensitivity": 54, "heritage_type_risk": 60, "heritage_type_risk_label": "Camp / historical / water source", "slope_data_quality": "Sampled from slope raster", "burn_management_context": "No burn option overlap", "burn_management_risk": 65, "vulnerability_score": 36, "vulnerability_level": "Medium"}}, {"type": "Feature", "geometry": {"type": "Polygon", "coordinates": [[[117.92617650400007, -35.05651795999995], [117.93265628600011, -35.05477635799997], [117.93881176500008, -35.05803610399994], [117.94050827700005, -35.06143040799998], [117.94684158200005, -35.06102035199996], [117.94834026500007, -35.062030876999984], [117.94400320800003, -35.06432965199997], [117.93923500300002, -35.06306381799993], [117.92004334500007, -35.06248934299998], [117.9192873720001, -35.06029025299995], [117.91453649100004, -35.055524770999966], [117.90976511100007, -35.053397609999934], [117.911728691, -35.052565114999936], [117.91360456000007, -35.04962294699993], [117.91570441200008, -35.04951477999998], [117.91538964500012, -35.04430734299996], [117.91236723500003, -35.04220662399996], [117.91274240500002, -35.04133329899997], [117.91794907700012, -35.03942110599996], [117.92312102100004, -35.042995754999936], [117.91933663000009, -35.04446213499995], [117.91923431400005, -35.05107079499993], [117.92354306000004, -35.053412152999954], [117.92617650400007, -35.05651795999995]]]}, "properties": {"layer": "Heritage", "heritage_kind": "Aboriginal", "id": 32790, "identifier": "ACH-00032790", "name": "Quaranup Heritage Complex", "place_status": "Lodged", "place_type": "Artefacts / Scatter; Ritual / Ceremonial; Engraving; Grinding areas / Grooves; Hunting Place; Other; Plant Resource; Quarry; Rock Shelter; Water Source", "region": "Southern", "culturally_sensitive": "No", "restricted_place": "No", "boundary_reliable": "Yes", "source": "Lodged", "longitude": 117.916339, "latitude": -35.051544, "fuel_code": 960, "fuel_class": "Bare ground", "fuel_risk": 12, "slope_degrees": 13.78, "slope_class": "Moderate slope", "slope_risk": 45, "heritage_sensitivity": 70, "heritage_type_risk": 86, "heritage_type_risk_label": "Rock art / rock shelter", "slope_data_quality": "Sampled from slope raster", "burn_management_context": "No burn option overlap", "burn_management_risk": 65, "vulnerability_score": 41, "vulnerability_level": "Medium"}}, {"type": "Feature", "geometry": {"type": "Polygon", "coordinates": [[[117.680549831, -35.03960601199998], [117.6794337340001, -35.03953341299996], [117.67977503500003, -35.03891501299995], [117.680549831, -35.03960601199998]]]}, "properties": {"layer": "Heritage", "heritage_kind": "Aboriginal", "id": 26173, "identifier": "ACH-00026173", "name": "Flood Gates Archaeological Site", "place_status": "Lodged", "place_type": "Camp; Modified Tree; Water Source", "region": "Southern", "culturally_sensitive": "No", "restricted_place": "No", "boundary_reliable": "Yes", "source": "Lodged", "longitude": 117.679873, "latitude": -35.039226, "fuel_code": 510, "fuel_class": "Tall shrubland", "fuel_risk": 88, "slope_degrees": 2.09, "slope_class": "Low slope", "slope_risk": 12, "heritage_sensitivity": 66, "heritage_type_risk": 95, "heritage_type_risk_label": "Wood or tree-based heritage", "slope_data_quality": "Sampled from slope raster", "burn_management_context": "No burn option overlap", "burn_management_risk": 65, "vulnerability_score": 70, "vulnerability_level": "High"}}, {"type": "Feature", "geometry": {"type": "Polygon", "coordinates": [[[117.89819462100002, -35.117066859999966], [117.89936803600006, -35.11670664799993], [117.89909288500007, -35.11761900999994], [117.89819462100002, -35.117066859999966]]]}, "properties": {"layer": "Heritage", "heritage_kind": "Aboriginal", "id": 42148, "identifier": "ACH-00042148", "name": "WKSN-HP-033 Cable Beach Granite", "place_status": "Lodged", "place_type": "Artefacts / Scatter; Grinding areas / Grooves; Traditional Structure; Quarry; Water Source", "region": "Southern", "culturally_sensitive": "No", "restricted_place": "No", "boundary_reliable": "Yes", "source": "Lodged", "longitude": 117.898852, "latitude": -35.117178, "fuel_code": 510, "fuel_class": "Tall shrubland", "fuel_risk": 88, "slope_degrees": 9.41, "slope_class": "Moderate slope", "slope_risk": 29, "heritage_sensitivity": 68, "heritage_type_risk": 86, "heritage_type_risk_label": "Rock art / rock shelter", "slope_data_quality": "Sampled from slope raster", "burn_management_context": "Inside DBCA burn option area", "burn_management_risk": 35, "vulnerability_score": 70, "vulnerability_level": "High"}}, {"type": "Feature", "geometry": {"type": "Polygon", "coordinates": [[[117.57422990600003, -34.657806499999936], [117.57320876200004, -34.656798281999954], [117.57449058800012, -34.656019467999954], [117.57537567500003, -34.65701412299995], [117.57422990600003, -34.657806499999936]]]}, "properties": {"layer": "Heritage", "heritage_kind": "Aboriginal", "id": 28191, "identifier": "ACH-00028191", "name": "Colbung's Shack", "place_status": "Lodged", "place_type": "Birthplace; Camp; Historical", "region": "Southern", "culturally_sensitive": "No", "restricted_place": "No", "boundary_reliable": "Yes", "source": "Lodged", "longitude": 117.574292, "latitude": -34.656906, "fuel_code": 510, "fuel_class": "Tall shrubland", "fuel_risk": 88, "slope_degrees": 6.29, "slope_class": "Moderate slope", "slope_risk": 17, "heritage_sensitivity": 54, "heritage_type_risk": 60, "heritage_type_risk_label": "Camp / historical / water source", "slope_data_quality": "Sampled from slope raster", "burn_management_context": "No burn option overlap", "burn_management_risk": 65, "vulnerability_score": 62, "vulnerability_level": "Medium"}}, {"type": "Feature", "geometry": {"type": "Polygon", "coordinates": [[[117.57227878800006, -34.65753463999994], [117.57262934700009, -34.65638097599998], [117.57354215600003, -34.65589613299994], [117.57389580300003, -34.65634869099995], [117.57227878800006, -34.65753463999994]]]}, "properties": {"layer": "Heritage", "heritage_kind": "Aboriginal", "id": 28192, "identifier": "ACH-00028192", "name": "Infant Burial St Werburghs Road", "place_status": "Lodged", "place_type": "Burial", "region": "Southern", "culturally_sensitive": "No", "restricted_place": "Yes", "boundary_reliable": "Yes", "source": "Lodged", "longitude": 117.57276, "latitude": -34.656958, "fuel_code": 631, "fuel_class": "Grassland", "fuel_risk": 62, "slope_degrees": 2.74, "slope_class": "Low slope", "slope_risk": 12, "heritage_sensitivity": 88, "heritage_type_risk": 76, "heritage_type_risk_label": "Burial or grave", "slope_data_quality": "Sampled from slope raster", "burn_management_context": "No burn option overlap", "burn_management_risk": 65, "vulnerability_score": 53, "vulnerability_level": "Medium"}}, {"type": "Feature", "geometry": {"type": "Polygon", "coordinates": [[[117.92332077000003, -35.05730324999996], [117.92214762900005, -35.05732119099997], [117.9223638840001, -35.057049036999956], [117.92332077000003, -35.05730324999996]]]}, "properties": {"layer": "Heritage", "heritage_kind": "Aboriginal", "id": 31851, "identifier": "ACH-00031851", "name": "Quranup Gate", "place_status": "Lodged", "place_type": "Artefacts / Scatter; Traditional Structure", "region": "Southern", "culturally_sensitive": "No", "restricted_place": "No", "boundary_reliable": "Yes", "source": "Lodged", "longitude": 117.922897, "latitude": -35.057575, "fuel_code": 510, "fuel_class": "Tall shrubland", "fuel_risk": 88, "slope_degrees": 4.08, "slope_class": "Low slope", "slope_risk": 12, "heritage_sensitivity": 54, "heritage_type_risk": 86, "heritage_type_risk_label": "Rock art / rock shelter", "slope_data_quality": "Sampled from slope raster", "burn_management_context": "No burn option overlap", "burn_management_risk": 65, "vulnerability_score": 67, "vulnerability_level": "High"}}, {"type": "Feature", "geometry": {"type": "Polygon", "coordinates": [[[117.88265696600001, -34.521435553999936], [117.90449079000007, -34.521875954999985], [117.90396035200001, -34.53994690299993], [117.882123105, -34.53950645899994], [117.88265696600001, -34.521435553999936]]]}, "properties": {"layer": "Heritage", "heritage_kind": "Aboriginal", "id": 33545, "identifier": "ACH-00033545", "name": "Woogenellup Reburiel", "place_status": "Lodged", "place_type": "Burial; Artefacts / Scatter", "region": "Southern", "culturally_sensitive": "No", "restricted_place": "Yes", "boundary_reliable": "Yes", "source": "Lodged", "longitude": 117.893308, "latitude": -34.530691, "fuel_code": 631, "fuel_class": "Grassland", "fuel_risk": 62, "slope_degrees": 1.99, "slope_class": "Low slope", "slope_risk": 12, "heritage_sensitivity": 88, "heritage_type_risk": 86, "heritage_type_risk_label": "Rock art / rock shelter", "slope_data_quality": "Sampled from slope raster", "burn_management_context": "No burn option overlap", "burn_management_risk": 65, "vulnerability_score": 56, "vulnerability_level": "Medium"}}, {"type": "Feature", "geometry": {"type": "Polygon", "coordinates": [[[117.35822662100009, -34.95860663499997], [117.35795862400005, -34.95754633399997], [117.35874282200007, -34.958011134999936], [117.35822662100009, -34.95860663499997]]]}, "properties": {"layer": "Heritage", "heritage_kind": "Aboriginal", "id": 18947, "identifier": "ACH-00018947", "name": "Denmark River Midden", "place_status": "Lodged", "place_type": "Ritual / Ceremonial; Historical; Midden", "region": "Southern", "culturally_sensitive": "No", "restricted_place": "No", "boundary_reliable": "Yes", "source": "Lodged", "longitude": 117.35809, "latitude": -34.958079, "fuel_code": 230, "fuel_class": "Low open forest", "fuel_risk": 76, "slope_degrees": 2.43, "slope_class": "Low slope", "slope_risk": 12, "heritage_sensitivity": 74, "heritage_type_risk": 72, "heritage_type_risk_label": "Ceremonial / narrative place", "slope_data_quality": "Sampled from slope raster", "burn_management_context": "No burn option overlap", "burn_management_risk": 65, "vulnerability_score": 58, "vulnerability_level": "Medium"}}, {"type": "Feature", "geometry": {"type": "Polygon", "coordinates": [[[117.35641499000008, -34.98713742399997], [117.35634229100003, -34.98776622199995], [117.35599419000005, -34.98742962299997], [117.35641499000008, -34.98713742399997]]]}, "properties": {"layer": "Heritage", "heritage_kind": "Aboriginal", "id": 18948, "identifier": "ACH-00018948", "name": "Inlet Drive Granite Outcrop", "place_status": "Lodged", "place_type": "Artefacts / Scatter", "region": "Not Recorded", "culturally_sensitive": "No", "restricted_place": "No", "boundary_reliable": "Yes", "source": "Lodged", "longitude": 117.356377, "latitude": -34.987453, "fuel_code": 230, "fuel_class": "Low open forest", "fuel_risk": 76, "slope_degrees": 3.87, "slope_class": "Low slope", "slope_risk": 12, "heritage_sensitivity": 54, "heritage_type_risk": 86, "heritage_type_risk_label": "Rock art / rock shelter", "slope_data_quality": "Sampled from slope raster", "burn_management_context": "No burn option overlap", "burn_management_risk": 65, "vulnerability_score": 62, "vulnerability_level": "Medium"}}, {"type": "Feature", "geometry": {"type": "Polygon", "coordinates": [[[117.86765119200004, -35.02707319199993], [117.8694841460001, -35.02715793899995], [117.8703870920001, -35.02767525899998], [117.86765119200004, -35.02707319199993]]]}, "properties": {"layer": "Heritage", "heritage_kind": "Aboriginal", "id": 30637, "identifier": "ACH-00030637", "name": "Point Melville Campsite", "place_status": "Lodged", "place_type": "Camp; Creation / Dreaming Narrative; Historical; Landscape / Seascape Feature; Water Source", "region": "Southern", "culturally_sensitive": "No", "restricted_place": "No", "boundary_reliable": "Yes", "source": "Lodged", "longitude": 117.869317, "latitude": -35.027571, "fuel_code": 433, "fuel_class": "Low woodland with grassy understory", "fuel_risk": 66, "slope_degrees": 2.58, "slope_class": "Low slope", "slope_risk": 12, "heritage_sensitivity": 74, "heritage_type_risk": 72, "heritage_type_risk_label": "Ceremonial / narrative place", "slope_data_quality": "Sampled from slope raster", "burn_management_context": "No burn option overlap", "burn_management_risk": 65, "vulnerability_score": 54, "vulnerability_level": "Medium"}}, {"type": "Feature", "geometry": {"type": "Polygon", "coordinates": [[[117.26126016800004, -34.849427902999935], [117.26188529700005, -34.84994056299996], [117.26126179300002, -34.849941903999934], [117.26126016800004, -34.849427902999935]]]}, "properties": {"layer": "Heritage", "heritage_kind": "Aboriginal", "id": 33873, "identifier": "ACH-00033873", "name": "Rockshelter", "place_status": "Lodged", "place_type": "Camp; Rock Shelter", "region": "Southern", "culturally_sensitive": "No", "restricted_place": "No", "boundary_reliable": "Yes", "source": "Lodged", "longitude": 117.261573, "latitude": -34.849684, "fuel_code": 220, "fuel_class": "Open forest", "fuel_risk": 86, "slope_degrees": 1.67, "slope_class": "Low slope", "slope_risk": 12, "heritage_sensitivity": 70, "heritage_type_risk": 86, "heritage_type_risk_label": "Rock art / rock shelter", "slope_data_quality": "Sampled from slope raster", "burn_management_context": "No burn option overlap", "burn_management_risk": 65, "vulnerability_score": 66, "vulnerability_level": "Medium"}}, {"type": "Feature", "geometry": {"type": "Polygon", "coordinates": [[[117.904003998, -35.02891155599997], [117.90389434100007, -35.02890936499995], [117.90395050100005, -35.02886535999994], [117.904003998, -35.02891155599997]]]}, "properties": {"layer": "Heritage", "heritage_kind": "Aboriginal", "id": 36973, "identifier": "ACH-00036973", "name": "Mt Clarence Gnamma Tree", "place_status": "Lodged", "place_type": "Modified Tree; Water Source", "region": "Southern", "culturally_sensitive": "No", "restricted_place": "No", "boundary_reliable": "Yes", "source": "Lodged", "longitude": 117.903949, "latitude": -35.02891, "fuel_code": 220, "fuel_class": "Open forest", "fuel_risk": 86, "slope_degrees": 5.49, "slope_class": "Moderate slope", "slope_risk": 14, "heritage_sensitivity": 66, "heritage_type_risk": 95, "heritage_type_risk_label": "Wood or tree-based heritage", "slope_data_quality": "Sampled from slope raster", "burn_management_context": "No burn option overlap", "burn_management_risk": 65, "vulnerability_score": 69, "vulnerability_level": "High"}}, {"type": "Feature", "geometry": {"type": "Polygon", "coordinates": [[[117.89592351700003, -35.025770448999936], [117.89581386400005, -35.02576825299997], [117.89587002600001, -35.02572424999994], [117.89592351700003, -35.025770448999936]]]}, "properties": {"layer": "Heritage", "heritage_kind": "Aboriginal", "id": 37113, "identifier": "ACH-00037113", "name": "AHP2017-01", "place_status": "Lodged", "place_type": "Other", "region": "Southern", "culturally_sensitive": "No", "restricted_place": "No", "boundary_reliable": "Yes", "source": "Lodged", "longitude": 117.895869, "latitude": -35.025769, "fuel_code": 920, "fuel_class": "Wildland urban interface 1", "fuel_risk": 82, "slope_degrees": 14.77, "slope_class": "Moderate slope", "slope_risk": 49, "heritage_sensitivity": 54, "heritage_type_risk": 64, "heritage_type_risk_label": "General Aboriginal heritage place", "slope_data_quality": "Sampled from slope raster", "burn_management_context": "No burn option overlap", "burn_management_risk": 65, "vulnerability_score": 68, "vulnerability_level": "High"}}, {"type": "Feature", "geometry": {"type": "Polygon", "coordinates": [[[117.93667707500003, -35.08493000699997], [117.93443107600001, -35.08606491599994], [117.93226089500001, -35.08325202699996], [117.93497706300002, -35.08288860499994], [117.93667707500003, -35.08493000699997]]]}, "properties": {"layer": "Heritage", "heritage_kind": "Aboriginal", "id": 37675, "identifier": "ACH-00037675", "name": "Narinyup (Collett Barker 1831) or Naaranyirrup - now known as Lake Vancouver", "place_status": "Lodged", "place_type": "Burial; Artefacts / Scatter; Ritual / Ceremonial; Creation / Dreaming Narrative", "region": "Southern", "culturally_sensitive": "No", "restricted_place": "No", "boundary_reliable": "Yes", "source": "Lodged", "longitude": 117.934012, "latitude": -35.084301, "fuel_code": 960, "fuel_class": "Bare ground", "fuel_risk": 12, "slope_degrees": 3.06, "slope_class": "Low slope", "slope_risk": 12, "heritage_sensitivity": 78, "heritage_type_risk": 86, "heritage_type_risk_label": "Rock art / rock shelter", "slope_data_quality": "Sampled from slope raster", "burn_management_context": "No burn option overlap", "burn_management_risk": 65, "vulnerability_score": 33, "vulnerability_level": "Low"}}, {"type": "Feature", "geometry": {"type": "Polygon", "coordinates": [[[117.8659911740001, -34.96066930199993], [117.86511527200003, -34.96063380399994], [117.86558547000004, -34.96029150399994], [117.8659911740001, -34.96066930199993]]]}, "properties": {"layer": "Heritage", "heritage_kind": "Aboriginal", "id": 21788, "identifier": "ACH-00021788", "name": "Chester Pass Road Creek 1", "place_status": "Lodged", "place_type": "Unknown", "region": "Unknown", "culturally_sensitive": "Unknown", "restricted_place": "Unknown", "boundary_reliable": "Unknown", "source": "Lodged", "longitude": 117.865553, "latitude": -34.960652, "fuel_code": 510, "fuel_class": "Tall shrubland", "fuel_risk": 88, "slope_degrees": 1.09, "slope_class": "Low slope", "slope_risk": 12, "heritage_sensitivity": 54, "heritage_type_risk": 64, "heritage_type_risk_label": "General Aboriginal heritage place", "slope_data_quality": "Sampled from slope raster", "burn_management_context": "No burn option overlap", "burn_management_risk": 65, "vulnerability_score": 62, "vulnerability_level": "Medium"}}, {"type": "Feature", "geometry": {"type": "Polygon", "coordinates": [[[117.8895126330001, -35.01799125499997], [117.88966288900008, -35.01828094899997], [117.8894969810001, -35.01826684899993], [117.8895126330001, -35.01799125499997]]]}, "properties": {"layer": "Heritage", "heritage_kind": "Aboriginal", "id": 41497, "identifier": "ACH-00041497", "name": "Menang Repatriation Ancestral Burial", "place_status": "Lodged", "place_type": "Burial", "region": "Southern", "culturally_sensitive": "No", "restricted_place": "No", "boundary_reliable": "Yes", "source": "Lodged", "longitude": 117.889593, "latitude": -35.018131, "fuel_code": 950, "fuel_class": "Built-up", "fuel_risk": 26, "slope_degrees": 4.02, "slope_class": "Low slope", "slope_risk": 12, "heritage_sensitivity": 78, "heritage_type_risk": 76, "heritage_type_risk_label": "Burial or grave", "slope_data_quality": "Sampled from slope raster", "burn_management_context": "No burn option overlap", "burn_management_risk": 65, "vulnerability_score": 37, "vulnerability_level": "Medium"}}, {"type": "Feature", "geometry": {"type": "Polygon", "coordinates": [[[117.8850569650001, -35.020820872999934], [117.88574445900008, -35.021184853999955], [117.88508512900012, -35.021214835999956], [117.8850569650001, -35.020820872999934]]]}, "properties": {"layer": "Heritage", "heritage_kind": "Non-Aboriginal", "id": 1.0, "identifier": "1.0", "name": "St Joseph's Convent", "place_status": "State Register Place", "place_type": "State heritage place", "region": "Albany", "culturally_sensitive": "Not applicable", "restricted_place": "Unknown", "boundary_reliable": "Unknown", "location": "142-152 Aberdeen St, Albany", "more_info": "https://inherit.dplh.wa.gov.au/public/p/1", "source": "State Register", "longitude": 117.885397, "latitude": -35.020964, "fuel_code": 950, "fuel_class": "Built-up", "fuel_risk": 26, "slope_degrees": 3.5, "slope_class": "Low slope", "slope_risk": 12, "heritage_sensitivity": 52, "heritage_type_risk": 68, "heritage_type_risk_label": "General built heritage fabric", "slope_data_quality": "Sampled from slope raster", "burn_management_context": "No burn option overlap", "burn_management_risk": 65, "vulnerability_score": 35, "vulnerability_level": "Medium"}}, {"type": "Feature", "geometry": {"type": "Polygon", "coordinates": [[[117.8857959390001, -35.02185090399996], [117.88508512900012, -35.021214835999956], [117.88574445900008, -35.021184853999955], [117.8857959390001, -35.02185090399996]]]}, "properties": {"layer": "Heritage", "heritage_kind": "Non-Aboriginal", "id": 2.0, "identifier": "2.0", "name": "St Joseph's Church, Bell & Belltower", "place_status": "Child of State Register Place", "place_type": "State heritage place", "region": "Albany", "culturally_sensitive": "Not applicable", "restricted_place": "Unknown", "boundary_reliable": "Unknown", "location": "120-140 Aberdeen St, Albany", "more_info": "https://inherit.dplh.wa.gov.au/public/p/2", "source": "State Register", "longitude": 117.88544, "latitude": -35.021532, "fuel_code": 950, "fuel_class": "Built-up", "fuel_risk": 26, "slope_degrees": 2.37, "slope_class": "Low slope", "slope_risk": 12, "heritage_sensitivity": 40, "heritage_type_risk": 72, "heritage_type_risk_label": "Built heritage fabric", "slope_data_quality": "Sampled from slope raster", "burn_management_context": "No burn option overlap", "burn_management_risk": 65, "vulnerability_score": 36, "vulnerability_level": "Medium"}}, {"type": "Feature", "geometry": {"type": "Polygon", "coordinates": [[[117.88514594600008, -35.02525365399998], [117.88469307500009, -35.02500053699998], [117.88512721200004, -35.024981228999934], [117.88514594600008, -35.02525365399998]]]}, "properties": {"layer": "Heritage", "heritage_kind": "Non-Aboriginal", "id": 3.0, "identifier": "3.0", "name": "The Albany Club", "place_status": "State Register Place", "place_type": "State heritage place", "region": "Albany", "culturally_sensitive": "Not applicable", "restricted_place": "Unknown", "boundary_reliable": "Unknown", "location": "23 Aberdeen St, Albany", "more_info": "https://inherit.dplh.wa.gov.au/public/p/3", "source": "State Register", "longitude": 117.88492, "latitude": -35.025127, "fuel_code": 950, "fuel_class": "Built-up", "fuel_risk": 26, "slope_degrees": 2.07, "slope_class": "Low slope", "slope_risk": 12, "heritage_sensitivity": 52, "heritage_type_risk": 68, "heritage_type_risk_label": "General built heritage fabric", "slope_data_quality": "Sampled from slope raster", "burn_management_context": "No burn option overlap", "burn_management_risk": 65, "vulnerability_score": 35, "vulnerability_level": "Medium"}}, {"type": "Feature", "geometry": {"type": "Polygon", "coordinates": [[[117.88194837600008, -35.02220881399995], [117.883326108, -35.022964135999985], [117.88200304800012, -35.02302372099996], [117.88194837600008, -35.02220881399995]]]}, "properties": {"layer": "Heritage", "heritage_kind": "Non-Aboriginal", "id": 16.0, "identifier": "16.0", "name": "Albany State School Group (fmr)", "place_status": "State Register Place", "place_type": "State heritage place", "region": "Albany", "culturally_sensitive": "Not applicable", "restricted_place": "Unknown", "boundary_reliable": "Unknown", "location": "117-121 Serpentine Rd, Albany", "more_info": "https://inherit.dplh.wa.gov.au/public/p/16", "source": "State Register", "longitude": 117.882642, "latitude": -35.022656, "fuel_code": 950, "fuel_class": "Built-up", "fuel_risk": 26, "slope_degrees": 5.48, "slope_class": "Moderate slope", "slope_risk": 14, "heritage_sensitivity": 52, "heritage_type_risk": 72, "heritage_type_risk_label": "Built heritage fabric", "slope_data_quality": "Sampled from slope raster", "burn_management_context": "No burn option overlap", "burn_management_risk": 65, "vulnerability_score": 36, "vulnerability_level": "Medium"}}, {"type": "Feature", "geometry": {"type": "Polygon", "coordinates": [[[117.87869717900003, -35.019976922999945], [117.87771995300011, -35.02006071799997], [117.87822331000007, -35.01961482699994], [117.87869717900003, -35.019976922999945]]]}, "properties": {"layer": "Heritage", "heritage_kind": "Non-Aboriginal", "id": 17.0, "identifier": "17.0", "name": "Camfield House", "place_status": "State Register Place", "place_type": "State heritage place", "region": "Albany", "culturally_sensitive": "Not applicable", "restricted_place": "Unknown", "boundary_reliable": "Unknown", "location": "172 Serpentine Rd, Albany", "more_info": "https://inherit.dplh.wa.gov.au/public/p/17", "source": "State Register", "longitude": 117.878244, "latitude": -35.019987, "fuel_code": 950, "fuel_class": "Built-up", "fuel_risk": 26, "slope_degrees": 8.51, "slope_class": "Moderate slope", "slope_risk": 25, "heritage_sensitivity": 52, "heritage_type_risk": 72, "heritage_type_risk_label": "Built heritage fabric", "slope_data_quality": "Sampled from slope raster", "burn_management_context": "No burn option overlap", "burn_management_risk": 65, "vulnerability_score": 39, "vulnerability_level": "Medium"}}, {"type": "Feature", "geometry": {"type": "Polygon", "coordinates": [[[117.88150573200005, -35.027410990999954], [117.8806937810001, -35.026696939999965], [117.88110616900008, -35.026565397999946], [117.88150573200005, -35.027410990999954]]]}, "properties": {"layer": "Heritage", "heritage_kind": "Non-Aboriginal", "id": 19.0, "identifier": "19.0", "name": "Patrick Taylor Cottage", "place_status": "State Register Place", "place_type": "State heritage place", "region": "Albany", "culturally_sensitive": "Not applicable", "restricted_place": "Unknown", "boundary_reliable": "Unknown", "location": "33-37 Duke St, Albany", "more_info": "https://inherit.dplh.wa.gov.au/public/p/19", "source": "State Register", "longitude": 117.881101, "latitude": -35.027056, "fuel_code": 950, "fuel_class": "Built-up", "fuel_risk": 26, "slope_degrees": 2.68, "slope_class": "Low slope", "slope_risk": 12, "heritage_sensitivity": 52, "heritage_type_risk": 72, "heritage_type_risk_label": "Built heritage fabric", "slope_data_quality": "Sampled from slope raster", "burn_management_context": "No burn option overlap", "burn_management_risk": 65, "vulnerability_score": 36, "vulnerability_level": "Medium"}}, {"type": "Feature", "geometry": {"type": "Polygon", "coordinates": [[[117.87980159100005, -35.02672154499993], [117.88002153000002, -35.02644730199995], [117.88008893500012, -35.02669666299994], [117.87980159100005, -35.02672154499993]]]}, "properties": {"layer": "Heritage", "heritage_kind": "Non-Aboriginal", "id": 20.0, "identifier": "20.0", "name": "Wollaston House", "place_status": "State Register Place", "place_type": "State heritage place", "region": "Albany", "culturally_sensitive": "Not applicable", "restricted_place": "Unknown", "boundary_reliable": "Unknown", "location": "54 Duke St, Albany", "more_info": "https://inherit.dplh.wa.gov.au/public/p/20", "source": "State Register", "longitude": 117.879928, "latitude": -35.026638, "fuel_code": 950, "fuel_class": "Built-up", "fuel_risk": 26, "slope_degrees": 2.62, "slope_class": "Low slope", "slope_risk": 12, "heritage_sensitivity": 52, "heritage_type_risk": 72, "heritage_type_risk_label": "Built heritage fabric", "slope_data_quality": "Sampled from slope raster", "burn_management_context": "No burn option overlap", "burn_management_risk": 65, "vulnerability_score": 36, "vulnerability_level": "Medium"}}, {"type": "Feature", "geometry": {"type": "Polygon", "coordinates": [[[117.88155419100008, -35.026228680999964], [117.88072972500004, -35.026032380999936], [117.88141735700003, -35.02591353699995], [117.88155419100008, -35.026228680999964]]]}, "properties": {"layer": "Heritage", "heritage_kind": "Non-Aboriginal", "id": 21.0, "identifier": "21.0", "name": "Wesley Church Group, Albany", "place_status": "State Register Place", "place_type": "State heritage place", "region": "Albany", "culturally_sensitive": "Not applicable", "restricted_place": "Unknown", "boundary_reliable": "Unknown", "location": "12 Duke St, Albany", "more_info": "https://inherit.dplh.wa.gov.au/public/p/21", "source": "State Register", "longitude": 117.881118, "latitude": -35.026131, "fuel_code": 950, "fuel_class": "Built-up", "fuel_risk": 26, "slope_degrees": 3.94, "slope_class": "Low slope", "slope_risk": 12, "heritage_sensitivity": 52, "heritage_type_risk": 72, "heritage_type_risk_label": "Built heritage fabric", "slope_data_quality": "Sampled from slope raster", "burn_management_context": "No burn option overlap", "burn_management_risk": 65, "vulnerability_score": 36, "vulnerability_level": "Medium"}}, {"type": "Feature", "geometry": {"type": "Polygon", "coordinates": [[[117.88764036700002, -35.025536113999976], [117.88784324900007, -35.02533567299997], [117.88805600800004, -35.02544533499997], [117.88764036700002, -35.025536113999976]]]}, "properties": {"layer": "Heritage", "heritage_kind": "Non-Aboriginal", "id": 23.0, "identifier": "23.0", "name": "Albany Masonic Hall", "place_status": "State Register Place", "place_type": "State heritage place", "region": "Albany", "culturally_sensitive": "Not applicable", "restricted_place": "Unknown", "boundary_reliable": "Unknown", "location": "58-60 Spencer St, Albany", "more_info": "https://inherit.dplh.wa.gov.au/public/p/23", "source": "State Register", "longitude": 117.887836, "latitude": -35.025491, "fuel_code": 950, "fuel_class": "Built-up", "fuel_risk": 26, "slope_degrees": 7.44, "slope_class": "Moderate slope", "slope_risk": 21, "heritage_sensitivity": 52, "heritage_type_risk": 72, "heritage_type_risk_label": "Built heritage fabric", "slope_data_quality": "Sampled from slope raster", "burn_management_context": "No burn option overlap", "burn_management_risk": 65, "vulnerability_score": 38, "vulnerability_level": "Medium"}}, {"type": "Feature", "geometry": {"type": "MultiPolygon", "coordinates": [[[[117.91548338200005, -35.02938389999997], [117.9152582700001, -35.03202595199997], [117.91156307100005, -35.03238271199996], [117.9113837430001, -35.031201075999945], [117.91515748100005, -35.02993512099994], [117.91548338200005, -35.02938389999997]]], [[[117.91137534800009, -35.03101503999994], [117.91221764000011, -35.02777518999994], [117.91470388500011, -35.02803038299993], [117.9150011590001, -35.02973512999995], [117.91137534800009, -35.03101503999994]]]]}, "properties": {"layer": "Heritage", "heritage_kind": "Non-Aboriginal", "id": 26.0, "identifier": "26.0", "name": "Albany Forts", "place_status": "State Register Place", "place_type": "State heritage place", "region": "Albany", "culturally_sensitive": "Not applicable", "restricted_place": "Unknown", "boundary_reliable": "Unknown", "location": "7 Forts Rd, Mount Clarence", "more_info": "https://inherit.dplh.wa.gov.au/public/p/26", "source": "State Register", "longitude": 117.913115, "latitude": -35.029555, "fuel_code": 930, "fuel_class": "Wildland urban interface 2", "fuel_risk": 70, "slope_degrees": 9.53, "slope_class": "Moderate slope", "slope_risk": 29, "heritage_sensitivity": 52, "heritage_type_risk": 68, "heritage_type_risk_label": "General built heritage fabric", "slope_data_quality": "Sampled from slope raster", "burn_management_context": "No burn option overlap", "burn_management_risk": 65, "vulnerability_score": 59, "vulnerability_level": "Medium"}}, {"type": "Feature", "geometry": {"type": "Polygon", "coordinates": [[[117.87815709900008, -35.024583372999984], [117.8769747550001, -35.02396813299998], [117.87794014600001, -35.023788630999945], [117.87815709900008, -35.024583372999984]]]}, "properties": {"layer": "Heritage", "heritage_kind": "Non-Aboriginal", "id": 28.0, "identifier": "28.0", "name": "The Rocks", "place_status": "State Register Place", "place_type": "State heritage place", "region": "Albany", "culturally_sensitive": "Not applicable", "restricted_place": "Unknown", "boundary_reliable": "Unknown", "location": "182-188 Grey St, Albany", "more_info": "https://inherit.dplh.wa.gov.au/public/p/28", "source": "State Register", "longitude": 117.877536, "latitude": -35.024167, "fuel_code": 950, "fuel_class": "Built-up", "fuel_risk": 26, "slope_degrees": 9.5, "slope_class": "Moderate slope", "slope_risk": 29, "heritage_sensitivity": 52, "heritage_type_risk": 68, "heritage_type_risk_label": "General built heritage fabric", "slope_data_quality": "Sampled from slope raster", "burn_management_context": "No burn option overlap", "burn_management_risk": 65, "vulnerability_score": 39, "vulnerability_level": "Medium"}}, {"type": "Feature", "geometry": {"type": "Polygon", "coordinates": [[[117.88035312200009, -35.02333971499996], [117.88103625400004, -35.02276132099996], [117.8810660260001, -35.023206536999965], [117.88035312200009, -35.02333971499996]]]}, "properties": {"layer": "Heritage", "heritage_kind": "Non-Aboriginal", "id": 29.0, "identifier": "29.0", "name": "Melville House", "place_status": "State Register Place", "place_type": "State heritage place", "region": "Albany", "culturally_sensitive": "Not applicable", "restricted_place": "Unknown", "boundary_reliable": "Unknown", "location": "5-9 Hotchin Av, Albany", "more_info": "https://inherit.dplh.wa.gov.au/public/p/29", "source": "State Register", "longitude": 117.880695, "latitude": -35.023054, "fuel_code": 950, "fuel_class": "Built-up", "fuel_risk": 26, "slope_degrees": 4.46, "slope_class": "Low slope", "slope_risk": 12, "heritage_sensitivity": 52, "heritage_type_risk": 72, "heritage_type_risk_label": "Built heritage fabric", "slope_data_quality": "Sampled from slope raster", "burn_management_context": "No burn option overlap", "burn_management_risk": 65, "vulnerability_score": 36, "vulnerability_level": "Medium"}}, {"type": "Feature", "geometry": {"type": "Polygon", "coordinates": [[[117.88732552400006, -35.027502133999974], [117.88684453200005, -35.027630672999976], [117.88652385500006, -35.02733350799997], [117.88732552400006, -35.027502133999974]]]}, "properties": {"layer": "Heritage", "heritage_kind": "Non-Aboriginal", "id": 30.0, "identifier": "30.0", "name": "Old Albany Post Office", "place_status": "State Register Place", "place_type": "State heritage place", "region": "Albany", "culturally_sensitive": "Not applicable", "restricted_place": "Unknown", "boundary_reliable": "Unknown", "location": "33 Stirling Tce, Albany", "more_info": "https://inherit.dplh.wa.gov.au/public/p/30", "source": "State Register", "longitude": 117.88697, "latitude": -35.02749, "fuel_code": 950, "fuel_class": "Built-up", "fuel_risk": 26, "slope_degrees": 4.4, "slope_class": "Low slope", "slope_risk": 12, "heritage_sensitivity": 52, "heritage_type_risk": 68, "heritage_type_risk_label": "General built heritage fabric", "slope_data_quality": "Sampled from slope raster", "burn_management_context": "No burn option overlap", "burn_management_risk": 65, "vulnerability_score": 35, "vulnerability_level": "Medium"}}, {"type": "Feature", "geometry": {"type": "Polygon", "coordinates": [[[117.89198101900001, -35.01718061299994], [117.89231894900001, -35.01638893099994], [117.89220050000006, -35.017202474999976], [117.89198101900001, -35.01718061299994]]]}, "properties": {"layer": "Heritage", "heritage_kind": "Non-Aboriginal", "id": 31.0, "identifier": "31.0", "name": "Matthew Cull's House", "place_status": "State Register Place", "place_type": "State heritage place", "region": "Albany", "culturally_sensitive": "Not applicable", "restricted_place": "Unknown", "boundary_reliable": "Unknown", "location": "250 Middleton Rd, Albany", "more_info": "https://inherit.dplh.wa.gov.au/public/p/31", "source": "State Register", "longitude": 117.892178, "latitude": -35.016592, "fuel_code": 950, "fuel_class": "Built-up", "fuel_risk": 26, "slope_degrees": 4.03, "slope_class": "Low slope", "slope_risk": 12, "heritage_sensitivity": 52, "heritage_type_risk": 72, "heritage_type_risk_label": "Built heritage fabric", "slope_data_quality": "Sampled from slope raster", "burn_management_context": "No burn option overlap", "burn_management_risk": 65, "vulnerability_score": 36, "vulnerability_level": "Medium"}}, {"type": "Feature", "geometry": {"type": "MultiPolygon", "coordinates": [[[[117.90041388300006, -35.01857560299993], [117.90018948200009, -35.01845738399993], [117.90099274200008, -35.017831704999935], [117.90041388300006, -35.01857560299993]]], [[[117.90154713800007, -35.016748907999954], [117.90046752900003, -35.017636495999966], [117.90046616600011, -35.016750058999946], [117.90154713800007, -35.016748907999954]]]]}, "properties": {"layer": "Heritage", "heritage_kind": "Non-Aboriginal", "id": 32.0, "identifier": "32.0", "name": "Strawberry Hill Farm & Gardens", "place_status": "State Register Place", "place_type": "State heritage place", "region": "Albany", "culturally_sensitive": "Not applicable", "restricted_place": "Unknown", "boundary_reliable": "Unknown", "location": "168-170 Middleton Rd, Albany", "more_info": "https://inherit.dplh.wa.gov.au/public/p/32", "source": "State Register", "longitude": 117.900949, "latitude": -35.017384, "fuel_code": 950, "fuel_class": "Built-up", "fuel_risk": 26, "slope_degrees": 4.82, "slope_class": "Low slope", "slope_risk": 12, "heritage_sensitivity": 52, "heritage_type_risk": 68, "heritage_type_risk_label": "General built heritage fabric", "slope_data_quality": "Sampled from slope raster", "burn_management_context": "No burn option overlap", "burn_management_risk": 65, "vulnerability_score": 35, "vulnerability_level": "Medium"}}, {"type": "Feature", "geometry": {"type": "Polygon", "coordinates": [[[117.89686525600007, -35.025609025999984], [117.89513012300006, -35.02520965599996], [117.89696591000006, -35.025467385999946], [117.89686525600007, -35.025609025999984]]]}, "properties": {"layer": "Heritage", "heritage_kind": "Non-Aboriginal", "id": 34.0, "identifier": "34.0", "name": "Desert Mounted Corps Memorial", "place_status": "State Register Place", "place_type": "State heritage place", "region": "Albany", "culturally_sensitive": "Not applicable", "restricted_place": "Unknown", "boundary_reliable": "Unknown", "location": "Apex Dve, Albany", "more_info": "https://inherit.dplh.wa.gov.au/public/p/34", "source": "State Register", "longitude": 117.896048, "latitude": -35.025339, "fuel_code": 920, "fuel_class": "Wildland urban interface 1", "fuel_risk": 82, "slope_degrees": 8.39, "slope_class": "Moderate slope", "slope_risk": 25, "heritage_sensitivity": 52, "heritage_type_risk": 68, "heritage_type_risk_label": "General built heritage fabric", "slope_data_quality": "Sampled from slope raster", "burn_management_context": "No burn option overlap", "burn_management_risk": 65, "vulnerability_score": 63, "vulnerability_level": "Medium"}}, {"type": "Feature", "geometry": {"type": "Polygon", "coordinates": [[[117.87989683800004, -35.028144889999965], [117.8803820920001, -35.02839033699996], [117.87991969300003, -35.02849118599994], [117.87989683800004, -35.028144889999965]]]}, "properties": {"layer": "Heritage", "heritage_kind": "Non-Aboriginal", "id": 37.0, "identifier": "37.0", "name": "Old Gaol, Albany", "place_status": "State Register Place", "place_type": "State heritage place", "region": "Albany", "culturally_sensitive": "Not applicable", "restricted_place": "Unknown", "boundary_reliable": "Unknown", "location": "2-4 Parade St, Albany", "more_info": "https://inherit.dplh.wa.gov.au/public/p/37", "source": "State Register", "longitude": 117.880122, "latitude": -35.028268, "fuel_code": 940, "fuel_class": "Wildland urban interface 3", "fuel_risk": 58, "slope_degrees": 1.21, "slope_class": "Low slope", "slope_risk": 12, "heritage_sensitivity": 52, "heritage_type_risk": 68, "heritage_type_risk_label": "General built heritage fabric", "slope_data_quality": "Sampled from slope raster", "burn_management_context": "No burn option overlap", "burn_management_risk": 65, "vulnerability_score": 49, "vulnerability_level": "Medium"}}, {"type": "Feature", "geometry": {"type": "Polygon", "coordinates": [[[117.87918407500001, -35.02943074499996], [117.88099617300009, -35.028466874999935], [117.88150863900012, -35.028957297999966], [117.87918407500001, -35.02943074499996]]]}, "properties": {"layer": "Heritage", "heritage_kind": "Non-Aboriginal", "id": 39.0, "identifier": "39.0", "name": "Residency Museum", "place_status": "State Register Place", "place_type": "State heritage place", "region": "Albany", "culturally_sensitive": "Not applicable", "restricted_place": "Unknown", "boundary_reliable": "Unknown", "location": "Residency Rd, Albany", "more_info": "https://inherit.dplh.wa.gov.au/public/p/39", "source": "State Register", "longitude": 117.880608, "latitude": -35.028932, "fuel_code": 940, "fuel_class": "Wildland urban interface 3", "fuel_risk": 58, "slope_degrees": 0.78, "slope_class": "Low slope", "slope_risk": 12, "heritage_sensitivity": 52, "heritage_type_risk": 68, "heritage_type_risk_label": "General built heritage fabric", "slope_data_quality": "Sampled from slope raster", "burn_management_context": "No burn option overlap", "burn_management_risk": 65, "vulnerability_score": 49, "vulnerability_level": "Medium"}}, {"type": "Feature", "geometry": {"type": "Polygon", "coordinates": [[[117.88084197100011, -35.02905341799993], [117.88088204100006, -35.02900110499996], [117.88089692100004, -35.02903870499995], [117.88084197100011, -35.02905341799993]]]}, "properties": {"layer": "Heritage", "heritage_kind": "Non-Aboriginal", "id": 40.0, "identifier": "40.0", "name": "Major Lockyer Memorial", "place_status": "Child of State Register Place", "place_type": "State heritage place", "region": "Albany", "culturally_sensitive": "Not applicable", "restricted_place": "Unknown", "boundary_reliable": "Unknown", "location": "2-4 Princess Royal Dr, Albany", "more_info": "https://inherit.dplh.wa.gov.au/public/p/40", "source": "State Register", "longitude": 117.880862, "latitude": -35.029027, "fuel_code": 940, "fuel_class": "Wildland urban interface 3", "fuel_risk": 58, "slope_degrees": 2.8, "slope_class": "Low slope", "slope_risk": 12, "heritage_sensitivity": 40, "heritage_type_risk": 68, "heritage_type_risk_label": "General built heritage fabric", "slope_data_quality": "Sampled from slope raster", "burn_management_context": "No burn option overlap", "burn_management_risk": 65, "vulnerability_score": 49, "vulnerability_level": "Medium"}}, {"type": "Feature", "geometry": {"type": "Polygon", "coordinates": [[[117.88786937000009, -35.02360720499996], [117.88759371900005, -35.02379340899995], [117.88754908700002, -35.02371935599996], [117.88786937000009, -35.02360720499996]]]}, "properties": {"layer": "Heritage", "heritage_kind": "Non-Aboriginal", "id": 42.0, "identifier": "42.0", "name": "House, 25 Rowley St", "place_status": "State Register Place", "place_type": "State heritage place", "region": "Albany", "culturally_sensitive": "Not applicable", "restricted_place": "Unknown", "boundary_reliable": "Unknown", "location": "25 Rowley St, Albany", "more_info": "https://inherit.dplh.wa.gov.au/public/p/42", "source": "State Register", "longitude": 117.887775, "latitude": -35.023689, "fuel_code": 950, "fuel_class": "Built-up", "fuel_risk": 26, "slope_degrees": 7.51, "slope_class": "Moderate slope", "slope_risk": 22, "heritage_sensitivity": 52, "heritage_type_risk": 72, "heritage_type_risk_label": "Built heritage fabric", "slope_data_quality": "Sampled from slope raster", "burn_management_context": "No burn option overlap", "burn_management_risk": 65, "vulnerability_score": 38, "vulnerability_level": "Medium"}}, {"type": "Feature", "geometry": {"type": "Polygon", "coordinates": [[[117.91164555400007, -35.036114236999936], [117.91082262900011, -35.03615515499996], [117.91069447900009, -35.03632], [117.91037395700005, -35.036408491999964], [117.9098182350001, -35.03637769299996], [117.91130688400006, -35.03576450899993], [117.91164555400007, -35.036114236999936]]]}, "properties": {"layer": "Heritage", "heritage_kind": "Non-Aboriginal", "id": 43.0, "identifier": "43.0", "name": "Albany Pilot Station (fmr)", "place_status": "State Register Place", "place_type": "State heritage place", "region": "Albany", "culturally_sensitive": "Not applicable", "restricted_place": "Unknown", "boundary_reliable": "Unknown", "location": "Semaphore Pnt, Albany", "more_info": "https://inherit.dplh.wa.gov.au/public/p/43", "source": "State Register", "longitude": 117.911214, "latitude": -35.036089, "fuel_code": 940, "fuel_class": "Wildland urban interface 3", "fuel_risk": 58, "slope_degrees": 5.52, "slope_class": "Moderate slope", "slope_risk": 14, "heritage_sensitivity": 52, "heritage_type_risk": 72, "heritage_type_risk_label": "Built heritage fabric", "slope_data_quality": "Sampled from slope raster", "burn_management_context": "No burn option overlap", "burn_management_risk": 65, "vulnerability_score": 51, "vulnerability_level": "Medium"}}, {"type": "Feature", "geometry": {"type": "Polygon", "coordinates": [[[117.88225558700003, -35.02201263199993], [117.88169985500008, -35.02165781499997], [117.88220698400005, -35.02121184199996], [117.88225558700003, -35.02201263199993]]]}, "properties": {"layer": "Heritage", "heritage_kind": "Non-Aboriginal", "id": 44.0, "identifier": "44.0", "name": "Pyrmont", "place_status": "State Register Place", "place_type": "State heritage place", "region": "Albany", "culturally_sensitive": "Not applicable", "restricted_place": "Unknown", "boundary_reliable": "Unknown", "location": "110 Serpentine Rd, Mira Mar", "more_info": "https://inherit.dplh.wa.gov.au/public/p/44", "source": "State Register", "longitude": 117.88202, "latitude": -35.021613, "fuel_code": 950, "fuel_class": "Built-up", "fuel_risk": 26, "slope_degrees": 7.0, "slope_class": "Moderate slope", "slope_risk": 20, "heritage_sensitivity": 52, "heritage_type_risk": 68, "heritage_type_risk_label": "General built heritage fabric", "slope_data_quality": "Sampled from slope raster", "burn_management_context": "No burn option overlap", "burn_management_risk": 65, "vulnerability_score": 37, "vulnerability_level": "Medium"}}, {"type": "Feature", "geometry": {"type": "Polygon", "coordinates": [[[117.90273842500005, -35.017299443999946], [117.90330952500005, -35.01780074699997], [117.90273944700004, -35.01777840999995], [117.90273842500005, -35.017299443999946]]]}, "properties": {"layer": "Heritage", "heritage_kind": "Non-Aboriginal", "id": 46.0, "identifier": "46.0", "name": "Hawthorndene", "place_status": "State Register Place", "place_type": "State heritage place", "region": "Albany", "culturally_sensitive": "Not applicable", "restricted_place": "Unknown", "boundary_reliable": "Unknown", "location": "22-26 Seymour St, Albany", "more_info": "https://inherit.dplh.wa.gov.au/public/p/46", "source": "State Register", "longitude": 117.903044, "latitude": -35.017542, "fuel_code": 950, "fuel_class": "Built-up", "fuel_risk": 26, "slope_degrees": 5.75, "slope_class": "Moderate slope", "slope_risk": 15, "heritage_sensitivity": 52, "heritage_type_risk": 68, "heritage_type_risk_label": "General built heritage fabric", "slope_data_quality": "Sampled from slope raster", "burn_management_context": "No burn option overlap", "burn_management_risk": 65, "vulnerability_score": 36, "vulnerability_level": "Medium"}}, {"type": "Feature", "geometry": {"type": "Polygon", "coordinates": [[[117.90251547300011, -35.01587749799995], [117.9022949570001, -35.01569644999995], [117.9025152480001, -35.01569625399998], [117.90251547300011, -35.01587749799995]]]}, "properties": {"layer": "Heritage", "heritage_kind": "Non-Aboriginal", "id": 48.0, "identifier": "48.0", "name": "Sir Richard & Lady Spencer's Grave", "place_status": "State Register Place", "place_type": "State heritage place", "region": "Albany", "culturally_sensitive": "Not applicable", "restricted_place": "Unknown", "boundary_reliable": "Unknown", "location": "39 Seymour St, Albany", "more_info": "https://inherit.dplh.wa.gov.au/public/p/48", "source": "State Register", "longitude": 117.902405, "latitude": -35.015787, "fuel_code": 950, "fuel_class": "Built-up", "fuel_risk": 26, "slope_degrees": 7.96, "slope_class": "Moderate slope", "slope_risk": 23, "heritage_sensitivity": 52, "heritage_type_risk": 76, "heritage_type_risk_label": "Burial or grave", "slope_data_quality": "Sampled from slope raster", "burn_management_context": "No burn option overlap", "burn_management_risk": 65, "vulnerability_score": 40, "vulnerability_level": "Medium"}}, {"type": "Feature", "geometry": {"type": "Polygon", "coordinates": [[[117.8824326240001, -35.02711189299998], [117.88172445500004, -35.02636818399998], [117.88203377200011, -35.026269526999954], [117.8824326240001, -35.02711189299998]]]}, "properties": {"layer": "Heritage", "heritage_kind": "Non-Aboriginal", "id": 51.0, "identifier": "51.0", "name": "Albany Court House Complex", "place_status": "State Register Place", "place_type": "State heritage place", "region": "Albany", "culturally_sensitive": "Not applicable", "restricted_place": "Unknown", "boundary_reliable": "Unknown", "location": "184-210 Stirling Tce, Albany", "more_info": "https://inherit.dplh.wa.gov.au/public/p/51", "source": "State Register", "longitude": 117.882138, "latitude": -35.026866, "fuel_code": 950, "fuel_class": "Built-up", "fuel_risk": 26, "slope_degrees": 4.27, "slope_class": "Low slope", "slope_risk": 12, "heritage_sensitivity": 52, "heritage_type_risk": 72, "heritage_type_risk_label": "Built heritage fabric", "slope_data_quality": "Sampled from slope raster", "burn_management_context": "No burn option overlap", "burn_management_risk": 65, "vulnerability_score": 36, "vulnerability_level": "Medium"}}, {"type": "Feature", "geometry": {"type": "Polygon", "coordinates": [[[117.88567782000007, -35.027046807999966], [117.8860154250001, -35.02654077599993], [117.8858168050001, -35.027067719999934], [117.88567782000007, -35.027046807999966]]]}, "properties": {"layer": "Heritage", "heritage_kind": "Non-Aboriginal", "id": 52.0, "identifier": "52.0", "name": "J McKail & Co.", "place_status": "Child of State Register Place", "place_type": "State heritage place", "region": "Albany", "culturally_sensitive": "Not applicable", "restricted_place": "Unknown", "boundary_reliable": "Unknown", "location": "82-84 Stirling Tce, Albany", "more_info": "https://inherit.dplh.wa.gov.au/public/p/52", "source": "State Register", "longitude": 117.885849, "latitude": -35.026765, "fuel_code": 950, "fuel_class": "Built-up", "fuel_risk": 26, "slope_degrees": 2.05, "slope_class": "Low slope", "slope_risk": 12, "heritage_sensitivity": 40, "heritage_type_risk": 68, "heritage_type_risk_label": "General built heritage fabric", "slope_data_quality": "Sampled from slope raster", "burn_management_context": "No burn option overlap", "burn_management_risk": 65, "vulnerability_score": 35, "vulnerability_level": "Medium"}}, {"type": "Feature", "geometry": {"type": "Polygon", "coordinates": [[[117.88522495400002, -35.02716266099998], [117.88557905000005, -35.02732764899997], [117.88520046600001, -35.027262691999965], [117.88522495400002, -35.02716266099998]]]}, "properties": {"layer": "Heritage", "heritage_kind": "Non-Aboriginal", "id": 53.0, "identifier": "53.0", "name": "Rotunda", "place_status": "State Register Place", "place_type": "State heritage place", "region": "Albany", "culturally_sensitive": "Not applicable", "restricted_place": "Unknown", "boundary_reliable": "Unknown", "location": "Stirling Tce, Albany", "more_info": "https://inherit.dplh.wa.gov.au/public/p/53", "source": "State Register", "longitude": 117.885401, "latitude": -35.027241, "fuel_code": 950, "fuel_class": "Built-up", "fuel_risk": 26, "slope_degrees": 6.82, "slope_class": "Moderate slope", "slope_risk": 19, "heritage_sensitivity": 52, "heritage_type_risk": 68, "heritage_type_risk_label": "General built heritage fabric", "slope_data_quality": "Sampled from slope raster", "burn_management_context": "No burn option overlap", "burn_management_risk": 65, "vulnerability_score": 37, "vulnerability_level": "Medium"}}, {"type": "Feature", "geometry": {"type": "Polygon", "coordinates": [[[117.8835894, -35.02679861499996], [117.88323623000008, -35.02655681199997], [117.88357142100006, -35.026545383999974], [117.8835894, -35.02679861499996]]]}, "properties": {"layer": "Heritage", "heritage_kind": "Non-Aboriginal", "id": 58.0, "identifier": "58.0", "name": "Albany House", "place_status": "State Register Place", "place_type": "State heritage place", "region": "Albany", "culturally_sensitive": "Not applicable", "restricted_place": "Unknown", "boundary_reliable": "Unknown", "location": "119-125 York St, Albany", "more_info": "https://inherit.dplh.wa.gov.au/public/p/58", "source": "State Register", "longitude": 117.883437, "latitude": -35.026678, "fuel_code": 950, "fuel_class": "Built-up", "fuel_risk": 26, "slope_degrees": 3.0, "slope_class": "Low slope", "slope_risk": 12, "heritage_sensitivity": 52, "heritage_type_risk": 72, "heritage_type_risk_label": "Built heritage fabric", "slope_data_quality": "Sampled from slope raster", "burn_management_context": "No burn option overlap", "burn_management_risk": 65, "vulnerability_score": 36, "vulnerability_level": "Medium"}}, {"type": "Feature", "geometry": {"type": "Polygon", "coordinates": [[[117.88663287100007, -35.02679688599994], [117.88676330600003, -35.02721014599996], [117.886548263, -35.02717778599998], [117.88663287100007, -35.02679688599994]]]}, "properties": {"layer": "Heritage", "heritage_kind": "Non-Aboriginal", "id": 59.0, "identifier": "59.0", "name": "Argyle House", "place_status": "Child of State Register Place", "place_type": "State heritage place", "region": "Albany", "culturally_sensitive": "Not applicable", "restricted_place": "Unknown", "boundary_reliable": "Unknown", "location": "42-50 Stirling Tce, Albany", "more_info": "https://inherit.dplh.wa.gov.au/public/p/59", "source": "State Register", "longitude": 117.886698, "latitude": -35.027003, "fuel_code": 950, "fuel_class": "Built-up", "fuel_risk": 26, "slope_degrees": 3.89, "slope_class": "Low slope", "slope_risk": 12, "heritage_sensitivity": 40, "heritage_type_risk": 72, "heritage_type_risk_label": "Built heritage fabric", "slope_data_quality": "Sampled from slope raster", "burn_management_context": "No burn option overlap", "burn_management_risk": 65, "vulnerability_score": 36, "vulnerability_level": "Medium"}}, {"type": "Feature", "geometry": {"type": "Polygon", "coordinates": [[[117.88425374400003, -35.026370938999946], [117.88426384500008, -35.02683399699998], [117.88415728400003, -35.02681795999996], [117.88425374400003, -35.026370938999946]]]}, "properties": {"layer": "Heritage", "heritage_kind": "Non-Aboriginal", "id": 60.0, "identifier": "60.0", "name": "Western Australian Bank (fmr)", "place_status": "Child of State Register Place", "place_type": "State heritage place", "region": "Albany", "culturally_sensitive": "Not applicable", "restricted_place": "Unknown", "boundary_reliable": "Unknown", "location": "142-144 Stirling Tce, Albany", "more_info": "https://inherit.dplh.wa.gov.au/public/p/60", "source": "State Register", "longitude": 117.884253, "latitude": -35.026629, "fuel_code": 950, "fuel_class": "Built-up", "fuel_risk": 26, "slope_degrees": 2.16, "slope_class": "Low slope", "slope_risk": 12, "heritage_sensitivity": 40, "heritage_type_risk": 68, "heritage_type_risk_label": "General built heritage fabric", "slope_data_quality": "Sampled from slope raster", "burn_management_context": "No burn option overlap", "burn_management_risk": 65, "vulnerability_score": 35, "vulnerability_level": "Medium"}}, {"type": "Feature", "geometry": {"type": "Polygon", "coordinates": [[[117.88231985900006, -35.02662423399994], [117.8829451580001, -35.02694555199997], [117.882534211, -35.027078923999966], [117.88231985900006, -35.02662423399994]]]}, "properties": {"layer": "Heritage", "heritage_kind": "Non-Aboriginal", "id": 61.0, "identifier": "61.0", "name": "Ballybane Tearooms (fmr)", "place_status": "Child of State Register Place", "place_type": "State heritage place", "region": "Albany", "culturally_sensitive": "Not applicable", "restricted_place": "Unknown", "boundary_reliable": "Unknown", "location": "168-180 Stirling Tce, Albany", "more_info": "https://inherit.dplh.wa.gov.au/public/p/61", "source": "State Register", "longitude": 117.882633, "latitude": -35.026785, "fuel_code": 950, "fuel_class": "Built-up", "fuel_risk": 26, "slope_degrees": 3.74, "slope_class": "Low slope", "slope_risk": 12, "heritage_sensitivity": 40, "heritage_type_risk": 68, "heritage_type_risk_label": "General built heritage fabric", "slope_data_quality": "Sampled from slope raster", "burn_management_context": "No burn option overlap", "burn_management_risk": 65, "vulnerability_score": 35, "vulnerability_level": "Medium"}}, {"type": "Feature", "geometry": {"type": "Polygon", "coordinates": [[[117.88643035200005, -35.02669731599997], [117.88644019700007, -35.02716152499994], [117.88633083400009, -35.027145066999935], [117.88643035200005, -35.02669731599997]]]}, "properties": {"layer": "Heritage", "heritage_kind": "Non-Aboriginal", "id": 62.0, "identifier": "62.0", "name": "Glasgow House", "place_status": "Child of State Register Place", "place_type": "State heritage place", "region": "Albany", "culturally_sensitive": "Not applicable", "restricted_place": "Unknown", "boundary_reliable": "Unknown", "location": "56-58 Stirling Tce, Albany", "more_info": "https://inherit.dplh.wa.gov.au/public/p/62", "source": "State Register", "longitude": 117.886435, "latitude": -35.026929, "fuel_code": 950, "fuel_class": "Built-up", "fuel_risk": 26, "slope_degrees": 1.63, "slope_class": "Low slope", "slope_risk": 12, "heritage_sensitivity": 40, "heritage_type_risk": 72, "heritage_type_risk_label": "Built heritage fabric", "slope_data_quality": "Sampled from slope raster", "burn_management_context": "No burn option overlap", "burn_management_risk": 65, "vulnerability_score": 36, "vulnerability_level": "Medium"}}, {"type": "Feature", "geometry": {"type": "Polygon", "coordinates": [[[117.88643031000004, -35.02669757599995], [117.8865482440001, -35.027177775999974], [117.88633076100007, -35.027145056999984], [117.88643031000004, -35.02669757599995]]]}, "properties": {"layer": "Heritage", "heritage_kind": "Non-Aboriginal", "id": 63.0, "identifier": "63.0", "name": "Edinburgh House", "place_status": "Child of State Register Place", "place_type": "State heritage place", "region": "Albany", "culturally_sensitive": "Not applicable", "restricted_place": "Unknown", "boundary_reliable": "Unknown", "location": "52-54 Stirling Tce, Albany", "more_info": "https://inherit.dplh.wa.gov.au/public/p/63", "source": "State Register", "longitude": 117.886489, "latitude": -35.026938, "fuel_code": 950, "fuel_class": "Built-up", "fuel_risk": 26, "slope_degrees": 1.63, "slope_class": "Low slope", "slope_risk": 12, "heritage_sensitivity": 40, "heritage_type_risk": 72, "heritage_type_risk_label": "Built heritage fabric", "slope_data_quality": "Sampled from slope raster", "burn_management_context": "No burn option overlap", "burn_management_risk": 65, "vulnerability_score": 36, "vulnerability_level": "Medium"}}, {"type": "Feature", "geometry": {"type": "Polygon", "coordinates": [[[117.88546008700007, -35.02701403599997], [117.8857776320001, -35.02659910199998], [117.88567782000007, -35.027046807999966], [117.88546008700007, -35.02701403599997]]]}, "properties": {"layer": "Heritage", "heritage_kind": "Non-Aboriginal", "id": 64.0, "identifier": "64.0", "name": "National Bank (fmr)", "place_status": "Child of State Register Place", "place_type": "State heritage place", "region": "Albany", "culturally_sensitive": "Not applicable", "restricted_place": "Unknown", "boundary_reliable": "Unknown", "location": "86-94 Stirling Tce, Albany", "more_info": "https://inherit.dplh.wa.gov.au/public/p/64", "source": "State Register", "longitude": 117.885619, "latitude": -35.026807, "fuel_code": 950, "fuel_class": "Built-up", "fuel_risk": 26, "slope_degrees": 1.28, "slope_class": "Low slope", "slope_risk": 12, "heritage_sensitivity": 40, "heritage_type_risk": 68, "heritage_type_risk_label": "General built heritage fabric", "slope_data_quality": "Sampled from slope raster", "burn_management_context": "No burn option overlap", "burn_management_risk": 65, "vulnerability_score": 35, "vulnerability_level": "Medium"}}, {"type": "Feature", "geometry": {"type": "Polygon", "coordinates": [[[117.88633083500008, -35.02714506799998], [117.88631271400004, -35.026216688999966], [117.8865299570001, -35.02624925199996], [117.88633083500008, -35.02714506799998]]]}, "properties": {"layer": "Heritage", "heritage_kind": "Non-Aboriginal", "id": 65.0, "identifier": "65.0", "name": "Royal George Hotel", "place_status": "Child of State Register Place", "place_type": "State heritage place", "region": "Albany", "culturally_sensitive": "Not applicable", "restricted_place": "Unknown", "boundary_reliable": "Unknown", "location": "60-70 Stirling Tce, Albany", "more_info": "https://inherit.dplh.wa.gov.au/public/p/65", "source": "State Register", "longitude": 117.886322, "latitude": -35.026681, "fuel_code": 950, "fuel_class": "Built-up", "fuel_risk": 26, "slope_degrees": 1.63, "slope_class": "Low slope", "slope_risk": 12, "heritage_sensitivity": 40, "heritage_type_risk": 72, "heritage_type_risk_label": "Built heritage fabric", "slope_data_quality": "Sampled from slope raster", "burn_management_context": "No burn option overlap", "burn_management_risk": 65, "vulnerability_score": 36, "vulnerability_level": "Medium"}}, {"type": "Feature", "geometry": {"type": "Polygon", "coordinates": [[[117.88544211900012, -35.026086143999976], [117.88546008700007, -35.02701403599997], [117.88524242500011, -35.02698127699995], [117.88544211900012, -35.026086143999976]]]}, "properties": {"layer": "Heritage", "heritage_kind": "Non-Aboriginal", "id": 66.0, "identifier": "66.0", "name": "Edward Barnett & Co Building (fmr)", "place_status": "Child of State Register Place", "place_type": "State heritage place", "region": "Albany", "culturally_sensitive": "Not applicable", "restricted_place": "Unknown", "boundary_reliable": "Unknown", "location": "96-102 Stirling Tce, Albany", "more_info": "https://inherit.dplh.wa.gov.au/public/p/66", "source": "State Register", "longitude": 117.88546, "latitude": -35.02651, "fuel_code": 950, "fuel_class": "Built-up", "fuel_risk": 26, "slope_degrees": 0.62, "slope_class": "Low slope", "slope_risk": 12, "heritage_sensitivity": 40, "heritage_type_risk": 72, "heritage_type_risk_label": "Built heritage fabric", "slope_data_quality": "Sampled from slope raster", "burn_management_context": "No burn option overlap", "burn_management_risk": 65, "vulnerability_score": 36, "vulnerability_level": "Medium"}}, {"type": "Feature", "geometry": {"type": "Polygon", "coordinates": [[[117.88408093100009, -35.026990567999974], [117.88575091900009, -35.027357560999974], [117.88404393100006, -35.027028567999935], [117.88408093100009, -35.026990567999974]]]}, "properties": {"layer": "Heritage", "heritage_kind": "Non-Aboriginal", "id": 67.0, "identifier": "67.0", "name": "White Star Hotel", "place_status": "Child of State Register Place", "place_type": "State heritage place", "region": "Albany", "culturally_sensitive": "Not applicable", "restricted_place": "Unknown", "boundary_reliable": "Unknown", "location": "72-80 Stirling Tce, Albany", "more_info": "https://inherit.dplh.wa.gov.au/public/p/67", "source": "State Register", "longitude": 117.884881, "latitude": -35.027157, "fuel_code": 950, "fuel_class": "Built-up", "fuel_risk": 26, "slope_degrees": 4.28, "slope_class": "Low slope", "slope_risk": 12, "heritage_sensitivity": 40, "heritage_type_risk": 72, "heritage_type_risk_label": "Built heritage fabric", "slope_data_quality": "Sampled from slope raster", "burn_management_context": "No burn option overlap", "burn_management_risk": 65, "vulnerability_score": 36, "vulnerability_level": "Medium"}}, {"type": "Feature", "geometry": {"type": "Polygon", "coordinates": [[[117.88631267000005, -35.026216664999936], [117.88581676900003, -35.02706770699996], [117.88609495000003, -35.026184015999945], [117.88631267000005, -35.026216664999936]]]}, "properties": {"layer": "Heritage", "heritage_kind": "Non-Aboriginal", "id": 67.0, "identifier": "67.0", "name": "White Star Hotel", "place_status": "Child of State Register Place", "place_type": "State heritage place", "region": "Albany", "culturally_sensitive": "Not applicable", "restricted_place": "Unknown", "boundary_reliable": "Unknown", "location": "72-80 Stirling Tce, Albany", "more_info": "https://inherit.dplh.wa.gov.au/public/p/67", "source": "State Register", "longitude": 117.886147, "latitude": -35.026457, "fuel_code": 950, "fuel_class": "Built-up", "fuel_risk": 26, "slope_degrees": 2.0, "slope_class": "Low slope", "slope_risk": 12, "heritage_sensitivity": 40, "heritage_type_risk": 72, "heritage_type_risk_label": "Built heritage fabric", "slope_data_quality": "Sampled from slope raster", "burn_management_context": "No burn option overlap", "burn_management_risk": 65, "vulnerability_score": 36, "vulnerability_level": "Medium"}}, {"type": "Feature", "geometry": {"type": "Polygon", "coordinates": [[[117.87375487700001, -35.02682825299996], [117.87529049900002, -35.02622822099994], [117.87550418, -35.027005164999935], [117.87518465000005, -35.027481619999946], [117.87375487700001, -35.02682825299996]]]}, "properties": {"layer": "Heritage", "heritage_kind": "Non-Aboriginal", "id": 69.0, "identifier": "69.0", "name": "Vancouver Arts Centre Group", "place_status": "State Register Place", "place_type": "State heritage place", "region": "Albany", "culturally_sensitive": "Not applicable", "restricted_place": "Unknown", "boundary_reliable": "Unknown", "location": "77-87 Vancouver St, Albany", "more_info": "https://inherit.dplh.wa.gov.au/public/p/69", "source": "State Register", "longitude": 117.874136, "latitude": -35.026847, "fuel_code": 940, "fuel_class": "Wildland urban interface 3", "fuel_risk": 58, "slope_degrees": 9.25, "slope_class": "Moderate slope", "slope_risk": 28, "heritage_sensitivity": 52, "heritage_type_risk": 86, "heritage_type_risk_label": "Rock art / rock shelter", "slope_data_quality": "Sampled from slope raster", "burn_management_context": "No burn option overlap", "burn_management_risk": 65, "vulnerability_score": 58, "vulnerability_level": "Medium"}}, {"type": "Feature", "geometry": {"type": "Polygon", "coordinates": [[[117.88348758200004, -35.02532599899996], [117.88287811900011, -35.025586534999945], [117.88286221700002, -35.02535095799993], [117.88348758200004, -35.02532599899996]]]}, "properties": {"layer": "Heritage", "heritage_kind": "Non-Aboriginal", "id": 71.0, "identifier": "71.0", "name": "St John's Church", "place_status": "Child of State Register Place", "place_type": "State heritage place", "region": "Albany", "culturally_sensitive": "Not applicable", "restricted_place": "Unknown", "boundary_reliable": "Unknown", "location": "York St, Albany", "more_info": "https://inherit.dplh.wa.gov.au/public/p/71", "source": "State Register", "longitude": 117.883183, "latitude": -35.025454, "fuel_code": 950, "fuel_class": "Built-up", "fuel_risk": 26, "slope_degrees": 2.67, "slope_class": "Low slope", "slope_risk": 12, "heritage_sensitivity": 40, "heritage_type_risk": 72, "heritage_type_risk_label": "Built heritage fabric", "slope_data_quality": "Sampled from slope raster", "burn_management_context": "No burn option overlap", "burn_management_risk": 65, "vulnerability_score": 36, "vulnerability_level": "Medium"}}, {"type": "Feature", "geometry": {"type": "Polygon", "coordinates": [[[117.88258708500007, -35.02564737999995], [117.88278702100001, -35.02546845499995], [117.882795826, -35.02564013399996], [117.88258708500007, -35.02564737999995]]]}, "properties": {"layer": "Heritage", "heritage_kind": "Non-Aboriginal", "id": 73.0, "identifier": "73.0", "name": "St John's Rectory", "place_status": "Child of State Register Place", "place_type": "State heritage place", "region": "Albany", "culturally_sensitive": "Not applicable", "restricted_place": "Unknown", "boundary_reliable": "Unknown", "location": "York St, Albany", "more_info": "https://inherit.dplh.wa.gov.au/public/p/73", "source": "State Register", "longitude": 117.882687, "latitude": -35.025558, "fuel_code": 950, "fuel_class": "Built-up", "fuel_risk": 26, "slope_degrees": 1.4, "slope_class": "Low slope", "slope_risk": 12, "heritage_sensitivity": 40, "heritage_type_risk": 68, "heritage_type_risk_label": "General built heritage fabric", "slope_data_quality": "Sampled from slope raster", "burn_management_context": "No burn option overlap", "burn_management_risk": 65, "vulnerability_score": 35, "vulnerability_level": "Medium"}}, {"type": "Feature", "geometry": {"type": "Polygon", "coordinates": [[[117.88292289800006, -35.02352867399998], [117.88338197200005, -35.02378191599996], [117.88294165900004, -35.02380094499995], [117.88292289800006, -35.02352867399998]]]}, "properties": {"layer": "Heritage", "heritage_kind": "Non-Aboriginal", "id": 74.0, "identifier": "74.0", "name": "Albany Town Hall", "place_status": "State Register Place", "place_type": "State heritage place", "region": "Albany", "culturally_sensitive": "Not applicable", "restricted_place": "Unknown", "boundary_reliable": "Unknown", "location": "217 York St, Albany", "more_info": "https://inherit.dplh.wa.gov.au/public/p/74", "source": "State Register", "longitude": 117.883154, "latitude": -35.02368, "fuel_code": 950, "fuel_class": "Built-up", "fuel_risk": 26, "slope_degrees": 3.15, "slope_class": "Low slope", "slope_risk": 12, "heritage_sensitivity": 52, "heritage_type_risk": 72, "heritage_type_risk_label": "Built heritage fabric", "slope_data_quality": "Sampled from slope raster", "burn_management_context": "No burn option overlap", "burn_management_risk": 65, "vulnerability_score": 36, "vulnerability_level": "Medium"}}, {"type": "Feature", "geometry": {"type": "Polygon", "coordinates": [[[117.88356001000011, -35.026384425999936], [117.88308718700011, -35.026244530999975], [117.88355243500007, -35.026277651999976], [117.88356001000011, -35.026384425999936]]]}, "properties": {"layer": "Heritage", "heritage_kind": "Non-Aboriginal", "id": 75.0, "identifier": "75.0", "name": "Law Offices (fmr), Albany", "place_status": "State Register Place", "place_type": "State heritage place", "region": "Albany", "culturally_sensitive": "Not applicable", "restricted_place": "Unknown", "boundary_reliable": "Unknown", "location": "133-135 York St, Albany", "more_info": "https://inherit.dplh.wa.gov.au/public/p/75", "source": "State Register", "longitude": 117.883341, "latitude": -35.026326, "fuel_code": 950, "fuel_class": "Built-up", "fuel_risk": 26, "slope_degrees": 3.26, "slope_class": "Low slope", "slope_risk": 12, "heritage_sensitivity": 52, "heritage_type_risk": 68, "heritage_type_risk_label": "General built heritage fabric", "slope_data_quality": "Sampled from slope raster", "burn_management_context": "No burn option overlap", "burn_management_risk": 65, "vulnerability_score": 35, "vulnerability_level": "Medium"}}, {"type": "Feature", "geometry": {"type": "Polygon", "coordinates": [[[117.88391801000012, -35.02678194699996], [117.8842159840001, -35.026542390999964], [117.8841553420001, -35.02681766699993], [117.88391801000012, -35.02678194699996]]]}, "properties": {"layer": "Heritage", "heritage_kind": "Non-Aboriginal", "id": 77.0, "identifier": "77.0", "name": "Empire Buildings", "place_status": "Child of State Register Place", "place_type": "State heritage place", "region": "Albany", "culturally_sensitive": "Not applicable", "restricted_place": "Unknown", "boundary_reliable": "Unknown", "location": "146-152 Stirling Tce, Albany", "more_info": "https://inherit.dplh.wa.gov.au/public/p/77", "source": "State Register", "longitude": 117.884049, "latitude": -35.026668, "fuel_code": 950, "fuel_class": "Built-up", "fuel_risk": 26, "slope_degrees": 2.16, "slope_class": "Low slope", "slope_risk": 12, "heritage_sensitivity": 40, "heritage_type_risk": 72, "heritage_type_risk_label": "Built heritage fabric", "slope_data_quality": "Sampled from slope raster", "burn_management_context": "No burn option overlap", "burn_management_risk": 65, "vulnerability_score": 36, "vulnerability_level": "Medium"}}, {"type": "Feature", "geometry": {"type": "Polygon", "coordinates": [[[117.8837806140001, -35.02476794499995], [117.88434531200005, -35.02495182599995], [117.8837947510001, -35.02497633099995], [117.8837806140001, -35.02476794499995]]]}, "properties": {"layer": "Heritage", "heritage_kind": "Non-Aboriginal", "id": 78.0, "identifier": "78.0", "name": "Scots Uniting Church", "place_status": "State Register Place", "place_type": "State heritage place", "region": "Albany", "culturally_sensitive": "Not applicable", "restricted_place": "Unknown", "boundary_reliable": "Unknown", "location": "168-174 York St, Albany", "more_info": "https://inherit.dplh.wa.gov.au/public/p/78", "source": "State Register", "longitude": 117.884063, "latitude": -35.02486, "fuel_code": 950, "fuel_class": "Built-up", "fuel_risk": 26, "slope_degrees": 1.42, "slope_class": "Low slope", "slope_risk": 12, "heritage_sensitivity": 52, "heritage_type_risk": 72, "heritage_type_risk_label": "Built heritage fabric", "slope_data_quality": "Sampled from slope raster", "burn_management_context": "No burn option overlap", "burn_management_risk": 65, "vulnerability_score": 36, "vulnerability_level": "Medium"}}, {"type": "Feature", "geometry": {"type": "Polygon", "coordinates": [[[117.88361369400002, -35.02714100199995], [117.88269876100003, -35.027187244999936], [117.88360483800011, -35.02704103299993], [117.88361369400002, -35.02714100199995]]]}, "properties": {"layer": "Heritage", "heritage_kind": "Non-Aboriginal", "id": 79.0, "identifier": "79.0", "name": "Taxi Rank & Women's Rest Room", "place_status": "State Register Place", "place_type": "State heritage place", "region": "Albany", "culturally_sensitive": "Not applicable", "restricted_place": "Unknown", "boundary_reliable": "Unknown", "location": "Lot 826 Stirling Tce, Albany", "more_info": "https://inherit.dplh.wa.gov.au/public/p/79", "source": "State Register", "longitude": 117.883107, "latitude": -35.027175, "fuel_code": 950, "fuel_class": "Built-up", "fuel_risk": 26, "slope_degrees": 4.59, "slope_class": "Low slope", "slope_risk": 12, "heritage_sensitivity": 52, "heritage_type_risk": 68, "heritage_type_risk_label": "General built heritage fabric", "slope_data_quality": "Sampled from slope raster", "burn_management_context": "No burn option overlap", "burn_management_risk": 65, "vulnerability_score": 35, "vulnerability_level": "Medium"}}, {"type": "Feature", "geometry": {"type": "Polygon", "coordinates": [[[117.91038582100009, -35.05357425899996], [117.91357264400006, -35.05027477699997], [117.91595042200004, -35.050300009999944], [117.91600185900006, -35.05340805999998], [117.91417753700011, -35.05467492399998], [117.91038582100009, -35.05357425899996]]]}, "properties": {"layer": "Heritage", "heritage_kind": "Non-Aboriginal", "id": 84.0, "identifier": "84.0", "name": "Quaranup Complex", "place_status": "State Register Place", "place_type": "State heritage place", "region": "Albany", "culturally_sensitive": "Not applicable", "restricted_place": "Unknown", "boundary_reliable": "Unknown", "location": "Quaranup Rd, Geak Pt, on the Vancouver Peninsula, Albany", "more_info": "https://inherit.dplh.wa.gov.au/public/p/84", "source": "State Register", "longitude": 117.914259, "latitude": -35.05235, "fuel_code": 930, "fuel_class": "Wildland urban interface 2", "fuel_risk": 70, "slope_degrees": 9.73, "slope_class": "Moderate slope", "slope_risk": 30, "heritage_sensitivity": 52, "heritage_type_risk": 68, "heritage_type_risk_label": "General built heritage fabric", "slope_data_quality": "Sampled from slope raster", "burn_management_context": "No burn option overlap", "burn_management_risk": 65, "vulnerability_score": 59, "vulnerability_level": "Medium"}}, {"type": "Feature", "geometry": {"type": "Polygon", "coordinates": [[[117.97937371400008, -34.94909864299996], [117.97659240200005, -34.94906138599998], [117.97633346000009, -34.94905791499997], [117.97685914100009, -34.94789510299995], [117.97937633400011, -34.94792456999994], [117.97937371400008, -34.94909864299996]]]}, "properties": {"layer": "Heritage", "heritage_kind": "Non-Aboriginal", "id": 89.0, "identifier": "89.0", "name": "Lower Kalgan River Bridge & Jetty Group", "place_status": "State Register Place", "place_type": "State heritage place", "region": "Albany", "culturally_sensitive": "Not applicable", "restricted_place": "Unknown", "boundary_reliable": "Unknown", "location": "Albany-Nanarup Rd, Kalgan", "more_info": "https://inherit.dplh.wa.gov.au/public/p/89", "source": "State Register", "longitude": 117.978001, "latitude": -34.948512, "fuel_code": 520, "fuel_class": "Shrubland", "fuel_risk": 82, "slope_degrees": 0.29, "slope_class": "Low slope", "slope_risk": 12, "heritage_sensitivity": 52, "heritage_type_risk": 78, "heritage_type_risk_label": "Infrastructure heritage fabric", "slope_data_quality": "Sampled from slope raster", "burn_management_context": "No burn option overlap", "burn_management_risk": 65, "vulnerability_score": 63, "vulnerability_level": "Medium"}}, {"type": "Feature", "geometry": {"type": "Polygon", "coordinates": [[[117.86937469500003, -35.02604265699995], [117.86922330000004, -35.02480929099994], [117.87016510600006, -35.024881250999954], [117.87037678000002, -35.02588992699998], [117.86937469500003, -35.02604265699995]]]}, "properties": {"layer": "Heritage", "heritage_kind": "Non-Aboriginal", "id": 109.0, "identifier": "109.0", "name": "Albany Fish Ponds", "place_status": "State Register Place", "place_type": "State heritage place", "region": "Albany", "culturally_sensitive": "Not applicable", "restricted_place": "Unknown", "boundary_reliable": "Unknown", "location": "84-89 Festing St, Mt Melville", "more_info": "https://inherit.dplh.wa.gov.au/public/p/109", "source": "State Register", "longitude": 117.86982, "latitude": -35.025185, "fuel_code": 434, "fuel_class": "Low woodland with sparse understory", "fuel_risk": 56, "slope_degrees": 7.45, "slope_class": "Moderate slope", "slope_risk": 21, "heritage_sensitivity": 52, "heritage_type_risk": 68, "heritage_type_risk_label": "General built heritage fabric", "slope_data_quality": "Sampled from slope raster", "burn_management_context": "No burn option overlap", "burn_management_risk": 65, "vulnerability_score": 51, "vulnerability_level": "Medium"}}, {"type": "Feature", "geometry": {"type": "Polygon", "coordinates": [[[117.89704022300009, -35.018781064999985], [117.89879112900007, -35.01895580299998], [117.8986672310001, -35.019800429999975], [117.89749093700004, -35.01962220099995], [117.89704022300009, -35.018781064999985]]]}, "properties": {"layer": "Heritage", "heritage_kind": "Non-Aboriginal", "id": 1972.0, "identifier": "1972.0", "name": "Albany Snake Run Skateboard Park", "place_status": "State Register Place", "place_type": "State heritage place", "region": "Albany", "culturally_sensitive": "Not applicable", "restricted_place": "Unknown", "boundary_reliable": "Unknown", "location": "162 Hare St, Mount Clarence", "more_info": "https://inherit.dplh.wa.gov.au/public/p/1972", "source": "State Register", "longitude": 117.898167, "latitude": -35.019293, "fuel_code": 950, "fuel_class": "Built-up", "fuel_risk": 26, "slope_degrees": 6.37, "slope_class": "Moderate slope", "slope_risk": 17, "heritage_sensitivity": 52, "heritage_type_risk": 68, "heritage_type_risk_label": "General built heritage fabric", "slope_data_quality": "Sampled from slope raster", "burn_management_context": "No burn option overlap", "burn_management_risk": 65, "vulnerability_score": 36, "vulnerability_level": "Medium"}}, {"type": "Feature", "geometry": {"type": "Polygon", "coordinates": [[[117.59997556700012, -34.50240096999994], [117.60785343100008, -34.50296698599993], [117.60775613900012, -34.50847241899993], [117.59257030300012, -34.507598160999976], [117.58726232900005, -34.508875993999936], [117.58657187100005, -34.50560884399994], [117.59997556700012, -34.50240096999994]]]}, "properties": {"layer": "Heritage", "heritage_kind": "Non-Aboriginal", "id": 2262.0, "identifier": "2262.0", "name": "Hassell Homestead", "place_status": "State Register Place", "place_type": "State heritage place", "region": "Plantagenet", "culturally_sensitive": "Not applicable", "restricted_place": "Unknown", "boundary_reliable": "Unknown", "location": "Cnr Albany Hwy & Jellicoe Rd, Kendenup", "more_info": "https://inherit.dplh.wa.gov.au/public/p/2262", "source": "State Register", "longitude": 117.597245, "latitude": -34.506589, "fuel_code": 640, "fuel_class": "Croplands", "fuel_risk": 50, "slope_degrees": 4.98, "slope_class": "Low slope", "slope_risk": 12, "heritage_sensitivity": 52, "heritage_type_risk": 72, "heritage_type_risk_label": "Built heritage fabric", "slope_data_quality": "Sampled from slope raster", "burn_management_context": "No burn option overlap", "burn_management_risk": 65, "vulnerability_score": 47, "vulnerability_level": "Medium"}}, {"type": "Feature", "geometry": {"type": "Polygon", "coordinates": [[[117.6599335630001, -34.618508702999975], [117.65927703400007, -34.61793367699994], [117.66112803700003, -34.61826462099998], [117.6599335630001, -34.618508702999975]]]}, "properties": {"layer": "Heritage", "heritage_kind": "Non-Aboriginal", "id": 2268.0, "identifier": "2268.0", "name": "Police Station and Gaol Complex (fmr)", "place_status": "State Register Place", "place_type": "State heritage place", "region": "Plantagenet", "culturally_sensitive": "Not applicable", "restricted_place": "Unknown", "boundary_reliable": "Unknown", "location": "Albany Hwy, Mount Barker", "more_info": "https://inherit.dplh.wa.gov.au/public/p/2268", "source": "State Register", "longitude": 117.660178, "latitude": -34.618104, "fuel_code": 930, "fuel_class": "Wildland urban interface 2", "fuel_risk": 70, "slope_degrees": 2.38, "slope_class": "Low slope", "slope_risk": 12, "heritage_sensitivity": 52, "heritage_type_risk": 72, "heritage_type_risk_label": "Built heritage fabric", "slope_data_quality": "Sampled from slope raster", "burn_management_context": "No burn option overlap", "burn_management_risk": 65, "vulnerability_score": 56, "vulnerability_level": "Medium"}}, {"type": "Feature", "geometry": {"type": "Polygon", "coordinates": [[[117.59947117600007, -34.68545808799996], [117.60029317400006, -34.68490835199998], [117.6001023560001, -34.68546873899993], [117.59947117600007, -34.68545808799996]]]}, "properties": {"layer": "Heritage", "heritage_kind": "Non-Aboriginal", "id": 2284.0, "identifier": "2284.0", "name": "St Werburgh's Chapel and Cemetery", "place_status": "State Register Place", "place_type": "State heritage place", "region": "Plantagenet", "culturally_sensitive": "Not applicable", "restricted_place": "Unknown", "boundary_reliable": "Unknown", "location": "Chapel Rd, Mount Barker", "more_info": "https://inherit.dplh.wa.gov.au/public/p/2284", "source": "State Register", "longitude": 117.599837, "latitude": -34.685187, "fuel_code": 920, "fuel_class": "Wildland urban interface 1", "fuel_risk": 82, "slope_degrees": 4.22, "slope_class": "Low slope", "slope_risk": 12, "heritage_sensitivity": 52, "heritage_type_risk": 76, "heritage_type_risk_label": "Burial or grave", "slope_data_quality": "Sampled from slope raster", "burn_management_context": "No burn option overlap", "burn_management_risk": 65, "vulnerability_score": 62, "vulnerability_level": "Medium"}}, {"type": "Feature", "geometry": {"type": "Polygon", "coordinates": [[[117.66434637600003, -34.62876190999998], [117.6632262810001, -34.627705585999934], [117.66306389200008, -34.62702093799993], [117.66372426100008, -34.626835608999954], [117.66434637600003, -34.62876190999998]]]}, "properties": {"layer": "Heritage", "heritage_kind": "Non-Aboriginal", "id": 2318.0, "identifier": "2318.0", "name": "Mount Barker Railway Station (fmr)", "place_status": "State Register Place", "place_type": "State heritage place", "region": "Plantagenet", "culturally_sensitive": "Not applicable", "restricted_place": "Unknown", "boundary_reliable": "Unknown", "location": "Albany Hwy & Lowood Rd, Mount Barker", "more_info": "https://inherit.dplh.wa.gov.au/public/p/2318", "source": "State Register", "longitude": 117.663817, "latitude": -34.62791, "fuel_code": 940, "fuel_class": "Wildland urban interface 3", "fuel_risk": 58, "slope_degrees": 0.85, "slope_class": "Low slope", "slope_risk": 12, "heritage_sensitivity": 52, "heritage_type_risk": 95, "heritage_type_risk_label": "Wood or tree-based heritage", "slope_data_quality": "Sampled from slope raster", "burn_management_context": "No burn option overlap", "burn_management_risk": 65, "vulnerability_score": 56, "vulnerability_level": "Medium"}}, {"type": "Feature", "geometry": {"type": "Polygon", "coordinates": [[[117.86351364000006, -35.020754702999966], [117.86351677900007, -35.02310321199997], [117.86160682700006, -35.02310433699995], [117.86067485, -35.02075799399995], [117.86351364000006, -35.020754702999966]]]}, "properties": {"layer": "Heritage", "heritage_kind": "Non-Aboriginal", "id": 26441.0, "identifier": "26441.0", "name": "Albany Seaboard Bulk Fuel Oil Depot", "place_status": "State Register Place", "place_type": "State heritage place", "region": "Albany", "culturally_sensitive": "Not applicable", "restricted_place": "Unknown", "boundary_reliable": "Unknown", "location": " ", "more_info": "https://inherit.dplh.wa.gov.au/public/p/26441", "source": "State Register", "longitude": 117.862316, "latitude": -35.022276, "fuel_code": 220, "fuel_class": "Open forest", "fuel_risk": 86, "slope_degrees": 0.26, "slope_class": "Low slope", "slope_risk": 12, "heritage_sensitivity": 52, "heritage_type_risk": 68, "heritage_type_risk_label": "General built heritage fabric", "slope_data_quality": "Sampled from slope raster", "burn_management_context": "No burn option overlap", "burn_management_risk": 65, "vulnerability_score": 62, "vulnerability_level": "Medium"}}, {"type": "Feature", "geometry": {"type": "Polygon", "coordinates": [[[117.92591494200008, -35.05621360999993], [117.92752170800009, -35.05703475699994], [117.92610411700002, -35.057145495999976], [117.92591494200008, -35.05621360999993]]]}, "properties": {"layer": "Heritage", "heritage_kind": "Non-Aboriginal", "id": 2994.0, "identifier": "2994.0", "name": "Whaling Cove (Ruins)", "place_status": "State Register Place", "place_type": "State heritage place", "region": "Albany", "culturally_sensitive": "Not applicable", "restricted_place": "Unknown", "boundary_reliable": "Unknown", "location": "Barker Bay, access by Quaranup Rd, Albany", "more_info": "https://inherit.dplh.wa.gov.au/public/p/2994", "source": "State Register", "longitude": 117.926678, "latitude": -35.056676, "fuel_code": 434, "fuel_class": "Low woodland with sparse understory", "fuel_risk": 56, "slope_degrees": 6.3, "slope_class": "Moderate slope", "slope_risk": 17, "heritage_sensitivity": 52, "heritage_type_risk": 68, "heritage_type_risk_label": "General built heritage fabric", "slope_data_quality": "Sampled from slope raster", "burn_management_context": "No burn option overlap", "burn_management_risk": 65, "vulnerability_score": 50, "vulnerability_level": "Medium"}}, {"type": "Feature", "geometry": {"type": "Polygon", "coordinates": [[[117.91885071000002, -35.03535716199997], [117.9190909890001, -35.035913010999934], [117.91880136500004, -35.03584294999996], [117.91885071000002, -35.03535716199997]]]}, "properties": {"layer": "Heritage", "heritage_kind": "Non-Aboriginal", "id": 3212.0, "identifier": "3212.0", "name": "Point King Lighthouse Ruin", "place_status": "State Register Place", "place_type": "State heritage place", "region": "Albany", "culturally_sensitive": "Not applicable", "restricted_place": "Unknown", "boundary_reliable": "Unknown", "location": "Point King, Albany", "more_info": "https://inherit.dplh.wa.gov.au/public/p/3212", "source": "State Register", "longitude": 117.918979, "latitude": -35.035593, "fuel_code": 960, "fuel_class": "Bare ground", "fuel_risk": 12, "slope_degrees": 8.5, "slope_class": "Moderate slope", "slope_risk": 25, "heritage_sensitivity": 52, "heritage_type_risk": 72, "heritage_type_risk_label": "Built heritage fabric", "slope_data_quality": "Sampled from slope raster", "burn_management_context": "No burn option overlap", "burn_management_risk": 65, "vulnerability_score": 33, "vulnerability_level": "Low"}}, {"type": "Feature", "geometry": {"type": "Polygon", "coordinates": [[[117.55441689600002, -34.36175384399996], [117.55385328200009, -34.36261137399998], [117.55357447200004, -34.36233190399997], [117.55441689600002, -34.36175384399996]]]}, "properties": {"layer": "Heritage", "heritage_kind": "Non-Aboriginal", "id": 3242.0, "identifier": "3242.0", "name": "Tenterden Agricultural Hall", "place_status": "State Register Place", "place_type": "State heritage place", "region": "Cranbrook", "culturally_sensitive": "Not applicable", "restricted_place": "Unknown", "boundary_reliable": "Unknown", "location": "Cnr Gillam & Trimmer Sts, Tenterden", "more_info": "https://inherit.dplh.wa.gov.au/public/p/3242", "source": "State Register", "longitude": 117.554135, "latitude": -34.362183, "fuel_code": 930, "fuel_class": "Wildland urban interface 2", "fuel_risk": 70, "slope_degrees": 4.56, "slope_class": "Low slope", "slope_risk": 12, "heritage_sensitivity": 52, "heritage_type_risk": 72, "heritage_type_risk_label": "Built heritage fabric", "slope_data_quality": "Sampled from slope raster", "burn_management_context": "No burn option overlap", "burn_management_risk": 65, "vulnerability_score": 56, "vulnerability_level": "Medium"}}, {"type": "Feature", "geometry": {"type": "Polygon", "coordinates": [[[117.88707928000008, -35.02806675499994], [117.8848324710001, -35.02783169299994], [117.88483560100008, -35.02780033099998], [117.88707928000008, -35.02806675499994]]]}, "properties": {"layer": "Heritage", "heritage_kind": "Non-Aboriginal", "id": 3262.0, "identifier": "3262.0", "name": "Albany Railway Station & Bond Store", "place_status": "State Register Place", "place_type": "State heritage place", "region": "Albany", "culturally_sensitive": "Not applicable", "restricted_place": "Unknown", "boundary_reliable": "Unknown", "location": "43-77 Proudlove Pde, Albany", "more_info": "https://inherit.dplh.wa.gov.au/public/p/3262", "source": "State Register", "longitude": 117.886307, "latitude": -35.02802, "fuel_code": 950, "fuel_class": "Built-up", "fuel_risk": 26, "slope_degrees": 3.8, "slope_class": "Low slope", "slope_risk": 12, "heritage_sensitivity": 52, "heritage_type_risk": 72, "heritage_type_risk_label": "Built heritage fabric", "slope_data_quality": "Sampled from slope raster", "burn_management_context": "No burn option overlap", "burn_management_risk": 65, "vulnerability_score": 36, "vulnerability_level": "Medium"}}, {"type": "Feature", "geometry": {"type": "Polygon", "coordinates": [[[117.88315853200004, -35.026896878999935], [117.88296664200004, -35.02599198399997], [117.88337499300007, -35.02684750999998], [117.88315853200004, -35.026896878999935]]]}, "properties": {"layer": "Heritage", "heritage_kind": "Non-Aboriginal", "id": 3339.0, "identifier": "3339.0", "name": "London Hotel", "place_status": "Child of State Register Place", "place_type": "State heritage place", "region": "Albany", "culturally_sensitive": "Not applicable", "restricted_place": "Unknown", "boundary_reliable": "Unknown", "location": "160-162 Stirling Tce, Albany", "more_info": "https://inherit.dplh.wa.gov.au/public/p/3339", "source": "State Register", "longitude": 117.883062, "latitude": -35.026441, "fuel_code": 950, "fuel_class": "Built-up", "fuel_risk": 26, "slope_degrees": 2.45, "slope_class": "Low slope", "slope_risk": 12, "heritage_sensitivity": 40, "heritage_type_risk": 72, "heritage_type_risk_label": "Built heritage fabric", "slope_data_quality": "Sampled from slope raster", "burn_management_context": "No burn option overlap", "burn_management_risk": 65, "vulnerability_score": 36, "vulnerability_level": "Medium"}}, {"type": "Feature", "geometry": {"type": "Polygon", "coordinates": [[[117.88140926500012, -35.01952764499998], [117.88125786, -35.019059992999985], [117.88162245700005, -35.01933956899995], [117.88140926500012, -35.01952764499998]]]}, "properties": {"layer": "Heritage", "heritage_kind": "Non-Aboriginal", "id": 3463.0, "identifier": "3463.0", "name": "1915 Block, Albany Primary School", "place_status": "State Register Place", "place_type": "State heritage place", "region": "Albany", "culturally_sensitive": "Not applicable", "restricted_place": "Unknown", "boundary_reliable": "Unknown", "location": "70-88 Albany Hwy, Centennial Park", "more_info": "https://inherit.dplh.wa.gov.au/public/p/3463", "source": "State Register", "longitude": 117.881329, "latitude": -35.019281, "fuel_code": 950, "fuel_class": "Built-up", "fuel_risk": 26, "slope_degrees": 3.59, "slope_class": "Low slope", "slope_risk": 12, "heritage_sensitivity": 52, "heritage_type_risk": 72, "heritage_type_risk_label": "Built heritage fabric", "slope_data_quality": "Sampled from slope raster", "burn_management_context": "No burn option overlap", "burn_management_risk": 65, "vulnerability_score": 36, "vulnerability_level": "Medium"}}, {"type": "Feature", "geometry": {"type": "Polygon", "coordinates": [[[117.883299093, -35.02578760499995], [117.88216262700007, -35.02537886699997], [117.88348758600011, -35.02532599799997], [117.883299093, -35.02578760499995]]]}, "properties": {"layer": "Heritage", "heritage_kind": "Non-Aboriginal", "id": 3514.0, "identifier": "3514.0", "name": "St John's Church Group", "place_status": "State Register Place", "place_type": "State heritage place", "region": "Albany", "culturally_sensitive": "Not applicable", "restricted_place": "Unknown", "boundary_reliable": "Unknown", "location": "149-163 York St, Albany", "more_info": "https://inherit.dplh.wa.gov.au/public/p/3514", "source": "State Register", "longitude": 117.882792, "latitude": -35.025673, "fuel_code": 950, "fuel_class": "Built-up", "fuel_risk": 26, "slope_degrees": 3.78, "slope_class": "Low slope", "slope_risk": 12, "heritage_sensitivity": 52, "heritage_type_risk": 72, "heritage_type_risk_label": "Built heritage fabric", "slope_data_quality": "Sampled from slope raster", "burn_management_context": "No burn option overlap", "burn_management_risk": 65, "vulnerability_score": 36, "vulnerability_level": "Medium"}}, {"type": "Feature", "geometry": {"type": "Polygon", "coordinates": [[[117.88695209700006, -35.02612633399997], [117.88733397300007, -35.02590453199997], [117.88728569400007, -35.026122201999954], [117.88695209700006, -35.02612633399997]]]}, "properties": {"layer": "Heritage", "heritage_kind": "Non-Aboriginal", "id": 3555.0, "identifier": "3555.0", "name": "Albany Co-operative Society Building (fmr)", "place_status": "State Register Place", "place_type": "State heritage place", "region": "Albany", "culturally_sensitive": "Not applicable", "restricted_place": "Unknown", "boundary_reliable": "Unknown", "location": "46 Frederick St, Albany", "more_info": "https://inherit.dplh.wa.gov.au/public/p/3555", "source": "State Register", "longitude": 117.887144, "latitude": -35.026013, "fuel_code": 950, "fuel_class": "Built-up", "fuel_risk": 26, "slope_degrees": 7.2, "slope_class": "Moderate slope", "slope_risk": 20, "heritage_sensitivity": 52, "heritage_type_risk": 72, "heritage_type_risk_label": "Built heritage fabric", "slope_data_quality": "Sampled from slope raster", "burn_management_context": "No burn option overlap", "burn_management_risk": 65, "vulnerability_score": 38, "vulnerability_level": "Medium"}}, {"type": "Feature", "geometry": {"type": "Polygon", "coordinates": [[[117.87783430500008, -35.02234429199996], [117.87857222900004, -35.02247577299994], [117.8782695330001, -35.022677973999976], [117.87783430500008, -35.02234429199996]]]}, "properties": {"layer": "Heritage", "heritage_kind": "Non-Aboriginal", "id": 3572.0, "identifier": "3572.0", "name": "Hillside", "place_status": "State Register Place", "place_type": "State heritage place", "region": "Albany", "culturally_sensitive": "Not applicable", "restricted_place": "Unknown", "boundary_reliable": "Unknown", "location": "6 Cliff Way, Albany", "more_info": "https://inherit.dplh.wa.gov.au/public/p/3572", "source": "State Register", "longitude": 117.878245, "latitude": -35.022131, "fuel_code": 950, "fuel_class": "Built-up", "fuel_risk": 26, "slope_degrees": 6.68, "slope_class": "Moderate slope", "slope_risk": 18, "heritage_sensitivity": 52, "heritage_type_risk": 68, "heritage_type_risk_label": "General built heritage fabric", "slope_data_quality": "Sampled from slope raster", "burn_management_context": "No burn option overlap", "burn_management_risk": 65, "vulnerability_score": 36, "vulnerability_level": "Medium"}}, {"type": "Feature", "geometry": {"type": "Polygon", "coordinates": [[[117.88662988300007, -35.031200499999954], [117.88627475700002, -35.03182163099996], [117.88694740400001, -35.032565699999964], [117.88612965800007, -35.031853051999974], [117.88662988300007, -35.031200499999954]]]}, "properties": {"layer": "Heritage", "heritage_kind": "Non-Aboriginal", "id": 3607.0, "identifier": "3607.0", "name": "Albany Town Jetty", "place_status": "State Register Place", "place_type": "State heritage place", "region": "Albany", "culturally_sensitive": "Not applicable", "restricted_place": "Unknown", "boundary_reliable": "Unknown", "location": "Lot 580 Princess Royal Dr, Albany", "more_info": "https://inherit.dplh.wa.gov.au/public/p/3607", "source": "State Register", "longitude": 117.886427, "latitude": -35.031761, "fuel_code": null, "fuel_class": "Unknown or no fuel data", "fuel_risk": 55, "slope_degrees": 0.0, "slope_class": "Low slope", "slope_risk": 12, "heritage_sensitivity": 52, "heritage_type_risk": 78, "heritage_type_risk_label": "Infrastructure heritage fabric", "slope_data_quality": "Sampled from slope raster", "burn_management_context": "No burn option overlap", "burn_management_risk": 65, "vulnerability_score": 50, "vulnerability_level": "Medium"}}, {"type": "Feature", "geometry": {"type": "Polygon", "coordinates": [[[117.95791876500004, -35.09712704499998], [117.95888707200004, -35.09467196199995], [117.96163495200005, -35.094968112999936], [117.96163617200011, -35.097127014999955], [117.95791876500004, -35.09712704499998]]]}, "properties": {"layer": "Heritage", "heritage_kind": "Non-Aboriginal", "id": 3644.0, "identifier": "3644.0", "name": "Cheynes Beach Whaling Station", "place_status": "State Register Place", "place_type": "State heritage place", "region": "Albany", "culturally_sensitive": "Not applicable", "restricted_place": "Unknown", "boundary_reliable": "Unknown", "location": "Frenchman Bay, King George Sound, Albany", "more_info": "https://inherit.dplh.wa.gov.au/public/p/3644", "source": "State Register", "longitude": 117.959777, "latitude": -35.095707, "fuel_code": 940, "fuel_class": "Wildland urban interface 3", "fuel_risk": 58, "slope_degrees": 6.41, "slope_class": "Moderate slope", "slope_risk": 17, "heritage_sensitivity": 52, "heritage_type_risk": 72, "heritage_type_risk_label": "Built heritage fabric", "slope_data_quality": "Sampled from slope raster", "burn_management_context": "No burn option overlap", "burn_management_risk": 65, "vulnerability_score": 52, "vulnerability_level": "Medium"}}, {"type": "Feature", "geometry": {"type": "Polygon", "coordinates": [[[117.88781036300009, -35.02692100999997], [117.88731773000006, -35.026988134999954], [117.88734810200003, -35.02685167799996], [117.88781036300009, -35.02692100999997]]]}, "properties": {"layer": "Heritage", "heritage_kind": "Non-Aboriginal", "id": 27067.0, "identifier": "27067.0", "name": "House", "place_status": "Child of State Register Place", "place_type": "State heritage place", "region": "Albany", "culturally_sensitive": "Not applicable", "restricted_place": "Unknown", "boundary_reliable": "Unknown", "location": "32-34 Spencer Street, Albany", "more_info": "https://inherit.dplh.wa.gov.au/public/p/27067", "source": "State Register", "longitude": 117.887557, "latitude": -35.026951, "fuel_code": 950, "fuel_class": "Built-up", "fuel_risk": 26, "slope_degrees": 5.13, "slope_class": "Moderate slope", "slope_risk": 12, "heritage_sensitivity": 40, "heritage_type_risk": 95, "heritage_type_risk_label": "Wood or tree-based heritage", "slope_data_quality": "Sampled from slope raster", "burn_management_context": "No burn option overlap", "burn_management_risk": 65, "vulnerability_score": 42, "vulnerability_level": "Medium"}}, {"type": "Feature", "geometry": {"type": "Polygon", "coordinates": [[[117.89899052100009, -34.93714768799998], [117.89798662300007, -34.936468066999964], [117.89878199600003, -34.935944433999964], [117.8990212010001, -34.93619086199993], [117.89899052100009, -34.93714768799998]]]}, "properties": {"layer": "Heritage", "heritage_kind": "Non-Aboriginal", "id": 3919.0, "identifier": "3919.0", "name": "Ballymena", "place_status": "State Register Place", "place_type": "State heritage place", "region": "Albany", "culturally_sensitive": "Not applicable", "restricted_place": "Unknown", "boundary_reliable": "Unknown", "location": "52 Pony Club Rd, Willyung", "more_info": "https://inherit.dplh.wa.gov.au/public/p/3919", "source": "State Register", "longitude": 117.898625, "latitude": -34.936795, "fuel_code": 930, "fuel_class": "Wildland urban interface 2", "fuel_risk": 70, "slope_degrees": 1.27, "slope_class": "Low slope", "slope_risk": 12, "heritage_sensitivity": 52, "heritage_type_risk": 68, "heritage_type_risk_label": "General built heritage fabric", "slope_data_quality": "Sampled from slope raster", "burn_management_context": "No burn option overlap", "burn_management_risk": 65, "vulnerability_score": 55, "vulnerability_level": "Medium"}}, {"type": "Feature", "geometry": {"type": "Polygon", "coordinates": [[[117.92593165800008, -35.00749869099997], [117.91535632900002, -35.02046198599993], [117.91415629800008, -35.018622962999984], [117.91228301500007, -35.01965392899996], [117.91286888700006, -35.017004920999966], [117.92169476900006, -35.007536613999946], [117.92319612100005, -35.006358], [117.92550409500006, -35.00640471299994], [117.92593165800008, -35.00749869099997]]]}, "properties": {"layer": "Heritage", "heritage_kind": "Non-Aboriginal", "id": 4177.0, "identifier": "4177.0", "name": "Albany Golf Course", "place_status": "State Register Place", "place_type": "State heritage place", "region": "Albany", "culturally_sensitive": "Not applicable", "restricted_place": "Unknown", "boundary_reliable": "Unknown", "location": "164 Golf Links Rds, Seppings & Collingwood Park, Albany", "more_info": "https://inherit.dplh.wa.gov.au/public/p/4177", "source": "State Register", "longitude": 117.91881, "latitude": -35.012706, "fuel_code": 800, "fuel_class": "Wetlands", "fuel_risk": 35, "slope_degrees": 1.97, "slope_class": "Low slope", "slope_risk": 12, "heritage_sensitivity": 52, "heritage_type_risk": 95, "heritage_type_risk_label": "Wood or tree-based heritage", "slope_data_quality": "Sampled from slope raster", "burn_management_context": "No burn option overlap", "burn_management_risk": 65, "vulnerability_score": 46, "vulnerability_level": "Medium"}}, {"type": "Feature", "geometry": {"type": "Polygon", "coordinates": [[[117.88190977400006, -35.02490880999994], [117.88132422800004, -35.02452354999997], [117.8818815410001, -35.024496658999965], [117.88190977400006, -35.02490880999994]]]}, "properties": {"layer": "Heritage", "heritage_kind": "Non-Aboriginal", "id": 4276.0, "identifier": "4276.0", "name": "Albany Fire Station & Fire Officer's House", "place_status": "State Register Place", "place_type": "State heritage place", "region": "Albany", "culturally_sensitive": "Not applicable", "restricted_place": "Unknown", "boundary_reliable": "Unknown", "location": "71 Collie St, Albany", "more_info": "https://inherit.dplh.wa.gov.au/public/p/4276", "source": "State Register", "longitude": 117.881643, "latitude": -35.024752, "fuel_code": 950, "fuel_class": "Built-up", "fuel_risk": 26, "slope_degrees": 2.83, "slope_class": "Low slope", "slope_risk": 12, "heritage_sensitivity": 52, "heritage_type_risk": 72, "heritage_type_risk_label": "Built heritage fabric", "slope_data_quality": "Sampled from slope raster", "burn_management_context": "No burn option overlap", "burn_management_risk": 65, "vulnerability_score": 36, "vulnerability_level": "Medium"}}, {"type": "Feature", "geometry": {"type": "Polygon", "coordinates": [[[117.88988276500004, -35.017460736999965], [117.89008044900004, -35.01730480899994], [117.89008212300007, -35.017459274999965], [117.88988276500004, -35.017460736999965]]]}, "properties": {"layer": "Heritage", "heritage_kind": "Non-Aboriginal", "id": 4344.0, "identifier": "4344.0", "name": "WA Christmas Tree", "place_status": "Child of State Register Place", "place_type": "State heritage place", "region": "Albany", "culturally_sensitive": "Not applicable", "restricted_place": "Unknown", "boundary_reliable": "Unknown", "location": "Cnr Suffolk St & Middleton Rd, Albany", "more_info": "https://inherit.dplh.wa.gov.au/public/p/4344", "source": "State Register", "longitude": 117.889982, "latitude": -35.017383, "fuel_code": 950, "fuel_class": "Built-up", "fuel_risk": 26, "slope_degrees": 7.26, "slope_class": "Moderate slope", "slope_risk": 21, "heritage_sensitivity": 40, "heritage_type_risk": 95, "heritage_type_risk_label": "Wood or tree-based heritage", "slope_data_quality": "Sampled from slope raster", "burn_management_context": "No burn option overlap", "burn_management_risk": 65, "vulnerability_score": 44, "vulnerability_level": "Medium"}}, {"type": "Feature", "geometry": {"type": "Polygon", "coordinates": [[[117.5950624190001, -34.68854791799998], [117.59439550800005, -34.68731254199997], [117.59589108700004, -34.68676166999995], [117.59655801600002, -34.687997037999935], [117.5950624190001, -34.68854791799998]]]}, "properties": {"layer": "Heritage", "heritage_kind": "Non-Aboriginal", "id": 10996.0, "identifier": "10996.0", "name": "St Werburgh's Farm Buildings", "place_status": "State Register Place", "place_type": "State heritage place", "region": "Plantagenet", "culturally_sensitive": "Not applicable", "restricted_place": "Unknown", "boundary_reliable": "Unknown", "location": "St Werburghs Rd, Mount Barker", "more_info": "https://inherit.dplh.wa.gov.au/public/p/10996", "source": "State Register", "longitude": 117.595477, "latitude": -34.687655, "fuel_code": 930, "fuel_class": "Wildland urban interface 2", "fuel_risk": 70, "slope_degrees": 1.32, "slope_class": "Low slope", "slope_risk": 12, "heritage_sensitivity": 52, "heritage_type_risk": 72, "heritage_type_risk_label": "Built heritage fabric", "slope_data_quality": "Sampled from slope raster", "burn_management_context": "No burn option overlap", "burn_management_risk": 65, "vulnerability_score": 56, "vulnerability_level": "Medium"}}, {"type": "Feature", "geometry": {"type": "Polygon", "coordinates": [[[117.35506300300005, -34.95784932399994], [117.35334851200003, -34.958841406999966], [117.35304908600006, -34.95795507499997], [117.35448894400008, -34.95680771699995], [117.35506300300005, -34.95784932399994]]]}, "properties": {"layer": "Heritage", "heritage_kind": "Non-Aboriginal", "id": 14171.0, "identifier": "14171.0", "name": "Old Denmark District Hospital", "place_status": "State Register Place", "place_type": "State heritage place", "region": "Denmark", "culturally_sensitive": "Not applicable", "restricted_place": "Unknown", "boundary_reliable": "Unknown", "location": "North St, Denmark", "more_info": "https://inherit.dplh.wa.gov.au/public/p/14171", "source": "State Register", "longitude": 117.354277, "latitude": -34.957797, "fuel_code": 940, "fuel_class": "Wildland urban interface 3", "fuel_risk": 58, "slope_degrees": 5.43, "slope_class": "Moderate slope", "slope_risk": 14, "heritage_sensitivity": 52, "heritage_type_risk": 68, "heritage_type_risk_label": "General built heritage fabric", "slope_data_quality": "Sampled from slope raster", "burn_management_context": "No burn option overlap", "burn_management_risk": 65, "vulnerability_score": 50, "vulnerability_level": "Medium"}}, {"type": "Feature", "geometry": {"type": "Polygon", "coordinates": [[[117.35458144100005, -34.95681596299994], [117.35448557000007, -34.956713098999955], [117.35462058300004, -34.95676769499994], [117.35458144100005, -34.95681596299994]]]}, "properties": {"layer": "Heritage", "heritage_kind": "Non-Aboriginal", "id": 14309.0, "identifier": "14309.0", "name": "Peace Tree", "place_status": "Child of State Register Place", "place_type": "State heritage place", "region": "Denmark", "culturally_sensitive": "Not applicable", "restricted_place": "Unknown", "boundary_reliable": "Unknown", "location": "Cnr Horsley & Scotsdale Rds, Denmark", "more_info": "https://inherit.dplh.wa.gov.au/public/p/14309", "source": "State Register", "longitude": 117.354533, "latitude": -34.956756, "fuel_code": 940, "fuel_class": "Wildland urban interface 3", "fuel_risk": 58, "slope_degrees": 6.91, "slope_class": "Moderate slope", "slope_risk": 19, "heritage_sensitivity": 40, "heritage_type_risk": 95, "heritage_type_risk_label": "Wood or tree-based heritage", "slope_data_quality": "Sampled from slope raster", "burn_management_context": "No burn option overlap", "burn_management_risk": 65, "vulnerability_score": 58, "vulnerability_level": "Medium"}}, {"type": "Feature", "geometry": {"type": "Polygon", "coordinates": [[[117.35474158900001, -34.961507551999944], [117.35458160600001, -34.96178665599996], [117.35443835900003, -34.96158519699998], [117.35474158900001, -34.961507551999944]]]}, "properties": {"layer": "Heritage", "heritage_kind": "Non-Aboriginal", "id": 14403.0, "identifier": "14403.0", "name": "Red Cross Centre and Shop", "place_status": "State Register Place", "place_type": "State heritage place", "region": "Denmark", "culturally_sensitive": "Not applicable", "restricted_place": "Unknown", "boundary_reliable": "Unknown", "location": "Cnr Price & Mitchell Sts, Denmark", "more_info": "https://inherit.dplh.wa.gov.au/public/p/14403", "source": "State Register", "longitude": 117.354647, "latitude": -34.961627, "fuel_code": 950, "fuel_class": "Built-up", "fuel_risk": 26, "slope_degrees": 4.25, "slope_class": "Low slope", "slope_risk": 12, "heritage_sensitivity": 52, "heritage_type_risk": 68, "heritage_type_risk_label": "General built heritage fabric", "slope_data_quality": "Sampled from slope raster", "burn_management_context": "No burn option overlap", "burn_management_risk": 65, "vulnerability_score": 35, "vulnerability_level": "Medium"}}, {"type": "Feature", "geometry": {"type": "Polygon", "coordinates": [[[117.88215610600002, -35.02652791299994], [117.8849320160001, -35.026356574999966], [117.88781067600007, -35.02692087499997], [117.88731637300009, -35.02775391399996], [117.88228316100003, -35.02755374499998], [117.88215610600002, -35.02652791299994]]]}, "properties": {"layer": "Heritage", "heritage_kind": "Non-Aboriginal", "id": 14922.0, "identifier": "14922.0", "name": "Stirling Terrace Precinct, Albany", "place_status": "State Register Place", "place_type": "State heritage place", "region": "Albany", "culturally_sensitive": "Not applicable", "restricted_place": "Unknown", "boundary_reliable": "Unknown", "location": "Stirling Tce, Albany", "more_info": "https://inherit.dplh.wa.gov.au/public/p/14922", "source": "State Register", "longitude": 117.884884, "latitude": -35.027024, "fuel_code": 950, "fuel_class": "Built-up", "fuel_risk": 26, "slope_degrees": 4.28, "slope_class": "Low slope", "slope_risk": 12, "heritage_sensitivity": 52, "heritage_type_risk": 68, "heritage_type_risk_label": "General built heritage fabric", "slope_data_quality": "Sampled from slope raster", "burn_management_context": "No burn option overlap", "burn_management_risk": 65, "vulnerability_score": 35, "vulnerability_level": "Medium"}}, {"type": "Feature", "geometry": {"type": "Polygon", "coordinates": [[[117.88203377500008, -35.026269524999975], [117.88184387700005, -35.026620915999956], [117.881724458, -35.026368186999946], [117.88203377500008, -35.026269524999975]]]}, "properties": {"layer": "Heritage", "heritage_kind": "Non-Aboriginal", "id": 15468.0, "identifier": "15468.0", "name": "Sergeant's Quarters", "place_status": "Child of State Register Place", "place_type": "State heritage place", "region": "Albany", "culturally_sensitive": "Not applicable", "restricted_place": "Unknown", "boundary_reliable": "Unknown", "location": "1 Duke Street, Albany", "more_info": "https://inherit.dplh.wa.gov.au/public/p/15468", "source": "State Register", "longitude": 117.88194, "latitude": -35.026448, "fuel_code": 950, "fuel_class": "Built-up", "fuel_risk": 26, "slope_degrees": 3.89, "slope_class": "Low slope", "slope_risk": 12, "heritage_sensitivity": 40, "heritage_type_risk": 95, "heritage_type_risk_label": "Wood or tree-based heritage", "slope_data_quality": "Sampled from slope raster", "burn_management_context": "No burn option overlap", "burn_management_risk": 65, "vulnerability_score": 42, "vulnerability_level": "Medium"}}, {"type": "Feature", "geometry": {"type": "Polygon", "coordinates": [[[117.97690420000004, -34.948376705999976], [117.97937409600002, -34.948926477999976], [117.9769010870001, -34.94890802499998], [117.97690420000004, -34.948376705999976]]]}, "properties": {"layer": "Heritage", "heritage_kind": "Non-Aboriginal", "id": 15422.0, "identifier": "15422.0", "name": "Lower Kalgan River Road Bridge", "place_status": "Child of State Register Place", "place_type": "State heritage place", "region": "Albany", "culturally_sensitive": "Not applicable", "restricted_place": "Unknown", "boundary_reliable": "Unknown", "location": "Albany-Nanarup Rd, Lower Kalgan", "more_info": "https://inherit.dplh.wa.gov.au/public/p/15422", "source": "State Register", "longitude": 117.978139, "latitude": -34.948649, "fuel_code": 520, "fuel_class": "Shrubland", "fuel_risk": 82, "slope_degrees": 0.0, "slope_class": "Low slope", "slope_risk": 12, "heritage_sensitivity": 40, "heritage_type_risk": 78, "heritage_type_risk_label": "Infrastructure heritage fabric", "slope_data_quality": "Sampled from slope raster", "burn_management_context": "No burn option overlap", "burn_management_risk": 65, "vulnerability_score": 63, "vulnerability_level": "Medium"}}, {"type": "Feature", "geometry": {"type": "Polygon", "coordinates": [[[117.885037785, -35.020552359999954], [117.88571386500007, -35.02078911799998], [117.8850569650001, -35.020820872999934], [117.885037785, -35.020552359999954]]]}, "properties": {"layer": "Heritage", "heritage_kind": "Non-Aboriginal", "id": 15433.0, "identifier": "15433.0", "name": "St Joseph's Lodge (fmr)", "place_status": "Child of State Register Place", "place_type": "State heritage place", "region": "Albany", "culturally_sensitive": "Not applicable", "restricted_place": "Unknown", "boundary_reliable": "Unknown", "location": "154-160 Aberdeen St, Albany", "more_info": "https://inherit.dplh.wa.gov.au/public/p/15433", "source": "State Register", "longitude": 117.885375, "latitude": -35.020671, "fuel_code": 950, "fuel_class": "Built-up", "fuel_risk": 26, "slope_degrees": 3.78, "slope_class": "Low slope", "slope_risk": 12, "heritage_sensitivity": 40, "heritage_type_risk": 68, "heritage_type_risk_label": "General built heritage fabric", "slope_data_quality": "Sampled from slope raster", "burn_management_context": "No burn option overlap", "burn_management_risk": 65, "vulnerability_score": 35, "vulnerability_level": "Medium"}}, {"type": "Feature", "geometry": {"type": "Polygon", "coordinates": [[[117.88234808400011, -35.02693335499998], [117.8820345900001, -35.02681914599998], [117.88225983200005, -35.02674697699996], [117.88234808400011, -35.02693335499998]]]}, "properties": {"layer": "Heritage", "heritage_kind": "Non-Aboriginal", "id": 15451.0, "identifier": "15451.0", "name": "Lockup & Residence (fmr)", "place_status": "Child of State Register Place", "place_type": "State heritage place", "region": "Albany", "culturally_sensitive": "Not applicable", "restricted_place": "Unknown", "boundary_reliable": "Unknown", "location": "184-210 Stirling Terrace, Albany", "more_info": "https://inherit.dplh.wa.gov.au/public/p/15451", "source": "State Register", "longitude": 117.882191, "latitude": -35.026876, "fuel_code": 950, "fuel_class": "Built-up", "fuel_risk": 26, "slope_degrees": 4.27, "slope_class": "Low slope", "slope_risk": 12, "heritage_sensitivity": 40, "heritage_type_risk": 68, "heritage_type_risk_label": "General built heritage fabric", "slope_data_quality": "Sampled from slope raster", "burn_management_context": "No burn option overlap", "burn_management_risk": 65, "vulnerability_score": 35, "vulnerability_level": "Medium"}}, {"type": "Feature", "geometry": {"type": "Polygon", "coordinates": [[[117.8752282480001, -35.02462934699997], [117.87503298100012, -35.025163231999954], [117.87490431700007, -35.02468927799998], [117.8752282480001, -35.02462934699997]]]}, "properties": {"layer": "Heritage", "heritage_kind": "Non-Aboriginal", "id": 15495.0, "identifier": "15495.0", "name": "Residence, 206 Grey Street, Albany", "place_status": "State Register Place", "place_type": "State heritage place", "region": "Albany", "culturally_sensitive": "Not applicable", "restricted_place": "Unknown", "boundary_reliable": "Unknown", "location": "206 Grey St, Albany", "more_info": "https://inherit.dplh.wa.gov.au/public/p/15495", "source": "State Register", "longitude": 117.875154, "latitude": -35.024982, "fuel_code": 950, "fuel_class": "Built-up", "fuel_risk": 26, "slope_degrees": 7.06, "slope_class": "Moderate slope", "slope_risk": 20, "heritage_sensitivity": 52, "heritage_type_risk": 95, "heritage_type_risk_label": "Wood or tree-based heritage", "slope_data_quality": "Sampled from slope raster", "burn_management_context": "No burn option overlap", "burn_management_risk": 65, "vulnerability_score": 44, "vulnerability_level": "Medium"}}, {"type": "Feature", "geometry": {"type": "Polygon", "coordinates": [[[117.87949660600009, -35.02877896799998], [117.87972617100002, -35.02890684699997], [117.87950748700007, -35.02894523599997], [117.87949660600009, -35.02877896799998]]]}, "properties": {"layer": "Heritage", "heritage_kind": "Non-Aboriginal", "id": 15513.0, "identifier": "15513.0", "name": "Mouchemore's Cottage and Net Shed, Albany", "place_status": "State Register Place", "place_type": "State heritage place", "region": "Albany", "culturally_sensitive": "Not applicable", "restricted_place": "Unknown", "boundary_reliable": "Unknown", "location": "1 Parade St, Albany", "more_info": "https://inherit.dplh.wa.gov.au/public/p/15513", "source": "State Register", "longitude": 117.879611, "latitude": -35.028843, "fuel_code": 940, "fuel_class": "Wildland urban interface 3", "fuel_risk": 58, "slope_degrees": 1.49, "slope_class": "Low slope", "slope_risk": 12, "heritage_sensitivity": 52, "heritage_type_risk": 72, "heritage_type_risk_label": "Built heritage fabric", "slope_data_quality": "Sampled from slope raster", "burn_management_context": "No burn option overlap", "burn_management_risk": 65, "vulnerability_score": 50, "vulnerability_level": "Medium"}}, {"type": "Feature", "geometry": {"type": "Polygon", "coordinates": [[[117.8870352890001, -35.027251073999935], [117.88684803800004, -35.026829136999936], [117.88712378700006, -35.026852143999974], [117.8870352890001, -35.027251073999935]]]}, "properties": {"layer": "Heritage", "heritage_kind": "Non-Aboriginal", "id": 15548.0, "identifier": "15548.0", "name": "Everett Buildings", "place_status": "Child of State Register Place", "place_type": "State heritage place", "region": "Albany", "culturally_sensitive": "Not applicable", "restricted_place": "Unknown", "boundary_reliable": "Unknown", "location": "34-40 Stirling Tce, Albany", "more_info": "https://inherit.dplh.wa.gov.au/public/p/15548", "source": "State Register", "longitude": 117.886933, "latitude": -35.027081, "fuel_code": 950, "fuel_class": "Built-up", "fuel_risk": 26, "slope_degrees": 4.3, "slope_class": "Low slope", "slope_risk": 12, "heritage_sensitivity": 40, "heritage_type_risk": 72, "heritage_type_risk_label": "Built heritage fabric", "slope_data_quality": "Sampled from slope raster", "burn_management_context": "No burn option overlap", "burn_management_risk": 65, "vulnerability_score": 36, "vulnerability_level": "Medium"}}, {"type": "Feature", "geometry": {"type": "Polygon", "coordinates": [[[117.88524242500011, -35.02698127699995], [117.8851918680001, -35.02670083299995], [117.88530132100004, -35.026717315999974], [117.88524242500011, -35.02698127699995]]]}, "properties": {"layer": "Heritage", "heritage_kind": "Non-Aboriginal", "id": 15550.0, "identifier": "15550.0", "name": "Norman Brothers", "place_status": "Child of State Register Place", "place_type": "State heritage place", "region": "Albany", "culturally_sensitive": "Not applicable", "restricted_place": "Unknown", "boundary_reliable": "Unknown", "location": "104-106 Stirling Tce, Albany", "more_info": "https://inherit.dplh.wa.gov.au/public/p/15550", "source": "State Register", "longitude": 117.885213, "latitude": -35.026868, "fuel_code": 950, "fuel_class": "Built-up", "fuel_risk": 26, "slope_degrees": 0.81, "slope_class": "Low slope", "slope_risk": 12, "heritage_sensitivity": 40, "heritage_type_risk": 68, "heritage_type_risk_label": "General built heritage fabric", "slope_data_quality": "Sampled from slope raster", "burn_management_context": "No burn option overlap", "burn_management_risk": 65, "vulnerability_score": 35, "vulnerability_level": "Medium"}}, {"type": "Feature", "geometry": {"type": "Polygon", "coordinates": [[[117.88540912400003, -35.026081198999975], [117.88502463700001, -35.02694850499995], [117.88522472300008, -35.02605356699996], [117.88540912400003, -35.026081198999975]]]}, "properties": {"layer": "Heritage", "heritage_kind": "Non-Aboriginal", "id": 15551.0, "identifier": "15551.0", "name": "Sandover & Co.", "place_status": "Child of State Register Place", "place_type": "State heritage place", "region": "Albany", "culturally_sensitive": "Not applicable", "restricted_place": "Unknown", "boundary_reliable": "Unknown", "location": "108-110 Stirling Tce, Albany", "more_info": "https://inherit.dplh.wa.gov.au/public/p/15551", "source": "State Register", "longitude": 117.885224, "latitude": -35.026483, "fuel_code": 950, "fuel_class": "Built-up", "fuel_risk": 26, "slope_degrees": 0.45, "slope_class": "Low slope", "slope_risk": 12, "heritage_sensitivity": 40, "heritage_type_risk": 68, "heritage_type_risk_label": "General built heritage fabric", "slope_data_quality": "Sampled from slope raster", "burn_management_context": "No burn option overlap", "burn_management_risk": 65, "vulnerability_score": 35, "vulnerability_level": "Medium"}}, {"type": "Feature", "geometry": {"type": "Polygon", "coordinates": [[[117.88478992900002, -35.02598840099995], [117.88426384500008, -35.02683399699998], [117.88439451500005, -35.02592912799997], [117.88478992900002, -35.02598840099995]]]}, "properties": {"layer": "Heritage", "heritage_kind": "Non-Aboriginal", "id": 15552.0, "identifier": "15552.0", "name": "Drew Robinson & Co (fmr)", "place_status": "Child of State Register Place", "place_type": "State heritage place", "region": "Albany", "culturally_sensitive": "Not applicable", "restricted_place": "Unknown", "boundary_reliable": "Unknown", "location": "130-140 Stirling Tce, Albany", "more_info": "https://inherit.dplh.wa.gov.au/public/p/15552", "source": "State Register", "longitude": 117.884527, "latitude": -35.026406, "fuel_code": 950, "fuel_class": "Built-up", "fuel_risk": 26, "slope_degrees": 0.63, "slope_class": "Low slope", "slope_risk": 12, "heritage_sensitivity": 40, "heritage_type_risk": 68, "heritage_type_risk_label": "General built heritage fabric", "slope_data_quality": "Sampled from slope raster", "burn_management_context": "No burn option overlap", "burn_management_risk": 65, "vulnerability_score": 35, "vulnerability_level": "Medium"}}, {"type": "Feature", "geometry": {"type": "Polygon", "coordinates": [[[117.8829451580001, -35.02694555199997], [117.882950703, -35.02645592299996], [117.88315853200004, -35.026896878999935], [117.8829451580001, -35.02694555199997]]]}, "properties": {"layer": "Heritage", "heritage_kind": "Non-Aboriginal", "id": 15553.0, "identifier": "15553.0", "name": "Commercial Building", "place_status": "Child of State Register Place", "place_type": "State heritage place", "region": "Albany", "culturally_sensitive": "Not applicable", "restricted_place": "Unknown", "boundary_reliable": "Unknown", "location": "164-166 Stirling Tce, Albany", "more_info": "https://inherit.dplh.wa.gov.au/public/p/15553", "source": "State Register", "longitude": 117.882952, "latitude": -35.026709, "fuel_code": 950, "fuel_class": "Built-up", "fuel_risk": 26, "slope_degrees": 3.15, "slope_class": "Low slope", "slope_risk": 12, "heritage_sensitivity": 40, "heritage_type_risk": 72, "heritage_type_risk_label": "Built heritage fabric", "slope_data_quality": "Sampled from slope raster", "burn_management_context": "No burn option overlap", "burn_management_risk": 65, "vulnerability_score": 36, "vulnerability_level": "Medium"}}, {"type": "Feature", "geometry": {"type": "Polygon", "coordinates": [[[117.88150573200005, -35.027410990999954], [117.88155162100009, -35.027006702999984], [117.88171130900002, -35.02734466199996], [117.88150573200005, -35.027410990999954]]]}, "properties": {"layer": "Heritage", "heritage_kind": "Non-Aboriginal", "id": 15554.0, "identifier": "15554.0", "name": "Kookas", "place_status": "State Register Place", "place_type": "State heritage place", "region": "Albany", "culturally_sensitive": "Not applicable", "restricted_place": "Unknown", "boundary_reliable": "Unknown", "location": "210 Stirling Tce, Albany", "more_info": "https://inherit.dplh.wa.gov.au/public/p/15554", "source": "State Register", "longitude": 117.881529, "latitude": -35.027209, "fuel_code": 950, "fuel_class": "Built-up", "fuel_risk": 26, "slope_degrees": 3.01, "slope_class": "Low slope", "slope_risk": 12, "heritage_sensitivity": 52, "heritage_type_risk": 68, "heritage_type_risk_label": "General built heritage fabric", "slope_data_quality": "Sampled from slope raster", "burn_management_context": "No burn option overlap", "burn_management_risk": 65, "vulnerability_score": 35, "vulnerability_level": "Medium"}}, {"type": "Feature", "geometry": {"type": "Polygon", "coordinates": [[[117.8788713890001, -35.025472728999944], [117.87846014200011, -35.025165511999944], [117.87877015000004, -35.02510804999997], [117.8788713890001, -35.025472728999944]]]}, "properties": {"layer": "Heritage", "heritage_kind": "Non-Aboriginal", "id": 15562.0, "identifier": "15562.0", "name": "Garryowen", "place_status": "State Register Place", "place_type": "State heritage place", "region": "Albany", "culturally_sensitive": "Not applicable", "restricted_place": "Unknown", "boundary_reliable": "Unknown", "location": "42 Vancouver St, Albany", "more_info": "https://inherit.dplh.wa.gov.au/public/p/15562", "source": "State Register", "longitude": 117.878666, "latitude": -35.025319, "fuel_code": 950, "fuel_class": "Built-up", "fuel_risk": 26, "slope_degrees": 2.6, "slope_class": "Low slope", "slope_risk": 12, "heritage_sensitivity": 52, "heritage_type_risk": 68, "heritage_type_risk_label": "General built heritage fabric", "slope_data_quality": "Sampled from slope raster", "burn_management_context": "No burn option overlap", "burn_management_risk": 65, "vulnerability_score": 35, "vulnerability_level": "Medium"}}, {"type": "Feature", "geometry": {"type": "Polygon", "coordinates": [[[117.89577721700005, -34.935372324999946], [117.89471038400006, -34.934860957999945], [117.89601607700001, -34.93348279399993], [117.89715795900008, -34.93391423799994], [117.89577721700005, -34.935372324999946]]]}, "properties": {"layer": "Heritage", "heritage_kind": "Non-Aboriginal", "id": 15588.0, "identifier": "15588.0", "name": "King River Hall", "place_status": "State Register Place", "place_type": "State heritage place", "region": "Albany", "culturally_sensitive": "Not applicable", "restricted_place": "Unknown", "boundary_reliable": "Unknown", "location": "1520 Millbrook Rd, King River", "more_info": "https://inherit.dplh.wa.gov.au/public/p/15588", "source": "State Register", "longitude": 117.895934, "latitude": -34.934388, "fuel_code": 940, "fuel_class": "Wildland urban interface 3", "fuel_risk": 58, "slope_degrees": 3.31, "slope_class": "Low slope", "slope_risk": 12, "heritage_sensitivity": 52, "heritage_type_risk": 72, "heritage_type_risk_label": "Built heritage fabric", "slope_data_quality": "Sampled from slope raster", "burn_management_context": "No burn option overlap", "burn_management_risk": 65, "vulnerability_score": 50, "vulnerability_level": "Medium"}}, {"type": "Feature", "geometry": {"type": "Polygon", "coordinates": [[[117.97686132600006, -34.94897268999995], [117.97768153900006, -34.94887592499998], [117.97768314000007, -34.949011165999934], [117.97686132600006, -34.94897268999995]]]}, "properties": {"layer": "Heritage", "heritage_kind": "Non-Aboriginal", "id": 15636.0, "identifier": "15636.0", "name": "Kalgan River Jetty", "place_status": "Child of State Register Place", "place_type": "State heritage place", "region": "Albany", "culturally_sensitive": "Not applicable", "restricted_place": "Unknown", "boundary_reliable": "Unknown", "location": "south of the Lower Kalgan River Bridge, Lower Kalgan River", "more_info": "https://inherit.dplh.wa.gov.au/public/p/15636", "source": "State Register", "longitude": 117.977272, "latitude": -34.948947, "fuel_code": 930, "fuel_class": "Wildland urban interface 2", "fuel_risk": 70, "slope_degrees": 1.0, "slope_class": "Low slope", "slope_risk": 12, "heritage_sensitivity": 40, "heritage_type_risk": 78, "heritage_type_risk_label": "Infrastructure heritage fabric", "slope_data_quality": "Sampled from slope raster", "burn_management_context": "No burn option overlap", "burn_management_risk": 65, "vulnerability_score": 57, "vulnerability_level": "Medium"}}, {"type": "Feature", "geometry": {"type": "Polygon", "coordinates": [[[117.8831510010001, -35.177509907999934], [117.88471369100012, -35.17873099499997], [117.88994454300007, -35.17852423499994], [117.89105265400008, -35.180181146999985], [117.89550119300009, -35.17896567199995], [117.89586553900006, -35.179742327999975], [117.89400771600003, -35.180067006999934], [117.89596668600007, -35.18200975299993], [117.89506372300002, -35.18317856099998], [117.89576329800002, -35.18456173799996], [117.89019484000005, -35.183942746999946], [117.88936069800002, -35.18541609399995], [117.88802020500009, -35.18399047899993], [117.88602333500012, -35.186073319999934], [117.88293068200005, -35.18339004499995], [117.8799077860001, -35.184454555999935], [117.87796681500004, -35.18276652099996], [117.87528246400007, -35.18457515199998], [117.87349552400008, -35.18318343699997], [117.87365045900003, -35.181650926999964], [117.87756260200001, -35.17879366899996], [117.87961010800007, -35.17916096099998], [117.8831510010001, -35.177509907999934]]]}, "properties": {"layer": "Heritage", "heritage_kind": "Non-Aboriginal", "id": 15740.0, "identifier": "15740.0", "name": "Eclipse Island & Lighthouse", "place_status": "State Register Place", "place_type": "State heritage place", "region": "Albany", "culturally_sensitive": "Not applicable", "restricted_place": "Unknown", "boundary_reliable": "Unknown", "location": "Eclipse Island, Albany", "more_info": "https://inherit.dplh.wa.gov.au/public/p/15740", "source": "State Register", "longitude": 117.884607, "latitude": -35.181629, "fuel_code": 434, "fuel_class": "Low woodland with sparse understory", "fuel_risk": 56, "slope_degrees": 14.86, "slope_class": "Moderate slope", "slope_risk": 49, "heritage_sensitivity": 52, "heritage_type_risk": 72, "heritage_type_risk_label": "Built heritage fabric", "slope_data_quality": "Sampled from slope raster", "burn_management_context": "No burn option overlap", "burn_management_risk": 65, "vulnerability_score": 59, "vulnerability_level": "Medium"}}, {"type": "Feature", "geometry": {"type": "MultiPolygon", "coordinates": [[[[117.88729427400006, -35.01767893699997], [117.88703091400009, -35.01679871599998], [117.88942593400009, -35.017043110999964], [117.889400969, -35.01722333499998], [117.88729427400006, -35.01767893699997]]], [[[117.8902203130001, -35.01722989999996], [117.88948318200005, -35.01832708699993], [117.88824199700002, -35.01772629199996], [117.8902203130001, -35.01722989999996]]]]}, "properties": {"layer": "Heritage", "heritage_kind": "Non-Aboriginal", "id": 15756.0, "identifier": "15756.0", "name": "Albany Memorial Park Cemetery", "place_status": "State Register Place", "place_type": "State heritage place", "region": "Albany", "culturally_sensitive": "Not applicable", "restricted_place": "Unknown", "boundary_reliable": "Unknown", "location": "263-275 Middleton Rd, Albany", "more_info": "https://inherit.dplh.wa.gov.au/public/p/15756", "source": "State Register", "longitude": 117.889272, "latitude": -35.017823, "fuel_code": 950, "fuel_class": "Built-up", "fuel_risk": 26, "slope_degrees": 5.96, "slope_class": "Moderate slope", "slope_risk": 16, "heritage_sensitivity": 52, "heritage_type_risk": 76, "heritage_type_risk_label": "Burial or grave", "slope_data_quality": "Sampled from slope raster", "burn_management_context": "No burn option overlap", "burn_management_risk": 65, "vulnerability_score": 38, "vulnerability_level": "Medium"}}, {"type": "Feature", "geometry": {"type": "Polygon", "coordinates": [[[117.8857959390001, -35.02185090399996], [117.885037785, -35.020552359999954], [117.88569310500009, -35.020520534999946], [117.8857959390001, -35.02185090399996]]]}, "properties": {"layer": "Heritage", "heritage_kind": "Non-Aboriginal", "id": 16297.0, "identifier": "16297.0", "name": "St Joseph's Catholic Church Group", "place_status": "State Register Place", "place_type": "State heritage place", "region": "Albany", "culturally_sensitive": "Not applicable", "restricted_place": "Unknown", "boundary_reliable": "Unknown", "location": "120-160 Aberdeen St, Albany", "more_info": "https://inherit.dplh.wa.gov.au/public/p/16297", "source": "State Register", "longitude": 117.885415, "latitude": -35.021196, "fuel_code": 950, "fuel_class": "Built-up", "fuel_risk": 26, "slope_degrees": 2.81, "slope_class": "Low slope", "slope_risk": 12, "heritage_sensitivity": 52, "heritage_type_risk": 72, "heritage_type_risk_label": "Built heritage fabric", "slope_data_quality": "Sampled from slope raster", "burn_management_context": "No burn option overlap", "burn_management_risk": 65, "vulnerability_score": 36, "vulnerability_level": "Medium"}}, {"type": "Feature", "geometry": {"type": "Polygon", "coordinates": [[[117.94987588100003, -35.092031890999976], [117.94842377000009, -35.093090383999936], [117.94602558000008, -35.093266203999974], [117.94617255100002, -35.09248306099994], [117.94987588100003, -35.092031890999976]]]}, "properties": {"layer": "Heritage", "heritage_kind": "Non-Aboriginal", "id": 16612.0, "identifier": "16612.0", "name": "Frenchman Bay Whaling Station (ruin)", "place_status": "State Register Place", "place_type": "State heritage place", "region": "Albany", "culturally_sensitive": "Not applicable", "restricted_place": "Unknown", "boundary_reliable": "Unknown", "location": "Whalers Beach, Frenchman Bay, Albany", "more_info": "https://inherit.dplh.wa.gov.au/public/p/16612", "source": "State Register", "longitude": 117.948166, "latitude": -35.092606, "fuel_code": null, "fuel_class": "Unknown or no fuel data", "fuel_risk": 55, "slope_degrees": 4.62, "slope_class": "Low slope", "slope_risk": 12, "heritage_sensitivity": 52, "heritage_type_risk": 72, "heritage_type_risk_label": "Built heritage fabric", "slope_data_quality": "Sampled from slope raster", "burn_management_context": "No burn option overlap", "burn_management_risk": 65, "vulnerability_score": 49, "vulnerability_level": "Medium"}}, {"type": "Feature", "geometry": {"type": "Polygon", "coordinates": [[[117.65911733000007, -34.615440328999966], [117.6598537320001, -34.61500136799998], [117.66023511000003, -34.61544559299995], [117.65911733000007, -34.615440328999966]]]}, "properties": {"layer": "Heritage", "heritage_kind": "Non-Aboriginal", "id": 16781.0, "identifier": "16781.0", "name": "Round House, Mount Barker", "place_status": "State Register Place", "place_type": "State heritage place", "region": "Plantagenet", "culturally_sensitive": "Not applicable", "restricted_place": "Unknown", "boundary_reliable": "Unknown", "location": "31712 Albany Hwy, Mt Barker", "more_info": "https://inherit.dplh.wa.gov.au/public/p/16781", "source": "State Register", "longitude": 117.659655, "latitude": -34.615321, "fuel_code": 930, "fuel_class": "Wildland urban interface 2", "fuel_risk": 70, "slope_degrees": 0.92, "slope_class": "Low slope", "slope_risk": 12, "heritage_sensitivity": 52, "heritage_type_risk": 72, "heritage_type_risk_label": "Built heritage fabric", "slope_data_quality": "Sampled from slope raster", "burn_management_context": "No burn option overlap", "burn_management_risk": 65, "vulnerability_score": 56, "vulnerability_level": "Medium"}}, {"type": "Feature", "geometry": {"type": "Polygon", "coordinates": [[[117.88633138600005, -35.02794725799998], [117.88564435100011, -35.02798163099993], [117.8856866110001, -35.02782367999998], [117.88633138600005, -35.02794725799998]]]}, "properties": {"layer": "Heritage", "heritage_kind": "Non-Aboriginal", "id": 24543.0, "identifier": "24543.0", "name": "Albany Railway Station/Tourist Bureau", "place_status": "Child of State Register Place", "place_type": "State heritage place", "region": "Albany", "culturally_sensitive": "Not applicable", "restricted_place": "Unknown", "boundary_reliable": "Unknown", "location": "45-55 Proudlove Pde, Albany", "more_info": "https://inherit.dplh.wa.gov.au/public/p/24543", "source": "State Register", "longitude": 117.885989, "latitude": -35.02796, "fuel_code": 950, "fuel_class": "Built-up", "fuel_risk": 26, "slope_degrees": 1.17, "slope_class": "Low slope", "slope_risk": 12, "heritage_sensitivity": 40, "heritage_type_risk": 72, "heritage_type_risk_label": "Built heritage fabric", "slope_data_quality": "Sampled from slope raster", "burn_management_context": "No burn option overlap", "burn_management_risk": 65, "vulnerability_score": 36, "vulnerability_level": "Medium"}}, {"type": "Feature", "geometry": {"type": "Polygon", "coordinates": [[[117.88252406400011, -35.023000268999965], [117.88198363100003, -35.02273430799994], [117.88251006500002, -35.02271040499994], [117.88252406400011, -35.023000268999965]]]}, "properties": {"layer": "Heritage", "heritage_kind": "Non-Aboriginal", "id": 24544.0, "identifier": "24544.0", "name": "Former Headmaster's House", "place_status": "Child of State Register Place", "place_type": "State heritage place", "region": "Albany", "culturally_sensitive": "Not applicable", "restricted_place": "Unknown", "boundary_reliable": "Unknown", "location": "117-121 Serpentine Rd, Albany", "more_info": "https://inherit.dplh.wa.gov.au/public/p/24544", "source": "State Register", "longitude": 117.882255, "latitude": -35.022867, "fuel_code": 950, "fuel_class": "Built-up", "fuel_risk": 26, "slope_degrees": 6.23, "slope_class": "Moderate slope", "slope_risk": 17, "heritage_sensitivity": 40, "heritage_type_risk": 72, "heritage_type_risk_label": "Built heritage fabric", "slope_data_quality": "Sampled from slope raster", "burn_management_context": "No burn option overlap", "burn_management_risk": 65, "vulnerability_score": 37, "vulnerability_level": "Medium"}}, {"type": "Feature", "geometry": {"type": "Polygon", "coordinates": [[[117.88633138600005, -35.02794725799998], [117.88666004800007, -35.02818978499994], [117.88631996700008, -35.02812134799996], [117.88633138600005, -35.02794725799998]]]}, "properties": {"layer": "Heritage", "heritage_kind": "Non-Aboriginal", "id": 24545.0, "identifier": "24545.0", "name": "Customs Bonded Warehouse", "place_status": "Child of State Register Place", "place_type": "State heritage place", "region": "Albany", "culturally_sensitive": "Not applicable", "restricted_place": "Unknown", "boundary_reliable": "Unknown", "location": "57-77 Proudlove Pde, Albany", "more_info": "https://inherit.dplh.wa.gov.au/public/p/24545", "source": "State Register", "longitude": 117.886515, "latitude": -35.028064, "fuel_code": 950, "fuel_class": "Built-up", "fuel_risk": 26, "slope_degrees": 1.2, "slope_class": "Low slope", "slope_risk": 12, "heritage_sensitivity": 40, "heritage_type_risk": 72, "heritage_type_risk_label": "Built heritage fabric", "slope_data_quality": "Sampled from slope raster", "burn_management_context": "No burn option overlap", "burn_management_risk": 65, "vulnerability_score": 36, "vulnerability_level": "Medium"}}, {"type": "Feature", "geometry": {"type": "Polygon", "coordinates": [[[117.88238203600008, -35.02252510899996], [117.88194837600008, -35.02220881399995], [117.88282913000012, -35.02216715099996], [117.88238203600008, -35.02252510899996]]]}, "properties": {"layer": "Heritage", "heritage_kind": "Non-Aboriginal", "id": 24547.0, "identifier": "24547.0", "name": "Educational Resources Centre", "place_status": "Child of State Register Place", "place_type": "State heritage place", "region": "Albany", "culturally_sensitive": "Not applicable", "restricted_place": "Unknown", "boundary_reliable": "Unknown", "location": "117-121 Serpentine Rd, Albany", "more_info": "https://inherit.dplh.wa.gov.au/public/p/24547", "source": "State Register", "longitude": 117.882169, "latitude": -35.022428, "fuel_code": 950, "fuel_class": "Built-up", "fuel_risk": 26, "slope_degrees": 3.9, "slope_class": "Low slope", "slope_risk": 12, "heritage_sensitivity": 40, "heritage_type_risk": 68, "heritage_type_risk_label": "General built heritage fabric", "slope_data_quality": "Sampled from slope raster", "burn_management_context": "No burn option overlap", "burn_management_risk": 65, "vulnerability_score": 35, "vulnerability_level": "Medium"}}, {"type": "Feature", "geometry": {"type": "Polygon", "coordinates": [[[117.97664563500007, -34.94846368999998], [117.97678696000003, -34.94832805599998], [117.97675973000003, -34.94847981799995], [117.97664563500007, -34.94846368999998]]]}, "properties": {"layer": "Heritage", "heritage_kind": "Non-Aboriginal", "id": 24562.0, "identifier": "24562.0", "name": "Lower Kalgan Bridge Trusses", "place_status": "Child of State Register Place", "place_type": "State heritage place", "region": "Albany", "culturally_sensitive": "Not applicable", "restricted_place": "Unknown", "boundary_reliable": "Unknown", "location": "Nanarup Rd, Lower Kalgan", "more_info": "https://inherit.dplh.wa.gov.au/public/p/24562", "source": "State Register", "longitude": 117.976723, "latitude": -34.948396, "fuel_code": 433, "fuel_class": "Low woodland with grassy understory", "fuel_risk": 66, "slope_degrees": 3.79, "slope_class": "Low slope", "slope_risk": 12, "heritage_sensitivity": 40, "heritage_type_risk": 78, "heritage_type_risk_label": "Infrastructure heritage fabric", "slope_data_quality": "Sampled from slope raster", "burn_management_context": "No burn option overlap", "burn_management_risk": 65, "vulnerability_score": 55, "vulnerability_level": "Medium"}}]}