{"type": "FeatureCollection", "name": "FRK slope grid", "features": [{"type": "Feature", "geometry": {"type": "Polygon", "coordinates": [[[116.92365494978104, -35.203897765520026], [116.92365494978104, -35.17889776552003], [116.89865494978103, -35.17889776552003], [116.89865494978103, -35.203897765520026], [116.92365494978104, -35.203897765520026]]]}, "properties": {"layer": "Slope", "slope_degrees": 0.0, "slope_class": "Low slope", "slope_risk": 12}}, {"type": "Feature", "geometry": {"type": "Polygon", "coordinates": [[[116.94865494978104, -35.203897765520026], [116.94865494978104, -35.17889776552003], [116.92365494978104, -35.17889776552003], [116.92365494978104, -35.203897765520026], [116.94865494978104, -35.203897765520026]]]}, "properties": {"layer": "Slope", "slope_degrees": 0.0, "slope_class": "Low slope", "slope_risk": 12}}, {"type": "Feature", "geometry": {"type": "Polygon", "coordinates": [[[116.97365494978105, -35.203897765520026], [116.97365494978105, -35.17889776552003], [116.94865494978104, -35.17889776552003], [116.94865494978104, -35.203897765520026], [116.97365494978105, -35.203897765520026]]]}, "properties": {"layer": "Slope", "slope_degrees": 0.0, "slope_class": "Low slope", "slope_risk": 12}}, {"type": "Feature", "geometry": {"type": "Polygon", "coordinates": [[[116.99865494978106, -35.203897765520026], [116.99865494978106, -35.17889776552003], [116.97365494978105, -35.17889776552003], [116.97365494978105, -35.203897765520026], [116.99865494978106, -35.203897765520026]]]}, "properties": {"layer": "Slope", "slope_degrees": 0.0, "slope_class": "Low slope", "slope_risk": 12}}, {"type": "Feature", "geometry": {"type": "Polygon", "coordinates": [[[117.02365494978106, -35.203897765520026], [117.02365494978106, -35.17889776552003], [116.99865494978106, -35.17889776552003], [116.99865494978106, -35.203897765520026], [117.02365494978106, -35.203897765520026]]]}, "properties": {"layer": "Slope", "slope_degrees": 0.0, "slope_class": "Low slope", "slope_risk": 12}}, {"type": "Feature", "geometry": {"type": "Polygon", "coordinates": [[[117.04865494978107, -35.203897765520026], [117.04865494978107, -35.17889776552003], [117.02365494978106, -35.17889776552003], [117.02365494978106, -35.203897765520026], [117.04865494978107, -35.203897765520026]]]}, "properties": {"layer": "Slope", "slope_degrees": 0.0, "slope_class": "Low slope", "slope_risk": 12}}, {"type": "Feature", "geometry": {"type": "Polygon", "coordinates": [[[117.07365494978107, -35.203897765520026], [117.07365494978107, -35.17889776552003], [117.04865494978107, -35.17889776552003], [117.04865494978107, -35.203897765520026], [117.07365494978107, -35.203897765520026]]]}, "properties": {"layer": "Slope", "slope_degrees": 0.0, "slope_class": "Low slope", "slope_risk": 12}}, {"type": "Feature", "geometry": {"type": "Polygon", "coordinates": [[[117.09865494978108, -35.203897765520026], [117.09865494978108, -35.17889776552003], [117.07365494978107, -35.17889776552003], [117.07365494978107, -35.203897765520026], [117.09865494978108, -35.203897765520026]]]}, "properties": {"layer": "Slope", "slope_degrees": 0.0, "slope_class": "Low slope", "slope_risk": 12}}, {"type": "Feature", "geometry": {"type": "Polygon", "coordinates": [[[117.12365494978108, -35.203897765520026], [117.12365494978108, -35.17889776552003], [117.09865494978108, -35.17889776552003], [117.09865494978108, -35.203897765520026], [117.12365494978108, -35.203897765520026]]]}, "properties": {"layer": "Slope", "slope_degrees": 0.0, "slope_class": "Low slope", "slope_risk": 12}}, {"type": "Feature", "geometry": {"type": "Polygon", "coordinates": [[[117.14865494978109, -35.203897765520026], [117.14865494978109, -35.17889776552003], [117.12365494978108, -35.17889776552003], [117.12365494978108, -35.203897765520026], [117.14865494978109, -35.203897765520026]]]}, "properties": {"layer": "Slope", "slope_degrees": 0.0, "slope_class": "Low slope", "slope_risk": 12}}, {"type": "Feature", "geometry": {"type": "Polygon", "coordinates": [[[117.1736549497811, -35.203897765520026], [117.1736549497811, -35.17889776552003], [117.14865494978109, -35.17889776552003], [117.14865494978109, -35.203897765520026], [117.1736549497811, -35.203897765520026]]]}, "properties": {"layer": "Slope", "slope_degrees": 0.0, "slope_class": "Low slope", "slope_risk": 12}}, {"type": "Feature", "geometry": {"type": "Polygon", "coordinates": [[[117.1986549497811, -35.203897765520026], [117.1986549497811, -35.17889776552003], [117.1736549497811, -35.17889776552003], [117.1736549497811, -35.203897765520026], [117.1986549497811, -35.203897765520026]]]}, "properties": {"layer": "Slope", "slope_degrees": 0.0, "slope_class": "Low slope", "slope_risk": 12}}, {"type": "Feature", "geometry": {"type": "Polygon", "coordinates": [[[117.2236549497811, -35.203897765520026], [117.2236549497811, -35.17889776552003], [117.1986549497811, -35.17889776552003], [117.1986549497811, -35.203897765520026], [117.2236549497811, -35.203897765520026]]]}, "properties": {"layer": "Slope", "slope_degrees": 0.0, "slope_class": "Low slope", "slope_risk": 12}}, {"type": "Feature", "geometry": {"type": "Polygon", "coordinates": [[[117.24865494978111, -35.203897765520026], [117.24865494978111, -35.17889776552003], [117.2236549497811, -35.17889776552003], [117.2236549497811, -35.203897765520026], [117.24865494978111, -35.203897765520026]]]}, "properties": {"layer": "Slope", "slope_degrees": 0.0, "slope_class": "Low slope", "slope_risk": 12}}, {"type": "Feature", "geometry": {"type": "Polygon", "coordinates": [[[117.27365494978112, -35.203897765520026], [117.27365494978112, -35.17889776552003], [117.24865494978111, -35.17889776552003], [117.24865494978111, -35.203897765520026], [117.27365494978112, -35.203897765520026]]]}, "properties": {"layer": "Slope", "slope_degrees": 0.0, "slope_class": "Low slope", "slope_risk": 12}}, {"type": "Feature", "geometry": {"type": "Polygon", "coordinates": [[[117.29865494978112, -35.203897765520026], [117.29865494978112, -35.17889776552003], [117.27365494978112, -35.17889776552003], [117.27365494978112, -35.203897765520026], [117.29865494978112, -35.203897765520026]]]}, "properties": {"layer": "Slope", "slope_degrees": 0.0, "slope_class": "Low slope", "slope_risk": 12}}, {"type": "Feature", "geometry": {"type": "Polygon", "coordinates": [[[117.32365494978113, -35.203897765520026], [117.32365494978113, -35.17889776552003], [117.29865494978112, -35.17889776552003], [117.29865494978112, -35.203897765520026], [117.32365494978113, -35.203897765520026]]]}, "properties": {"layer": "Slope", "slope_degrees": 0.0, "slope_class": "Low slope", "slope_risk": 12}}, {"type": "Feature", "geometry": {"type": "Polygon", "coordinates": [[[117.34865494978114, -35.203897765520026], [117.34865494978114, -35.17889776552003], [117.32365494978113, -35.17889776552003], [117.32365494978113, -35.203897765520026], [117.34865494978114, -35.203897765520026]]]}, "properties": {"layer": "Slope", "slope_degrees": 0.0, "slope_class": "Low slope", "slope_risk": 12}}, {"type": "Feature", "geometry": {"type": "Polygon", "coordinates": [[[117.37365494978114, -35.203897765520026], [117.37365494978114, -35.17889776552003], [117.34865494978114, -35.17889776552003], [117.34865494978114, -35.203897765520026], [117.37365494978114, -35.203897765520026]]]}, "properties": {"layer": "Slope", "slope_degrees": 0.0, "slope_class": "Low slope", "slope_risk": 12}}, {"type": "Feature", "geometry": {"type": "Polygon", "coordinates": [[[117.39865494978115, -35.203897765520026], [117.39865494978115, -35.17889776552003], [117.37365494978114, -35.17889776552003], [117.37365494978114, -35.203897765520026], [117.39865494978115, -35.203897765520026]]]}, "properties": {"layer": "Slope", "slope_degrees": 0.0, "slope_class": "Low slope", "slope_risk": 12}}, {"type": "Feature", "geometry": {"type": "Polygon", "coordinates": [[[117.42365494978115, -35.203897765520026], [117.42365494978115, -35.17889776552003], [117.39865494978115, -35.17889776552003], [117.39865494978115, -35.203897765520026], [117.42365494978115, -35.203897765520026]]]}, "properties": {"layer": "Slope", "slope_degrees": 0.0, "slope_class": "Low slope", "slope_risk": 12}}, {"type": "Feature", "geometry": {"type": "Polygon", "coordinates": [[[117.44865494978116, -35.203897765520026], [117.44865494978116, -35.17889776552003], [117.42365494978115, -35.17889776552003], [117.42365494978115, -35.203897765520026], [117.44865494978116, -35.203897765520026]]]}, "properties": {"layer": "Slope", "slope_degrees": 0.0, "slope_class": "Low slope", "slope_risk": 12}}, {"type": "Feature", "geometry": {"type": "Polygon", "coordinates": [[[117.47365494978116, -35.203897765520026], [117.47365494978116, -35.17889776552003], [117.44865494978116, -35.17889776552003], [117.44865494978116, -35.203897765520026], [117.47365494978116, -35.203897765520026]]]}, "properties": {"layer": "Slope", "slope_degrees": 0.0, "slope_class": "Low slope", "slope_risk": 12}}, {"type": "Feature", "geometry": {"type": "Polygon", "coordinates": [[[117.49865494978117, -35.203897765520026], [117.49865494978117, -35.17889776552003], [117.47365494978116, -35.17889776552003], [117.47365494978116, -35.203897765520026], [117.49865494978117, -35.203897765520026]]]}, "properties": {"layer": "Slope", "slope_degrees": 0.0, "slope_class": "Low slope", "slope_risk": 12}}, {"type": "Feature", "geometry": {"type": "Polygon", "coordinates": [[[117.52365494978118, -35.203897765520026], [117.52365494978118, -35.17889776552003], [117.49865494978117, -35.17889776552003], [117.49865494978117, -35.203897765520026], [117.52365494978118, -35.203897765520026]]]}, "properties": {"layer": "Slope", "slope_degrees": 0.0, "slope_class": "Low slope", "slope_risk": 12}}, {"type": "Feature", "geometry": {"type": "Polygon", "coordinates": [[[117.54865494978118, -35.203897765520026], [117.54865494978118, -35.17889776552003], [117.52365494978118, -35.17889776552003], [117.52365494978118, -35.203897765520026], [117.54865494978118, -35.203897765520026]]]}, "properties": {"layer": "Slope", "slope_degrees": 0.0, "slope_class": "Low slope", "slope_risk": 12}}, {"type": "Feature", "geometry": {"type": "Polygon", "coordinates": [[[117.57365494978119, -35.203897765520026], [117.57365494978119, -35.17889776552003], [117.54865494978118, -35.17889776552003], [117.54865494978118, -35.203897765520026], [117.57365494978119, -35.203897765520026]]]}, "properties": {"layer": "Slope", "slope_degrees": 0.0, "slope_class": "Low slope", "slope_risk": 12}}, {"type": "Feature", "geometry": {"type": "Polygon", "coordinates": [[[117.59865494978119, -35.203897765520026], [117.59865494978119, -35.17889776552003], [117.57365494978119, -35.17889776552003], [117.57365494978119, -35.203897765520026], [117.59865494978119, -35.203897765520026]]]}, "properties": {"layer": "Slope", "slope_degrees": 0.0, "slope_class": "Low slope", "slope_risk": 12}}, {"type": "Feature", "geometry": {"type": "Polygon", "coordinates": [[[117.6236549497812, -35.203897765520026], [117.6236549497812, -35.17889776552003], [117.59865494978119, -35.17889776552003], [117.59865494978119, -35.203897765520026], [117.6236549497812, -35.203897765520026]]]}, "properties": {"layer": "Slope", "slope_degrees": 0.0, "slope_class": "Low slope", "slope_risk": 12}}, {"type": "Feature", "geometry": {"type": "Polygon", "coordinates": [[[117.6486549497812, -35.203897765520026], [117.6486549497812, -35.17889776552003], [117.6236549497812, -35.17889776552003], [117.6236549497812, -35.203897765520026], [117.6486549497812, -35.203897765520026]]]}, "properties": {"layer": "Slope", "slope_degrees": 0.0, "slope_class": "Low slope", "slope_risk": 12}}, {"type": "Feature", "geometry": {"type": "Polygon", "coordinates": [[[117.67365494978121, -35.203897765520026], [117.67365494978121, -35.17889776552003], [117.6486549497812, -35.17889776552003], [117.6486549497812, -35.203897765520026], [117.67365494978121, -35.203897765520026]]]}, "properties": {"layer": "Slope", "slope_degrees": 0.0, "slope_class": "Low slope", "slope_risk": 12}}, {"type": "Feature", "geometry": {"type": "Polygon", "coordinates": [[[117.69865494978121, -35.203897765520026], [117.69865494978121, -35.17889776552003], [117.67365494978121, -35.17889776552003], [117.67365494978121, -35.203897765520026], [117.69865494978121, -35.203897765520026]]]}, "properties": {"layer": "Slope", "slope_degrees": 0.0, "slope_class": "Low slope", "slope_risk": 12}}, {"type": "Feature", "geometry": {"type": "Polygon", "coordinates": [[[117.72365494978122, -35.203897765520026], [117.72365494978122, -35.17889776552003], [117.69865494978121, -35.17889776552003], [117.69865494978121, -35.203897765520026], [117.72365494978122, -35.203897765520026]]]}, "properties": {"layer": "Slope", "slope_degrees": 0.0, "slope_class": "Low slope", "slope_risk": 12}}, {"type": "Feature", "geometry": {"type": "Polygon", "coordinates": [[[117.74865494978123, -35.203897765520026], [117.74865494978123, -35.17889776552003], [117.72365494978122, -35.17889776552003], [117.72365494978122, -35.203897765520026], [117.74865494978123, -35.203897765520026]]]}, "properties": {"layer": "Slope", "slope_degrees": 0.0, "slope_class": "Low slope", "slope_risk": 12}}, {"type": "Feature", "geometry": {"type": "Polygon", "coordinates": [[[117.77365494978123, -35.203897765520026], [117.77365494978123, -35.17889776552003], [117.74865494978123, -35.17889776552003], [117.74865494978123, -35.203897765520026], [117.77365494978123, -35.203897765520026]]]}, "properties": {"layer": "Slope", "slope_degrees": 0.0, "slope_class": "Low slope", "slope_risk": 12}}, {"type": "Feature", "geometry": {"type": "Polygon", "coordinates": [[[117.79865494978124, -35.203897765520026], [117.79865494978124, -35.17889776552003], [117.77365494978123, -35.17889776552003], [117.77365494978123, -35.203897765520026], [117.79865494978124, -35.203897765520026]]]}, "properties": {"layer": "Slope", "slope_degrees": 0.0, "slope_class": "Low slope", "slope_risk": 12}}, {"type": "Feature", "geometry": {"type": "Polygon", "coordinates": [[[117.82365494978124, -35.203897765520026], [117.82365494978124, -35.17889776552003], [117.79865494978124, -35.17889776552003], [117.79865494978124, -35.203897765520026], [117.82365494978124, -35.203897765520026]]]}, "properties": {"layer": "Slope", "slope_degrees": 0.0, "slope_class": "Low slope", "slope_risk": 12}}, {"type": "Feature", "geometry": {"type": "Polygon", "coordinates": [[[117.84865494978125, -35.203897765520026], [117.84865494978125, -35.17889776552003], [117.82365494978124, -35.17889776552003], [117.82365494978124, -35.203897765520026], [117.84865494978125, -35.203897765520026]]]}, "properties": {"layer": "Slope", "slope_degrees": 0.0, "slope_class": "Low slope", "slope_risk": 12}}, {"type": "Feature", "geometry": {"type": "Polygon", "coordinates": [[[117.87365494978125, -35.203897765520026], [117.87365494978125, -35.17889776552003], [117.84865494978125, -35.17889776552003], [117.84865494978125, -35.203897765520026], [117.87365494978125, -35.203897765520026]]]}, "properties": {"layer": "Slope", "slope_degrees": 0.0, "slope_class": "Low slope", "slope_risk": 12}}, {"type": "Feature", "geometry": {"type": "Polygon", "coordinates": [[[117.89865494978126, -35.203897765520026], [117.89865494978126, -35.17889776552003], [117.87365494978125, -35.17889776552003], [117.87365494978125, -35.203897765520026], [117.89865494978126, -35.203897765520026]]]}, "properties": {"layer": "Slope", "slope_degrees": 0.0, "slope_class": "Low slope", "slope_risk": 12}}, {"type": "Feature", "geometry": {"type": "Polygon", "coordinates": [[[117.92365494978127, -35.203897765520026], [117.92365494978127, -35.17889776552003], [117.89865494978126, -35.17889776552003], [117.89865494978126, -35.203897765520026], [117.92365494978127, -35.203897765520026]]]}, "properties": {"layer": "Slope", "slope_degrees": 0.0, "slope_class": "Low slope", "slope_risk": 12}}, {"type": "Feature", "geometry": {"type": "Polygon", "coordinates": [[[117.94865494978127, -35.203897765520026], [117.94865494978127, -35.17889776552003], [117.92365494978127, -35.17889776552003], [117.92365494978127, -35.203897765520026], [117.94865494978127, -35.203897765520026]]]}, "properties": {"layer": "Slope", "slope_degrees": 0.0, "slope_class": "Low slope", "slope_risk": 12}}, {"type": "Feature", "geometry": {"type": "Polygon", "coordinates": [[[117.97365494978128, -35.203897765520026], [117.97365494978128, -35.17889776552003], [117.94865494978127, -35.17889776552003], [117.94865494978127, -35.203897765520026], [117.97365494978128, -35.203897765520026]]]}, "properties": {"layer": "Slope", "slope_degrees": 0.0, "slope_class": "Low slope", "slope_risk": 12}}, {"type": "Feature", "geometry": {"type": "Polygon", "coordinates": [[[117.99865494978128, -35.203897765520026], [117.99865494978128, -35.17889776552003], [117.97365494978128, -35.17889776552003], [117.97365494978128, -35.203897765520026], [117.99865494978128, -35.203897765520026]]]}, "properties": {"layer": "Slope", "slope_degrees": 0.0, "slope_class": "Low slope", "slope_risk": 12}}, {"type": "Feature", "geometry": {"type": "Polygon", "coordinates": [[[116.92365494978104, -35.17889776552003], [116.92365494978104, -35.15389776552003], [116.89865494978103, -35.15389776552003], [116.89865494978103, -35.17889776552003], [116.92365494978104, -35.17889776552003]]]}, "properties": {"layer": "Slope", "slope_degrees": 0.0, "slope_class": "Low slope", "slope_risk": 12}}, {"type": "Feature", "geometry": {"type": "Polygon", "coordinates": [[[116.94865494978104, -35.17889776552003], [116.94865494978104, -35.15389776552003], [116.92365494978104, -35.15389776552003], [116.92365494978104, -35.17889776552003], [116.94865494978104, -35.17889776552003]]]}, "properties": {"layer": "Slope", "slope_degrees": 0.0, "slope_class": "Low slope", "slope_risk": 12}}, {"type": "Feature", "geometry": {"type": "Polygon", "coordinates": [[[116.97365494978105, -35.17889776552003], [116.97365494978105, -35.15389776552003], [116.94865494978104, -35.15389776552003], [116.94865494978104, -35.17889776552003], [116.97365494978105, -35.17889776552003]]]}, "properties": {"layer": "Slope", "slope_degrees": 0.0, "slope_class": "Low slope", "slope_risk": 12}}, {"type": "Feature", "geometry": {"type": "Polygon", "coordinates": [[[116.99865494978106, -35.17889776552003], [116.99865494978106, -35.15389776552003], [116.97365494978105, -35.15389776552003], [116.97365494978105, -35.17889776552003], [116.99865494978106, -35.17889776552003]]]}, "properties": {"layer": "Slope", "slope_degrees": 0.0, "slope_class": "Low slope", "slope_risk": 12}}, {"type": "Feature", "geometry": {"type": "Polygon", "coordinates": [[[117.02365494978106, -35.17889776552003], [117.02365494978106, -35.15389776552003], [116.99865494978106, -35.15389776552003], [116.99865494978106, -35.17889776552003], [117.02365494978106, -35.17889776552003]]]}, "properties": {"layer": "Slope", "slope_degrees": 0.0, "slope_class": "Low slope", "slope_risk": 12}}, {"type": "Feature", "geometry": {"type": "Polygon", "coordinates": [[[117.04865494978107, -35.17889776552003], [117.04865494978107, -35.15389776552003], [117.02365494978106, -35.15389776552003], [117.02365494978106, -35.17889776552003], [117.04865494978107, -35.17889776552003]]]}, "properties": {"layer": "Slope", "slope_degrees": 0.0, "slope_class": "Low slope", "slope_risk": 12}}, {"type": "Feature", "geometry": {"type": "Polygon", "coordinates": [[[117.07365494978107, -35.17889776552003], [117.07365494978107, -35.15389776552003], [117.04865494978107, -35.15389776552003], [117.04865494978107, -35.17889776552003], [117.07365494978107, -35.17889776552003]]]}, "properties": {"layer": "Slope", "slope_degrees": 0.0, "slope_class": "Low slope", "slope_risk": 12}}, {"type": "Feature", "geometry": {"type": "Polygon", "coordinates": [[[117.09865494978108, -35.17889776552003], [117.09865494978108, -35.15389776552003], [117.07365494978107, -35.15389776552003], [117.07365494978107, -35.17889776552003], [117.09865494978108, -35.17889776552003]]]}, "properties": {"layer": "Slope", "slope_degrees": 0.0, "slope_class": "Low slope", "slope_risk": 12}}, {"type": "Feature", "geometry": {"type": "Polygon", "coordinates": [[[117.12365494978108, -35.17889776552003], [117.12365494978108, -35.15389776552003], [117.09865494978108, -35.15389776552003], [117.09865494978108, -35.17889776552003], [117.12365494978108, -35.17889776552003]]]}, "properties": {"layer": "Slope", "slope_degrees": 0.0, "slope_class": "Low slope", "slope_risk": 12}}, {"type": "Feature", "geometry": {"type": "Polygon", "coordinates": [[[117.14865494978109, -35.17889776552003], [117.14865494978109, -35.15389776552003], [117.12365494978108, -35.15389776552003], [117.12365494978108, -35.17889776552003], [117.14865494978109, -35.17889776552003]]]}, "properties": {"layer": "Slope", "slope_degrees": 0.0, "slope_class": "Low slope", "slope_risk": 12}}, {"type": "Feature", "geometry": {"type": "Polygon", "coordinates": [[[117.1736549497811, -35.17889776552003], [117.1736549497811, -35.15389776552003], [117.14865494978109, -35.15389776552003], [117.14865494978109, -35.17889776552003], [117.1736549497811, -35.17889776552003]]]}, "properties": {"layer": "Slope", "slope_degrees": 0.0, "slope_class": "Low slope", "slope_risk": 12}}, {"type": "Feature", "geometry": {"type": "Polygon", "coordinates": [[[117.1986549497811, -35.17889776552003], [117.1986549497811, -35.15389776552003], [117.1736549497811, -35.15389776552003], [117.1736549497811, -35.17889776552003], [117.1986549497811, -35.17889776552003]]]}, "properties": {"layer": "Slope", "slope_degrees": 0.0, "slope_class": "Low slope", "slope_risk": 12}}, {"type": "Feature", "geometry": {"type": "Polygon", "coordinates": [[[117.2236549497811, -35.17889776552003], [117.2236549497811, -35.15389776552003], [117.1986549497811, -35.15389776552003], [117.1986549497811, -35.17889776552003], [117.2236549497811, -35.17889776552003]]]}, "properties": {"layer": "Slope", "slope_degrees": 0.0, "slope_class": "Low slope", "slope_risk": 12}}, {"type": "Feature", "geometry": {"type": "Polygon", "coordinates": [[[117.24865494978111, -35.17889776552003], [117.24865494978111, -35.15389776552003], [117.2236549497811, -35.15389776552003], [117.2236549497811, -35.17889776552003], [117.24865494978111, -35.17889776552003]]]}, "properties": {"layer": "Slope", "slope_degrees": 0.0, "slope_class": "Low slope", "slope_risk": 12}}, {"type": "Feature", "geometry": {"type": "Polygon", "coordinates": [[[117.27365494978112, -35.17889776552003], [117.27365494978112, -35.15389776552003], [117.24865494978111, -35.15389776552003], [117.24865494978111, -35.17889776552003], [117.27365494978112, -35.17889776552003]]]}, "properties": {"layer": "Slope", "slope_degrees": 0.0, "slope_class": "Low slope", "slope_risk": 12}}, {"type": "Feature", "geometry": {"type": "Polygon", "coordinates": [[[117.29865494978112, -35.17889776552003], [117.29865494978112, -35.15389776552003], [117.27365494978112, -35.15389776552003], [117.27365494978112, -35.17889776552003], [117.29865494978112, -35.17889776552003]]]}, "properties": {"layer": "Slope", "slope_degrees": 0.0, "slope_class": "Low slope", "slope_risk": 12}}, {"type": "Feature", "geometry": {"type": "Polygon", "coordinates": [[[117.32365494978113, -35.17889776552003], [117.32365494978113, -35.15389776552003], [117.29865494978112, -35.15389776552003], [117.29865494978112, -35.17889776552003], [117.32365494978113, -35.17889776552003]]]}, "properties": {"layer": "Slope", "slope_degrees": 0.0, "slope_class": "Low slope", "slope_risk": 12}}, {"type": "Feature", "geometry": {"type": "Polygon", "coordinates": [[[117.34865494978114, -35.17889776552003], [117.34865494978114, -35.15389776552003], [117.32365494978113, -35.15389776552003], [117.32365494978113, -35.17889776552003], [117.34865494978114, -35.17889776552003]]]}, "properties": {"layer": "Slope", "slope_degrees": 0.0, "slope_class": "Low slope", "slope_risk": 12}}, {"type": "Feature", "geometry": {"type": "Polygon", "coordinates": [[[117.37365494978114, -35.17889776552003], [117.37365494978114, -35.15389776552003], [117.34865494978114, -35.15389776552003], [117.34865494978114, -35.17889776552003], [117.37365494978114, -35.17889776552003]]]}, "properties": {"layer": "Slope", "slope_degrees": 0.0, "slope_class": "Low slope", "slope_risk": 12}}, {"type": "Feature", "geometry": {"type": "Polygon", "coordinates": [[[117.39865494978115, -35.17889776552003], [117.39865494978115, -35.15389776552003], [117.37365494978114, -35.15389776552003], [117.37365494978114, -35.17889776552003], [117.39865494978115, -35.17889776552003]]]}, "properties": {"layer": "Slope", "slope_degrees": 0.0, "slope_class": "Low slope", "slope_risk": 12}}, {"type": "Feature", "geometry": {"type": "Polygon", "coordinates": [[[117.42365494978115, -35.17889776552003], [117.42365494978115, -35.15389776552003], [117.39865494978115, -35.15389776552003], [117.39865494978115, -35.17889776552003], [117.42365494978115, -35.17889776552003]]]}, "properties": {"layer": "Slope", "slope_degrees": 0.0, "slope_class": "Low slope", "slope_risk": 12}}, {"type": "Feature", "geometry": {"type": "Polygon", "coordinates": [[[117.44865494978116, -35.17889776552003], [117.44865494978116, -35.15389776552003], [117.42365494978115, -35.15389776552003], [117.42365494978115, -35.17889776552003], [117.44865494978116, -35.17889776552003]]]}, "properties": {"layer": "Slope", "slope_degrees": 0.0, "slope_class": "Low slope", "slope_risk": 12}}, {"type": "Feature", "geometry": {"type": "Polygon", "coordinates": [[[117.47365494978116, -35.17889776552003], [117.47365494978116, -35.15389776552003], [117.44865494978116, -35.15389776552003], [117.44865494978116, -35.17889776552003], [117.47365494978116, -35.17889776552003]]]}, "properties": {"layer": "Slope", "slope_degrees": 0.0, "slope_class": "Low slope", "slope_risk": 12}}, {"type": "Feature", "geometry": {"type": "Polygon", "coordinates": [[[117.49865494978117, -35.17889776552003], [117.49865494978117, -35.15389776552003], [117.47365494978116, -35.15389776552003], [117.47365494978116, -35.17889776552003], [117.49865494978117, -35.17889776552003]]]}, "properties": {"layer": "Slope", "slope_degrees": 0.0, "slope_class": "Low slope", "slope_risk": 12}}, {"type": "Feature", "geometry": {"type": "Polygon", "coordinates": [[[117.52365494978118, -35.17889776552003], [117.52365494978118, -35.15389776552003], [117.49865494978117, -35.15389776552003], [117.49865494978117, -35.17889776552003], [117.52365494978118, -35.17889776552003]]]}, "properties": {"layer": "Slope", "slope_degrees": 0.0, "slope_class": "Low slope", "slope_risk": 12}}, {"type": "Feature", "geometry": {"type": "Polygon", "coordinates": [[[117.54865494978118, -35.17889776552003], [117.54865494978118, -35.15389776552003], [117.52365494978118, -35.15389776552003], [117.52365494978118, -35.17889776552003], [117.54865494978118, -35.17889776552003]]]}, "properties": {"layer": "Slope", "slope_degrees": 0.0, "slope_class": "Low slope", "slope_risk": 12}}, {"type": "Feature", "geometry": {"type": "Polygon", "coordinates": [[[117.57365494978119, -35.17889776552003], [117.57365494978119, -35.15389776552003], [117.54865494978118, -35.15389776552003], [117.54865494978118, -35.17889776552003], [117.57365494978119, -35.17889776552003]]]}, "properties": {"layer": "Slope", "slope_degrees": 0.0, "slope_class": "Low slope", "slope_risk": 12}}, {"type": "Feature", "geometry": {"type": "Polygon", "coordinates": [[[117.59865494978119, -35.17889776552003], [117.59865494978119, -35.15389776552003], [117.57365494978119, -35.15389776552003], [117.57365494978119, -35.17889776552003], [117.59865494978119, -35.17889776552003]]]}, "properties": {"layer": "Slope", "slope_degrees": 0.0, "slope_class": "Low slope", "slope_risk": 12}}, {"type": "Feature", "geometry": {"type": "Polygon", "coordinates": [[[117.6236549497812, -35.17889776552003], [117.6236549497812, -35.15389776552003], [117.59865494978119, -35.15389776552003], [117.59865494978119, -35.17889776552003], [117.6236549497812, -35.17889776552003]]]}, "properties": {"layer": "Slope", "slope_degrees": 0.0, "slope_class": "Low slope", "slope_risk": 12}}, {"type": "Feature", "geometry": {"type": "Polygon", "coordinates": [[[117.6486549497812, -35.17889776552003], [117.6486549497812, -35.15389776552003], [117.6236549497812, -35.15389776552003], [117.6236549497812, -35.17889776552003], [117.6486549497812, -35.17889776552003]]]}, "properties": {"layer": "Slope", "slope_degrees": 0.0, "slope_class": "Low slope", "slope_risk": 12}}, {"type": "Feature", "geometry": {"type": "Polygon", "coordinates": [[[117.67365494978121, -35.17889776552003], [117.67365494978121, -35.15389776552003], [117.6486549497812, -35.15389776552003], [117.6486549497812, -35.17889776552003], [117.67365494978121, -35.17889776552003]]]}, "properties": {"layer": "Slope", "slope_degrees": 0.0, "slope_class": "Low slope", "slope_risk": 12}}, {"type": "Feature", "geometry": {"type": "Polygon", "coordinates": [[[117.69865494978121, -35.17889776552003], [117.69865494978121, -35.15389776552003], [117.67365494978121, -35.15389776552003], [117.67365494978121, -35.17889776552003], [117.69865494978121, -35.17889776552003]]]}, "properties": {"layer": "Slope", "slope_degrees": 0.0, "slope_class": "Low slope", "slope_risk": 12}}, {"type": "Feature", "geometry": {"type": "Polygon", "coordinates": [[[117.72365494978122, -35.17889776552003], [117.72365494978122, -35.15389776552003], [117.69865494978121, -35.15389776552003], [117.69865494978121, -35.17889776552003], [117.72365494978122, -35.17889776552003]]]}, "properties": {"layer": "Slope", "slope_degrees": 0.0, "slope_class": "Low slope", "slope_risk": 12}}, {"type": "Feature", "geometry": {"type": "Polygon", "coordinates": [[[117.74865494978123, -35.17889776552003], [117.74865494978123, -35.15389776552003], [117.72365494978122, -35.15389776552003], [117.72365494978122, -35.17889776552003], [117.74865494978123, -35.17889776552003]]]}, "properties": {"layer": "Slope", "slope_degrees": 0.0, "slope_class": "Low slope", "slope_risk": 12}}, {"type": "Feature", "geometry": {"type": "Polygon", "coordinates": [[[117.77365494978123, -35.17889776552003], [117.77365494978123, -35.15389776552003], [117.74865494978123, -35.15389776552003], [117.74865494978123, -35.17889776552003], [117.77365494978123, -35.17889776552003]]]}, "properties": {"layer": "Slope", "slope_degrees": 0.0, "slope_class": "Low slope", "slope_risk": 12}}, {"type": "Feature", "geometry": {"type": "Polygon", "coordinates": [[[117.79865494978124, -35.17889776552003], [117.79865494978124, -35.15389776552003], [117.77365494978123, -35.15389776552003], [117.77365494978123, -35.17889776552003], [117.79865494978124, -35.17889776552003]]]}, "properties": {"layer": "Slope", "slope_degrees": 0.0, "slope_class": "Low slope", "slope_risk": 12}}, {"type": "Feature", "geometry": {"type": "Polygon", "coordinates": [[[117.82365494978124, -35.17889776552003], [117.82365494978124, -35.15389776552003], [117.79865494978124, -35.15389776552003], [117.79865494978124, -35.17889776552003], [117.82365494978124, -35.17889776552003]]]}, "properties": {"layer": "Slope", "slope_degrees": 0.0, "slope_class": "Low slope", "slope_risk": 12}}, {"type": "Feature", "geometry": {"type": "Polygon", "coordinates": [[[117.84865494978125, -35.17889776552003], [117.84865494978125, -35.15389776552003], [117.82365494978124, -35.15389776552003], [117.82365494978124, -35.17889776552003], [117.84865494978125, -35.17889776552003]]]}, "properties": {"layer": "Slope", "slope_degrees": 0.0, "slope_class": "Low slope", "slope_risk": 12}}, {"type": "Feature", "geometry": {"type": "Polygon", "coordinates": [[[117.87365494978125, -35.17889776552003], [117.87365494978125, -35.15389776552003], [117.84865494978125, -35.15389776552003], [117.84865494978125, -35.17889776552003], [117.87365494978125, -35.17889776552003]]]}, "properties": {"layer": "Slope", "slope_degrees": 0.0, "slope_class": "Low slope", "slope_risk": 12}}, {"type": "Feature", "geometry": {"type": "Polygon", "coordinates": [[[117.89865494978126, -35.17889776552003], [117.89865494978126, -35.15389776552003], [117.87365494978125, -35.15389776552003], [117.87365494978125, -35.17889776552003], [117.89865494978126, -35.17889776552003]]]}, "properties": {"layer": "Slope", "slope_degrees": 0.0, "slope_class": "Low slope", "slope_risk": 12}}, {"type": "Feature", "geometry": {"type": "Polygon", "coordinates": [[[117.92365494978127, -35.17889776552003], [117.92365494978127, -35.15389776552003], [117.89865494978126, -35.15389776552003], [117.89865494978126, -35.17889776552003], [117.92365494978127, -35.17889776552003]]]}, "properties": {"layer": "Slope", "slope_degrees": 0.0, "slope_class": "Low slope", "slope_risk": 12}}, {"type": "Feature", "geometry": {"type": "Polygon", "coordinates": [[[117.94865494978127, -35.17889776552003], [117.94865494978127, -35.15389776552003], [117.92365494978127, -35.15389776552003], [117.92365494978127, -35.17889776552003], [117.94865494978127, -35.17889776552003]]]}, "properties": {"layer": "Slope", "slope_degrees": 0.0, "slope_class": "Low slope", "slope_risk": 12}}, {"type": "Feature", "geometry": {"type": "Polygon", "coordinates": [[[117.97365494978128, -35.17889776552003], [117.97365494978128, -35.15389776552003], [117.94865494978127, -35.15389776552003], [117.94865494978127, -35.17889776552003], [117.97365494978128, -35.17889776552003]]]}, "properties": {"layer": "Slope", "slope_degrees": 0.0, "slope_class": "Low slope", "slope_risk": 12}}, {"type": "Feature", "geometry": {"type": "Polygon", "coordinates": [[[117.99865494978128, -35.17889776552003], [117.99865494978128, -35.15389776552003], [117.97365494978128, -35.15389776552003], [117.97365494978128, -35.17889776552003], [117.99865494978128, -35.17889776552003]]]}, "properties": {"layer": "Slope", "slope_degrees": 0.0, "slope_class": "Low slope", "slope_risk": 12}}, {"type": "Feature", "geometry": {"type": "Polygon", "coordinates": [[[116.92365494978104, -35.15389776552003], [116.92365494978104, -35.12889776552003], [116.89865494978103, -35.12889776552003], [116.89865494978103, -35.15389776552003], [116.92365494978104, -35.15389776552003]]]}, "properties": {"layer": "Slope", "slope_degrees": 0.0, "slope_class": "Low slope", "slope_risk": 12}}, {"type": "Feature", "geometry": {"type": "Polygon", "coordinates": [[[116.94865494978104, -35.15389776552003], [116.94865494978104, -35.12889776552003], [116.92365494978104, -35.12889776552003], [116.92365494978104, -35.15389776552003], [116.94865494978104, -35.15389776552003]]]}, "properties": {"layer": "Slope", "slope_degrees": 0.0, "slope_class": "Low slope", "slope_risk": 12}}, {"type": "Feature", "geometry": {"type": "Polygon", "coordinates": [[[116.97365494978105, -35.15389776552003], [116.97365494978105, -35.12889776552003], [116.94865494978104, -35.12889776552003], [116.94865494978104, -35.15389776552003], [116.97365494978105, -35.15389776552003]]]}, "properties": {"layer": "Slope", "slope_degrees": 0.0, "slope_class": "Low slope", "slope_risk": 12}}, {"type": "Feature", "geometry": {"type": "Polygon", "coordinates": [[[116.99865494978106, -35.15389776552003], [116.99865494978106, -35.12889776552003], [116.97365494978105, -35.12889776552003], [116.97365494978105, -35.15389776552003], [116.99865494978106, -35.15389776552003]]]}, "properties": {"layer": "Slope", "slope_degrees": 0.0, "slope_class": "Low slope", "slope_risk": 12}}, {"type": "Feature", "geometry": {"type": "Polygon", "coordinates": [[[117.02365494978106, -35.15389776552003], [117.02365494978106, -35.12889776552003], [116.99865494978106, -35.12889776552003], [116.99865494978106, -35.15389776552003], [117.02365494978106, -35.15389776552003]]]}, "properties": {"layer": "Slope", "slope_degrees": 0.0, "slope_class": "Low slope", "slope_risk": 12}}, {"type": "Feature", "geometry": {"type": "Polygon", "coordinates": [[[117.04865494978107, -35.15389776552003], [117.04865494978107, -35.12889776552003], [117.02365494978106, -35.12889776552003], [117.02365494978106, -35.15389776552003], [117.04865494978107, -35.15389776552003]]]}, "properties": {"layer": "Slope", "slope_degrees": 0.0, "slope_class": "Low slope", "slope_risk": 12}}, {"type": "Feature", "geometry": {"type": "Polygon", "coordinates": [[[117.07365494978107, -35.15389776552003], [117.07365494978107, -35.12889776552003], [117.04865494978107, -35.12889776552003], [117.04865494978107, -35.15389776552003], [117.07365494978107, -35.15389776552003]]]}, "properties": {"layer": "Slope", "slope_degrees": 0.0, "slope_class": "Low slope", "slope_risk": 12}}, {"type": "Feature", "geometry": {"type": "Polygon", "coordinates": [[[117.09865494978108, -35.15389776552003], [117.09865494978108, -35.12889776552003], [117.07365494978107, -35.12889776552003], [117.07365494978107, -35.15389776552003], [117.09865494978108, -35.15389776552003]]]}, "properties": {"layer": "Slope", "slope_degrees": 0.0, "slope_class": "Low slope", "slope_risk": 12}}, {"type": "Feature", "geometry": {"type": "Polygon", "coordinates": [[[117.12365494978108, -35.15389776552003], [117.12365494978108, -35.12889776552003], [117.09865494978108, -35.12889776552003], [117.09865494978108, -35.15389776552003], [117.12365494978108, -35.15389776552003]]]}, "properties": {"layer": "Slope", "slope_degrees": 0.0, "slope_class": "Low slope", "slope_risk": 12}}, {"type": "Feature", "geometry": {"type": "Polygon", "coordinates": [[[117.14865494978109, -35.15389776552003], [117.14865494978109, -35.12889776552003], [117.12365494978108, -35.12889776552003], [117.12365494978108, -35.15389776552003], [117.14865494978109, -35.15389776552003]]]}, "properties": {"layer": "Slope", "slope_degrees": 0.0, "slope_class": "Low slope", "slope_risk": 12}}, {"type": "Feature", "geometry": {"type": "Polygon", "coordinates": [[[117.1736549497811, -35.15389776552003], [117.1736549497811, -35.12889776552003], [117.14865494978109, -35.12889776552003], [117.14865494978109, -35.15389776552003], [117.1736549497811, -35.15389776552003]]]}, "properties": {"layer": "Slope", "slope_degrees": 0.0, "slope_class": "Low slope", "slope_risk": 12}}, {"type": "Feature", "geometry": {"type": "Polygon", "coordinates": [[[117.1986549497811, -35.15389776552003], [117.1986549497811, -35.12889776552003], [117.1736549497811, -35.12889776552003], [117.1736549497811, -35.15389776552003], [117.1986549497811, -35.15389776552003]]]}, "properties": {"layer": "Slope", "slope_degrees": 0.0, "slope_class": "Low slope", "slope_risk": 12}}, {"type": "Feature", "geometry": {"type": "Polygon", "coordinates": [[[117.2236549497811, -35.15389776552003], [117.2236549497811, -35.12889776552003], [117.1986549497811, -35.12889776552003], [117.1986549497811, -35.15389776552003], [117.2236549497811, -35.15389776552003]]]}, "properties": {"layer": "Slope", "slope_degrees": 0.0, "slope_class": "Low slope", "slope_risk": 12}}, {"type": "Feature", "geometry": {"type": "Polygon", "coordinates": [[[117.24865494978111, -35.15389776552003], [117.24865494978111, -35.12889776552003], [117.2236549497811, -35.12889776552003], [117.2236549497811, -35.15389776552003], [117.24865494978111, -35.15389776552003]]]}, "properties": {"layer": "Slope", "slope_degrees": 0.0, "slope_class": "Low slope", "slope_risk": 12}}, {"type": "Feature", "geometry": {"type": "Polygon", "coordinates": [[[117.27365494978112, -35.15389776552003], [117.27365494978112, -35.12889776552003], [117.24865494978111, -35.12889776552003], [117.24865494978111, -35.15389776552003], [117.27365494978112, -35.15389776552003]]]}, "properties": {"layer": "Slope", "slope_degrees": 0.0, "slope_class": "Low slope", "slope_risk": 12}}, {"type": "Feature", "geometry": {"type": "Polygon", "coordinates": [[[117.29865494978112, -35.15389776552003], [117.29865494978112, -35.12889776552003], [117.27365494978112, -35.12889776552003], [117.27365494978112, -35.15389776552003], [117.29865494978112, -35.15389776552003]]]}, "properties": {"layer": "Slope", "slope_degrees": 0.0, "slope_class": "Low slope", "slope_risk": 12}}, {"type": "Feature", "geometry": {"type": "Polygon", "coordinates": [[[117.32365494978113, -35.15389776552003], [117.32365494978113, -35.12889776552003], [117.29865494978112, -35.12889776552003], [117.29865494978112, -35.15389776552003], [117.32365494978113, -35.15389776552003]]]}, "properties": {"layer": "Slope", "slope_degrees": 0.0, "slope_class": "Low slope", "slope_risk": 12}}, {"type": "Feature", "geometry": {"type": "Polygon", "coordinates": [[[117.34865494978114, -35.15389776552003], [117.34865494978114, -35.12889776552003], [117.32365494978113, -35.12889776552003], [117.32365494978113, -35.15389776552003], [117.34865494978114, -35.15389776552003]]]}, "properties": {"layer": "Slope", "slope_degrees": 0.0, "slope_class": "Low slope", "slope_risk": 12}}, {"type": "Feature", "geometry": {"type": "Polygon", "coordinates": [[[117.37365494978114, -35.15389776552003], [117.37365494978114, -35.12889776552003], [117.34865494978114, -35.12889776552003], [117.34865494978114, -35.15389776552003], [117.37365494978114, -35.15389776552003]]]}, "properties": {"layer": "Slope", "slope_degrees": 0.0, "slope_class": "Low slope", "slope_risk": 12}}, {"type": "Feature", "geometry": {"type": "Polygon", "coordinates": [[[117.39865494978115, -35.15389776552003], [117.39865494978115, -35.12889776552003], [117.37365494978114, -35.12889776552003], [117.37365494978114, -35.15389776552003], [117.39865494978115, -35.15389776552003]]]}, "properties": {"layer": "Slope", "slope_degrees": 0.0, "slope_class": "Low slope", "slope_risk": 12}}, {"type": "Feature", "geometry": {"type": "Polygon", "coordinates": [[[117.42365494978115, -35.15389776552003], [117.42365494978115, -35.12889776552003], [117.39865494978115, -35.12889776552003], [117.39865494978115, -35.15389776552003], [117.42365494978115, -35.15389776552003]]]}, "properties": {"layer": "Slope", "slope_degrees": 0.0, "slope_class": "Low slope", "slope_risk": 12}}, {"type": "Feature", "geometry": {"type": "Polygon", "coordinates": [[[117.44865494978116, -35.15389776552003], [117.44865494978116, -35.12889776552003], [117.42365494978115, -35.12889776552003], [117.42365494978115, -35.15389776552003], [117.44865494978116, -35.15389776552003]]]}, "properties": {"layer": "Slope", "slope_degrees": 0.0, "slope_class": "Low slope", "slope_risk": 12}}, {"type": "Feature", "geometry": {"type": "Polygon", "coordinates": [[[117.47365494978116, -35.15389776552003], [117.47365494978116, -35.12889776552003], [117.44865494978116, -35.12889776552003], [117.44865494978116, -35.15389776552003], [117.47365494978116, -35.15389776552003]]]}, "properties": {"layer": "Slope", "slope_degrees": 0.0, "slope_class": "Low slope", "slope_risk": 12}}, {"type": "Feature", "geometry": {"type": "Polygon", "coordinates": [[[117.49865494978117, -35.15389776552003], [117.49865494978117, -35.12889776552003], [117.47365494978116, -35.12889776552003], [117.47365494978116, -35.15389776552003], [117.49865494978117, -35.15389776552003]]]}, "properties": {"layer": "Slope", "slope_degrees": 0.0, "slope_class": "Low slope", "slope_risk": 12}}, {"type": "Feature", "geometry": {"type": "Polygon", "coordinates": [[[117.52365494978118, -35.15389776552003], [117.52365494978118, -35.12889776552003], [117.49865494978117, -35.12889776552003], [117.49865494978117, -35.15389776552003], [117.52365494978118, -35.15389776552003]]]}, "properties": {"layer": "Slope", "slope_degrees": 0.0, "slope_class": "Low slope", "slope_risk": 12}}, {"type": "Feature", "geometry": {"type": "Polygon", "coordinates": [[[117.54865494978118, -35.15389776552003], [117.54865494978118, -35.12889776552003], [117.52365494978118, -35.12889776552003], [117.52365494978118, -35.15389776552003], [117.54865494978118, -35.15389776552003]]]}, "properties": {"layer": "Slope", "slope_degrees": 0.0, "slope_class": "Low slope", "slope_risk": 12}}, {"type": "Feature", "geometry": {"type": "Polygon", "coordinates": [[[117.57365494978119, -35.15389776552003], [117.57365494978119, -35.12889776552003], [117.54865494978118, -35.12889776552003], [117.54865494978118, -35.15389776552003], [117.57365494978119, -35.15389776552003]]]}, "properties": {"layer": "Slope", "slope_degrees": 0.0, "slope_class": "Low slope", "slope_risk": 12}}, {"type": "Feature", "geometry": {"type": "Polygon", "coordinates": [[[117.59865494978119, -35.15389776552003], [117.59865494978119, -35.12889776552003], [117.57365494978119, -35.12889776552003], [117.57365494978119, -35.15389776552003], [117.59865494978119, -35.15389776552003]]]}, "properties": {"layer": "Slope", "slope_degrees": 0.0, "slope_class": "Low slope", "slope_risk": 12}}, {"type": "Feature", "geometry": {"type": "Polygon", "coordinates": [[[117.6236549497812, -35.15389776552003], [117.6236549497812, -35.12889776552003], [117.59865494978119, -35.12889776552003], [117.59865494978119, -35.15389776552003], [117.6236549497812, -35.15389776552003]]]}, "properties": {"layer": "Slope", "slope_degrees": 0.0, "slope_class": "Low slope", "slope_risk": 12}}, {"type": "Feature", "geometry": {"type": "Polygon", "coordinates": [[[117.6486549497812, -35.15389776552003], [117.6486549497812, -35.12889776552003], [117.6236549497812, -35.12889776552003], [117.6236549497812, -35.15389776552003], [117.6486549497812, -35.15389776552003]]]}, "properties": {"layer": "Slope", "slope_degrees": 0.0, "slope_class": "Low slope", "slope_risk": 12}}, {"type": "Feature", "geometry": {"type": "Polygon", "coordinates": [[[117.67365494978121, -35.15389776552003], [117.67365494978121, -35.12889776552003], [117.6486549497812, -35.12889776552003], [117.6486549497812, -35.15389776552003], [117.67365494978121, -35.15389776552003]]]}, "properties": {"layer": "Slope", "slope_degrees": 0.0, "slope_class": "Low slope", "slope_risk": 12}}, {"type": "Feature", "geometry": {"type": "Polygon", "coordinates": [[[117.69865494978121, -35.15389776552003], [117.69865494978121, -35.12889776552003], [117.67365494978121, -35.12889776552003], [117.67365494978121, -35.15389776552003], [117.69865494978121, -35.15389776552003]]]}, "properties": {"layer": "Slope", "slope_degrees": 0.0, "slope_class": "Low slope", "slope_risk": 12}}, {"type": "Feature", "geometry": {"type": "Polygon", "coordinates": [[[117.72365494978122, -35.15389776552003], [117.72365494978122, -35.12889776552003], [117.69865494978121, -35.12889776552003], [117.69865494978121, -35.15389776552003], [117.72365494978122, -35.15389776552003]]]}, "properties": {"layer": "Slope", "slope_degrees": 0.0, "slope_class": "Low slope", "slope_risk": 12}}, {"type": "Feature", "geometry": {"type": "Polygon", "coordinates": [[[117.74865494978123, -35.15389776552003], [117.74865494978123, -35.12889776552003], [117.72365494978122, -35.12889776552003], [117.72365494978122, -35.15389776552003], [117.74865494978123, -35.15389776552003]]]}, "properties": {"layer": "Slope", "slope_degrees": 0.0, "slope_class": "Low slope", "slope_risk": 12}}, {"type": "Feature", "geometry": {"type": "Polygon", "coordinates": [[[117.77365494978123, -35.15389776552003], [117.77365494978123, -35.12889776552003], [117.74865494978123, -35.12889776552003], [117.74865494978123, -35.15389776552003], [117.77365494978123, -35.15389776552003]]]}, "properties": {"layer": "Slope", "slope_degrees": 0.0, "slope_class": "Low slope", "slope_risk": 12}}, {"type": "Feature", "geometry": {"type": "Polygon", "coordinates": [[[117.79865494978124, -35.15389776552003], [117.79865494978124, -35.12889776552003], [117.77365494978123, -35.12889776552003], [117.77365494978123, -35.15389776552003], [117.79865494978124, -35.15389776552003]]]}, "properties": {"layer": "Slope", "slope_degrees": 0.0, "slope_class": "Low slope", "slope_risk": 12}}, {"type": "Feature", "geometry": {"type": "Polygon", "coordinates": [[[117.82365494978124, -35.15389776552003], [117.82365494978124, -35.12889776552003], [117.79865494978124, -35.12889776552003], [117.79865494978124, -35.15389776552003], [117.82365494978124, -35.15389776552003]]]}, "properties": {"layer": "Slope", "slope_degrees": 0.0, "slope_class": "Low slope", "slope_risk": 12}}, {"type": "Feature", "geometry": {"type": "Polygon", "coordinates": [[[117.84865494978125, -35.15389776552003], [117.84865494978125, -35.12889776552003], [117.82365494978124, -35.12889776552003], [117.82365494978124, -35.15389776552003], [117.84865494978125, -35.15389776552003]]]}, "properties": {"layer": "Slope", "slope_degrees": 0.0, "slope_class": "Low slope", "slope_risk": 12}}, {"type": "Feature", "geometry": {"type": "Polygon", "coordinates": [[[117.87365494978125, -35.15389776552003], [117.87365494978125, -35.12889776552003], [117.84865494978125, -35.12889776552003], [117.84865494978125, -35.15389776552003], [117.87365494978125, -35.15389776552003]]]}, "properties": {"layer": "Slope", "slope_degrees": 0.0, "slope_class": "Low slope", "slope_risk": 12}}, {"type": "Feature", "geometry": {"type": "Polygon", "coordinates": [[[117.89865494978126, -35.15389776552003], [117.89865494978126, -35.12889776552003], [117.87365494978125, -35.12889776552003], [117.87365494978125, -35.15389776552003], [117.89865494978126, -35.15389776552003]]]}, "properties": {"layer": "Slope", "slope_degrees": 0.0, "slope_class": "Low slope", "slope_risk": 12}}, {"type": "Feature", "geometry": {"type": "Polygon", "coordinates": [[[117.92365494978127, -35.15389776552003], [117.92365494978127, -35.12889776552003], [117.89865494978126, -35.12889776552003], [117.89865494978126, -35.15389776552003], [117.92365494978127, -35.15389776552003]]]}, "properties": {"layer": "Slope", "slope_degrees": 0.0, "slope_class": "Low slope", "slope_risk": 12}}, {"type": "Feature", "geometry": {"type": "Polygon", "coordinates": [[[117.94865494978127, -35.15389776552003], [117.94865494978127, -35.12889776552003], [117.92365494978127, -35.12889776552003], [117.92365494978127, -35.15389776552003], [117.94865494978127, -35.15389776552003]]]}, "properties": {"layer": "Slope", "slope_degrees": 0.0, "slope_class": "Low slope", "slope_risk": 12}}, {"type": "Feature", "geometry": {"type": "Polygon", "coordinates": [[[117.97365494978128, -35.15389776552003], [117.97365494978128, -35.12889776552003], [117.94865494978127, -35.12889776552003], [117.94865494978127, -35.15389776552003], [117.97365494978128, -35.15389776552003]]]}, "properties": {"layer": "Slope", "slope_degrees": 0.0, "slope_class": "Low slope", "slope_risk": 12}}, {"type": "Feature", "geometry": {"type": "Polygon", "coordinates": [[[117.99865494978128, -35.15389776552003], [117.99865494978128, -35.12889776552003], [117.97365494978128, -35.12889776552003], [117.97365494978128, -35.15389776552003], [117.99865494978128, -35.15389776552003]]]}, "properties": {"layer": "Slope", "slope_degrees": 0.0, "slope_class": "Low slope", "slope_risk": 12}}, {"type": "Feature", "geometry": {"type": "Polygon", "coordinates": [[[116.92365494978104, -35.12889776552003], [116.92365494978104, -35.10389776552003], [116.89865494978103, -35.10389776552003], [116.89865494978103, -35.12889776552003], [116.92365494978104, -35.12889776552003]]]}, "properties": {"layer": "Slope", "slope_degrees": 0.0, "slope_class": "Low slope", "slope_risk": 12}}, {"type": "Feature", "geometry": {"type": "Polygon", "coordinates": [[[116.94865494978104, -35.12889776552003], [116.94865494978104, -35.10389776552003], [116.92365494978104, -35.10389776552003], [116.92365494978104, -35.12889776552003], [116.94865494978104, -35.12889776552003]]]}, "properties": {"layer": "Slope", "slope_degrees": 0.0, "slope_class": "Low slope", "slope_risk": 12}}, {"type": "Feature", "geometry": {"type": "Polygon", "coordinates": [[[116.97365494978105, -35.12889776552003], [116.97365494978105, -35.10389776552003], [116.94865494978104, -35.10389776552003], [116.94865494978104, -35.12889776552003], [116.97365494978105, -35.12889776552003]]]}, "properties": {"layer": "Slope", "slope_degrees": 0.0, "slope_class": "Low slope", "slope_risk": 12}}, {"type": "Feature", "geometry": {"type": "Polygon", "coordinates": [[[116.99865494978106, -35.12889776552003], [116.99865494978106, -35.10389776552003], [116.97365494978105, -35.10389776552003], [116.97365494978105, -35.12889776552003], [116.99865494978106, -35.12889776552003]]]}, "properties": {"layer": "Slope", "slope_degrees": 0.0, "slope_class": "Low slope", "slope_risk": 12}}, {"type": "Feature", "geometry": {"type": "Polygon", "coordinates": [[[117.02365494978106, -35.12889776552003], [117.02365494978106, -35.10389776552003], [116.99865494978106, -35.10389776552003], [116.99865494978106, -35.12889776552003], [117.02365494978106, -35.12889776552003]]]}, "properties": {"layer": "Slope", "slope_degrees": 0.0, "slope_class": "Low slope", "slope_risk": 12}}, {"type": "Feature", "geometry": {"type": "Polygon", "coordinates": [[[117.04865494978107, -35.12889776552003], [117.04865494978107, -35.10389776552003], [117.02365494978106, -35.10389776552003], [117.02365494978106, -35.12889776552003], [117.04865494978107, -35.12889776552003]]]}, "properties": {"layer": "Slope", "slope_degrees": 0.0, "slope_class": "Low slope", "slope_risk": 12}}, {"type": "Feature", "geometry": {"type": "Polygon", "coordinates": [[[117.07365494978107, -35.12889776552003], [117.07365494978107, -35.10389776552003], [117.04865494978107, -35.10389776552003], [117.04865494978107, -35.12889776552003], [117.07365494978107, -35.12889776552003]]]}, "properties": {"layer": "Slope", "slope_degrees": 0.0, "slope_class": "Low slope", "slope_risk": 12}}, {"type": "Feature", "geometry": {"type": "Polygon", "coordinates": [[[117.09865494978108, -35.12889776552003], [117.09865494978108, -35.10389776552003], [117.07365494978107, -35.10389776552003], [117.07365494978107, -35.12889776552003], [117.09865494978108, -35.12889776552003]]]}, "properties": {"layer": "Slope", "slope_degrees": 0.0, "slope_class": "Low slope", "slope_risk": 12}}, {"type": "Feature", "geometry": {"type": "Polygon", "coordinates": [[[117.12365494978108, -35.12889776552003], [117.12365494978108, -35.10389776552003], [117.09865494978108, -35.10389776552003], [117.09865494978108, -35.12889776552003], [117.12365494978108, -35.12889776552003]]]}, "properties": {"layer": "Slope", "slope_degrees": 0.0, "slope_class": "Low slope", "slope_risk": 12}}, {"type": "Feature", "geometry": {"type": "Polygon", "coordinates": [[[117.14865494978109, -35.12889776552003], [117.14865494978109, -35.10389776552003], [117.12365494978108, -35.10389776552003], [117.12365494978108, -35.12889776552003], [117.14865494978109, -35.12889776552003]]]}, "properties": {"layer": "Slope", "slope_degrees": 0.0, "slope_class": "Low slope", "slope_risk": 12}}, {"type": "Feature", "geometry": {"type": "Polygon", "coordinates": [[[117.1736549497811, -35.12889776552003], [117.1736549497811, -35.10389776552003], [117.14865494978109, -35.10389776552003], [117.14865494978109, -35.12889776552003], [117.1736549497811, -35.12889776552003]]]}, "properties": {"layer": "Slope", "slope_degrees": 0.0, "slope_class": "Low slope", "slope_risk": 12}}, {"type": "Feature", "geometry": {"type": "Polygon", "coordinates": [[[117.1986549497811, -35.12889776552003], [117.1986549497811, -35.10389776552003], [117.1736549497811, -35.10389776552003], [117.1736549497811, -35.12889776552003], [117.1986549497811, -35.12889776552003]]]}, "properties": {"layer": "Slope", "slope_degrees": 0.0, "slope_class": "Low slope", "slope_risk": 12}}, {"type": "Feature", "geometry": {"type": "Polygon", "coordinates": [[[117.2236549497811, -35.12889776552003], [117.2236549497811, -35.10389776552003], [117.1986549497811, -35.10389776552003], [117.1986549497811, -35.12889776552003], [117.2236549497811, -35.12889776552003]]]}, "properties": {"layer": "Slope", "slope_degrees": 0.0, "slope_class": "Low slope", "slope_risk": 12}}, {"type": "Feature", "geometry": {"type": "Polygon", "coordinates": [[[117.24865494978111, -35.12889776552003], [117.24865494978111, -35.10389776552003], [117.2236549497811, -35.10389776552003], [117.2236549497811, -35.12889776552003], [117.24865494978111, -35.12889776552003]]]}, "properties": {"layer": "Slope", "slope_degrees": 0.0, "slope_class": "Low slope", "slope_risk": 12}}, {"type": "Feature", "geometry": {"type": "Polygon", "coordinates": [[[117.27365494978112, -35.12889776552003], [117.27365494978112, -35.10389776552003], [117.24865494978111, -35.10389776552003], [117.24865494978111, -35.12889776552003], [117.27365494978112, -35.12889776552003]]]}, "properties": {"layer": "Slope", "slope_degrees": 0.0, "slope_class": "Low slope", "slope_risk": 12}}, {"type": "Feature", "geometry": {"type": "Polygon", "coordinates": [[[117.29865494978112, -35.12889776552003], [117.29865494978112, -35.10389776552003], [117.27365494978112, -35.10389776552003], [117.27365494978112, -35.12889776552003], [117.29865494978112, -35.12889776552003]]]}, "properties": {"layer": "Slope", "slope_degrees": 0.0, "slope_class": "Low slope", "slope_risk": 12}}, {"type": "Feature", "geometry": {"type": "Polygon", "coordinates": [[[117.32365494978113, -35.12889776552003], [117.32365494978113, -35.10389776552003], [117.29865494978112, -35.10389776552003], [117.29865494978112, -35.12889776552003], [117.32365494978113, -35.12889776552003]]]}, "properties": {"layer": "Slope", "slope_degrees": 0.0, "slope_class": "Low slope", "slope_risk": 12}}, {"type": "Feature", "geometry": {"type": "Polygon", "coordinates": [[[117.34865494978114, -35.12889776552003], [117.34865494978114, -35.10389776552003], [117.32365494978113, -35.10389776552003], [117.32365494978113, -35.12889776552003], [117.34865494978114, -35.12889776552003]]]}, "properties": {"layer": "Slope", "slope_degrees": 0.0, "slope_class": "Low slope", "slope_risk": 12}}, {"type": "Feature", "geometry": {"type": "Polygon", "coordinates": [[[117.37365494978114, -35.12889776552003], [117.37365494978114, -35.10389776552003], [117.34865494978114, -35.10389776552003], [117.34865494978114, -35.12889776552003], [117.37365494978114, -35.12889776552003]]]}, "properties": {"layer": "Slope", "slope_degrees": 0.0, "slope_class": "Low slope", "slope_risk": 12}}, {"type": "Feature", "geometry": {"type": "Polygon", "coordinates": [[[117.39865494978115, -35.12889776552003], [117.39865494978115, -35.10389776552003], [117.37365494978114, -35.10389776552003], [117.37365494978114, -35.12889776552003], [117.39865494978115, -35.12889776552003]]]}, "properties": {"layer": "Slope", "slope_degrees": 0.0, "slope_class": "Low slope", "slope_risk": 12}}, {"type": "Feature", "geometry": {"type": "Polygon", "coordinates": [[[117.42365494978115, -35.12889776552003], [117.42365494978115, -35.10389776552003], [117.39865494978115, -35.10389776552003], [117.39865494978115, -35.12889776552003], [117.42365494978115, -35.12889776552003]]]}, "properties": {"layer": "Slope", "slope_degrees": 0.0, "slope_class": "Low slope", "slope_risk": 12}}, {"type": "Feature", "geometry": {"type": "Polygon", "coordinates": [[[117.44865494978116, -35.12889776552003], [117.44865494978116, -35.10389776552003], [117.42365494978115, -35.10389776552003], [117.42365494978115, -35.12889776552003], [117.44865494978116, -35.12889776552003]]]}, "properties": {"layer": "Slope", "slope_degrees": 0.0, "slope_class": "Low slope", "slope_risk": 12}}, {"type": "Feature", "geometry": {"type": "Polygon", "coordinates": [[[117.47365494978116, -35.12889776552003], [117.47365494978116, -35.10389776552003], [117.44865494978116, -35.10389776552003], [117.44865494978116, -35.12889776552003], [117.47365494978116, -35.12889776552003]]]}, "properties": {"layer": "Slope", "slope_degrees": 0.0, "slope_class": "Low slope", "slope_risk": 12}}, {"type": "Feature", "geometry": {"type": "Polygon", "coordinates": [[[117.49865494978117, -35.12889776552003], [117.49865494978117, -35.10389776552003], [117.47365494978116, -35.10389776552003], [117.47365494978116, -35.12889776552003], [117.49865494978117, -35.12889776552003]]]}, "properties": {"layer": "Slope", "slope_degrees": 0.0, "slope_class": "Low slope", "slope_risk": 12}}, {"type": "Feature", "geometry": {"type": "Polygon", "coordinates": [[[117.52365494978118, -35.12889776552003], [117.52365494978118, -35.10389776552003], [117.49865494978117, -35.10389776552003], [117.49865494978117, -35.12889776552003], [117.52365494978118, -35.12889776552003]]]}, "properties": {"layer": "Slope", "slope_degrees": 0.0, "slope_class": "Low slope", "slope_risk": 12}}, {"type": "Feature", "geometry": {"type": "Polygon", "coordinates": [[[117.54865494978118, -35.12889776552003], [117.54865494978118, -35.10389776552003], [117.52365494978118, -35.10389776552003], [117.52365494978118, -35.12889776552003], [117.54865494978118, -35.12889776552003]]]}, "properties": {"layer": "Slope", "slope_degrees": 0.0, "slope_class": "Low slope", "slope_risk": 12}}, {"type": "Feature", "geometry": {"type": "Polygon", "coordinates": [[[117.57365494978119, -35.12889776552003], [117.57365494978119, -35.10389776552003], [117.54865494978118, -35.10389776552003], [117.54865494978118, -35.12889776552003], [117.57365494978119, -35.12889776552003]]]}, "properties": {"layer": "Slope", "slope_degrees": 0.0, "slope_class": "Low slope", "slope_risk": 12}}, {"type": "Feature", "geometry": {"type": "Polygon", "coordinates": [[[117.59865494978119, -35.12889776552003], [117.59865494978119, -35.10389776552003], [117.57365494978119, -35.10389776552003], [117.57365494978119, -35.12889776552003], [117.59865494978119, -35.12889776552003]]]}, "properties": {"layer": "Slope", "slope_degrees": 0.0, "slope_class": "Low slope", "slope_risk": 12}}, {"type": "Feature", "geometry": {"type": "Polygon", "coordinates": [[[117.6236549497812, -35.12889776552003], [117.6236549497812, -35.10389776552003], [117.59865494978119, -35.10389776552003], [117.59865494978119, -35.12889776552003], [117.6236549497812, -35.12889776552003]]]}, "properties": {"layer": "Slope", "slope_degrees": 11.37, "slope_class": "Moderate slope", "slope_risk": 36}}, {"type": "Feature", "geometry": {"type": "Polygon", "coordinates": [[[117.6486549497812, -35.12889776552003], [117.6486549497812, -35.10389776552003], [117.6236549497812, -35.10389776552003], [117.6236549497812, -35.12889776552003], [117.6486549497812, -35.12889776552003]]]}, "properties": {"layer": "Slope", "slope_degrees": 0.0, "slope_class": "Low slope", "slope_risk": 12}}, {"type": "Feature", "geometry": {"type": "Polygon", "coordinates": [[[117.67365494978121, -35.12889776552003], [117.67365494978121, -35.10389776552003], [117.6486549497812, -35.10389776552003], [117.6486549497812, -35.12889776552003], [117.67365494978121, -35.12889776552003]]]}, "properties": {"layer": "Slope", "slope_degrees": 0.0, "slope_class": "Low slope", "slope_risk": 12}}, {"type": "Feature", "geometry": {"type": "Polygon", "coordinates": [[[117.69865494978121, -35.12889776552003], [117.69865494978121, -35.10389776552003], [117.67365494978121, -35.10389776552003], [117.67365494978121, -35.12889776552003], [117.69865494978121, -35.12889776552003]]]}, "properties": {"layer": "Slope", "slope_degrees": 0.0, "slope_class": "Low slope", "slope_risk": 12}}, {"type": "Feature", "geometry": {"type": "Polygon", "coordinates": [[[117.72365494978122, -35.12889776552003], [117.72365494978122, -35.10389776552003], [117.69865494978121, -35.10389776552003], [117.69865494978121, -35.12889776552003], [117.72365494978122, -35.12889776552003]]]}, "properties": {"layer": "Slope", "slope_degrees": 0.0, "slope_class": "Low slope", "slope_risk": 12}}, {"type": "Feature", "geometry": {"type": "Polygon", "coordinates": [[[117.74865494978123, -35.12889776552003], [117.74865494978123, -35.10389776552003], [117.72365494978122, -35.10389776552003], [117.72365494978122, -35.12889776552003], [117.74865494978123, -35.12889776552003]]]}, "properties": {"layer": "Slope", "slope_degrees": 0.0, "slope_class": "Low slope", "slope_risk": 12}}, {"type": "Feature", "geometry": {"type": "Polygon", "coordinates": [[[117.77365494978123, -35.12889776552003], [117.77365494978123, -35.10389776552003], [117.74865494978123, -35.10389776552003], [117.74865494978123, -35.12889776552003], [117.77365494978123, -35.12889776552003]]]}, "properties": {"layer": "Slope", "slope_degrees": 0.0, "slope_class": "Low slope", "slope_risk": 12}}, {"type": "Feature", "geometry": {"type": "Polygon", "coordinates": [[[117.79865494978124, -35.12889776552003], [117.79865494978124, -35.10389776552003], [117.77365494978123, -35.10389776552003], [117.77365494978123, -35.12889776552003], [117.79865494978124, -35.12889776552003]]]}, "properties": {"layer": "Slope", "slope_degrees": 0.0, "slope_class": "Low slope", "slope_risk": 12}}, {"type": "Feature", "geometry": {"type": "Polygon", "coordinates": [[[117.82365494978124, -35.12889776552003], [117.82365494978124, -35.10389776552003], [117.79865494978124, -35.10389776552003], [117.79865494978124, -35.12889776552003], [117.82365494978124, -35.12889776552003]]]}, "properties": {"layer": "Slope", "slope_degrees": 0.0, "slope_class": "Low slope", "slope_risk": 12}}, {"type": "Feature", "geometry": {"type": "Polygon", "coordinates": [[[117.84865494978125, -35.12889776552003], [117.84865494978125, -35.10389776552003], [117.82365494978124, -35.10389776552003], [117.82365494978124, -35.12889776552003], [117.84865494978125, -35.12889776552003]]]}, "properties": {"layer": "Slope", "slope_degrees": 0.0, "slope_class": "Low slope", "slope_risk": 12}}, {"type": "Feature", "geometry": {"type": "Polygon", "coordinates": [[[117.87365494978125, -35.12889776552003], [117.87365494978125, -35.10389776552003], [117.84865494978125, -35.10389776552003], [117.84865494978125, -35.12889776552003], [117.87365494978125, -35.12889776552003]]]}, "properties": {"layer": "Slope", "slope_degrees": 0.38, "slope_class": "Low slope", "slope_risk": 12}}, {"type": "Feature", "geometry": {"type": "Polygon", "coordinates": [[[117.89865494978126, -35.12889776552003], [117.89865494978126, -35.10389776552003], [117.87365494978125, -35.10389776552003], [117.87365494978125, -35.12889776552003], [117.89865494978126, -35.12889776552003]]]}, "properties": {"layer": "Slope", "slope_degrees": 0.0, "slope_class": "Low slope", "slope_risk": 12}}, {"type": "Feature", "geometry": {"type": "Polygon", "coordinates": [[[117.92365494978127, -35.12889776552003], [117.92365494978127, -35.10389776552003], [117.89865494978126, -35.10389776552003], [117.89865494978126, -35.12889776552003], [117.92365494978127, -35.12889776552003]]]}, "properties": {"layer": "Slope", "slope_degrees": 0.0, "slope_class": "Low slope", "slope_risk": 12}}, {"type": "Feature", "geometry": {"type": "Polygon", "coordinates": [[[117.94865494978127, -35.12889776552003], [117.94865494978127, -35.10389776552003], [117.92365494978127, -35.10389776552003], [117.92365494978127, -35.12889776552003], [117.94865494978127, -35.12889776552003]]]}, "properties": {"layer": "Slope", "slope_degrees": 8.97, "slope_class": "Moderate slope", "slope_risk": 27}}, {"type": "Feature", "geometry": {"type": "Polygon", "coordinates": [[[117.97365494978128, -35.12889776552003], [117.97365494978128, -35.10389776552003], [117.94865494978127, -35.10389776552003], [117.94865494978127, -35.12889776552003], [117.97365494978128, -35.12889776552003]]]}, "properties": {"layer": "Slope", "slope_degrees": 21.19, "slope_class": "Steep slope", "slope_risk": 72}}, {"type": "Feature", "geometry": {"type": "Polygon", "coordinates": [[[117.99865494978128, -35.12889776552003], [117.99865494978128, -35.10389776552003], [117.97365494978128, -35.10389776552003], [117.97365494978128, -35.12889776552003], [117.99865494978128, -35.12889776552003]]]}, "properties": {"layer": "Slope", "slope_degrees": 0.0, "slope_class": "Low slope", "slope_risk": 12}}, {"type": "Feature", "geometry": {"type": "Polygon", "coordinates": [[[116.92365494978104, -35.10389776552003], [116.92365494978104, -35.07889776552003], [116.89865494978103, -35.07889776552003], [116.89865494978103, -35.10389776552003], [116.92365494978104, -35.10389776552003]]]}, "properties": {"layer": "Slope", "slope_degrees": 0.0, "slope_class": "Low slope", "slope_risk": 12}}, {"type": "Feature", "geometry": {"type": "Polygon", "coordinates": [[[116.94865494978104, -35.10389776552003], [116.94865494978104, -35.07889776552003], [116.92365494978104, -35.07889776552003], [116.92365494978104, -35.10389776552003], [116.94865494978104, -35.10389776552003]]]}, "properties": {"layer": "Slope", "slope_degrees": 0.0, "slope_class": "Low slope", "slope_risk": 12}}, {"type": "Feature", "geometry": {"type": "Polygon", "coordinates": [[[116.97365494978105, -35.10389776552003], [116.97365494978105, -35.07889776552003], [116.94865494978104, -35.07889776552003], [116.94865494978104, -35.10389776552003], [116.97365494978105, -35.10389776552003]]]}, "properties": {"layer": "Slope", "slope_degrees": 0.0, "slope_class": "Low slope", "slope_risk": 12}}, {"type": "Feature", "geometry": {"type": "Polygon", "coordinates": [[[116.99865494978106, -35.10389776552003], [116.99865494978106, -35.07889776552003], [116.97365494978105, -35.07889776552003], [116.97365494978105, -35.10389776552003], [116.99865494978106, -35.10389776552003]]]}, "properties": {"layer": "Slope", "slope_degrees": 0.0, "slope_class": "Low slope", "slope_risk": 12}}, {"type": "Feature", "geometry": {"type": "Polygon", "coordinates": [[[117.02365494978106, -35.10389776552003], [117.02365494978106, -35.07889776552003], [116.99865494978106, -35.07889776552003], [116.99865494978106, -35.10389776552003], [117.02365494978106, -35.10389776552003]]]}, "properties": {"layer": "Slope", "slope_degrees": 0.0, "slope_class": "Low slope", "slope_risk": 12}}, {"type": "Feature", "geometry": {"type": "Polygon", "coordinates": [[[117.04865494978107, -35.10389776552003], [117.04865494978107, -35.07889776552003], [117.02365494978106, -35.07889776552003], [117.02365494978106, -35.10389776552003], [117.04865494978107, -35.10389776552003]]]}, "properties": {"layer": "Slope", "slope_degrees": 0.0, "slope_class": "Low slope", "slope_risk": 12}}, {"type": "Feature", "geometry": {"type": "Polygon", "coordinates": [[[117.07365494978107, -35.10389776552003], [117.07365494978107, -35.07889776552003], [117.04865494978107, -35.07889776552003], [117.04865494978107, -35.10389776552003], [117.07365494978107, -35.10389776552003]]]}, "properties": {"layer": "Slope", "slope_degrees": 0.0, "slope_class": "Low slope", "slope_risk": 12}}, {"type": "Feature", "geometry": {"type": "Polygon", "coordinates": [[[117.09865494978108, -35.10389776552003], [117.09865494978108, -35.07889776552003], [117.07365494978107, -35.07889776552003], [117.07365494978107, -35.10389776552003], [117.09865494978108, -35.10389776552003]]]}, "properties": {"layer": "Slope", "slope_degrees": 0.0, "slope_class": "Low slope", "slope_risk": 12}}, {"type": "Feature", "geometry": {"type": "Polygon", "coordinates": [[[117.12365494978108, -35.10389776552003], [117.12365494978108, -35.07889776552003], [117.09865494978108, -35.07889776552003], [117.09865494978108, -35.10389776552003], [117.12365494978108, -35.10389776552003]]]}, "properties": {"layer": "Slope", "slope_degrees": 0.0, "slope_class": "Low slope", "slope_risk": 12}}, {"type": "Feature", "geometry": {"type": "Polygon", "coordinates": [[[117.14865494978109, -35.10389776552003], [117.14865494978109, -35.07889776552003], [117.12365494978108, -35.07889776552003], [117.12365494978108, -35.10389776552003], [117.14865494978109, -35.10389776552003]]]}, "properties": {"layer": "Slope", "slope_degrees": 0.0, "slope_class": "Low slope", "slope_risk": 12}}, {"type": "Feature", "geometry": {"type": "Polygon", "coordinates": [[[117.1736549497811, -35.10389776552003], [117.1736549497811, -35.07889776552003], [117.14865494978109, -35.07889776552003], [117.14865494978109, -35.10389776552003], [117.1736549497811, -35.10389776552003]]]}, "properties": {"layer": "Slope", "slope_degrees": 0.0, "slope_class": "Low slope", "slope_risk": 12}}, {"type": "Feature", "geometry": {"type": "Polygon", "coordinates": [[[117.1986549497811, -35.10389776552003], [117.1986549497811, -35.07889776552003], [117.1736549497811, -35.07889776552003], [117.1736549497811, -35.10389776552003], [117.1986549497811, -35.10389776552003]]]}, "properties": {"layer": "Slope", "slope_degrees": 0.0, "slope_class": "Low slope", "slope_risk": 12}}, {"type": "Feature", "geometry": {"type": "Polygon", "coordinates": [[[117.2236549497811, -35.10389776552003], [117.2236549497811, -35.07889776552003], [117.1986549497811, -35.07889776552003], [117.1986549497811, -35.10389776552003], [117.2236549497811, -35.10389776552003]]]}, "properties": {"layer": "Slope", "slope_degrees": 0.0, "slope_class": "Low slope", "slope_risk": 12}}, {"type": "Feature", "geometry": {"type": "Polygon", "coordinates": [[[117.24865494978111, -35.10389776552003], [117.24865494978111, -35.07889776552003], [117.2236549497811, -35.07889776552003], [117.2236549497811, -35.10389776552003], [117.24865494978111, -35.10389776552003]]]}, "properties": {"layer": "Slope", "slope_degrees": 0.0, "slope_class": "Low slope", "slope_risk": 12}}, {"type": "Feature", "geometry": {"type": "Polygon", "coordinates": [[[117.27365494978112, -35.10389776552003], [117.27365494978112, -35.07889776552003], [117.24865494978111, -35.07889776552003], [117.24865494978111, -35.10389776552003], [117.27365494978112, -35.10389776552003]]]}, "properties": {"layer": "Slope", "slope_degrees": 0.0, "slope_class": "Low slope", "slope_risk": 12}}, {"type": "Feature", "geometry": {"type": "Polygon", "coordinates": [[[117.29865494978112, -35.10389776552003], [117.29865494978112, -35.07889776552003], [117.27365494978112, -35.07889776552003], [117.27365494978112, -35.10389776552003], [117.29865494978112, -35.10389776552003]]]}, "properties": {"layer": "Slope", "slope_degrees": 0.0, "slope_class": "Low slope", "slope_risk": 12}}, {"type": "Feature", "geometry": {"type": "Polygon", "coordinates": [[[117.32365494978113, -35.10389776552003], [117.32365494978113, -35.07889776552003], [117.29865494978112, -35.07889776552003], [117.29865494978112, -35.10389776552003], [117.32365494978113, -35.10389776552003]]]}, "properties": {"layer": "Slope", "slope_degrees": 0.0, "slope_class": "Low slope", "slope_risk": 12}}, {"type": "Feature", "geometry": {"type": "Polygon", "coordinates": [[[117.34865494978114, -35.10389776552003], [117.34865494978114, -35.07889776552003], [117.32365494978113, -35.07889776552003], [117.32365494978113, -35.10389776552003], [117.34865494978114, -35.10389776552003]]]}, "properties": {"layer": "Slope", "slope_degrees": 0.0, "slope_class": "Low slope", "slope_risk": 12}}, {"type": "Feature", "geometry": {"type": "Polygon", "coordinates": [[[117.37365494978114, -35.10389776552003], [117.37365494978114, -35.07889776552003], [117.34865494978114, -35.07889776552003], [117.34865494978114, -35.10389776552003], [117.37365494978114, -35.10389776552003]]]}, "properties": {"layer": "Slope", "slope_degrees": 0.0, "slope_class": "Low slope", "slope_risk": 12}}, {"type": "Feature", "geometry": {"type": "Polygon", "coordinates": [[[117.39865494978115, -35.10389776552003], [117.39865494978115, -35.07889776552003], [117.37365494978114, -35.07889776552003], [117.37365494978114, -35.10389776552003], [117.39865494978115, -35.10389776552003]]]}, "properties": {"layer": "Slope", "slope_degrees": 0.0, "slope_class": "Low slope", "slope_risk": 12}}, {"type": "Feature", "geometry": {"type": "Polygon", "coordinates": [[[117.42365494978115, -35.10389776552003], [117.42365494978115, -35.07889776552003], [117.39865494978115, -35.07889776552003], [117.39865494978115, -35.10389776552003], [117.42365494978115, -35.10389776552003]]]}, "properties": {"layer": "Slope", "slope_degrees": 0.0, "slope_class": "Low slope", "slope_risk": 12}}, {"type": "Feature", "geometry": {"type": "Polygon", "coordinates": [[[117.44865494978116, -35.10389776552003], [117.44865494978116, -35.07889776552003], [117.42365494978115, -35.07889776552003], [117.42365494978115, -35.10389776552003], [117.44865494978116, -35.10389776552003]]]}, "properties": {"layer": "Slope", "slope_degrees": 0.0, "slope_class": "Low slope", "slope_risk": 12}}, {"type": "Feature", "geometry": {"type": "Polygon", "coordinates": [[[117.47365494978116, -35.10389776552003], [117.47365494978116, -35.07889776552003], [117.44865494978116, -35.07889776552003], [117.44865494978116, -35.10389776552003], [117.47365494978116, -35.10389776552003]]]}, "properties": {"layer": "Slope", "slope_degrees": 0.0, "slope_class": "Low slope", "slope_risk": 12}}, {"type": "Feature", "geometry": {"type": "Polygon", "coordinates": [[[117.49865494978117, -35.10389776552003], [117.49865494978117, -35.07889776552003], [117.47365494978116, -35.07889776552003], [117.47365494978116, -35.10389776552003], [117.49865494978117, -35.10389776552003]]]}, "properties": {"layer": "Slope", "slope_degrees": 0.0, "slope_class": "Low slope", "slope_risk": 12}}, {"type": "Feature", "geometry": {"type": "Polygon", "coordinates": [[[117.52365494978118, -35.10389776552003], [117.52365494978118, -35.07889776552003], [117.49865494978117, -35.07889776552003], [117.49865494978117, -35.10389776552003], [117.52365494978118, -35.10389776552003]]]}, "properties": {"layer": "Slope", "slope_degrees": 0.0, "slope_class": "Low slope", "slope_risk": 12}}, {"type": "Feature", "geometry": {"type": "Polygon", "coordinates": [[[117.54865494978118, -35.10389776552003], [117.54865494978118, -35.07889776552003], [117.52365494978118, -35.07889776552003], [117.52365494978118, -35.10389776552003], [117.54865494978118, -35.10389776552003]]]}, "properties": {"layer": "Slope", "slope_degrees": 0.0, "slope_class": "Low slope", "slope_risk": 12}}, {"type": "Feature", "geometry": {"type": "Polygon", "coordinates": [[[117.57365494978119, -35.10389776552003], [117.57365494978119, -35.07889776552003], [117.54865494978118, -35.07889776552003], [117.54865494978118, -35.10389776552003], [117.57365494978119, -35.10389776552003]]]}, "properties": {"layer": "Slope", "slope_degrees": 0.0, "slope_class": "Low slope", "slope_risk": 12}}, {"type": "Feature", "geometry": {"type": "Polygon", "coordinates": [[[117.59865494978119, -35.10389776552003], [117.59865494978119, -35.07889776552003], [117.57365494978119, -35.07889776552003], [117.57365494978119, -35.10389776552003], [117.59865494978119, -35.10389776552003]]]}, "properties": {"layer": "Slope", "slope_degrees": 14.24, "slope_class": "Moderate slope", "slope_risk": 47}}, {"type": "Feature", "geometry": {"type": "Polygon", "coordinates": [[[117.6236549497812, -35.10389776552003], [117.6236549497812, -35.07889776552003], [117.59865494978119, -35.07889776552003], [117.59865494978119, -35.10389776552003], [117.6236549497812, -35.10389776552003]]]}, "properties": {"layer": "Slope", "slope_degrees": 4.55, "slope_class": "Low slope", "slope_risk": 12}}, {"type": "Feature", "geometry": {"type": "Polygon", "coordinates": [[[117.6486549497812, -35.10389776552003], [117.6486549497812, -35.07889776552003], [117.6236549497812, -35.07889776552003], [117.6236549497812, -35.10389776552003], [117.6486549497812, -35.10389776552003]]]}, "properties": {"layer": "Slope", "slope_degrees": 17.84, "slope_class": "Steep slope", "slope_risk": 60}}, {"type": "Feature", "geometry": {"type": "Polygon", "coordinates": [[[117.67365494978121, -35.10389776552003], [117.67365494978121, -35.07889776552003], [117.6486549497812, -35.07889776552003], [117.6486549497812, -35.10389776552003], [117.67365494978121, -35.10389776552003]]]}, "properties": {"layer": "Slope", "slope_degrees": 0.0, "slope_class": "Low slope", "slope_risk": 12}}, {"type": "Feature", "geometry": {"type": "Polygon", "coordinates": [[[117.69865494978121, -35.10389776552003], [117.69865494978121, -35.07889776552003], [117.67365494978121, -35.07889776552003], [117.67365494978121, -35.10389776552003], [117.69865494978121, -35.10389776552003]]]}, "properties": {"layer": "Slope", "slope_degrees": 0.0, "slope_class": "Low slope", "slope_risk": 12}}, {"type": "Feature", "geometry": {"type": "Polygon", "coordinates": [[[117.72365494978122, -35.10389776552003], [117.72365494978122, -35.07889776552003], [117.69865494978121, -35.07889776552003], [117.69865494978121, -35.10389776552003], [117.72365494978122, -35.10389776552003]]]}, "properties": {"layer": "Slope", "slope_degrees": 0.0, "slope_class": "Low slope", "slope_risk": 12}}, {"type": "Feature", "geometry": {"type": "Polygon", "coordinates": [[[117.74865494978123, -35.10389776552003], [117.74865494978123, -35.07889776552003], [117.72365494978122, -35.07889776552003], [117.72365494978122, -35.10389776552003], [117.74865494978123, -35.10389776552003]]]}, "properties": {"layer": "Slope", "slope_degrees": 0.0, "slope_class": "Low slope", "slope_risk": 12}}, {"type": "Feature", "geometry": {"type": "Polygon", "coordinates": [[[117.77365494978123, -35.10389776552003], [117.77365494978123, -35.07889776552003], [117.74865494978123, -35.07889776552003], [117.74865494978123, -35.10389776552003], [117.77365494978123, -35.10389776552003]]]}, "properties": {"layer": "Slope", "slope_degrees": 0.0, "slope_class": "Low slope", "slope_risk": 12}}, {"type": "Feature", "geometry": {"type": "Polygon", "coordinates": [[[117.79865494978124, -35.10389776552003], [117.79865494978124, -35.07889776552003], [117.77365494978123, -35.07889776552003], [117.77365494978123, -35.10389776552003], [117.79865494978124, -35.10389776552003]]]}, "properties": {"layer": "Slope", "slope_degrees": 0.0, "slope_class": "Low slope", "slope_risk": 12}}, {"type": "Feature", "geometry": {"type": "Polygon", "coordinates": [[[117.82365494978124, -35.10389776552003], [117.82365494978124, -35.07889776552003], [117.79865494978124, -35.07889776552003], [117.79865494978124, -35.10389776552003], [117.82365494978124, -35.10389776552003]]]}, "properties": {"layer": "Slope", "slope_degrees": 0.0, "slope_class": "Low slope", "slope_risk": 12}}, {"type": "Feature", "geometry": {"type": "Polygon", "coordinates": [[[117.84865494978125, -35.10389776552003], [117.84865494978125, -35.07889776552003], [117.82365494978124, -35.07889776552003], [117.82365494978124, -35.10389776552003], [117.84865494978125, -35.10389776552003]]]}, "properties": {"layer": "Slope", "slope_degrees": 0.0, "slope_class": "Low slope", "slope_risk": 12}}, {"type": "Feature", "geometry": {"type": "Polygon", "coordinates": [[[117.87365494978125, -35.10389776552003], [117.87365494978125, -35.07889776552003], [117.84865494978125, -35.07889776552003], [117.84865494978125, -35.10389776552003], [117.87365494978125, -35.10389776552003]]]}, "properties": {"layer": "Slope", "slope_degrees": 4.52, "slope_class": "Low slope", "slope_risk": 12}}, {"type": "Feature", "geometry": {"type": "Polygon", "coordinates": [[[117.89865494978126, -35.10389776552003], [117.89865494978126, -35.07889776552003], [117.87365494978125, -35.07889776552003], [117.87365494978125, -35.10389776552003], [117.89865494978126, -35.10389776552003]]]}, "properties": {"layer": "Slope", "slope_degrees": 1.0, "slope_class": "Low slope", "slope_risk": 12}}, {"type": "Feature", "geometry": {"type": "Polygon", "coordinates": [[[117.92365494978127, -35.10389776552003], [117.92365494978127, -35.07889776552003], [117.89865494978126, -35.07889776552003], [117.89865494978126, -35.10389776552003], [117.92365494978127, -35.10389776552003]]]}, "properties": {"layer": "Slope", "slope_degrees": 2.2, "slope_class": "Low slope", "slope_risk": 12}}, {"type": "Feature", "geometry": {"type": "Polygon", "coordinates": [[[117.94865494978127, -35.10389776552003], [117.94865494978127, -35.07889776552003], [117.92365494978127, -35.07889776552003], [117.92365494978127, -35.10389776552003], [117.94865494978127, -35.10389776552003]]]}, "properties": {"layer": "Slope", "slope_degrees": 13.93, "slope_class": "Moderate slope", "slope_risk": 46}}, {"type": "Feature", "geometry": {"type": "Polygon", "coordinates": [[[117.97365494978128, -35.10389776552003], [117.97365494978128, -35.07889776552003], [117.94865494978127, -35.07889776552003], [117.94865494978127, -35.10389776552003], [117.97365494978128, -35.10389776552003]]]}, "properties": {"layer": "Slope", "slope_degrees": 0.0, "slope_class": "Low slope", "slope_risk": 12}}, {"type": "Feature", "geometry": {"type": "Polygon", "coordinates": [[[117.99865494978128, -35.10389776552003], [117.99865494978128, -35.07889776552003], [117.97365494978128, -35.07889776552003], [117.97365494978128, -35.10389776552003], [117.99865494978128, -35.10389776552003]]]}, "properties": {"layer": "Slope", "slope_degrees": 0.0, "slope_class": "Low slope", "slope_risk": 12}}, {"type": "Feature", "geometry": {"type": "Polygon", "coordinates": [[[116.92365494978104, -35.07889776552003], [116.92365494978104, -35.053897765520034], [116.89865494978103, -35.053897765520034], [116.89865494978103, -35.07889776552003], [116.92365494978104, -35.07889776552003]]]}, "properties": {"layer": "Slope", "slope_degrees": 0.0, "slope_class": "Low slope", "slope_risk": 12}}, {"type": "Feature", "geometry": {"type": "Polygon", "coordinates": [[[116.94865494978104, -35.07889776552003], [116.94865494978104, -35.053897765520034], [116.92365494978104, -35.053897765520034], [116.92365494978104, -35.07889776552003], [116.94865494978104, -35.07889776552003]]]}, "properties": {"layer": "Slope", "slope_degrees": 0.0, "slope_class": "Low slope", "slope_risk": 12}}, {"type": "Feature", "geometry": {"type": "Polygon", "coordinates": [[[116.97365494978105, -35.07889776552003], [116.97365494978105, -35.053897765520034], [116.94865494978104, -35.053897765520034], [116.94865494978104, -35.07889776552003], [116.97365494978105, -35.07889776552003]]]}, "properties": {"layer": "Slope", "slope_degrees": 0.0, "slope_class": "Low slope", "slope_risk": 12}}, {"type": "Feature", "geometry": {"type": "Polygon", "coordinates": [[[116.99865494978106, -35.07889776552003], [116.99865494978106, -35.053897765520034], [116.97365494978105, -35.053897765520034], [116.97365494978105, -35.07889776552003], [116.99865494978106, -35.07889776552003]]]}, "properties": {"layer": "Slope", "slope_degrees": 0.0, "slope_class": "Low slope", "slope_risk": 12}}, {"type": "Feature", "geometry": {"type": "Polygon", "coordinates": [[[117.02365494978106, -35.07889776552003], [117.02365494978106, -35.053897765520034], [116.99865494978106, -35.053897765520034], [116.99865494978106, -35.07889776552003], [117.02365494978106, -35.07889776552003]]]}, "properties": {"layer": "Slope", "slope_degrees": 0.0, "slope_class": "Low slope", "slope_risk": 12}}, {"type": "Feature", "geometry": {"type": "Polygon", "coordinates": [[[117.04865494978107, -35.07889776552003], [117.04865494978107, -35.053897765520034], [117.02365494978106, -35.053897765520034], [117.02365494978106, -35.07889776552003], [117.04865494978107, -35.07889776552003]]]}, "properties": {"layer": "Slope", "slope_degrees": 0.0, "slope_class": "Low slope", "slope_risk": 12}}, {"type": "Feature", "geometry": {"type": "Polygon", "coordinates": [[[117.07365494978107, -35.07889776552003], [117.07365494978107, -35.053897765520034], [117.04865494978107, -35.053897765520034], [117.04865494978107, -35.07889776552003], [117.07365494978107, -35.07889776552003]]]}, "properties": {"layer": "Slope", "slope_degrees": 0.0, "slope_class": "Low slope", "slope_risk": 12}}, {"type": "Feature", "geometry": {"type": "Polygon", "coordinates": [[[117.09865494978108, -35.07889776552003], [117.09865494978108, -35.053897765520034], [117.07365494978107, -35.053897765520034], [117.07365494978107, -35.07889776552003], [117.09865494978108, -35.07889776552003]]]}, "properties": {"layer": "Slope", "slope_degrees": 0.0, "slope_class": "Low slope", "slope_risk": 12}}, {"type": "Feature", "geometry": {"type": "Polygon", "coordinates": [[[117.12365494978108, -35.07889776552003], [117.12365494978108, -35.053897765520034], [117.09865494978108, -35.053897765520034], [117.09865494978108, -35.07889776552003], [117.12365494978108, -35.07889776552003]]]}, "properties": {"layer": "Slope", "slope_degrees": 0.0, "slope_class": "Low slope", "slope_risk": 12}}, {"type": "Feature", "geometry": {"type": "Polygon", "coordinates": [[[117.14865494978109, -35.07889776552003], [117.14865494978109, -35.053897765520034], [117.12365494978108, -35.053897765520034], [117.12365494978108, -35.07889776552003], [117.14865494978109, -35.07889776552003]]]}, "properties": {"layer": "Slope", "slope_degrees": 0.0, "slope_class": "Low slope", "slope_risk": 12}}, {"type": "Feature", "geometry": {"type": "Polygon", "coordinates": [[[117.1736549497811, -35.07889776552003], [117.1736549497811, -35.053897765520034], [117.14865494978109, -35.053897765520034], [117.14865494978109, -35.07889776552003], [117.1736549497811, -35.07889776552003]]]}, "properties": {"layer": "Slope", "slope_degrees": 0.0, "slope_class": "Low slope", "slope_risk": 12}}, {"type": "Feature", "geometry": {"type": "Polygon", "coordinates": [[[117.1986549497811, -35.07889776552003], [117.1986549497811, -35.053897765520034], [117.1736549497811, -35.053897765520034], [117.1736549497811, -35.07889776552003], [117.1986549497811, -35.07889776552003]]]}, "properties": {"layer": "Slope", "slope_degrees": 0.0, "slope_class": "Low slope", "slope_risk": 12}}, {"type": "Feature", "geometry": {"type": "Polygon", "coordinates": [[[117.2236549497811, -35.07889776552003], [117.2236549497811, -35.053897765520034], [117.1986549497811, -35.053897765520034], [117.1986549497811, -35.07889776552003], [117.2236549497811, -35.07889776552003]]]}, "properties": {"layer": "Slope", "slope_degrees": 0.0, "slope_class": "Low slope", "slope_risk": 12}}, {"type": "Feature", "geometry": {"type": "Polygon", "coordinates": [[[117.24865494978111, -35.07889776552003], [117.24865494978111, -35.053897765520034], [117.2236549497811, -35.053897765520034], [117.2236549497811, -35.07889776552003], [117.24865494978111, -35.07889776552003]]]}, "properties": {"layer": "Slope", "slope_degrees": 0.0, "slope_class": "Low slope", "slope_risk": 12}}, {"type": "Feature", "geometry": {"type": "Polygon", "coordinates": [[[117.27365494978112, -35.07889776552003], [117.27365494978112, -35.053897765520034], [117.24865494978111, -35.053897765520034], [117.24865494978111, -35.07889776552003], [117.27365494978112, -35.07889776552003]]]}, "properties": {"layer": "Slope", "slope_degrees": 0.0, "slope_class": "Low slope", "slope_risk": 12}}, {"type": "Feature", "geometry": {"type": "Polygon", "coordinates": [[[117.29865494978112, -35.07889776552003], [117.29865494978112, -35.053897765520034], [117.27365494978112, -35.053897765520034], [117.27365494978112, -35.07889776552003], [117.29865494978112, -35.07889776552003]]]}, "properties": {"layer": "Slope", "slope_degrees": 0.0, "slope_class": "Low slope", "slope_risk": 12}}, {"type": "Feature", "geometry": {"type": "Polygon", "coordinates": [[[117.32365494978113, -35.07889776552003], [117.32365494978113, -35.053897765520034], [117.29865494978112, -35.053897765520034], [117.29865494978112, -35.07889776552003], [117.32365494978113, -35.07889776552003]]]}, "properties": {"layer": "Slope", "slope_degrees": 0.0, "slope_class": "Low slope", "slope_risk": 12}}, {"type": "Feature", "geometry": {"type": "Polygon", "coordinates": [[[117.34865494978114, -35.07889776552003], [117.34865494978114, -35.053897765520034], [117.32365494978113, -35.053897765520034], [117.32365494978113, -35.07889776552003], [117.34865494978114, -35.07889776552003]]]}, "properties": {"layer": "Slope", "slope_degrees": 0.0, "slope_class": "Low slope", "slope_risk": 12}}, {"type": "Feature", "geometry": {"type": "Polygon", "coordinates": [[[117.37365494978114, -35.07889776552003], [117.37365494978114, -35.053897765520034], [117.34865494978114, -35.053897765520034], [117.34865494978114, -35.07889776552003], [117.37365494978114, -35.07889776552003]]]}, "properties": {"layer": "Slope", "slope_degrees": 0.0, "slope_class": "Low slope", "slope_risk": 12}}, {"type": "Feature", "geometry": {"type": "Polygon", "coordinates": [[[117.39865494978115, -35.07889776552003], [117.39865494978115, -35.053897765520034], [117.37365494978114, -35.053897765520034], [117.37365494978114, -35.07889776552003], [117.39865494978115, -35.07889776552003]]]}, "properties": {"layer": "Slope", "slope_degrees": 0.0, "slope_class": "Low slope", "slope_risk": 12}}, {"type": "Feature", "geometry": {"type": "Polygon", "coordinates": [[[117.42365494978115, -35.07889776552003], [117.42365494978115, -35.053897765520034], [117.39865494978115, -35.053897765520034], [117.39865494978115, -35.07889776552003], [117.42365494978115, -35.07889776552003]]]}, "properties": {"layer": "Slope", "slope_degrees": 0.0, "slope_class": "Low slope", "slope_risk": 12}}, {"type": "Feature", "geometry": {"type": "Polygon", "coordinates": [[[117.44865494978116, -35.07889776552003], [117.44865494978116, -35.053897765520034], [117.42365494978115, -35.053897765520034], [117.42365494978115, -35.07889776552003], [117.44865494978116, -35.07889776552003]]]}, "properties": {"layer": "Slope", "slope_degrees": 0.0, "slope_class": "Low slope", "slope_risk": 12}}, {"type": "Feature", "geometry": {"type": "Polygon", "coordinates": [[[117.47365494978116, -35.07889776552003], [117.47365494978116, -35.053897765520034], [117.44865494978116, -35.053897765520034], [117.44865494978116, -35.07889776552003], [117.47365494978116, -35.07889776552003]]]}, "properties": {"layer": "Slope", "slope_degrees": 0.0, "slope_class": "Low slope", "slope_risk": 12}}, {"type": "Feature", "geometry": {"type": "Polygon", "coordinates": [[[117.49865494978117, -35.07889776552003], [117.49865494978117, -35.053897765520034], [117.47365494978116, -35.053897765520034], [117.47365494978116, -35.07889776552003], [117.49865494978117, -35.07889776552003]]]}, "properties": {"layer": "Slope", "slope_degrees": 12.84, "slope_class": "Moderate slope", "slope_risk": 42}}, {"type": "Feature", "geometry": {"type": "Polygon", "coordinates": [[[117.52365494978118, -35.07889776552003], [117.52365494978118, -35.053897765520034], [117.49865494978117, -35.053897765520034], [117.49865494978117, -35.07889776552003], [117.52365494978118, -35.07889776552003]]]}, "properties": {"layer": "Slope", "slope_degrees": 2.41, "slope_class": "Low slope", "slope_risk": 12}}, {"type": "Feature", "geometry": {"type": "Polygon", "coordinates": [[[117.54865494978118, -35.07889776552003], [117.54865494978118, -35.053897765520034], [117.52365494978118, -35.053897765520034], [117.52365494978118, -35.07889776552003], [117.54865494978118, -35.07889776552003]]]}, "properties": {"layer": "Slope", "slope_degrees": 7.46, "slope_class": "Moderate slope", "slope_risk": 21}}, {"type": "Feature", "geometry": {"type": "Polygon", "coordinates": [[[117.57365494978119, -35.07889776552003], [117.57365494978119, -35.053897765520034], [117.54865494978118, -35.053897765520034], [117.54865494978118, -35.07889776552003], [117.57365494978119, -35.07889776552003]]]}, "properties": {"layer": "Slope", "slope_degrees": 7.74, "slope_class": "Moderate slope", "slope_risk": 22}}, {"type": "Feature", "geometry": {"type": "Polygon", "coordinates": [[[117.59865494978119, -35.07889776552003], [117.59865494978119, -35.053897765520034], [117.57365494978119, -35.053897765520034], [117.57365494978119, -35.07889776552003], [117.59865494978119, -35.07889776552003]]]}, "properties": {"layer": "Slope", "slope_degrees": 7.9, "slope_class": "Moderate slope", "slope_risk": 23}}, {"type": "Feature", "geometry": {"type": "Polygon", "coordinates": [[[117.6236549497812, -35.07889776552003], [117.6236549497812, -35.053897765520034], [117.59865494978119, -35.053897765520034], [117.59865494978119, -35.07889776552003], [117.6236549497812, -35.07889776552003]]]}, "properties": {"layer": "Slope", "slope_degrees": 2.34, "slope_class": "Low slope", "slope_risk": 12}}, {"type": "Feature", "geometry": {"type": "Polygon", "coordinates": [[[117.6486549497812, -35.07889776552003], [117.6486549497812, -35.053897765520034], [117.6236549497812, -35.053897765520034], [117.6236549497812, -35.07889776552003], [117.6486549497812, -35.07889776552003]]]}, "properties": {"layer": "Slope", "slope_degrees": 1.41, "slope_class": "Low slope", "slope_risk": 12}}, {"type": "Feature", "geometry": {"type": "Polygon", "coordinates": [[[117.67365494978121, -35.07889776552003], [117.67365494978121, -35.053897765520034], [117.6486549497812, -35.053897765520034], [117.6486549497812, -35.07889776552003], [117.67365494978121, -35.07889776552003]]]}, "properties": {"layer": "Slope", "slope_degrees": 0.0, "slope_class": "Low slope", "slope_risk": 12}}, {"type": "Feature", "geometry": {"type": "Polygon", "coordinates": [[[117.69865494978121, -35.07889776552003], [117.69865494978121, -35.053897765520034], [117.67365494978121, -35.053897765520034], [117.67365494978121, -35.07889776552003], [117.69865494978121, -35.07889776552003]]]}, "properties": {"layer": "Slope", "slope_degrees": 0.0, "slope_class": "Low slope", "slope_risk": 12}}, {"type": "Feature", "geometry": {"type": "Polygon", "coordinates": [[[117.72365494978122, -35.07889776552003], [117.72365494978122, -35.053897765520034], [117.69865494978121, -35.053897765520034], [117.69865494978121, -35.07889776552003], [117.72365494978122, -35.07889776552003]]]}, "properties": {"layer": "Slope", "slope_degrees": 0.0, "slope_class": "Low slope", "slope_risk": 12}}, {"type": "Feature", "geometry": {"type": "Polygon", "coordinates": [[[117.74865494978123, -35.07889776552003], [117.74865494978123, -35.053897765520034], [117.72365494978122, -35.053897765520034], [117.72365494978122, -35.07889776552003], [117.74865494978123, -35.07889776552003]]]}, "properties": {"layer": "Slope", "slope_degrees": 0.0, "slope_class": "Low slope", "slope_risk": 12}}, {"type": "Feature", "geometry": {"type": "Polygon", "coordinates": [[[117.77365494978123, -35.07889776552003], [117.77365494978123, -35.053897765520034], [117.74865494978123, -35.053897765520034], [117.74865494978123, -35.07889776552003], [117.77365494978123, -35.07889776552003]]]}, "properties": {"layer": "Slope", "slope_degrees": 0.0, "slope_class": "Low slope", "slope_risk": 12}}, {"type": "Feature", "geometry": {"type": "Polygon", "coordinates": [[[117.79865494978124, -35.07889776552003], [117.79865494978124, -35.053897765520034], [117.77365494978123, -35.053897765520034], [117.77365494978123, -35.07889776552003], [117.79865494978124, -35.07889776552003]]]}, "properties": {"layer": "Slope", "slope_degrees": 0.0, "slope_class": "Low slope", "slope_risk": 12}}, {"type": "Feature", "geometry": {"type": "Polygon", "coordinates": [[[117.82365494978124, -35.07889776552003], [117.82365494978124, -35.053897765520034], [117.79865494978124, -35.053897765520034], [117.79865494978124, -35.07889776552003], [117.82365494978124, -35.07889776552003]]]}, "properties": {"layer": "Slope", "slope_degrees": 2.43, "slope_class": "Low slope", "slope_risk": 12}}, {"type": "Feature", "geometry": {"type": "Polygon", "coordinates": [[[117.84865494978125, -35.07889776552003], [117.84865494978125, -35.053897765520034], [117.82365494978124, -35.053897765520034], [117.82365494978124, -35.07889776552003], [117.84865494978125, -35.07889776552003]]]}, "properties": {"layer": "Slope", "slope_degrees": 6.51, "slope_class": "Moderate slope", "slope_risk": 18}}, {"type": "Feature", "geometry": {"type": "Polygon", "coordinates": [[[117.87365494978125, -35.07889776552003], [117.87365494978125, -35.053897765520034], [117.84865494978125, -35.053897765520034], [117.84865494978125, -35.07889776552003], [117.87365494978125, -35.07889776552003]]]}, "properties": {"layer": "Slope", "slope_degrees": 1.93, "slope_class": "Low slope", "slope_risk": 12}}, {"type": "Feature", "geometry": {"type": "Polygon", "coordinates": [[[117.89865494978126, -35.07889776552003], [117.89865494978126, -35.053897765520034], [117.87365494978125, -35.053897765520034], [117.87365494978125, -35.07889776552003], [117.89865494978126, -35.07889776552003]]]}, "properties": {"layer": "Slope", "slope_degrees": 0.0, "slope_class": "Low slope", "slope_risk": 12}}, {"type": "Feature", "geometry": {"type": "Polygon", "coordinates": [[[117.92365494978127, -35.07889776552003], [117.92365494978127, -35.053897765520034], [117.89865494978126, -35.053897765520034], [117.89865494978126, -35.07889776552003], [117.92365494978127, -35.07889776552003]]]}, "properties": {"layer": "Slope", "slope_degrees": 0.0, "slope_class": "Low slope", "slope_risk": 12}}, {"type": "Feature", "geometry": {"type": "Polygon", "coordinates": [[[117.94865494978127, -35.07889776552003], [117.94865494978127, -35.053897765520034], [117.92365494978127, -35.053897765520034], [117.92365494978127, -35.07889776552003], [117.94865494978127, -35.07889776552003]]]}, "properties": {"layer": "Slope", "slope_degrees": 0.0, "slope_class": "Low slope", "slope_risk": 12}}, {"type": "Feature", "geometry": {"type": "Polygon", "coordinates": [[[117.97365494978128, -35.07889776552003], [117.97365494978128, -35.053897765520034], [117.94865494978127, -35.053897765520034], [117.94865494978127, -35.07889776552003], [117.97365494978128, -35.07889776552003]]]}, "properties": {"layer": "Slope", "slope_degrees": 0.0, "slope_class": "Low slope", "slope_risk": 12}}, {"type": "Feature", "geometry": {"type": "Polygon", "coordinates": [[[117.99865494978128, -35.07889776552003], [117.99865494978128, -35.053897765520034], [117.97365494978128, -35.053897765520034], [117.97365494978128, -35.07889776552003], [117.99865494978128, -35.07889776552003]]]}, "properties": {"layer": "Slope", "slope_degrees": 0.0, "slope_class": "Low slope", "slope_risk": 12}}, {"type": "Feature", "geometry": {"type": "Polygon", "coordinates": [[[116.92365494978104, -35.053897765520034], [116.92365494978104, -35.028897765520036], [116.89865494978103, -35.028897765520036], [116.89865494978103, -35.053897765520034], [116.92365494978104, -35.053897765520034]]]}, "properties": {"layer": "Slope", "slope_degrees": 1.3, "slope_class": "Low slope", "slope_risk": 12}}, {"type": "Feature", "geometry": {"type": "Polygon", "coordinates": [[[116.94865494978104, -35.053897765520034], [116.94865494978104, -35.028897765520036], [116.92365494978104, -35.028897765520036], [116.92365494978104, -35.053897765520034], [116.94865494978104, -35.053897765520034]]]}, "properties": {"layer": "Slope", "slope_degrees": 0.0, "slope_class": "Low slope", "slope_risk": 12}}, {"type": "Feature", "geometry": {"type": "Polygon", "coordinates": [[[116.97365494978105, -35.053897765520034], [116.97365494978105, -35.028897765520036], [116.94865494978104, -35.028897765520036], [116.94865494978104, -35.053897765520034], [116.97365494978105, -35.053897765520034]]]}, "properties": {"layer": "Slope", "slope_degrees": 0.0, "slope_class": "Low slope", "slope_risk": 12}}, {"type": "Feature", "geometry": {"type": "Polygon", "coordinates": [[[116.99865494978106, -35.053897765520034], [116.99865494978106, -35.028897765520036], [116.97365494978105, -35.028897765520036], [116.97365494978105, -35.053897765520034], [116.99865494978106, -35.053897765520034]]]}, "properties": {"layer": "Slope", "slope_degrees": 0.0, "slope_class": "Low slope", "slope_risk": 12}}, {"type": "Feature", "geometry": {"type": "Polygon", "coordinates": [[[117.02365494978106, -35.053897765520034], [117.02365494978106, -35.028897765520036], [116.99865494978106, -35.028897765520036], [116.99865494978106, -35.053897765520034], [117.02365494978106, -35.053897765520034]]]}, "properties": {"layer": "Slope", "slope_degrees": 0.0, "slope_class": "Low slope", "slope_risk": 12}}, {"type": "Feature", "geometry": {"type": "Polygon", "coordinates": [[[117.04865494978107, -35.053897765520034], [117.04865494978107, -35.028897765520036], [117.02365494978106, -35.028897765520036], [117.02365494978106, -35.053897765520034], [117.04865494978107, -35.053897765520034]]]}, "properties": {"layer": "Slope", "slope_degrees": 0.0, "slope_class": "Low slope", "slope_risk": 12}}, {"type": "Feature", "geometry": {"type": "Polygon", "coordinates": [[[117.07365494978107, -35.053897765520034], [117.07365494978107, -35.028897765520036], [117.04865494978107, -35.028897765520036], [117.04865494978107, -35.053897765520034], [117.07365494978107, -35.053897765520034]]]}, "properties": {"layer": "Slope", "slope_degrees": 0.0, "slope_class": "Low slope", "slope_risk": 12}}, {"type": "Feature", "geometry": {"type": "Polygon", "coordinates": [[[117.09865494978108, -35.053897765520034], [117.09865494978108, -35.028897765520036], [117.07365494978107, -35.028897765520036], [117.07365494978107, -35.053897765520034], [117.09865494978108, -35.053897765520034]]]}, "properties": {"layer": "Slope", "slope_degrees": 0.0, "slope_class": "Low slope", "slope_risk": 12}}, {"type": "Feature", "geometry": {"type": "Polygon", "coordinates": [[[117.12365494978108, -35.053897765520034], [117.12365494978108, -35.028897765520036], [117.09865494978108, -35.028897765520036], [117.09865494978108, -35.053897765520034], [117.12365494978108, -35.053897765520034]]]}, "properties": {"layer": "Slope", "slope_degrees": 0.0, "slope_class": "Low slope", "slope_risk": 12}}, {"type": "Feature", "geometry": {"type": "Polygon", "coordinates": [[[117.14865494978109, -35.053897765520034], [117.14865494978109, -35.028897765520036], [117.12365494978108, -35.028897765520036], [117.12365494978108, -35.053897765520034], [117.14865494978109, -35.053897765520034]]]}, "properties": {"layer": "Slope", "slope_degrees": 12.27, "slope_class": "Moderate slope", "slope_risk": 40}}, {"type": "Feature", "geometry": {"type": "Polygon", "coordinates": [[[117.1736549497811, -35.053897765520034], [117.1736549497811, -35.028897765520036], [117.14865494978109, -35.028897765520036], [117.14865494978109, -35.053897765520034], [117.1736549497811, -35.053897765520034]]]}, "properties": {"layer": "Slope", "slope_degrees": 1.7, "slope_class": "Low slope", "slope_risk": 12}}, {"type": "Feature", "geometry": {"type": "Polygon", "coordinates": [[[117.1986549497811, -35.053897765520034], [117.1986549497811, -35.028897765520036], [117.1736549497811, -35.028897765520036], [117.1736549497811, -35.053897765520034], [117.1986549497811, -35.053897765520034]]]}, "properties": {"layer": "Slope", "slope_degrees": 0.0, "slope_class": "Low slope", "slope_risk": 12}}, {"type": "Feature", "geometry": {"type": "Polygon", "coordinates": [[[117.2236549497811, -35.053897765520034], [117.2236549497811, -35.028897765520036], [117.1986549497811, -35.028897765520036], [117.1986549497811, -35.053897765520034], [117.2236549497811, -35.053897765520034]]]}, "properties": {"layer": "Slope", "slope_degrees": 0.0, "slope_class": "Low slope", "slope_risk": 12}}, {"type": "Feature", "geometry": {"type": "Polygon", "coordinates": [[[117.24865494978111, -35.053897765520034], [117.24865494978111, -35.028897765520036], [117.2236549497811, -35.028897765520036], [117.2236549497811, -35.053897765520034], [117.24865494978111, -35.053897765520034]]]}, "properties": {"layer": "Slope", "slope_degrees": 0.0, "slope_class": "Low slope", "slope_risk": 12}}, {"type": "Feature", "geometry": {"type": "Polygon", "coordinates": [[[117.27365494978112, -35.053897765520034], [117.27365494978112, -35.028897765520036], [117.24865494978111, -35.028897765520036], [117.24865494978111, -35.053897765520034], [117.27365494978112, -35.053897765520034]]]}, "properties": {"layer": "Slope", "slope_degrees": 0.0, "slope_class": "Low slope", "slope_risk": 12}}, {"type": "Feature", "geometry": {"type": "Polygon", "coordinates": [[[117.29865494978112, -35.053897765520034], [117.29865494978112, -35.028897765520036], [117.27365494978112, -35.028897765520036], [117.27365494978112, -35.053897765520034], [117.29865494978112, -35.053897765520034]]]}, "properties": {"layer": "Slope", "slope_degrees": 0.0, "slope_class": "Low slope", "slope_risk": 12}}, {"type": "Feature", "geometry": {"type": "Polygon", "coordinates": [[[117.32365494978113, -35.053897765520034], [117.32365494978113, -35.028897765520036], [117.29865494978112, -35.028897765520036], [117.29865494978112, -35.053897765520034], [117.32365494978113, -35.053897765520034]]]}, "properties": {"layer": "Slope", "slope_degrees": 0.0, "slope_class": "Low slope", "slope_risk": 12}}, {"type": "Feature", "geometry": {"type": "Polygon", "coordinates": [[[117.34865494978114, -35.053897765520034], [117.34865494978114, -35.028897765520036], [117.32365494978113, -35.028897765520036], [117.32365494978113, -35.053897765520034], [117.34865494978114, -35.053897765520034]]]}, "properties": {"layer": "Slope", "slope_degrees": 0.0, "slope_class": "Low slope", "slope_risk": 12}}, {"type": "Feature", "geometry": {"type": "Polygon", "coordinates": [[[117.37365494978114, -35.053897765520034], [117.37365494978114, -35.028897765520036], [117.34865494978114, -35.028897765520036], [117.34865494978114, -35.053897765520034], [117.37365494978114, -35.053897765520034]]]}, "properties": {"layer": "Slope", "slope_degrees": 0.0, "slope_class": "Low slope", "slope_risk": 12}}, {"type": "Feature", "geometry": {"type": "Polygon", "coordinates": [[[117.39865494978115, -35.053897765520034], [117.39865494978115, -35.028897765520036], [117.37365494978114, -35.028897765520036], [117.37365494978114, -35.053897765520034], [117.39865494978115, -35.053897765520034]]]}, "properties": {"layer": "Slope", "slope_degrees": 0.0, "slope_class": "Low slope", "slope_risk": 12}}, {"type": "Feature", "geometry": {"type": "Polygon", "coordinates": [[[117.42365494978115, -35.053897765520034], [117.42365494978115, -35.028897765520036], [117.39865494978115, -35.028897765520036], [117.39865494978115, -35.053897765520034], [117.42365494978115, -35.053897765520034]]]}, "properties": {"layer": "Slope", "slope_degrees": 0.0, "slope_class": "Low slope", "slope_risk": 12}}, {"type": "Feature", "geometry": {"type": "Polygon", "coordinates": [[[117.44865494978116, -35.053897765520034], [117.44865494978116, -35.028897765520036], [117.42365494978115, -35.028897765520036], [117.42365494978115, -35.053897765520034], [117.44865494978116, -35.053897765520034]]]}, "properties": {"layer": "Slope", "slope_degrees": 10.2, "slope_class": "Moderate slope", "slope_risk": 32}}, {"type": "Feature", "geometry": {"type": "Polygon", "coordinates": [[[117.47365494978116, -35.053897765520034], [117.47365494978116, -35.028897765520036], [117.44865494978116, -35.028897765520036], [117.44865494978116, -35.053897765520034], [117.47365494978116, -35.053897765520034]]]}, "properties": {"layer": "Slope", "slope_degrees": 4.86, "slope_class": "Low slope", "slope_risk": 12}}, {"type": "Feature", "geometry": {"type": "Polygon", "coordinates": [[[117.49865494978117, -35.053897765520034], [117.49865494978117, -35.028897765520036], [117.47365494978116, -35.028897765520036], [117.47365494978116, -35.053897765520034], [117.49865494978117, -35.053897765520034]]]}, "properties": {"layer": "Slope", "slope_degrees": 0.46, "slope_class": "Low slope", "slope_risk": 12}}, {"type": "Feature", "geometry": {"type": "Polygon", "coordinates": [[[117.52365494978118, -35.053897765520034], [117.52365494978118, -35.028897765520036], [117.49865494978117, -35.028897765520036], [117.49865494978117, -35.053897765520034], [117.52365494978118, -35.053897765520034]]]}, "properties": {"layer": "Slope", "slope_degrees": 9.44, "slope_class": "Moderate slope", "slope_risk": 29}}, {"type": "Feature", "geometry": {"type": "Polygon", "coordinates": [[[117.54865494978118, -35.053897765520034], [117.54865494978118, -35.028897765520036], [117.52365494978118, -35.028897765520036], [117.52365494978118, -35.053897765520034], [117.54865494978118, -35.053897765520034]]]}, "properties": {"layer": "Slope", "slope_degrees": 2.97, "slope_class": "Low slope", "slope_risk": 12}}, {"type": "Feature", "geometry": {"type": "Polygon", "coordinates": [[[117.57365494978119, -35.053897765520034], [117.57365494978119, -35.028897765520036], [117.54865494978118, -35.028897765520036], [117.54865494978118, -35.053897765520034], [117.57365494978119, -35.053897765520034]]]}, "properties": {"layer": "Slope", "slope_degrees": 0.99, "slope_class": "Low slope", "slope_risk": 12}}, {"type": "Feature", "geometry": {"type": "Polygon", "coordinates": [[[117.59865494978119, -35.053897765520034], [117.59865494978119, -35.028897765520036], [117.57365494978119, -35.028897765520036], [117.57365494978119, -35.053897765520034], [117.59865494978119, -35.053897765520034]]]}, "properties": {"layer": "Slope", "slope_degrees": 7.43, "slope_class": "Moderate slope", "slope_risk": 21}}, {"type": "Feature", "geometry": {"type": "Polygon", "coordinates": [[[117.6236549497812, -35.053897765520034], [117.6236549497812, -35.028897765520036], [117.59865494978119, -35.028897765520036], [117.59865494978119, -35.053897765520034], [117.6236549497812, -35.053897765520034]]]}, "properties": {"layer": "Slope", "slope_degrees": 3.91, "slope_class": "Low slope", "slope_risk": 12}}, {"type": "Feature", "geometry": {"type": "Polygon", "coordinates": [[[117.6486549497812, -35.053897765520034], [117.6486549497812, -35.028897765520036], [117.6236549497812, -35.028897765520036], [117.6236549497812, -35.053897765520034], [117.6486549497812, -35.053897765520034]]]}, "properties": {"layer": "Slope", "slope_degrees": 3.89, "slope_class": "Low slope", "slope_risk": 12}}, {"type": "Feature", "geometry": {"type": "Polygon", "coordinates": [[[117.67365494978121, -35.053897765520034], [117.67365494978121, -35.028897765520036], [117.6486549497812, -35.028897765520036], [117.6486549497812, -35.053897765520034], [117.67365494978121, -35.053897765520034]]]}, "properties": {"layer": "Slope", "slope_degrees": 2.54, "slope_class": "Low slope", "slope_risk": 12}}, {"type": "Feature", "geometry": {"type": "Polygon", "coordinates": [[[117.69865494978121, -35.053897765520034], [117.69865494978121, -35.028897765520036], [117.67365494978121, -35.028897765520036], [117.67365494978121, -35.053897765520034], [117.69865494978121, -35.053897765520034]]]}, "properties": {"layer": "Slope", "slope_degrees": 4.61, "slope_class": "Low slope", "slope_risk": 12}}, {"type": "Feature", "geometry": {"type": "Polygon", "coordinates": [[[117.72365494978122, -35.053897765520034], [117.72365494978122, -35.028897765520036], [117.69865494978121, -35.028897765520036], [117.69865494978121, -35.053897765520034], [117.72365494978122, -35.053897765520034]]]}, "properties": {"layer": "Slope", "slope_degrees": 13.69, "slope_class": "Moderate slope", "slope_risk": 45}}, {"type": "Feature", "geometry": {"type": "Polygon", "coordinates": [[[117.74865494978123, -35.053897765520034], [117.74865494978123, -35.028897765520036], [117.72365494978122, -35.028897765520036], [117.72365494978122, -35.053897765520034], [117.74865494978123, -35.053897765520034]]]}, "properties": {"layer": "Slope", "slope_degrees": 3.46, "slope_class": "Low slope", "slope_risk": 12}}, {"type": "Feature", "geometry": {"type": "Polygon", "coordinates": [[[117.77365494978123, -35.053897765520034], [117.77365494978123, -35.028897765520036], [117.74865494978123, -35.028897765520036], [117.74865494978123, -35.053897765520034], [117.77365494978123, -35.053897765520034]]]}, "properties": {"layer": "Slope", "slope_degrees": 7.45, "slope_class": "Moderate slope", "slope_risk": 21}}, {"type": "Feature", "geometry": {"type": "Polygon", "coordinates": [[[117.79865494978124, -35.053897765520034], [117.79865494978124, -35.028897765520036], [117.77365494978123, -35.028897765520036], [117.77365494978123, -35.053897765520034], [117.79865494978124, -35.053897765520034]]]}, "properties": {"layer": "Slope", "slope_degrees": 3.29, "slope_class": "Low slope", "slope_risk": 12}}, {"type": "Feature", "geometry": {"type": "Polygon", "coordinates": [[[117.82365494978124, -35.053897765520034], [117.82365494978124, -35.028897765520036], [117.79865494978124, -35.028897765520036], [117.79865494978124, -35.053897765520034], [117.82365494978124, -35.053897765520034]]]}, "properties": {"layer": "Slope", "slope_degrees": 1.11, "slope_class": "Low slope", "slope_risk": 12}}, {"type": "Feature", "geometry": {"type": "Polygon", "coordinates": [[[117.84865494978125, -35.053897765520034], [117.84865494978125, -35.028897765520036], [117.82365494978124, -35.028897765520036], [117.82365494978124, -35.053897765520034], [117.84865494978125, -35.053897765520034]]]}, "properties": {"layer": "Slope", "slope_degrees": 2.32, "slope_class": "Low slope", "slope_risk": 12}}, {"type": "Feature", "geometry": {"type": "Polygon", "coordinates": [[[117.87365494978125, -35.053897765520034], [117.87365494978125, -35.028897765520036], [117.84865494978125, -35.028897765520036], [117.84865494978125, -35.053897765520034], [117.87365494978125, -35.053897765520034]]]}, "properties": {"layer": "Slope", "slope_degrees": 0.0, "slope_class": "Low slope", "slope_risk": 12}}, {"type": "Feature", "geometry": {"type": "Polygon", "coordinates": [[[117.89865494978126, -35.053897765520034], [117.89865494978126, -35.028897765520036], [117.87365494978125, -35.028897765520036], [117.87365494978125, -35.053897765520034], [117.89865494978126, -35.053897765520034]]]}, "properties": {"layer": "Slope", "slope_degrees": 0.0, "slope_class": "Low slope", "slope_risk": 12}}, {"type": "Feature", "geometry": {"type": "Polygon", "coordinates": [[[117.92365494978127, -35.053897765520034], [117.92365494978127, -35.028897765520036], [117.89865494978126, -35.028897765520036], [117.89865494978126, -35.053897765520034], [117.92365494978127, -35.053897765520034]]]}, "properties": {"layer": "Slope", "slope_degrees": 0.0, "slope_class": "Low slope", "slope_risk": 12}}, {"type": "Feature", "geometry": {"type": "Polygon", "coordinates": [[[117.94865494978127, -35.053897765520034], [117.94865494978127, -35.028897765520036], [117.92365494978127, -35.028897765520036], [117.92365494978127, -35.053897765520034], [117.94865494978127, -35.053897765520034]]]}, "properties": {"layer": "Slope", "slope_degrees": 0.0, "slope_class": "Low slope", "slope_risk": 12}}, {"type": "Feature", "geometry": {"type": "Polygon", "coordinates": [[[117.97365494978128, -35.053897765520034], [117.97365494978128, -35.028897765520036], [117.94865494978127, -35.028897765520036], [117.94865494978127, -35.053897765520034], [117.97365494978128, -35.053897765520034]]]}, "properties": {"layer": "Slope", "slope_degrees": 0.0, "slope_class": "Low slope", "slope_risk": 12}}, {"type": "Feature", "geometry": {"type": "Polygon", "coordinates": [[[117.99865494978128, -35.053897765520034], [117.99865494978128, -35.028897765520036], [117.97365494978128, -35.028897765520036], [117.97365494978128, -35.053897765520034], [117.99865494978128, -35.053897765520034]]]}, "properties": {"layer": "Slope", "slope_degrees": 0.0, "slope_class": "Low slope", "slope_risk": 12}}, {"type": "Feature", "geometry": {"type": "Polygon", "coordinates": [[[116.92365494978104, -35.028897765520036], [116.92365494978104, -35.00389776552004], [116.89865494978103, -35.00389776552004], [116.89865494978103, -35.028897765520036], [116.92365494978104, -35.028897765520036]]]}, "properties": {"layer": "Slope", "slope_degrees": 2.17, "slope_class": "Low slope", "slope_risk": 12}}, {"type": "Feature", "geometry": {"type": "Polygon", "coordinates": [[[116.94865494978104, -35.028897765520036], [116.94865494978104, -35.00389776552004], [116.92365494978104, -35.00389776552004], [116.92365494978104, -35.028897765520036], [116.94865494978104, -35.028897765520036]]]}, "properties": {"layer": "Slope", "slope_degrees": 0.99, "slope_class": "Low slope", "slope_risk": 12}}, {"type": "Feature", "geometry": {"type": "Polygon", "coordinates": [[[116.97365494978105, -35.028897765520036], [116.97365494978105, -35.00389776552004], [116.94865494978104, -35.00389776552004], [116.94865494978104, -35.028897765520036], [116.97365494978105, -35.028897765520036]]]}, "properties": {"layer": "Slope", "slope_degrees": 2.55, "slope_class": "Low slope", "slope_risk": 12}}, {"type": "Feature", "geometry": {"type": "Polygon", "coordinates": [[[116.99865494978106, -35.028897765520036], [116.99865494978106, -35.00389776552004], [116.97365494978105, -35.00389776552004], [116.97365494978105, -35.028897765520036], [116.99865494978106, -35.028897765520036]]]}, "properties": {"layer": "Slope", "slope_degrees": 2.13, "slope_class": "Low slope", "slope_risk": 12}}, {"type": "Feature", "geometry": {"type": "Polygon", "coordinates": [[[117.02365494978106, -35.028897765520036], [117.02365494978106, -35.00389776552004], [116.99865494978106, -35.00389776552004], [116.99865494978106, -35.028897765520036], [117.02365494978106, -35.028897765520036]]]}, "properties": {"layer": "Slope", "slope_degrees": 1.7, "slope_class": "Low slope", "slope_risk": 12}}, {"type": "Feature", "geometry": {"type": "Polygon", "coordinates": [[[117.04865494978107, -35.028897765520036], [117.04865494978107, -35.00389776552004], [117.02365494978106, -35.00389776552004], [117.02365494978106, -35.028897765520036], [117.04865494978107, -35.028897765520036]]]}, "properties": {"layer": "Slope", "slope_degrees": 4.67, "slope_class": "Low slope", "slope_risk": 12}}, {"type": "Feature", "geometry": {"type": "Polygon", "coordinates": [[[117.07365494978107, -35.028897765520036], [117.07365494978107, -35.00389776552004], [117.04865494978107, -35.00389776552004], [117.04865494978107, -35.028897765520036], [117.07365494978107, -35.028897765520036]]]}, "properties": {"layer": "Slope", "slope_degrees": 1.46, "slope_class": "Low slope", "slope_risk": 12}}, {"type": "Feature", "geometry": {"type": "Polygon", "coordinates": [[[117.09865494978108, -35.028897765520036], [117.09865494978108, -35.00389776552004], [117.07365494978107, -35.00389776552004], [117.07365494978107, -35.028897765520036], [117.09865494978108, -35.028897765520036]]]}, "properties": {"layer": "Slope", "slope_degrees": 0.0, "slope_class": "Low slope", "slope_risk": 12}}, {"type": "Feature", "geometry": {"type": "Polygon", "coordinates": [[[117.12365494978108, -35.028897765520036], [117.12365494978108, -35.00389776552004], [117.09865494978108, -35.00389776552004], [117.09865494978108, -35.028897765520036], [117.12365494978108, -35.028897765520036]]]}, "properties": {"layer": "Slope", "slope_degrees": 1.51, "slope_class": "Low slope", "slope_risk": 12}}, {"type": "Feature", "geometry": {"type": "Polygon", "coordinates": [[[117.14865494978109, -35.028897765520036], [117.14865494978109, -35.00389776552004], [117.12365494978108, -35.00389776552004], [117.12365494978108, -35.028897765520036], [117.14865494978109, -35.028897765520036]]]}, "properties": {"layer": "Slope", "slope_degrees": 2.03, "slope_class": "Low slope", "slope_risk": 12}}, {"type": "Feature", "geometry": {"type": "Polygon", "coordinates": [[[117.1736549497811, -35.028897765520036], [117.1736549497811, -35.00389776552004], [117.14865494978109, -35.00389776552004], [117.14865494978109, -35.028897765520036], [117.1736549497811, -35.028897765520036]]]}, "properties": {"layer": "Slope", "slope_degrees": 1.16, "slope_class": "Low slope", "slope_risk": 12}}, {"type": "Feature", "geometry": {"type": "Polygon", "coordinates": [[[117.1986549497811, -35.028897765520036], [117.1986549497811, -35.00389776552004], [117.1736549497811, -35.00389776552004], [117.1736549497811, -35.028897765520036], [117.1986549497811, -35.028897765520036]]]}, "properties": {"layer": "Slope", "slope_degrees": 1.1, "slope_class": "Low slope", "slope_risk": 12}}, {"type": "Feature", "geometry": {"type": "Polygon", "coordinates": [[[117.2236549497811, -35.028897765520036], [117.2236549497811, -35.00389776552004], [117.1986549497811, -35.00389776552004], [117.1986549497811, -35.028897765520036], [117.2236549497811, -35.028897765520036]]]}, "properties": {"layer": "Slope", "slope_degrees": 3.12, "slope_class": "Low slope", "slope_risk": 12}}, {"type": "Feature", "geometry": {"type": "Polygon", "coordinates": [[[117.24865494978111, -35.028897765520036], [117.24865494978111, -35.00389776552004], [117.2236549497811, -35.00389776552004], [117.2236549497811, -35.028897765520036], [117.24865494978111, -35.028897765520036]]]}, "properties": {"layer": "Slope", "slope_degrees": 15.31, "slope_class": "Steep slope", "slope_risk": 51}}, {"type": "Feature", "geometry": {"type": "Polygon", "coordinates": [[[117.27365494978112, -35.028897765520036], [117.27365494978112, -35.00389776552004], [117.24865494978111, -35.00389776552004], [117.24865494978111, -35.028897765520036], [117.27365494978112, -35.028897765520036]]]}, "properties": {"layer": "Slope", "slope_degrees": 8.34, "slope_class": "Moderate slope", "slope_risk": 25}}, {"type": "Feature", "geometry": {"type": "Polygon", "coordinates": [[[117.29865494978112, -35.028897765520036], [117.29865494978112, -35.00389776552004], [117.27365494978112, -35.00389776552004], [117.27365494978112, -35.028897765520036], [117.29865494978112, -35.028897765520036]]]}, "properties": {"layer": "Slope", "slope_degrees": 0.87, "slope_class": "Low slope", "slope_risk": 12}}, {"type": "Feature", "geometry": {"type": "Polygon", "coordinates": [[[117.32365494978113, -35.028897765520036], [117.32365494978113, -35.00389776552004], [117.29865494978112, -35.00389776552004], [117.29865494978112, -35.028897765520036], [117.32365494978113, -35.028897765520036]]]}, "properties": {"layer": "Slope", "slope_degrees": 3.41, "slope_class": "Low slope", "slope_risk": 12}}, {"type": "Feature", "geometry": {"type": "Polygon", "coordinates": [[[117.34865494978114, -35.028897765520036], [117.34865494978114, -35.00389776552004], [117.32365494978113, -35.00389776552004], [117.32365494978113, -35.028897765520036], [117.34865494978114, -35.028897765520036]]]}, "properties": {"layer": "Slope", "slope_degrees": 0.33, "slope_class": "Low slope", "slope_risk": 12}}, {"type": "Feature", "geometry": {"type": "Polygon", "coordinates": [[[117.37365494978114, -35.028897765520036], [117.37365494978114, -35.00389776552004], [117.34865494978114, -35.00389776552004], [117.34865494978114, -35.028897765520036], [117.37365494978114, -35.028897765520036]]]}, "properties": {"layer": "Slope", "slope_degrees": 3.27, "slope_class": "Low slope", "slope_risk": 12}}, {"type": "Feature", "geometry": {"type": "Polygon", "coordinates": [[[117.39865494978115, -35.028897765520036], [117.39865494978115, -35.00389776552004], [117.37365494978114, -35.00389776552004], [117.37365494978114, -35.028897765520036], [117.39865494978115, -35.028897765520036]]]}, "properties": {"layer": "Slope", "slope_degrees": 4.88, "slope_class": "Low slope", "slope_risk": 12}}, {"type": "Feature", "geometry": {"type": "Polygon", "coordinates": [[[117.42365494978115, -35.028897765520036], [117.42365494978115, -35.00389776552004], [117.39865494978115, -35.00389776552004], [117.39865494978115, -35.028897765520036], [117.42365494978115, -35.028897765520036]]]}, "properties": {"layer": "Slope", "slope_degrees": 2.56, "slope_class": "Low slope", "slope_risk": 12}}, {"type": "Feature", "geometry": {"type": "Polygon", "coordinates": [[[117.44865494978116, -35.028897765520036], [117.44865494978116, -35.00389776552004], [117.42365494978115, -35.00389776552004], [117.42365494978115, -35.028897765520036], [117.44865494978116, -35.028897765520036]]]}, "properties": {"layer": "Slope", "slope_degrees": 0.0, "slope_class": "Low slope", "slope_risk": 12}}, {"type": "Feature", "geometry": {"type": "Polygon", "coordinates": [[[117.47365494978116, -35.028897765520036], [117.47365494978116, -35.00389776552004], [117.44865494978116, -35.00389776552004], [117.44865494978116, -35.028897765520036], [117.47365494978116, -35.028897765520036]]]}, "properties": {"layer": "Slope", "slope_degrees": 0.0, "slope_class": "Low slope", "slope_risk": 12}}, {"type": "Feature", "geometry": {"type": "Polygon", "coordinates": [[[117.49865494978117, -35.028897765520036], [117.49865494978117, -35.00389776552004], [117.47365494978116, -35.00389776552004], [117.47365494978116, -35.028897765520036], [117.49865494978117, -35.028897765520036]]]}, "properties": {"layer": "Slope", "slope_degrees": 3.54, "slope_class": "Low slope", "slope_risk": 12}}, {"type": "Feature", "geometry": {"type": "Polygon", "coordinates": [[[117.52365494978118, -35.028897765520036], [117.52365494978118, -35.00389776552004], [117.49865494978117, -35.00389776552004], [117.49865494978117, -35.028897765520036], [117.52365494978118, -35.028897765520036]]]}, "properties": {"layer": "Slope", "slope_degrees": 3.41, "slope_class": "Low slope", "slope_risk": 12}}, {"type": "Feature", "geometry": {"type": "Polygon", "coordinates": [[[117.54865494978118, -35.028897765520036], [117.54865494978118, -35.00389776552004], [117.52365494978118, -35.00389776552004], [117.52365494978118, -35.028897765520036], [117.54865494978118, -35.028897765520036]]]}, "properties": {"layer": "Slope", "slope_degrees": 2.99, "slope_class": "Low slope", "slope_risk": 12}}, {"type": "Feature", "geometry": {"type": "Polygon", "coordinates": [[[117.57365494978119, -35.028897765520036], [117.57365494978119, -35.00389776552004], [117.54865494978118, -35.00389776552004], [117.54865494978118, -35.028897765520036], [117.57365494978119, -35.028897765520036]]]}, "properties": {"layer": "Slope", "slope_degrees": 2.15, "slope_class": "Low slope", "slope_risk": 12}}, {"type": "Feature", "geometry": {"type": "Polygon", "coordinates": [[[117.59865494978119, -35.028897765520036], [117.59865494978119, -35.00389776552004], [117.57365494978119, -35.00389776552004], [117.57365494978119, -35.028897765520036], [117.59865494978119, -35.028897765520036]]]}, "properties": {"layer": "Slope", "slope_degrees": 12.04, "slope_class": "Moderate slope", "slope_risk": 39}}, {"type": "Feature", "geometry": {"type": "Polygon", "coordinates": [[[117.6236549497812, -35.028897765520036], [117.6236549497812, -35.00389776552004], [117.59865494978119, -35.00389776552004], [117.59865494978119, -35.028897765520036], [117.6236549497812, -35.028897765520036]]]}, "properties": {"layer": "Slope", "slope_degrees": 8.76, "slope_class": "Moderate slope", "slope_risk": 26}}, {"type": "Feature", "geometry": {"type": "Polygon", "coordinates": [[[117.6486549497812, -35.028897765520036], [117.6486549497812, -35.00389776552004], [117.6236549497812, -35.00389776552004], [117.6236549497812, -35.028897765520036], [117.6486549497812, -35.028897765520036]]]}, "properties": {"layer": "Slope", "slope_degrees": 5.2, "slope_class": "Moderate slope", "slope_risk": 13}}, {"type": "Feature", "geometry": {"type": "Polygon", "coordinates": [[[117.67365494978121, -35.028897765520036], [117.67365494978121, -35.00389776552004], [117.6486549497812, -35.00389776552004], [117.6486549497812, -35.028897765520036], [117.67365494978121, -35.028897765520036]]]}, "properties": {"layer": "Slope", "slope_degrees": 3.24, "slope_class": "Low slope", "slope_risk": 12}}, {"type": "Feature", "geometry": {"type": "Polygon", "coordinates": [[[117.69865494978121, -35.028897765520036], [117.69865494978121, -35.00389776552004], [117.67365494978121, -35.00389776552004], [117.67365494978121, -35.028897765520036], [117.69865494978121, -35.028897765520036]]]}, "properties": {"layer": "Slope", "slope_degrees": 1.17, "slope_class": "Low slope", "slope_risk": 12}}, {"type": "Feature", "geometry": {"type": "Polygon", "coordinates": [[[117.72365494978122, -35.028897765520036], [117.72365494978122, -35.00389776552004], [117.69865494978121, -35.00389776552004], [117.69865494978121, -35.028897765520036], [117.72365494978122, -35.028897765520036]]]}, "properties": {"layer": "Slope", "slope_degrees": 1.55, "slope_class": "Low slope", "slope_risk": 12}}, {"type": "Feature", "geometry": {"type": "Polygon", "coordinates": [[[117.74865494978123, -35.028897765520036], [117.74865494978123, -35.00389776552004], [117.72365494978122, -35.00389776552004], [117.72365494978122, -35.028897765520036], [117.74865494978123, -35.028897765520036]]]}, "properties": {"layer": "Slope", "slope_degrees": 0.0, "slope_class": "Low slope", "slope_risk": 12}}, {"type": "Feature", "geometry": {"type": "Polygon", "coordinates": [[[117.77365494978123, -35.028897765520036], [117.77365494978123, -35.00389776552004], [117.74865494978123, -35.00389776552004], [117.74865494978123, -35.028897765520036], [117.77365494978123, -35.028897765520036]]]}, "properties": {"layer": "Slope", "slope_degrees": 3.54, "slope_class": "Low slope", "slope_risk": 12}}, {"type": "Feature", "geometry": {"type": "Polygon", "coordinates": [[[117.79865494978124, -35.028897765520036], [117.79865494978124, -35.00389776552004], [117.77365494978123, -35.00389776552004], [117.77365494978123, -35.028897765520036], [117.79865494978124, -35.028897765520036]]]}, "properties": {"layer": "Slope", "slope_degrees": 1.98, "slope_class": "Low slope", "slope_risk": 12}}, {"type": "Feature", "geometry": {"type": "Polygon", "coordinates": [[[117.82365494978124, -35.028897765520036], [117.82365494978124, -35.00389776552004], [117.79865494978124, -35.00389776552004], [117.79865494978124, -35.028897765520036], [117.82365494978124, -35.028897765520036]]]}, "properties": {"layer": "Slope", "slope_degrees": 2.62, "slope_class": "Low slope", "slope_risk": 12}}, {"type": "Feature", "geometry": {"type": "Polygon", "coordinates": [[[117.84865494978125, -35.028897765520036], [117.84865494978125, -35.00389776552004], [117.82365494978124, -35.00389776552004], [117.82365494978124, -35.028897765520036], [117.84865494978125, -35.028897765520036]]]}, "properties": {"layer": "Slope", "slope_degrees": 2.47, "slope_class": "Low slope", "slope_risk": 12}}, {"type": "Feature", "geometry": {"type": "Polygon", "coordinates": [[[117.87365494978125, -35.028897765520036], [117.87365494978125, -35.00389776552004], [117.84865494978125, -35.00389776552004], [117.84865494978125, -35.028897765520036], [117.87365494978125, -35.028897765520036]]]}, "properties": {"layer": "Slope", "slope_degrees": 3.33, "slope_class": "Low slope", "slope_risk": 12}}, {"type": "Feature", "geometry": {"type": "Polygon", "coordinates": [[[117.89865494978126, -35.028897765520036], [117.89865494978126, -35.00389776552004], [117.87365494978125, -35.00389776552004], [117.87365494978125, -35.028897765520036], [117.89865494978126, -35.028897765520036]]]}, "properties": {"layer": "Slope", "slope_degrees": 2.72, "slope_class": "Low slope", "slope_risk": 12}}, {"type": "Feature", "geometry": {"type": "Polygon", "coordinates": [[[117.92365494978127, -35.028897765520036], [117.92365494978127, -35.00389776552004], [117.89865494978126, -35.00389776552004], [117.89865494978126, -35.028897765520036], [117.92365494978127, -35.028897765520036]]]}, "properties": {"layer": "Slope", "slope_degrees": 2.69, "slope_class": "Low slope", "slope_risk": 12}}, {"type": "Feature", "geometry": {"type": "Polygon", "coordinates": [[[117.94865494978127, -35.028897765520036], [117.94865494978127, -35.00389776552004], [117.92365494978127, -35.00389776552004], [117.92365494978127, -35.028897765520036], [117.94865494978127, -35.028897765520036]]]}, "properties": {"layer": "Slope", "slope_degrees": 0.0, "slope_class": "Low slope", "slope_risk": 12}}, {"type": "Feature", "geometry": {"type": "Polygon", "coordinates": [[[117.97365494978128, -35.028897765520036], [117.97365494978128, -35.00389776552004], [117.94865494978127, -35.00389776552004], [117.94865494978127, -35.028897765520036], [117.97365494978128, -35.028897765520036]]]}, "properties": {"layer": "Slope", "slope_degrees": 0.0, "slope_class": "Low slope", "slope_risk": 12}}, {"type": "Feature", "geometry": {"type": "Polygon", "coordinates": [[[117.99865494978128, -35.028897765520036], [117.99865494978128, -35.00389776552004], [117.97365494978128, -35.00389776552004], [117.97365494978128, -35.028897765520036], [117.99865494978128, -35.028897765520036]]]}, "properties": {"layer": "Slope", "slope_degrees": 0.0, "slope_class": "Low slope", "slope_risk": 12}}, {"type": "Feature", "geometry": {"type": "Polygon", "coordinates": [[[116.92365494978104, -35.00389776552004], [116.92365494978104, -34.97889776552004], [116.89865494978103, -34.97889776552004], [116.89865494978103, -35.00389776552004], [116.92365494978104, -35.00389776552004]]]}, "properties": {"layer": "Slope", "slope_degrees": 11.8, "slope_class": "Moderate slope", "slope_risk": 38}}, {"type": "Feature", "geometry": {"type": "Polygon", "coordinates": [[[116.94865494978104, -35.00389776552004], [116.94865494978104, -34.97889776552004], [116.92365494978104, -34.97889776552004], [116.92365494978104, -35.00389776552004], [116.94865494978104, -35.00389776552004]]]}, "properties": {"layer": "Slope", "slope_degrees": 3.83, "slope_class": "Low slope", "slope_risk": 12}}, {"type": "Feature", "geometry": {"type": "Polygon", "coordinates": [[[116.97365494978105, -35.00389776552004], [116.97365494978105, -34.97889776552004], [116.94865494978104, -34.97889776552004], [116.94865494978104, -35.00389776552004], [116.97365494978105, -35.00389776552004]]]}, "properties": {"layer": "Slope", "slope_degrees": 0.0, "slope_class": "Low slope", "slope_risk": 12}}, {"type": "Feature", "geometry": {"type": "Polygon", "coordinates": [[[116.99865494978106, -35.00389776552004], [116.99865494978106, -34.97889776552004], [116.97365494978105, -34.97889776552004], [116.97365494978105, -35.00389776552004], [116.99865494978106, -35.00389776552004]]]}, "properties": {"layer": "Slope", "slope_degrees": 0.0, "slope_class": "Low slope", "slope_risk": 12}}, {"type": "Feature", "geometry": {"type": "Polygon", "coordinates": [[[117.02365494978106, -35.00389776552004], [117.02365494978106, -34.97889776552004], [116.99865494978106, -34.97889776552004], [116.99865494978106, -35.00389776552004], [117.02365494978106, -35.00389776552004]]]}, "properties": {"layer": "Slope", "slope_degrees": 0.63, "slope_class": "Low slope", "slope_risk": 12}}, {"type": "Feature", "geometry": {"type": "Polygon", "coordinates": [[[117.04865494978107, -35.00389776552004], [117.04865494978107, -34.97889776552004], [117.02365494978106, -34.97889776552004], [117.02365494978106, -35.00389776552004], [117.04865494978107, -35.00389776552004]]]}, "properties": {"layer": "Slope", "slope_degrees": 4.21, "slope_class": "Low slope", "slope_risk": 12}}, {"type": "Feature", "geometry": {"type": "Polygon", "coordinates": [[[117.07365494978107, -35.00389776552004], [117.07365494978107, -34.97889776552004], [117.04865494978107, -34.97889776552004], [117.04865494978107, -35.00389776552004], [117.07365494978107, -35.00389776552004]]]}, "properties": {"layer": "Slope", "slope_degrees": 0.92, "slope_class": "Low slope", "slope_risk": 12}}, {"type": "Feature", "geometry": {"type": "Polygon", "coordinates": [[[117.09865494978108, -35.00389776552004], [117.09865494978108, -34.97889776552004], [117.07365494978107, -34.97889776552004], [117.07365494978107, -35.00389776552004], [117.09865494978108, -35.00389776552004]]]}, "properties": {"layer": "Slope", "slope_degrees": 3.03, "slope_class": "Low slope", "slope_risk": 12}}, {"type": "Feature", "geometry": {"type": "Polygon", "coordinates": [[[117.12365494978108, -35.00389776552004], [117.12365494978108, -34.97889776552004], [117.09865494978108, -34.97889776552004], [117.09865494978108, -35.00389776552004], [117.12365494978108, -35.00389776552004]]]}, "properties": {"layer": "Slope", "slope_degrees": 7.76, "slope_class": "Moderate slope", "slope_risk": 22}}, {"type": "Feature", "geometry": {"type": "Polygon", "coordinates": [[[117.14865494978109, -35.00389776552004], [117.14865494978109, -34.97889776552004], [117.12365494978108, -34.97889776552004], [117.12365494978108, -35.00389776552004], [117.14865494978109, -35.00389776552004]]]}, "properties": {"layer": "Slope", "slope_degrees": 2.25, "slope_class": "Low slope", "slope_risk": 12}}, {"type": "Feature", "geometry": {"type": "Polygon", "coordinates": [[[117.1736549497811, -35.00389776552004], [117.1736549497811, -34.97889776552004], [117.14865494978109, -34.97889776552004], [117.14865494978109, -35.00389776552004], [117.1736549497811, -35.00389776552004]]]}, "properties": {"layer": "Slope", "slope_degrees": 1.16, "slope_class": "Low slope", "slope_risk": 12}}, {"type": "Feature", "geometry": {"type": "Polygon", "coordinates": [[[117.1986549497811, -35.00389776552004], [117.1986549497811, -34.97889776552004], [117.1736549497811, -34.97889776552004], [117.1736549497811, -35.00389776552004], [117.1986549497811, -35.00389776552004]]]}, "properties": {"layer": "Slope", "slope_degrees": 4.32, "slope_class": "Low slope", "slope_risk": 12}}, {"type": "Feature", "geometry": {"type": "Polygon", "coordinates": [[[117.2236549497811, -35.00389776552004], [117.2236549497811, -34.97889776552004], [117.1986549497811, -34.97889776552004], [117.1986549497811, -35.00389776552004], [117.2236549497811, -35.00389776552004]]]}, "properties": {"layer": "Slope", "slope_degrees": 4.93, "slope_class": "Low slope", "slope_risk": 12}}, {"type": "Feature", "geometry": {"type": "Polygon", "coordinates": [[[117.24865494978111, -35.00389776552004], [117.24865494978111, -34.97889776552004], [117.2236549497811, -34.97889776552004], [117.2236549497811, -35.00389776552004], [117.24865494978111, -35.00389776552004]]]}, "properties": {"layer": "Slope", "slope_degrees": 13.76, "slope_class": "Moderate slope", "slope_risk": 45}}, {"type": "Feature", "geometry": {"type": "Polygon", "coordinates": [[[117.27365494978112, -35.00389776552004], [117.27365494978112, -34.97889776552004], [117.24865494978111, -34.97889776552004], [117.24865494978111, -35.00389776552004], [117.27365494978112, -35.00389776552004]]]}, "properties": {"layer": "Slope", "slope_degrees": 9.12, "slope_class": "Moderate slope", "slope_risk": 28}}, {"type": "Feature", "geometry": {"type": "Polygon", "coordinates": [[[117.29865494978112, -35.00389776552004], [117.29865494978112, -34.97889776552004], [117.27365494978112, -34.97889776552004], [117.27365494978112, -35.00389776552004], [117.29865494978112, -35.00389776552004]]]}, "properties": {"layer": "Slope", "slope_degrees": 7.07, "slope_class": "Moderate slope", "slope_risk": 20}}, {"type": "Feature", "geometry": {"type": "Polygon", "coordinates": [[[117.32365494978113, -35.00389776552004], [117.32365494978113, -34.97889776552004], [117.29865494978112, -34.97889776552004], [117.29865494978112, -35.00389776552004], [117.32365494978113, -35.00389776552004]]]}, "properties": {"layer": "Slope", "slope_degrees": 1.72, "slope_class": "Low slope", "slope_risk": 12}}, {"type": "Feature", "geometry": {"type": "Polygon", "coordinates": [[[117.34865494978114, -35.00389776552004], [117.34865494978114, -34.97889776552004], [117.32365494978113, -34.97889776552004], [117.32365494978113, -35.00389776552004], [117.34865494978114, -35.00389776552004]]]}, "properties": {"layer": "Slope", "slope_degrees": 4.43, "slope_class": "Low slope", "slope_risk": 12}}, {"type": "Feature", "geometry": {"type": "Polygon", "coordinates": [[[117.37365494978114, -35.00389776552004], [117.37365494978114, -34.97889776552004], [117.34865494978114, -34.97889776552004], [117.34865494978114, -35.00389776552004], [117.37365494978114, -35.00389776552004]]]}, "properties": {"layer": "Slope", "slope_degrees": 0.0, "slope_class": "Low slope", "slope_risk": 12}}, {"type": "Feature", "geometry": {"type": "Polygon", "coordinates": [[[117.39865494978115, -35.00389776552004], [117.39865494978115, -34.97889776552004], [117.37365494978114, -34.97889776552004], [117.37365494978114, -35.00389776552004], [117.39865494978115, -35.00389776552004]]]}, "properties": {"layer": "Slope", "slope_degrees": 0.0, "slope_class": "Low slope", "slope_risk": 12}}, {"type": "Feature", "geometry": {"type": "Polygon", "coordinates": [[[117.42365494978115, -35.00389776552004], [117.42365494978115, -34.97889776552004], [117.39865494978115, -34.97889776552004], [117.39865494978115, -35.00389776552004], [117.42365494978115, -35.00389776552004]]]}, "properties": {"layer": "Slope", "slope_degrees": 0.0, "slope_class": "Low slope", "slope_risk": 12}}, {"type": "Feature", "geometry": {"type": "Polygon", "coordinates": [[[117.44865494978116, -35.00389776552004], [117.44865494978116, -34.97889776552004], [117.42365494978115, -34.97889776552004], [117.42365494978115, -35.00389776552004], [117.44865494978116, -35.00389776552004]]]}, "properties": {"layer": "Slope", "slope_degrees": 0.0, "slope_class": "Low slope", "slope_risk": 12}}, {"type": "Feature", "geometry": {"type": "Polygon", "coordinates": [[[117.47365494978116, -35.00389776552004], [117.47365494978116, -34.97889776552004], [117.44865494978116, -34.97889776552004], [117.44865494978116, -35.00389776552004], [117.47365494978116, -35.00389776552004]]]}, "properties": {"layer": "Slope", "slope_degrees": 0.0, "slope_class": "Low slope", "slope_risk": 12}}, {"type": "Feature", "geometry": {"type": "Polygon", "coordinates": [[[117.49865494978117, -35.00389776552004], [117.49865494978117, -34.97889776552004], [117.47365494978116, -34.97889776552004], [117.47365494978116, -35.00389776552004], [117.49865494978117, -35.00389776552004]]]}, "properties": {"layer": "Slope", "slope_degrees": 0.38, "slope_class": "Low slope", "slope_risk": 12}}, {"type": "Feature", "geometry": {"type": "Polygon", "coordinates": [[[117.52365494978118, -35.00389776552004], [117.52365494978118, -34.97889776552004], [117.49865494978117, -34.97889776552004], [117.49865494978117, -35.00389776552004], [117.52365494978118, -35.00389776552004]]]}, "properties": {"layer": "Slope", "slope_degrees": 0.73, "slope_class": "Low slope", "slope_risk": 12}}, {"type": "Feature", "geometry": {"type": "Polygon", "coordinates": [[[117.54865494978118, -35.00389776552004], [117.54865494978118, -34.97889776552004], [117.52365494978118, -34.97889776552004], [117.52365494978118, -35.00389776552004], [117.54865494978118, -35.00389776552004]]]}, "properties": {"layer": "Slope", "slope_degrees": 0.67, "slope_class": "Low slope", "slope_risk": 12}}, {"type": "Feature", "geometry": {"type": "Polygon", "coordinates": [[[117.57365494978119, -35.00389776552004], [117.57365494978119, -34.97889776552004], [117.54865494978118, -34.97889776552004], [117.54865494978118, -35.00389776552004], [117.57365494978119, -35.00389776552004]]]}, "properties": {"layer": "Slope", "slope_degrees": 0.35, "slope_class": "Low slope", "slope_risk": 12}}, {"type": "Feature", "geometry": {"type": "Polygon", "coordinates": [[[117.59865494978119, -35.00389776552004], [117.59865494978119, -34.97889776552004], [117.57365494978119, -34.97889776552004], [117.57365494978119, -35.00389776552004], [117.59865494978119, -35.00389776552004]]]}, "properties": {"layer": "Slope", "slope_degrees": 1.84, "slope_class": "Low slope", "slope_risk": 12}}, {"type": "Feature", "geometry": {"type": "Polygon", "coordinates": [[[117.6236549497812, -35.00389776552004], [117.6236549497812, -34.97889776552004], [117.59865494978119, -34.97889776552004], [117.59865494978119, -35.00389776552004], [117.6236549497812, -35.00389776552004]]]}, "properties": {"layer": "Slope", "slope_degrees": 1.35, "slope_class": "Low slope", "slope_risk": 12}}, {"type": "Feature", "geometry": {"type": "Polygon", "coordinates": [[[117.6486549497812, -35.00389776552004], [117.6486549497812, -34.97889776552004], [117.6236549497812, -34.97889776552004], [117.6236549497812, -35.00389776552004], [117.6486549497812, -35.00389776552004]]]}, "properties": {"layer": "Slope", "slope_degrees": 2.21, "slope_class": "Low slope", "slope_risk": 12}}, {"type": "Feature", "geometry": {"type": "Polygon", "coordinates": [[[117.67365494978121, -35.00389776552004], [117.67365494978121, -34.97889776552004], [117.6486549497812, -34.97889776552004], [117.6486549497812, -35.00389776552004], [117.67365494978121, -35.00389776552004]]]}, "properties": {"layer": "Slope", "slope_degrees": 3.05, "slope_class": "Low slope", "slope_risk": 12}}, {"type": "Feature", "geometry": {"type": "Polygon", "coordinates": [[[117.69865494978121, -35.00389776552004], [117.69865494978121, -34.97889776552004], [117.67365494978121, -34.97889776552004], [117.67365494978121, -35.00389776552004], [117.69865494978121, -35.00389776552004]]]}, "properties": {"layer": "Slope", "slope_degrees": 1.46, "slope_class": "Low slope", "slope_risk": 12}}, {"type": "Feature", "geometry": {"type": "Polygon", "coordinates": [[[117.72365494978122, -35.00389776552004], [117.72365494978122, -34.97889776552004], [117.69865494978121, -34.97889776552004], [117.69865494978121, -35.00389776552004], [117.72365494978122, -35.00389776552004]]]}, "properties": {"layer": "Slope", "slope_degrees": 6.49, "slope_class": "Moderate slope", "slope_risk": 18}}, {"type": "Feature", "geometry": {"type": "Polygon", "coordinates": [[[117.74865494978123, -35.00389776552004], [117.74865494978123, -34.97889776552004], [117.72365494978122, -34.97889776552004], [117.72365494978122, -35.00389776552004], [117.74865494978123, -35.00389776552004]]]}, "properties": {"layer": "Slope", "slope_degrees": 0.17, "slope_class": "Low slope", "slope_risk": 12}}, {"type": "Feature", "geometry": {"type": "Polygon", "coordinates": [[[117.77365494978123, -35.00389776552004], [117.77365494978123, -34.97889776552004], [117.74865494978123, -34.97889776552004], [117.74865494978123, -35.00389776552004], [117.77365494978123, -35.00389776552004]]]}, "properties": {"layer": "Slope", "slope_degrees": 4.73, "slope_class": "Low slope", "slope_risk": 12}}, {"type": "Feature", "geometry": {"type": "Polygon", "coordinates": [[[117.79865494978124, -35.00389776552004], [117.79865494978124, -34.97889776552004], [117.77365494978123, -34.97889776552004], [117.77365494978123, -35.00389776552004], [117.79865494978124, -35.00389776552004]]]}, "properties": {"layer": "Slope", "slope_degrees": 3.66, "slope_class": "Low slope", "slope_risk": 12}}, {"type": "Feature", "geometry": {"type": "Polygon", "coordinates": [[[117.82365494978124, -35.00389776552004], [117.82365494978124, -34.97889776552004], [117.79865494978124, -34.97889776552004], [117.79865494978124, -35.00389776552004], [117.82365494978124, -35.00389776552004]]]}, "properties": {"layer": "Slope", "slope_degrees": 5.2, "slope_class": "Moderate slope", "slope_risk": 13}}, {"type": "Feature", "geometry": {"type": "Polygon", "coordinates": [[[117.84865494978125, -35.00389776552004], [117.84865494978125, -34.97889776552004], [117.82365494978124, -34.97889776552004], [117.82365494978124, -35.00389776552004], [117.84865494978125, -35.00389776552004]]]}, "properties": {"layer": "Slope", "slope_degrees": 3.99, "slope_class": "Low slope", "slope_risk": 12}}, {"type": "Feature", "geometry": {"type": "Polygon", "coordinates": [[[117.87365494978125, -35.00389776552004], [117.87365494978125, -34.97889776552004], [117.84865494978125, -34.97889776552004], [117.84865494978125, -35.00389776552004], [117.87365494978125, -35.00389776552004]]]}, "properties": {"layer": "Slope", "slope_degrees": 2.71, "slope_class": "Low slope", "slope_risk": 12}}, {"type": "Feature", "geometry": {"type": "Polygon", "coordinates": [[[117.89865494978126, -35.00389776552004], [117.89865494978126, -34.97889776552004], [117.87365494978125, -34.97889776552004], [117.87365494978125, -35.00389776552004], [117.89865494978126, -35.00389776552004]]]}, "properties": {"layer": "Slope", "slope_degrees": 3.86, "slope_class": "Low slope", "slope_risk": 12}}, {"type": "Feature", "geometry": {"type": "Polygon", "coordinates": [[[117.92365494978127, -35.00389776552004], [117.92365494978127, -34.97889776552004], [117.89865494978126, -34.97889776552004], [117.89865494978126, -35.00389776552004], [117.92365494978127, -35.00389776552004]]]}, "properties": {"layer": "Slope", "slope_degrees": 2.37, "slope_class": "Low slope", "slope_risk": 12}}, {"type": "Feature", "geometry": {"type": "Polygon", "coordinates": [[[117.94865494978127, -35.00389776552004], [117.94865494978127, -34.97889776552004], [117.92365494978127, -34.97889776552004], [117.92365494978127, -35.00389776552004], [117.94865494978127, -35.00389776552004]]]}, "properties": {"layer": "Slope", "slope_degrees": 3.13, "slope_class": "Low slope", "slope_risk": 12}}, {"type": "Feature", "geometry": {"type": "Polygon", "coordinates": [[[117.97365494978128, -35.00389776552004], [117.97365494978128, -34.97889776552004], [117.94865494978127, -34.97889776552004], [117.94865494978127, -35.00389776552004], [117.97365494978128, -35.00389776552004]]]}, "properties": {"layer": "Slope", "slope_degrees": 0.0, "slope_class": "Low slope", "slope_risk": 12}}, {"type": "Feature", "geometry": {"type": "Polygon", "coordinates": [[[117.99865494978128, -35.00389776552004], [117.99865494978128, -34.97889776552004], [117.97365494978128, -34.97889776552004], [117.97365494978128, -35.00389776552004], [117.99865494978128, -35.00389776552004]]]}, "properties": {"layer": "Slope", "slope_degrees": 0.57, "slope_class": "Low slope", "slope_risk": 12}}, {"type": "Feature", "geometry": {"type": "Polygon", "coordinates": [[[116.92365494978104, -34.97889776552004], [116.92365494978104, -34.95389776552004], [116.89865494978103, -34.95389776552004], [116.89865494978103, -34.97889776552004], [116.92365494978104, -34.97889776552004]]]}, "properties": {"layer": "Slope", "slope_degrees": 9.14, "slope_class": "Moderate slope", "slope_risk": 28}}, {"type": "Feature", "geometry": {"type": "Polygon", "coordinates": [[[116.94865494978104, -34.97889776552004], [116.94865494978104, -34.95389776552004], [116.92365494978104, -34.95389776552004], [116.92365494978104, -34.97889776552004], [116.94865494978104, -34.97889776552004]]]}, "properties": {"layer": "Slope", "slope_degrees": 1.53, "slope_class": "Low slope", "slope_risk": 12}}, {"type": "Feature", "geometry": {"type": "Polygon", "coordinates": [[[116.97365494978105, -34.97889776552004], [116.97365494978105, -34.95389776552004], [116.94865494978104, -34.95389776552004], [116.94865494978104, -34.97889776552004], [116.97365494978105, -34.97889776552004]]]}, "properties": {"layer": "Slope", "slope_degrees": 3.4, "slope_class": "Low slope", "slope_risk": 12}}, {"type": "Feature", "geometry": {"type": "Polygon", "coordinates": [[[116.99865494978106, -34.97889776552004], [116.99865494978106, -34.95389776552004], [116.97365494978105, -34.95389776552004], [116.97365494978105, -34.97889776552004], [116.99865494978106, -34.97889776552004]]]}, "properties": {"layer": "Slope", "slope_degrees": 1.67, "slope_class": "Low slope", "slope_risk": 12}}, {"type": "Feature", "geometry": {"type": "Polygon", "coordinates": [[[117.02365494978106, -34.97889776552004], [117.02365494978106, -34.95389776552004], [116.99865494978106, -34.95389776552004], [116.99865494978106, -34.97889776552004], [117.02365494978106, -34.97889776552004]]]}, "properties": {"layer": "Slope", "slope_degrees": 3.0, "slope_class": "Low slope", "slope_risk": 12}}, {"type": "Feature", "geometry": {"type": "Polygon", "coordinates": [[[117.04865494978107, -34.97889776552004], [117.04865494978107, -34.95389776552004], [117.02365494978106, -34.95389776552004], [117.02365494978106, -34.97889776552004], [117.04865494978107, -34.97889776552004]]]}, "properties": {"layer": "Slope", "slope_degrees": 1.47, "slope_class": "Low slope", "slope_risk": 12}}, {"type": "Feature", "geometry": {"type": "Polygon", "coordinates": [[[117.07365494978107, -34.97889776552004], [117.07365494978107, -34.95389776552004], [117.04865494978107, -34.95389776552004], [117.04865494978107, -34.97889776552004], [117.07365494978107, -34.97889776552004]]]}, "properties": {"layer": "Slope", "slope_degrees": 3.47, "slope_class": "Low slope", "slope_risk": 12}}, {"type": "Feature", "geometry": {"type": "Polygon", "coordinates": [[[117.09865494978108, -34.97889776552004], [117.09865494978108, -34.95389776552004], [117.07365494978107, -34.95389776552004], [117.07365494978107, -34.97889776552004], [117.09865494978108, -34.97889776552004]]]}, "properties": {"layer": "Slope", "slope_degrees": 1.86, "slope_class": "Low slope", "slope_risk": 12}}, {"type": "Feature", "geometry": {"type": "Polygon", "coordinates": [[[117.12365494978108, -34.97889776552004], [117.12365494978108, -34.95389776552004], [117.09865494978108, -34.95389776552004], [117.09865494978108, -34.97889776552004], [117.12365494978108, -34.97889776552004]]]}, "properties": {"layer": "Slope", "slope_degrees": 2.02, "slope_class": "Low slope", "slope_risk": 12}}, {"type": "Feature", "geometry": {"type": "Polygon", "coordinates": [[[117.14865494978109, -34.97889776552004], [117.14865494978109, -34.95389776552004], [117.12365494978108, -34.95389776552004], [117.12365494978108, -34.97889776552004], [117.14865494978109, -34.97889776552004]]]}, "properties": {"layer": "Slope", "slope_degrees": 4.26, "slope_class": "Low slope", "slope_risk": 12}}, {"type": "Feature", "geometry": {"type": "Polygon", "coordinates": [[[117.1736549497811, -34.97889776552004], [117.1736549497811, -34.95389776552004], [117.14865494978109, -34.95389776552004], [117.14865494978109, -34.97889776552004], [117.1736549497811, -34.97889776552004]]]}, "properties": {"layer": "Slope", "slope_degrees": 7.73, "slope_class": "Moderate slope", "slope_risk": 22}}, {"type": "Feature", "geometry": {"type": "Polygon", "coordinates": [[[117.1986549497811, -34.97889776552004], [117.1986549497811, -34.95389776552004], [117.1736549497811, -34.95389776552004], [117.1736549497811, -34.97889776552004], [117.1986549497811, -34.97889776552004]]]}, "properties": {"layer": "Slope", "slope_degrees": 3.92, "slope_class": "Low slope", "slope_risk": 12}}, {"type": "Feature", "geometry": {"type": "Polygon", "coordinates": [[[117.2236549497811, -34.97889776552004], [117.2236549497811, -34.95389776552004], [117.1986549497811, -34.95389776552004], [117.1986549497811, -34.97889776552004], [117.2236549497811, -34.97889776552004]]]}, "properties": {"layer": "Slope", "slope_degrees": 2.29, "slope_class": "Low slope", "slope_risk": 12}}, {"type": "Feature", "geometry": {"type": "Polygon", "coordinates": [[[117.24865494978111, -34.97889776552004], [117.24865494978111, -34.95389776552004], [117.2236549497811, -34.95389776552004], [117.2236549497811, -34.97889776552004], [117.24865494978111, -34.97889776552004]]]}, "properties": {"layer": "Slope", "slope_degrees": 13.68, "slope_class": "Moderate slope", "slope_risk": 45}}, {"type": "Feature", "geometry": {"type": "Polygon", "coordinates": [[[117.27365494978112, -34.97889776552004], [117.27365494978112, -34.95389776552004], [117.24865494978111, -34.95389776552004], [117.24865494978111, -34.97889776552004], [117.27365494978112, -34.97889776552004]]]}, "properties": {"layer": "Slope", "slope_degrees": 6.82, "slope_class": "Moderate slope", "slope_risk": 19}}, {"type": "Feature", "geometry": {"type": "Polygon", "coordinates": [[[117.29865494978112, -34.97889776552004], [117.29865494978112, -34.95389776552004], [117.27365494978112, -34.95389776552004], [117.27365494978112, -34.97889776552004], [117.29865494978112, -34.97889776552004]]]}, "properties": {"layer": "Slope", "slope_degrees": 9.11, "slope_class": "Moderate slope", "slope_risk": 28}}, {"type": "Feature", "geometry": {"type": "Polygon", "coordinates": [[[117.32365494978113, -34.97889776552004], [117.32365494978113, -34.95389776552004], [117.29865494978112, -34.95389776552004], [117.29865494978112, -34.97889776552004], [117.32365494978113, -34.97889776552004]]]}, "properties": {"layer": "Slope", "slope_degrees": 10.83, "slope_class": "Moderate slope", "slope_risk": 34}}, {"type": "Feature", "geometry": {"type": "Polygon", "coordinates": [[[117.34865494978114, -34.97889776552004], [117.34865494978114, -34.95389776552004], [117.32365494978113, -34.95389776552004], [117.32365494978113, -34.97889776552004], [117.34865494978114, -34.97889776552004]]]}, "properties": {"layer": "Slope", "slope_degrees": 12.77, "slope_class": "Moderate slope", "slope_risk": 42}}, {"type": "Feature", "geometry": {"type": "Polygon", "coordinates": [[[117.37365494978114, -34.97889776552004], [117.37365494978114, -34.95389776552004], [117.34865494978114, -34.95389776552004], [117.34865494978114, -34.97889776552004], [117.37365494978114, -34.97889776552004]]]}, "properties": {"layer": "Slope", "slope_degrees": 5.02, "slope_class": "Moderate slope", "slope_risk": 12}}, {"type": "Feature", "geometry": {"type": "Polygon", "coordinates": [[[117.39865494978115, -34.97889776552004], [117.39865494978115, -34.95389776552004], [117.37365494978114, -34.95389776552004], [117.37365494978114, -34.97889776552004], [117.39865494978115, -34.97889776552004]]]}, "properties": {"layer": "Slope", "slope_degrees": 2.94, "slope_class": "Low slope", "slope_risk": 12}}, {"type": "Feature", "geometry": {"type": "Polygon", "coordinates": [[[117.42365494978115, -34.97889776552004], [117.42365494978115, -34.95389776552004], [117.39865494978115, -34.95389776552004], [117.39865494978115, -34.97889776552004], [117.42365494978115, -34.97889776552004]]]}, "properties": {"layer": "Slope", "slope_degrees": 2.31, "slope_class": "Low slope", "slope_risk": 12}}, {"type": "Feature", "geometry": {"type": "Polygon", "coordinates": [[[117.44865494978116, -34.97889776552004], [117.44865494978116, -34.95389776552004], [117.42365494978115, -34.95389776552004], [117.42365494978115, -34.97889776552004], [117.44865494978116, -34.97889776552004]]]}, "properties": {"layer": "Slope", "slope_degrees": 5.5, "slope_class": "Moderate slope", "slope_risk": 14}}, {"type": "Feature", "geometry": {"type": "Polygon", "coordinates": [[[117.47365494978116, -34.97889776552004], [117.47365494978116, -34.95389776552004], [117.44865494978116, -34.95389776552004], [117.44865494978116, -34.97889776552004], [117.47365494978116, -34.97889776552004]]]}, "properties": {"layer": "Slope", "slope_degrees": 1.2, "slope_class": "Low slope", "slope_risk": 12}}, {"type": "Feature", "geometry": {"type": "Polygon", "coordinates": [[[117.49865494978117, -34.97889776552004], [117.49865494978117, -34.95389776552004], [117.47365494978116, -34.95389776552004], [117.47365494978116, -34.97889776552004], [117.49865494978117, -34.97889776552004]]]}, "properties": {"layer": "Slope", "slope_degrees": 4.65, "slope_class": "Low slope", "slope_risk": 12}}, {"type": "Feature", "geometry": {"type": "Polygon", "coordinates": [[[117.52365494978118, -34.97889776552004], [117.52365494978118, -34.95389776552004], [117.49865494978117, -34.95389776552004], [117.49865494978117, -34.97889776552004], [117.52365494978118, -34.97889776552004]]]}, "properties": {"layer": "Slope", "slope_degrees": 1.68, "slope_class": "Low slope", "slope_risk": 12}}, {"type": "Feature", "geometry": {"type": "Polygon", "coordinates": [[[117.54865494978118, -34.97889776552004], [117.54865494978118, -34.95389776552004], [117.52365494978118, -34.95389776552004], [117.52365494978118, -34.97889776552004], [117.54865494978118, -34.97889776552004]]]}, "properties": {"layer": "Slope", "slope_degrees": 2.0, "slope_class": "Low slope", "slope_risk": 12}}, {"type": "Feature", "geometry": {"type": "Polygon", "coordinates": [[[117.57365494978119, -34.97889776552004], [117.57365494978119, -34.95389776552004], [117.54865494978118, -34.95389776552004], [117.54865494978118, -34.97889776552004], [117.57365494978119, -34.97889776552004]]]}, "properties": {"layer": "Slope", "slope_degrees": 1.29, "slope_class": "Low slope", "slope_risk": 12}}, {"type": "Feature", "geometry": {"type": "Polygon", "coordinates": [[[117.59865494978119, -34.97889776552004], [117.59865494978119, -34.95389776552004], [117.57365494978119, -34.95389776552004], [117.57365494978119, -34.97889776552004], [117.59865494978119, -34.97889776552004]]]}, "properties": {"layer": "Slope", "slope_degrees": 1.21, "slope_class": "Low slope", "slope_risk": 12}}, {"type": "Feature", "geometry": {"type": "Polygon", "coordinates": [[[117.6236549497812, -34.97889776552004], [117.6236549497812, -34.95389776552004], [117.59865494978119, -34.95389776552004], [117.59865494978119, -34.97889776552004], [117.6236549497812, -34.97889776552004]]]}, "properties": {"layer": "Slope", "slope_degrees": 0.88, "slope_class": "Low slope", "slope_risk": 12}}, {"type": "Feature", "geometry": {"type": "Polygon", "coordinates": [[[117.6486549497812, -34.97889776552004], [117.6486549497812, -34.95389776552004], [117.6236549497812, -34.95389776552004], [117.6236549497812, -34.97889776552004], [117.6486549497812, -34.97889776552004]]]}, "properties": {"layer": "Slope", "slope_degrees": 0.65, "slope_class": "Low slope", "slope_risk": 12}}, {"type": "Feature", "geometry": {"type": "Polygon", "coordinates": [[[117.67365494978121, -34.97889776552004], [117.67365494978121, -34.95389776552004], [117.6486549497812, -34.95389776552004], [117.6486549497812, -34.97889776552004], [117.67365494978121, -34.97889776552004]]]}, "properties": {"layer": "Slope", "slope_degrees": 5.91, "slope_class": "Moderate slope", "slope_risk": 15}}, {"type": "Feature", "geometry": {"type": "Polygon", "coordinates": [[[117.69865494978121, -34.97889776552004], [117.69865494978121, -34.95389776552004], [117.67365494978121, -34.95389776552004], [117.67365494978121, -34.97889776552004], [117.69865494978121, -34.97889776552004]]]}, "properties": {"layer": "Slope", "slope_degrees": 1.43, "slope_class": "Low slope", "slope_risk": 12}}, {"type": "Feature", "geometry": {"type": "Polygon", "coordinates": [[[117.72365494978122, -34.97889776552004], [117.72365494978122, -34.95389776552004], [117.69865494978121, -34.95389776552004], [117.69865494978121, -34.97889776552004], [117.72365494978122, -34.97889776552004]]]}, "properties": {"layer": "Slope", "slope_degrees": 1.51, "slope_class": "Low slope", "slope_risk": 12}}, {"type": "Feature", "geometry": {"type": "Polygon", "coordinates": [[[117.74865494978123, -34.97889776552004], [117.74865494978123, -34.95389776552004], [117.72365494978122, -34.95389776552004], [117.72365494978122, -34.97889776552004], [117.74865494978123, -34.97889776552004]]]}, "properties": {"layer": "Slope", "slope_degrees": 6.42, "slope_class": "Moderate slope", "slope_risk": 17}}, {"type": "Feature", "geometry": {"type": "Polygon", "coordinates": [[[117.77365494978123, -34.97889776552004], [117.77365494978123, -34.95389776552004], [117.74865494978123, -34.95389776552004], [117.74865494978123, -34.97889776552004], [117.77365494978123, -34.97889776552004]]]}, "properties": {"layer": "Slope", "slope_degrees": 1.99, "slope_class": "Low slope", "slope_risk": 12}}, {"type": "Feature", "geometry": {"type": "Polygon", "coordinates": [[[117.79865494978124, -34.97889776552004], [117.79865494978124, -34.95389776552004], [117.77365494978123, -34.95389776552004], [117.77365494978123, -34.97889776552004], [117.79865494978124, -34.97889776552004]]]}, "properties": {"layer": "Slope", "slope_degrees": 1.04, "slope_class": "Low slope", "slope_risk": 12}}, {"type": "Feature", "geometry": {"type": "Polygon", "coordinates": [[[117.82365494978124, -34.97889776552004], [117.82365494978124, -34.95389776552004], [117.79865494978124, -34.95389776552004], [117.79865494978124, -34.97889776552004], [117.82365494978124, -34.97889776552004]]]}, "properties": {"layer": "Slope", "slope_degrees": 0.43, "slope_class": "Low slope", "slope_risk": 12}}, {"type": "Feature", "geometry": {"type": "Polygon", "coordinates": [[[117.84865494978125, -34.97889776552004], [117.84865494978125, -34.95389776552004], [117.82365494978124, -34.95389776552004], [117.82365494978124, -34.97889776552004], [117.84865494978125, -34.97889776552004]]]}, "properties": {"layer": "Slope", "slope_degrees": 3.99, "slope_class": "Low slope", "slope_risk": 12}}, {"type": "Feature", "geometry": {"type": "Polygon", "coordinates": [[[117.87365494978125, -34.97889776552004], [117.87365494978125, -34.95389776552004], [117.84865494978125, -34.95389776552004], [117.84865494978125, -34.97889776552004], [117.87365494978125, -34.97889776552004]]]}, "properties": {"layer": "Slope", "slope_degrees": 1.84, "slope_class": "Low slope", "slope_risk": 12}}, {"type": "Feature", "geometry": {"type": "Polygon", "coordinates": [[[117.89865494978126, -34.97889776552004], [117.89865494978126, -34.95389776552004], [117.87365494978125, -34.95389776552004], [117.87365494978125, -34.97889776552004], [117.89865494978126, -34.97889776552004]]]}, "properties": {"layer": "Slope", "slope_degrees": 4.18, "slope_class": "Low slope", "slope_risk": 12}}, {"type": "Feature", "geometry": {"type": "Polygon", "coordinates": [[[117.92365494978127, -34.97889776552004], [117.92365494978127, -34.95389776552004], [117.89865494978126, -34.95389776552004], [117.89865494978126, -34.97889776552004], [117.92365494978127, -34.97889776552004]]]}, "properties": {"layer": "Slope", "slope_degrees": 0.27, "slope_class": "Low slope", "slope_risk": 12}}, {"type": "Feature", "geometry": {"type": "Polygon", "coordinates": [[[117.94865494978127, -34.97889776552004], [117.94865494978127, -34.95389776552004], [117.92365494978127, -34.95389776552004], [117.92365494978127, -34.97889776552004], [117.94865494978127, -34.97889776552004]]]}, "properties": {"layer": "Slope", "slope_degrees": 2.59, "slope_class": "Low slope", "slope_risk": 12}}, {"type": "Feature", "geometry": {"type": "Polygon", "coordinates": [[[117.97365494978128, -34.97889776552004], [117.97365494978128, -34.95389776552004], [117.94865494978127, -34.95389776552004], [117.94865494978127, -34.97889776552004], [117.97365494978128, -34.97889776552004]]]}, "properties": {"layer": "Slope", "slope_degrees": 0.0, "slope_class": "Low slope", "slope_risk": 12}}, {"type": "Feature", "geometry": {"type": "Polygon", "coordinates": [[[117.99865494978128, -34.97889776552004], [117.99865494978128, -34.95389776552004], [117.97365494978128, -34.95389776552004], [117.97365494978128, -34.97889776552004], [117.99865494978128, -34.97889776552004]]]}, "properties": {"layer": "Slope", "slope_degrees": 3.13, "slope_class": "Low slope", "slope_risk": 12}}, {"type": "Feature", "geometry": {"type": "Polygon", "coordinates": [[[116.92365494978104, -34.95389776552004], [116.92365494978104, -34.92889776552004], [116.89865494978103, -34.92889776552004], [116.89865494978103, -34.95389776552004], [116.92365494978104, -34.95389776552004]]]}, "properties": {"layer": "Slope", "slope_degrees": 3.64, "slope_class": "Low slope", "slope_risk": 12}}, {"type": "Feature", "geometry": {"type": "Polygon", "coordinates": [[[116.94865494978104, -34.95389776552004], [116.94865494978104, -34.92889776552004], [116.92365494978104, -34.92889776552004], [116.92365494978104, -34.95389776552004], [116.94865494978104, -34.95389776552004]]]}, "properties": {"layer": "Slope", "slope_degrees": 11.25, "slope_class": "Moderate slope", "slope_risk": 36}}, {"type": "Feature", "geometry": {"type": "Polygon", "coordinates": [[[116.97365494978105, -34.95389776552004], [116.97365494978105, -34.92889776552004], [116.94865494978104, -34.92889776552004], [116.94865494978104, -34.95389776552004], [116.97365494978105, -34.95389776552004]]]}, "properties": {"layer": "Slope", "slope_degrees": 4.6, "slope_class": "Low slope", "slope_risk": 12}}, {"type": "Feature", "geometry": {"type": "Polygon", "coordinates": [[[116.99865494978106, -34.95389776552004], [116.99865494978106, -34.92889776552004], [116.97365494978105, -34.92889776552004], [116.97365494978105, -34.95389776552004], [116.99865494978106, -34.95389776552004]]]}, "properties": {"layer": "Slope", "slope_degrees": 2.68, "slope_class": "Low slope", "slope_risk": 12}}, {"type": "Feature", "geometry": {"type": "Polygon", "coordinates": [[[117.02365494978106, -34.95389776552004], [117.02365494978106, -34.92889776552004], [116.99865494978106, -34.92889776552004], [116.99865494978106, -34.95389776552004], [117.02365494978106, -34.95389776552004]]]}, "properties": {"layer": "Slope", "slope_degrees": 3.45, "slope_class": "Low slope", "slope_risk": 12}}, {"type": "Feature", "geometry": {"type": "Polygon", "coordinates": [[[117.04865494978107, -34.95389776552004], [117.04865494978107, -34.92889776552004], [117.02365494978106, -34.92889776552004], [117.02365494978106, -34.95389776552004], [117.04865494978107, -34.95389776552004]]]}, "properties": {"layer": "Slope", "slope_degrees": 10.66, "slope_class": "Moderate slope", "slope_risk": 34}}, {"type": "Feature", "geometry": {"type": "Polygon", "coordinates": [[[117.07365494978107, -34.95389776552004], [117.07365494978107, -34.92889776552004], [117.04865494978107, -34.92889776552004], [117.04865494978107, -34.95389776552004], [117.07365494978107, -34.95389776552004]]]}, "properties": {"layer": "Slope", "slope_degrees": 3.8, "slope_class": "Low slope", "slope_risk": 12}}, {"type": "Feature", "geometry": {"type": "Polygon", "coordinates": [[[117.09865494978108, -34.95389776552004], [117.09865494978108, -34.92889776552004], [117.07365494978107, -34.92889776552004], [117.07365494978107, -34.95389776552004], [117.09865494978108, -34.95389776552004]]]}, "properties": {"layer": "Slope", "slope_degrees": 2.13, "slope_class": "Low slope", "slope_risk": 12}}, {"type": "Feature", "geometry": {"type": "Polygon", "coordinates": [[[117.12365494978108, -34.95389776552004], [117.12365494978108, -34.92889776552004], [117.09865494978108, -34.92889776552004], [117.09865494978108, -34.95389776552004], [117.12365494978108, -34.95389776552004]]]}, "properties": {"layer": "Slope", "slope_degrees": 3.3, "slope_class": "Low slope", "slope_risk": 12}}, {"type": "Feature", "geometry": {"type": "Polygon", "coordinates": [[[117.14865494978109, -34.95389776552004], [117.14865494978109, -34.92889776552004], [117.12365494978108, -34.92889776552004], [117.12365494978108, -34.95389776552004], [117.14865494978109, -34.95389776552004]]]}, "properties": {"layer": "Slope", "slope_degrees": 0.88, "slope_class": "Low slope", "slope_risk": 12}}, {"type": "Feature", "geometry": {"type": "Polygon", "coordinates": [[[117.1736549497811, -34.95389776552004], [117.1736549497811, -34.92889776552004], [117.14865494978109, -34.92889776552004], [117.14865494978109, -34.95389776552004], [117.1736549497811, -34.95389776552004]]]}, "properties": {"layer": "Slope", "slope_degrees": 2.26, "slope_class": "Low slope", "slope_risk": 12}}, {"type": "Feature", "geometry": {"type": "Polygon", "coordinates": [[[117.1986549497811, -34.95389776552004], [117.1986549497811, -34.92889776552004], [117.1736549497811, -34.92889776552004], [117.1736549497811, -34.95389776552004], [117.1986549497811, -34.95389776552004]]]}, "properties": {"layer": "Slope", "slope_degrees": 10.08, "slope_class": "Moderate slope", "slope_risk": 31}}, {"type": "Feature", "geometry": {"type": "Polygon", "coordinates": [[[117.2236549497811, -34.95389776552004], [117.2236549497811, -34.92889776552004], [117.1986549497811, -34.92889776552004], [117.1986549497811, -34.95389776552004], [117.2236549497811, -34.95389776552004]]]}, "properties": {"layer": "Slope", "slope_degrees": 5.89, "slope_class": "Moderate slope", "slope_risk": 15}}, {"type": "Feature", "geometry": {"type": "Polygon", "coordinates": [[[117.24865494978111, -34.95389776552004], [117.24865494978111, -34.92889776552004], [117.2236549497811, -34.92889776552004], [117.2236549497811, -34.95389776552004], [117.24865494978111, -34.95389776552004]]]}, "properties": {"layer": "Slope", "slope_degrees": 6.08, "slope_class": "Moderate slope", "slope_risk": 16}}, {"type": "Feature", "geometry": {"type": "Polygon", "coordinates": [[[117.27365494978112, -34.95389776552004], [117.27365494978112, -34.92889776552004], [117.24865494978111, -34.92889776552004], [117.24865494978111, -34.95389776552004], [117.27365494978112, -34.95389776552004]]]}, "properties": {"layer": "Slope", "slope_degrees": 1.27, "slope_class": "Low slope", "slope_risk": 12}}, {"type": "Feature", "geometry": {"type": "Polygon", "coordinates": [[[117.29865494978112, -34.95389776552004], [117.29865494978112, -34.92889776552004], [117.27365494978112, -34.92889776552004], [117.27365494978112, -34.95389776552004], [117.29865494978112, -34.95389776552004]]]}, "properties": {"layer": "Slope", "slope_degrees": 6.71, "slope_class": "Moderate slope", "slope_risk": 19}}, {"type": "Feature", "geometry": {"type": "Polygon", "coordinates": [[[117.32365494978113, -34.95389776552004], [117.32365494978113, -34.92889776552004], [117.29865494978112, -34.92889776552004], [117.29865494978112, -34.95389776552004], [117.32365494978113, -34.95389776552004]]]}, "properties": {"layer": "Slope", "slope_degrees": 4.39, "slope_class": "Low slope", "slope_risk": 12}}, {"type": "Feature", "geometry": {"type": "Polygon", "coordinates": [[[117.34865494978114, -34.95389776552004], [117.34865494978114, -34.92889776552004], [117.32365494978113, -34.92889776552004], [117.32365494978113, -34.95389776552004], [117.34865494978114, -34.95389776552004]]]}, "properties": {"layer": "Slope", "slope_degrees": 8.64, "slope_class": "Moderate slope", "slope_risk": 26}}, {"type": "Feature", "geometry": {"type": "Polygon", "coordinates": [[[117.37365494978114, -34.95389776552004], [117.37365494978114, -34.92889776552004], [117.34865494978114, -34.92889776552004], [117.34865494978114, -34.95389776552004], [117.37365494978114, -34.95389776552004]]]}, "properties": {"layer": "Slope", "slope_degrees": 3.7, "slope_class": "Low slope", "slope_risk": 12}}, {"type": "Feature", "geometry": {"type": "Polygon", "coordinates": [[[117.39865494978115, -34.95389776552004], [117.39865494978115, -34.92889776552004], [117.37365494978114, -34.92889776552004], [117.37365494978114, -34.95389776552004], [117.39865494978115, -34.95389776552004]]]}, "properties": {"layer": "Slope", "slope_degrees": 4.25, "slope_class": "Low slope", "slope_risk": 12}}, {"type": "Feature", "geometry": {"type": "Polygon", "coordinates": [[[117.42365494978115, -34.95389776552004], [117.42365494978115, -34.92889776552004], [117.39865494978115, -34.92889776552004], [117.39865494978115, -34.95389776552004], [117.42365494978115, -34.95389776552004]]]}, "properties": {"layer": "Slope", "slope_degrees": 2.37, "slope_class": "Low slope", "slope_risk": 12}}, {"type": "Feature", "geometry": {"type": "Polygon", "coordinates": [[[117.44865494978116, -34.95389776552004], [117.44865494978116, -34.92889776552004], [117.42365494978115, -34.92889776552004], [117.42365494978115, -34.95389776552004], [117.44865494978116, -34.95389776552004]]]}, "properties": {"layer": "Slope", "slope_degrees": 1.02, "slope_class": "Low slope", "slope_risk": 12}}, {"type": "Feature", "geometry": {"type": "Polygon", "coordinates": [[[117.47365494978116, -34.95389776552004], [117.47365494978116, -34.92889776552004], [117.44865494978116, -34.92889776552004], [117.44865494978116, -34.95389776552004], [117.47365494978116, -34.95389776552004]]]}, "properties": {"layer": "Slope", "slope_degrees": 0.98, "slope_class": "Low slope", "slope_risk": 12}}, {"type": "Feature", "geometry": {"type": "Polygon", "coordinates": [[[117.49865494978117, -34.95389776552004], [117.49865494978117, -34.92889776552004], [117.47365494978116, -34.92889776552004], [117.47365494978116, -34.95389776552004], [117.49865494978117, -34.95389776552004]]]}, "properties": {"layer": "Slope", "slope_degrees": 1.11, "slope_class": "Low slope", "slope_risk": 12}}, {"type": "Feature", "geometry": {"type": "Polygon", "coordinates": [[[117.52365494978118, -34.95389776552004], [117.52365494978118, -34.92889776552004], [117.49865494978117, -34.92889776552004], [117.49865494978117, -34.95389776552004], [117.52365494978118, -34.95389776552004]]]}, "properties": {"layer": "Slope", "slope_degrees": 2.54, "slope_class": "Low slope", "slope_risk": 12}}, {"type": "Feature", "geometry": {"type": "Polygon", "coordinates": [[[117.54865494978118, -34.95389776552004], [117.54865494978118, -34.92889776552004], [117.52365494978118, -34.92889776552004], [117.52365494978118, -34.95389776552004], [117.54865494978118, -34.95389776552004]]]}, "properties": {"layer": "Slope", "slope_degrees": 3.96, "slope_class": "Low slope", "slope_risk": 12}}, {"type": "Feature", "geometry": {"type": "Polygon", "coordinates": [[[117.57365494978119, -34.95389776552004], [117.57365494978119, -34.92889776552004], [117.54865494978118, -34.92889776552004], [117.54865494978118, -34.95389776552004], [117.57365494978119, -34.95389776552004]]]}, "properties": {"layer": "Slope", "slope_degrees": 2.72, "slope_class": "Low slope", "slope_risk": 12}}, {"type": "Feature", "geometry": {"type": "Polygon", "coordinates": [[[117.59865494978119, -34.95389776552004], [117.59865494978119, -34.92889776552004], [117.57365494978119, -34.92889776552004], [117.57365494978119, -34.95389776552004], [117.59865494978119, -34.95389776552004]]]}, "properties": {"layer": "Slope", "slope_degrees": 4.5, "slope_class": "Low slope", "slope_risk": 12}}, {"type": "Feature", "geometry": {"type": "Polygon", "coordinates": [[[117.6236549497812, -34.95389776552004], [117.6236549497812, -34.92889776552004], [117.59865494978119, -34.92889776552004], [117.59865494978119, -34.95389776552004], [117.6236549497812, -34.95389776552004]]]}, "properties": {"layer": "Slope", "slope_degrees": 6.44, "slope_class": "Moderate slope", "slope_risk": 17}}, {"type": "Feature", "geometry": {"type": "Polygon", "coordinates": [[[117.6486549497812, -34.95389776552004], [117.6486549497812, -34.92889776552004], [117.6236549497812, -34.92889776552004], [117.6236549497812, -34.95389776552004], [117.6486549497812, -34.95389776552004]]]}, "properties": {"layer": "Slope", "slope_degrees": 2.48, "slope_class": "Low slope", "slope_risk": 12}}, {"type": "Feature", "geometry": {"type": "Polygon", "coordinates": [[[117.67365494978121, -34.95389776552004], [117.67365494978121, -34.92889776552004], [117.6486549497812, -34.92889776552004], [117.6486549497812, -34.95389776552004], [117.67365494978121, -34.95389776552004]]]}, "properties": {"layer": "Slope", "slope_degrees": 4.12, "slope_class": "Low slope", "slope_risk": 12}}, {"type": "Feature", "geometry": {"type": "Polygon", "coordinates": [[[117.69865494978121, -34.95389776552004], [117.69865494978121, -34.92889776552004], [117.67365494978121, -34.92889776552004], [117.67365494978121, -34.95389776552004], [117.69865494978121, -34.95389776552004]]]}, "properties": {"layer": "Slope", "slope_degrees": 0.6, "slope_class": "Low slope", "slope_risk": 12}}, {"type": "Feature", "geometry": {"type": "Polygon", "coordinates": [[[117.72365494978122, -34.95389776552004], [117.72365494978122, -34.92889776552004], [117.69865494978121, -34.92889776552004], [117.69865494978121, -34.95389776552004], [117.72365494978122, -34.95389776552004]]]}, "properties": {"layer": "Slope", "slope_degrees": 10.28, "slope_class": "Moderate slope", "slope_risk": 32}}, {"type": "Feature", "geometry": {"type": "Polygon", "coordinates": [[[117.74865494978123, -34.95389776552004], [117.74865494978123, -34.92889776552004], [117.72365494978122, -34.92889776552004], [117.72365494978122, -34.95389776552004], [117.74865494978123, -34.95389776552004]]]}, "properties": {"layer": "Slope", "slope_degrees": 5.53, "slope_class": "Moderate slope", "slope_risk": 14}}, {"type": "Feature", "geometry": {"type": "Polygon", "coordinates": [[[117.77365494978123, -34.95389776552004], [117.77365494978123, -34.92889776552004], [117.74865494978123, -34.92889776552004], [117.74865494978123, -34.95389776552004], [117.77365494978123, -34.95389776552004]]]}, "properties": {"layer": "Slope", "slope_degrees": 5.21, "slope_class": "Moderate slope", "slope_risk": 13}}, {"type": "Feature", "geometry": {"type": "Polygon", "coordinates": [[[117.79865494978124, -34.95389776552004], [117.79865494978124, -34.92889776552004], [117.77365494978123, -34.92889776552004], [117.77365494978123, -34.95389776552004], [117.79865494978124, -34.95389776552004]]]}, "properties": {"layer": "Slope", "slope_degrees": 2.14, "slope_class": "Low slope", "slope_risk": 12}}, {"type": "Feature", "geometry": {"type": "Polygon", "coordinates": [[[117.82365494978124, -34.95389776552004], [117.82365494978124, -34.92889776552004], [117.79865494978124, -34.92889776552004], [117.79865494978124, -34.95389776552004], [117.82365494978124, -34.95389776552004]]]}, "properties": {"layer": "Slope", "slope_degrees": 0.85, "slope_class": "Low slope", "slope_risk": 12}}, {"type": "Feature", "geometry": {"type": "Polygon", "coordinates": [[[117.84865494978125, -34.95389776552004], [117.84865494978125, -34.92889776552004], [117.82365494978124, -34.92889776552004], [117.82365494978124, -34.95389776552004], [117.84865494978125, -34.95389776552004]]]}, "properties": {"layer": "Slope", "slope_degrees": 2.71, "slope_class": "Low slope", "slope_risk": 12}}, {"type": "Feature", "geometry": {"type": "Polygon", "coordinates": [[[117.87365494978125, -34.95389776552004], [117.87365494978125, -34.92889776552004], [117.84865494978125, -34.92889776552004], [117.84865494978125, -34.95389776552004], [117.87365494978125, -34.95389776552004]]]}, "properties": {"layer": "Slope", "slope_degrees": 3.17, "slope_class": "Low slope", "slope_risk": 12}}, {"type": "Feature", "geometry": {"type": "Polygon", "coordinates": [[[117.89865494978126, -34.95389776552004], [117.89865494978126, -34.92889776552004], [117.87365494978125, -34.92889776552004], [117.87365494978125, -34.95389776552004], [117.89865494978126, -34.95389776552004]]]}, "properties": {"layer": "Slope", "slope_degrees": 0.7, "slope_class": "Low slope", "slope_risk": 12}}, {"type": "Feature", "geometry": {"type": "Polygon", "coordinates": [[[117.92365494978127, -34.95389776552004], [117.92365494978127, -34.92889776552004], [117.89865494978126, -34.92889776552004], [117.89865494978126, -34.95389776552004], [117.92365494978127, -34.95389776552004]]]}, "properties": {"layer": "Slope", "slope_degrees": 1.21, "slope_class": "Low slope", "slope_risk": 12}}, {"type": "Feature", "geometry": {"type": "Polygon", "coordinates": [[[117.94865494978127, -34.95389776552004], [117.94865494978127, -34.92889776552004], [117.92365494978127, -34.92889776552004], [117.92365494978127, -34.95389776552004], [117.94865494978127, -34.95389776552004]]]}, "properties": {"layer": "Slope", "slope_degrees": 2.66, "slope_class": "Low slope", "slope_risk": 12}}, {"type": "Feature", "geometry": {"type": "Polygon", "coordinates": [[[117.97365494978128, -34.95389776552004], [117.97365494978128, -34.92889776552004], [117.94865494978127, -34.92889776552004], [117.94865494978127, -34.95389776552004], [117.97365494978128, -34.95389776552004]]]}, "properties": {"layer": "Slope", "slope_degrees": 0.58, "slope_class": "Low slope", "slope_risk": 12}}, {"type": "Feature", "geometry": {"type": "Polygon", "coordinates": [[[117.99865494978128, -34.95389776552004], [117.99865494978128, -34.92889776552004], [117.97365494978128, -34.92889776552004], [117.97365494978128, -34.95389776552004], [117.99865494978128, -34.95389776552004]]]}, "properties": {"layer": "Slope", "slope_degrees": 6.49, "slope_class": "Moderate slope", "slope_risk": 18}}, {"type": "Feature", "geometry": {"type": "Polygon", "coordinates": [[[116.92365494978104, -34.92889776552004], [116.92365494978104, -34.90389776552004], [116.89865494978103, -34.90389776552004], [116.89865494978103, -34.92889776552004], [116.92365494978104, -34.92889776552004]]]}, "properties": {"layer": "Slope", "slope_degrees": 7.06, "slope_class": "Moderate slope", "slope_risk": 20}}, {"type": "Feature", "geometry": {"type": "Polygon", "coordinates": [[[116.94865494978104, -34.92889776552004], [116.94865494978104, -34.90389776552004], [116.92365494978104, -34.90389776552004], [116.92365494978104, -34.92889776552004], [116.94865494978104, -34.92889776552004]]]}, "properties": {"layer": "Slope", "slope_degrees": 9.33, "slope_class": "Moderate slope", "slope_risk": 28}}, {"type": "Feature", "geometry": {"type": "Polygon", "coordinates": [[[116.97365494978105, -34.92889776552004], [116.97365494978105, -34.90389776552004], [116.94865494978104, -34.90389776552004], [116.94865494978104, -34.92889776552004], [116.97365494978105, -34.92889776552004]]]}, "properties": {"layer": "Slope", "slope_degrees": 8.01, "slope_class": "Moderate slope", "slope_risk": 23}}, {"type": "Feature", "geometry": {"type": "Polygon", "coordinates": [[[116.99865494978106, -34.92889776552004], [116.99865494978106, -34.90389776552004], [116.97365494978105, -34.90389776552004], [116.97365494978105, -34.92889776552004], [116.99865494978106, -34.92889776552004]]]}, "properties": {"layer": "Slope", "slope_degrees": 9.06, "slope_class": "Moderate slope", "slope_risk": 27}}, {"type": "Feature", "geometry": {"type": "Polygon", "coordinates": [[[117.02365494978106, -34.92889776552004], [117.02365494978106, -34.90389776552004], [116.99865494978106, -34.90389776552004], [116.99865494978106, -34.92889776552004], [117.02365494978106, -34.92889776552004]]]}, "properties": {"layer": "Slope", "slope_degrees": 4.99, "slope_class": "Low slope", "slope_risk": 12}}, {"type": "Feature", "geometry": {"type": "Polygon", "coordinates": [[[117.04865494978107, -34.92889776552004], [117.04865494978107, -34.90389776552004], [117.02365494978106, -34.90389776552004], [117.02365494978106, -34.92889776552004], [117.04865494978107, -34.92889776552004]]]}, "properties": {"layer": "Slope", "slope_degrees": 7.64, "slope_class": "Moderate slope", "slope_risk": 22}}, {"type": "Feature", "geometry": {"type": "Polygon", "coordinates": [[[117.07365494978107, -34.92889776552004], [117.07365494978107, -34.90389776552004], [117.04865494978107, -34.90389776552004], [117.04865494978107, -34.92889776552004], [117.07365494978107, -34.92889776552004]]]}, "properties": {"layer": "Slope", "slope_degrees": 4.14, "slope_class": "Low slope", "slope_risk": 12}}, {"type": "Feature", "geometry": {"type": "Polygon", "coordinates": [[[117.09865494978108, -34.92889776552004], [117.09865494978108, -34.90389776552004], [117.07365494978107, -34.90389776552004], [117.07365494978107, -34.92889776552004], [117.09865494978108, -34.92889776552004]]]}, "properties": {"layer": "Slope", "slope_degrees": 6.63, "slope_class": "Moderate slope", "slope_risk": 18}}, {"type": "Feature", "geometry": {"type": "Polygon", "coordinates": [[[117.12365494978108, -34.92889776552004], [117.12365494978108, -34.90389776552004], [117.09865494978108, -34.90389776552004], [117.09865494978108, -34.92889776552004], [117.12365494978108, -34.92889776552004]]]}, "properties": {"layer": "Slope", "slope_degrees": 0.62, "slope_class": "Low slope", "slope_risk": 12}}, {"type": "Feature", "geometry": {"type": "Polygon", "coordinates": [[[117.14865494978109, -34.92889776552004], [117.14865494978109, -34.90389776552004], [117.12365494978108, -34.90389776552004], [117.12365494978108, -34.92889776552004], [117.14865494978109, -34.92889776552004]]]}, "properties": {"layer": "Slope", "slope_degrees": 1.32, "slope_class": "Low slope", "slope_risk": 12}}, {"type": "Feature", "geometry": {"type": "Polygon", "coordinates": [[[117.1736549497811, -34.92889776552004], [117.1736549497811, -34.90389776552004], [117.14865494978109, -34.90389776552004], [117.14865494978109, -34.92889776552004], [117.1736549497811, -34.92889776552004]]]}, "properties": {"layer": "Slope", "slope_degrees": 14.84, "slope_class": "Moderate slope", "slope_risk": 49}}, {"type": "Feature", "geometry": {"type": "Polygon", "coordinates": [[[117.1986549497811, -34.92889776552004], [117.1986549497811, -34.90389776552004], [117.1736549497811, -34.90389776552004], [117.1736549497811, -34.92889776552004], [117.1986549497811, -34.92889776552004]]]}, "properties": {"layer": "Slope", "slope_degrees": 6.33, "slope_class": "Moderate slope", "slope_risk": 17}}, {"type": "Feature", "geometry": {"type": "Polygon", "coordinates": [[[117.2236549497811, -34.92889776552004], [117.2236549497811, -34.90389776552004], [117.1986549497811, -34.90389776552004], [117.1986549497811, -34.92889776552004], [117.2236549497811, -34.92889776552004]]]}, "properties": {"layer": "Slope", "slope_degrees": 9.5, "slope_class": "Moderate slope", "slope_risk": 29}}, {"type": "Feature", "geometry": {"type": "Polygon", "coordinates": [[[117.24865494978111, -34.92889776552004], [117.24865494978111, -34.90389776552004], [117.2236549497811, -34.90389776552004], [117.2236549497811, -34.92889776552004], [117.24865494978111, -34.92889776552004]]]}, "properties": {"layer": "Slope", "slope_degrees": 3.59, "slope_class": "Low slope", "slope_risk": 12}}, {"type": "Feature", "geometry": {"type": "Polygon", "coordinates": [[[117.27365494978112, -34.92889776552004], [117.27365494978112, -34.90389776552004], [117.24865494978111, -34.90389776552004], [117.24865494978111, -34.92889776552004], [117.27365494978112, -34.92889776552004]]]}, "properties": {"layer": "Slope", "slope_degrees": 5.17, "slope_class": "Moderate slope", "slope_risk": 13}}, {"type": "Feature", "geometry": {"type": "Polygon", "coordinates": [[[117.29865494978112, -34.92889776552004], [117.29865494978112, -34.90389776552004], [117.27365494978112, -34.90389776552004], [117.27365494978112, -34.92889776552004], [117.29865494978112, -34.92889776552004]]]}, "properties": {"layer": "Slope", "slope_degrees": 11.62, "slope_class": "Moderate slope", "slope_risk": 37}}, {"type": "Feature", "geometry": {"type": "Polygon", "coordinates": [[[117.32365494978113, -34.92889776552004], [117.32365494978113, -34.90389776552004], [117.29865494978112, -34.90389776552004], [117.29865494978112, -34.92889776552004], [117.32365494978113, -34.92889776552004]]]}, "properties": {"layer": "Slope", "slope_degrees": 9.27, "slope_class": "Moderate slope", "slope_risk": 28}}, {"type": "Feature", "geometry": {"type": "Polygon", "coordinates": [[[117.34865494978114, -34.92889776552004], [117.34865494978114, -34.90389776552004], [117.32365494978113, -34.90389776552004], [117.32365494978113, -34.92889776552004], [117.34865494978114, -34.92889776552004]]]}, "properties": {"layer": "Slope", "slope_degrees": 6.58, "slope_class": "Moderate slope", "slope_risk": 18}}, {"type": "Feature", "geometry": {"type": "Polygon", "coordinates": [[[117.37365494978114, -34.92889776552004], [117.37365494978114, -34.90389776552004], [117.34865494978114, -34.90389776552004], [117.34865494978114, -34.92889776552004], [117.37365494978114, -34.92889776552004]]]}, "properties": {"layer": "Slope", "slope_degrees": 2.64, "slope_class": "Low slope", "slope_risk": 12}}, {"type": "Feature", "geometry": {"type": "Polygon", "coordinates": [[[117.39865494978115, -34.92889776552004], [117.39865494978115, -34.90389776552004], [117.37365494978114, -34.90389776552004], [117.37365494978114, -34.92889776552004], [117.39865494978115, -34.92889776552004]]]}, "properties": {"layer": "Slope", "slope_degrees": 1.35, "slope_class": "Low slope", "slope_risk": 12}}, {"type": "Feature", "geometry": {"type": "Polygon", "coordinates": [[[117.42365494978115, -34.92889776552004], [117.42365494978115, -34.90389776552004], [117.39865494978115, -34.90389776552004], [117.39865494978115, -34.92889776552004], [117.42365494978115, -34.92889776552004]]]}, "properties": {"layer": "Slope", "slope_degrees": 5.64, "slope_class": "Moderate slope", "slope_risk": 14}}, {"type": "Feature", "geometry": {"type": "Polygon", "coordinates": [[[117.44865494978116, -34.92889776552004], [117.44865494978116, -34.90389776552004], [117.42365494978115, -34.90389776552004], [117.42365494978115, -34.92889776552004], [117.44865494978116, -34.92889776552004]]]}, "properties": {"layer": "Slope", "slope_degrees": 4.89, "slope_class": "Low slope", "slope_risk": 12}}, {"type": "Feature", "geometry": {"type": "Polygon", "coordinates": [[[117.47365494978116, -34.92889776552004], [117.47365494978116, -34.90389776552004], [117.44865494978116, -34.90389776552004], [117.44865494978116, -34.92889776552004], [117.47365494978116, -34.92889776552004]]]}, "properties": {"layer": "Slope", "slope_degrees": 1.68, "slope_class": "Low slope", "slope_risk": 12}}, {"type": "Feature", "geometry": {"type": "Polygon", "coordinates": [[[117.49865494978117, -34.92889776552004], [117.49865494978117, -34.90389776552004], [117.47365494978116, -34.90389776552004], [117.47365494978116, -34.92889776552004], [117.49865494978117, -34.92889776552004]]]}, "properties": {"layer": "Slope", "slope_degrees": 1.7, "slope_class": "Low slope", "slope_risk": 12}}, {"type": "Feature", "geometry": {"type": "Polygon", "coordinates": [[[117.52365494978118, -34.92889776552004], [117.52365494978118, -34.90389776552004], [117.49865494978117, -34.90389776552004], [117.49865494978117, -34.92889776552004], [117.52365494978118, -34.92889776552004]]]}, "properties": {"layer": "Slope", "slope_degrees": 5.25, "slope_class": "Moderate slope", "slope_risk": 13}}, {"type": "Feature", "geometry": {"type": "Polygon", "coordinates": [[[117.54865494978118, -34.92889776552004], [117.54865494978118, -34.90389776552004], [117.52365494978118, -34.90389776552004], [117.52365494978118, -34.92889776552004], [117.54865494978118, -34.92889776552004]]]}, "properties": {"layer": "Slope", "slope_degrees": 3.32, "slope_class": "Low slope", "slope_risk": 12}}, {"type": "Feature", "geometry": {"type": "Polygon", "coordinates": [[[117.57365494978119, -34.92889776552004], [117.57365494978119, -34.90389776552004], [117.54865494978118, -34.90389776552004], [117.54865494978118, -34.92889776552004], [117.57365494978119, -34.92889776552004]]]}, "properties": {"layer": "Slope", "slope_degrees": 2.94, "slope_class": "Low slope", "slope_risk": 12}}, {"type": "Feature", "geometry": {"type": "Polygon", "coordinates": [[[117.59865494978119, -34.92889776552004], [117.59865494978119, -34.90389776552004], [117.57365494978119, -34.90389776552004], [117.57365494978119, -34.92889776552004], [117.59865494978119, -34.92889776552004]]]}, "properties": {"layer": "Slope", "slope_degrees": 2.09, "slope_class": "Low slope", "slope_risk": 12}}, {"type": "Feature", "geometry": {"type": "Polygon", "coordinates": [[[117.6236549497812, -34.92889776552004], [117.6236549497812, -34.90389776552004], [117.59865494978119, -34.90389776552004], [117.59865494978119, -34.92889776552004], [117.6236549497812, -34.92889776552004]]]}, "properties": {"layer": "Slope", "slope_degrees": 2.46, "slope_class": "Low slope", "slope_risk": 12}}, {"type": "Feature", "geometry": {"type": "Polygon", "coordinates": [[[117.6486549497812, -34.92889776552004], [117.6486549497812, -34.90389776552004], [117.6236549497812, -34.90389776552004], [117.6236549497812, -34.92889776552004], [117.6486549497812, -34.92889776552004]]]}, "properties": {"layer": "Slope", "slope_degrees": 1.04, "slope_class": "Low slope", "slope_risk": 12}}, {"type": "Feature", "geometry": {"type": "Polygon", "coordinates": [[[117.67365494978121, -34.92889776552004], [117.67365494978121, -34.90389776552004], [117.6486549497812, -34.90389776552004], [117.6486549497812, -34.92889776552004], [117.67365494978121, -34.92889776552004]]]}, "properties": {"layer": "Slope", "slope_degrees": 2.52, "slope_class": "Low slope", "slope_risk": 12}}, {"type": "Feature", "geometry": {"type": "Polygon", "coordinates": [[[117.69865494978121, -34.92889776552004], [117.69865494978121, -34.90389776552004], [117.67365494978121, -34.90389776552004], [117.67365494978121, -34.92889776552004], [117.69865494978121, -34.92889776552004]]]}, "properties": {"layer": "Slope", "slope_degrees": 2.76, "slope_class": "Low slope", "slope_risk": 12}}, {"type": "Feature", "geometry": {"type": "Polygon", "coordinates": [[[117.72365494978122, -34.92889776552004], [117.72365494978122, -34.90389776552004], [117.69865494978121, -34.90389776552004], [117.69865494978121, -34.92889776552004], [117.72365494978122, -34.92889776552004]]]}, "properties": {"layer": "Slope", "slope_degrees": 6.58, "slope_class": "Moderate slope", "slope_risk": 18}}, {"type": "Feature", "geometry": {"type": "Polygon", "coordinates": [[[117.74865494978123, -34.92889776552004], [117.74865494978123, -34.90389776552004], [117.72365494978122, -34.90389776552004], [117.72365494978122, -34.92889776552004], [117.74865494978123, -34.92889776552004]]]}, "properties": {"layer": "Slope", "slope_degrees": 2.25, "slope_class": "Low slope", "slope_risk": 12}}, {"type": "Feature", "geometry": {"type": "Polygon", "coordinates": [[[117.77365494978123, -34.92889776552004], [117.77365494978123, -34.90389776552004], [117.74865494978123, -34.90389776552004], [117.74865494978123, -34.92889776552004], [117.77365494978123, -34.92889776552004]]]}, "properties": {"layer": "Slope", "slope_degrees": 1.18, "slope_class": "Low slope", "slope_risk": 12}}, {"type": "Feature", "geometry": {"type": "Polygon", "coordinates": [[[117.79865494978124, -34.92889776552004], [117.79865494978124, -34.90389776552004], [117.77365494978123, -34.90389776552004], [117.77365494978123, -34.92889776552004], [117.79865494978124, -34.92889776552004]]]}, "properties": {"layer": "Slope", "slope_degrees": 1.24, "slope_class": "Low slope", "slope_risk": 12}}, {"type": "Feature", "geometry": {"type": "Polygon", "coordinates": [[[117.82365494978124, -34.92889776552004], [117.82365494978124, -34.90389776552004], [117.79865494978124, -34.90389776552004], [117.79865494978124, -34.92889776552004], [117.82365494978124, -34.92889776552004]]]}, "properties": {"layer": "Slope", "slope_degrees": 5.57, "slope_class": "Moderate slope", "slope_risk": 14}}, {"type": "Feature", "geometry": {"type": "Polygon", "coordinates": [[[117.84865494978125, -34.92889776552004], [117.84865494978125, -34.90389776552004], [117.82365494978124, -34.90389776552004], [117.82365494978124, -34.92889776552004], [117.84865494978125, -34.92889776552004]]]}, "properties": {"layer": "Slope", "slope_degrees": 3.4, "slope_class": "Low slope", "slope_risk": 12}}, {"type": "Feature", "geometry": {"type": "Polygon", "coordinates": [[[117.87365494978125, -34.92889776552004], [117.87365494978125, -34.90389776552004], [117.84865494978125, -34.90389776552004], [117.84865494978125, -34.92889776552004], [117.87365494978125, -34.92889776552004]]]}, "properties": {"layer": "Slope", "slope_degrees": 2.75, "slope_class": "Low slope", "slope_risk": 12}}, {"type": "Feature", "geometry": {"type": "Polygon", "coordinates": [[[117.89865494978126, -34.92889776552004], [117.89865494978126, -34.90389776552004], [117.87365494978125, -34.90389776552004], [117.87365494978125, -34.92889776552004], [117.89865494978126, -34.92889776552004]]]}, "properties": {"layer": "Slope", "slope_degrees": 6.2, "slope_class": "Moderate slope", "slope_risk": 17}}, {"type": "Feature", "geometry": {"type": "Polygon", "coordinates": [[[117.92365494978127, -34.92889776552004], [117.92365494978127, -34.90389776552004], [117.89865494978126, -34.90389776552004], [117.89865494978126, -34.92889776552004], [117.92365494978127, -34.92889776552004]]]}, "properties": {"layer": "Slope", "slope_degrees": 3.91, "slope_class": "Low slope", "slope_risk": 12}}, {"type": "Feature", "geometry": {"type": "Polygon", "coordinates": [[[117.94865494978127, -34.92889776552004], [117.94865494978127, -34.90389776552004], [117.92365494978127, -34.90389776552004], [117.92365494978127, -34.92889776552004], [117.94865494978127, -34.92889776552004]]]}, "properties": {"layer": "Slope", "slope_degrees": 2.06, "slope_class": "Low slope", "slope_risk": 12}}, {"type": "Feature", "geometry": {"type": "Polygon", "coordinates": [[[117.97365494978128, -34.92889776552004], [117.97365494978128, -34.90389776552004], [117.94865494978127, -34.90389776552004], [117.94865494978127, -34.92889776552004], [117.97365494978128, -34.92889776552004]]]}, "properties": {"layer": "Slope", "slope_degrees": 4.7, "slope_class": "Low slope", "slope_risk": 12}}, {"type": "Feature", "geometry": {"type": "Polygon", "coordinates": [[[117.99865494978128, -34.92889776552004], [117.99865494978128, -34.90389776552004], [117.97365494978128, -34.90389776552004], [117.97365494978128, -34.92889776552004], [117.99865494978128, -34.92889776552004]]]}, "properties": {"layer": "Slope", "slope_degrees": 5.39, "slope_class": "Moderate slope", "slope_risk": 13}}, {"type": "Feature", "geometry": {"type": "Polygon", "coordinates": [[[116.92365494978104, -34.90389776552004], [116.92365494978104, -34.878897765520044], [116.89865494978103, -34.878897765520044], [116.89865494978103, -34.90389776552004], [116.92365494978104, -34.90389776552004]]]}, "properties": {"layer": "Slope", "slope_degrees": 0.96, "slope_class": "Low slope", "slope_risk": 12}}, {"type": "Feature", "geometry": {"type": "Polygon", "coordinates": [[[116.94865494978104, -34.90389776552004], [116.94865494978104, -34.878897765520044], [116.92365494978104, -34.878897765520044], [116.92365494978104, -34.90389776552004], [116.94865494978104, -34.90389776552004]]]}, "properties": {"layer": "Slope", "slope_degrees": 8.84, "slope_class": "Moderate slope", "slope_risk": 27}}, {"type": "Feature", "geometry": {"type": "Polygon", "coordinates": [[[116.97365494978105, -34.90389776552004], [116.97365494978105, -34.878897765520044], [116.94865494978104, -34.878897765520044], [116.94865494978104, -34.90389776552004], [116.97365494978105, -34.90389776552004]]]}, "properties": {"layer": "Slope", "slope_degrees": 12.0, "slope_class": "Moderate slope", "slope_risk": 39}}, {"type": "Feature", "geometry": {"type": "Polygon", "coordinates": [[[116.99865494978106, -34.90389776552004], [116.99865494978106, -34.878897765520044], [116.97365494978105, -34.878897765520044], [116.97365494978105, -34.90389776552004], [116.99865494978106, -34.90389776552004]]]}, "properties": {"layer": "Slope", "slope_degrees": 1.96, "slope_class": "Low slope", "slope_risk": 12}}, {"type": "Feature", "geometry": {"type": "Polygon", "coordinates": [[[117.02365494978106, -34.90389776552004], [117.02365494978106, -34.878897765520044], [116.99865494978106, -34.878897765520044], [116.99865494978106, -34.90389776552004], [117.02365494978106, -34.90389776552004]]]}, "properties": {"layer": "Slope", "slope_degrees": 3.49, "slope_class": "Low slope", "slope_risk": 12}}, {"type": "Feature", "geometry": {"type": "Polygon", "coordinates": [[[117.04865494978107, -34.90389776552004], [117.04865494978107, -34.878897765520044], [117.02365494978106, -34.878897765520044], [117.02365494978106, -34.90389776552004], [117.04865494978107, -34.90389776552004]]]}, "properties": {"layer": "Slope", "slope_degrees": 1.04, "slope_class": "Low slope", "slope_risk": 12}}, {"type": "Feature", "geometry": {"type": "Polygon", "coordinates": [[[117.07365494978107, -34.90389776552004], [117.07365494978107, -34.878897765520044], [117.04865494978107, -34.878897765520044], [117.04865494978107, -34.90389776552004], [117.07365494978107, -34.90389776552004]]]}, "properties": {"layer": "Slope", "slope_degrees": 8.68, "slope_class": "Moderate slope", "slope_risk": 26}}, {"type": "Feature", "geometry": {"type": "Polygon", "coordinates": [[[117.09865494978108, -34.90389776552004], [117.09865494978108, -34.878897765520044], [117.07365494978107, -34.878897765520044], [117.07365494978107, -34.90389776552004], [117.09865494978108, -34.90389776552004]]]}, "properties": {"layer": "Slope", "slope_degrees": 6.26, "slope_class": "Moderate slope", "slope_risk": 17}}, {"type": "Feature", "geometry": {"type": "Polygon", "coordinates": [[[117.12365494978108, -34.90389776552004], [117.12365494978108, -34.878897765520044], [117.09865494978108, -34.878897765520044], [117.09865494978108, -34.90389776552004], [117.12365494978108, -34.90389776552004]]]}, "properties": {"layer": "Slope", "slope_degrees": 7.26, "slope_class": "Moderate slope", "slope_risk": 21}}, {"type": "Feature", "geometry": {"type": "Polygon", "coordinates": [[[117.14865494978109, -34.90389776552004], [117.14865494978109, -34.878897765520044], [117.12365494978108, -34.878897765520044], [117.12365494978108, -34.90389776552004], [117.14865494978109, -34.90389776552004]]]}, "properties": {"layer": "Slope", "slope_degrees": 2.51, "slope_class": "Low slope", "slope_risk": 12}}, {"type": "Feature", "geometry": {"type": "Polygon", "coordinates": [[[117.1736549497811, -34.90389776552004], [117.1736549497811, -34.878897765520044], [117.14865494978109, -34.878897765520044], [117.14865494978109, -34.90389776552004], [117.1736549497811, -34.90389776552004]]]}, "properties": {"layer": "Slope", "slope_degrees": 6.12, "slope_class": "Moderate slope", "slope_risk": 16}}, {"type": "Feature", "geometry": {"type": "Polygon", "coordinates": [[[117.1986549497811, -34.90389776552004], [117.1986549497811, -34.878897765520044], [117.1736549497811, -34.878897765520044], [117.1736549497811, -34.90389776552004], [117.1986549497811, -34.90389776552004]]]}, "properties": {"layer": "Slope", "slope_degrees": 1.77, "slope_class": "Low slope", "slope_risk": 12}}, {"type": "Feature", "geometry": {"type": "Polygon", "coordinates": [[[117.2236549497811, -34.90389776552004], [117.2236549497811, -34.878897765520044], [117.1986549497811, -34.878897765520044], [117.1986549497811, -34.90389776552004], [117.2236549497811, -34.90389776552004]]]}, "properties": {"layer": "Slope", "slope_degrees": 4.21, "slope_class": "Low slope", "slope_risk": 12}}, {"type": "Feature", "geometry": {"type": "Polygon", "coordinates": [[[117.24865494978111, -34.90389776552004], [117.24865494978111, -34.878897765520044], [117.2236549497811, -34.878897765520044], [117.2236549497811, -34.90389776552004], [117.24865494978111, -34.90389776552004]]]}, "properties": {"layer": "Slope", "slope_degrees": 5.71, "slope_class": "Moderate slope", "slope_risk": 15}}, {"type": "Feature", "geometry": {"type": "Polygon", "coordinates": [[[117.27365494978112, -34.90389776552004], [117.27365494978112, -34.878897765520044], [117.24865494978111, -34.878897765520044], [117.24865494978111, -34.90389776552004], [117.27365494978112, -34.90389776552004]]]}, "properties": {"layer": "Slope", "slope_degrees": 0.34, "slope_class": "Low slope", "slope_risk": 12}}, {"type": "Feature", "geometry": {"type": "Polygon", "coordinates": [[[117.29865494978112, -34.90389776552004], [117.29865494978112, -34.878897765520044], [117.27365494978112, -34.878897765520044], [117.27365494978112, -34.90389776552004], [117.29865494978112, -34.90389776552004]]]}, "properties": {"layer": "Slope", "slope_degrees": 1.25, "slope_class": "Low slope", "slope_risk": 12}}, {"type": "Feature", "geometry": {"type": "Polygon", "coordinates": [[[117.32365494978113, -34.90389776552004], [117.32365494978113, -34.878897765520044], [117.29865494978112, -34.878897765520044], [117.29865494978112, -34.90389776552004], [117.32365494978113, -34.90389776552004]]]}, "properties": {"layer": "Slope", "slope_degrees": 2.89, "slope_class": "Low slope", "slope_risk": 12}}, {"type": "Feature", "geometry": {"type": "Polygon", "coordinates": [[[117.34865494978114, -34.90389776552004], [117.34865494978114, -34.878897765520044], [117.32365494978113, -34.878897765520044], [117.32365494978113, -34.90389776552004], [117.34865494978114, -34.90389776552004]]]}, "properties": {"layer": "Slope", "slope_degrees": 4.87, "slope_class": "Low slope", "slope_risk": 12}}, {"type": "Feature", "geometry": {"type": "Polygon", "coordinates": [[[117.37365494978114, -34.90389776552004], [117.37365494978114, -34.878897765520044], [117.34865494978114, -34.878897765520044], [117.34865494978114, -34.90389776552004], [117.37365494978114, -34.90389776552004]]]}, "properties": {"layer": "Slope", "slope_degrees": 2.27, "slope_class": "Low slope", "slope_risk": 12}}, {"type": "Feature", "geometry": {"type": "Polygon", "coordinates": [[[117.39865494978115, -34.90389776552004], [117.39865494978115, -34.878897765520044], [117.37365494978114, -34.878897765520044], [117.37365494978114, -34.90389776552004], [117.39865494978115, -34.90389776552004]]]}, "properties": {"layer": "Slope", "slope_degrees": 4.34, "slope_class": "Low slope", "slope_risk": 12}}, {"type": "Feature", "geometry": {"type": "Polygon", "coordinates": [[[117.42365494978115, -34.90389776552004], [117.42365494978115, -34.878897765520044], [117.39865494978115, -34.878897765520044], [117.39865494978115, -34.90389776552004], [117.42365494978115, -34.90389776552004]]]}, "properties": {"layer": "Slope", "slope_degrees": 7.31, "slope_class": "Moderate slope", "slope_risk": 21}}, {"type": "Feature", "geometry": {"type": "Polygon", "coordinates": [[[117.44865494978116, -34.90389776552004], [117.44865494978116, -34.878897765520044], [117.42365494978115, -34.878897765520044], [117.42365494978115, -34.90389776552004], [117.44865494978116, -34.90389776552004]]]}, "properties": {"layer": "Slope", "slope_degrees": 3.78, "slope_class": "Low slope", "slope_risk": 12}}, {"type": "Feature", "geometry": {"type": "Polygon", "coordinates": [[[117.47365494978116, -34.90389776552004], [117.47365494978116, -34.878897765520044], [117.44865494978116, -34.878897765520044], [117.44865494978116, -34.90389776552004], [117.47365494978116, -34.90389776552004]]]}, "properties": {"layer": "Slope", "slope_degrees": 2.75, "slope_class": "Low slope", "slope_risk": 12}}, {"type": "Feature", "geometry": {"type": "Polygon", "coordinates": [[[117.49865494978117, -34.90389776552004], [117.49865494978117, -34.878897765520044], [117.47365494978116, -34.878897765520044], [117.47365494978116, -34.90389776552004], [117.49865494978117, -34.90389776552004]]]}, "properties": {"layer": "Slope", "slope_degrees": 0.44, "slope_class": "Low slope", "slope_risk": 12}}, {"type": "Feature", "geometry": {"type": "Polygon", "coordinates": [[[117.52365494978118, -34.90389776552004], [117.52365494978118, -34.878897765520044], [117.49865494978117, -34.878897765520044], [117.49865494978117, -34.90389776552004], [117.52365494978118, -34.90389776552004]]]}, "properties": {"layer": "Slope", "slope_degrees": 0.86, "slope_class": "Low slope", "slope_risk": 12}}, {"type": "Feature", "geometry": {"type": "Polygon", "coordinates": [[[117.54865494978118, -34.90389776552004], [117.54865494978118, -34.878897765520044], [117.52365494978118, -34.878897765520044], [117.52365494978118, -34.90389776552004], [117.54865494978118, -34.90389776552004]]]}, "properties": {"layer": "Slope", "slope_degrees": 3.73, "slope_class": "Low slope", "slope_risk": 12}}, {"type": "Feature", "geometry": {"type": "Polygon", "coordinates": [[[117.57365494978119, -34.90389776552004], [117.57365494978119, -34.878897765520044], [117.54865494978118, -34.878897765520044], [117.54865494978118, -34.90389776552004], [117.57365494978119, -34.90389776552004]]]}, "properties": {"layer": "Slope", "slope_degrees": 1.06, "slope_class": "Low slope", "slope_risk": 12}}, {"type": "Feature", "geometry": {"type": "Polygon", "coordinates": [[[117.59865494978119, -34.90389776552004], [117.59865494978119, -34.878897765520044], [117.57365494978119, -34.878897765520044], [117.57365494978119, -34.90389776552004], [117.59865494978119, -34.90389776552004]]]}, "properties": {"layer": "Slope", "slope_degrees": 4.4, "slope_class": "Low slope", "slope_risk": 12}}, {"type": "Feature", "geometry": {"type": "Polygon", "coordinates": [[[117.6236549497812, -34.90389776552004], [117.6236549497812, -34.878897765520044], [117.59865494978119, -34.878897765520044], [117.59865494978119, -34.90389776552004], [117.6236549497812, -34.90389776552004]]]}, "properties": {"layer": "Slope", "slope_degrees": 2.23, "slope_class": "Low slope", "slope_risk": 12}}, {"type": "Feature", "geometry": {"type": "Polygon", "coordinates": [[[117.6486549497812, -34.90389776552004], [117.6486549497812, -34.878897765520044], [117.6236549497812, -34.878897765520044], [117.6236549497812, -34.90389776552004], [117.6486549497812, -34.90389776552004]]]}, "properties": {"layer": "Slope", "slope_degrees": 1.85, "slope_class": "Low slope", "slope_risk": 12}}, {"type": "Feature", "geometry": {"type": "Polygon", "coordinates": [[[117.67365494978121, -34.90389776552004], [117.67365494978121, -34.878897765520044], [117.6486549497812, -34.878897765520044], [117.6486549497812, -34.90389776552004], [117.67365494978121, -34.90389776552004]]]}, "properties": {"layer": "Slope", "slope_degrees": 3.65, "slope_class": "Low slope", "slope_risk": 12}}, {"type": "Feature", "geometry": {"type": "Polygon", "coordinates": [[[117.69865494978121, -34.90389776552004], [117.69865494978121, -34.878897765520044], [117.67365494978121, -34.878897765520044], [117.67365494978121, -34.90389776552004], [117.69865494978121, -34.90389776552004]]]}, "properties": {"layer": "Slope", "slope_degrees": 4.49, "slope_class": "Low slope", "slope_risk": 12}}, {"type": "Feature", "geometry": {"type": "Polygon", "coordinates": [[[117.72365494978122, -34.90389776552004], [117.72365494978122, -34.878897765520044], [117.69865494978121, -34.878897765520044], [117.69865494978121, -34.90389776552004], [117.72365494978122, -34.90389776552004]]]}, "properties": {"layer": "Slope", "slope_degrees": 3.86, "slope_class": "Low slope", "slope_risk": 12}}, {"type": "Feature", "geometry": {"type": "Polygon", "coordinates": [[[117.74865494978123, -34.90389776552004], [117.74865494978123, -34.878897765520044], [117.72365494978122, -34.878897765520044], [117.72365494978122, -34.90389776552004], [117.74865494978123, -34.90389776552004]]]}, "properties": {"layer": "Slope", "slope_degrees": 2.72, "slope_class": "Low slope", "slope_risk": 12}}, {"type": "Feature", "geometry": {"type": "Polygon", "coordinates": [[[117.77365494978123, -34.90389776552004], [117.77365494978123, -34.878897765520044], [117.74865494978123, -34.878897765520044], [117.74865494978123, -34.90389776552004], [117.77365494978123, -34.90389776552004]]]}, "properties": {"layer": "Slope", "slope_degrees": 3.11, "slope_class": "Low slope", "slope_risk": 12}}, {"type": "Feature", "geometry": {"type": "Polygon", "coordinates": [[[117.79865494978124, -34.90389776552004], [117.79865494978124, -34.878897765520044], [117.77365494978123, -34.878897765520044], [117.77365494978123, -34.90389776552004], [117.79865494978124, -34.90389776552004]]]}, "properties": {"layer": "Slope", "slope_degrees": 1.47, "slope_class": "Low slope", "slope_risk": 12}}, {"type": "Feature", "geometry": {"type": "Polygon", "coordinates": [[[117.82365494978124, -34.90389776552004], [117.82365494978124, -34.878897765520044], [117.79865494978124, -34.878897765520044], [117.79865494978124, -34.90389776552004], [117.82365494978124, -34.90389776552004]]]}, "properties": {"layer": "Slope", "slope_degrees": 4.53, "slope_class": "Low slope", "slope_risk": 12}}, {"type": "Feature", "geometry": {"type": "Polygon", "coordinates": [[[117.84865494978125, -34.90389776552004], [117.84865494978125, -34.878897765520044], [117.82365494978124, -34.878897765520044], [117.82365494978124, -34.90389776552004], [117.84865494978125, -34.90389776552004]]]}, "properties": {"layer": "Slope", "slope_degrees": 6.7, "slope_class": "Moderate slope", "slope_risk": 18}}, {"type": "Feature", "geometry": {"type": "Polygon", "coordinates": [[[117.87365494978125, -34.90389776552004], [117.87365494978125, -34.878897765520044], [117.84865494978125, -34.878897765520044], [117.84865494978125, -34.90389776552004], [117.87365494978125, -34.90389776552004]]]}, "properties": {"layer": "Slope", "slope_degrees": 1.91, "slope_class": "Low slope", "slope_risk": 12}}, {"type": "Feature", "geometry": {"type": "Polygon", "coordinates": [[[117.89865494978126, -34.90389776552004], [117.89865494978126, -34.878897765520044], [117.87365494978125, -34.878897765520044], [117.87365494978125, -34.90389776552004], [117.89865494978126, -34.90389776552004]]]}, "properties": {"layer": "Slope", "slope_degrees": 1.88, "slope_class": "Low slope", "slope_risk": 12}}, {"type": "Feature", "geometry": {"type": "Polygon", "coordinates": [[[117.92365494978127, -34.90389776552004], [117.92365494978127, -34.878897765520044], [117.89865494978126, -34.878897765520044], [117.89865494978126, -34.90389776552004], [117.92365494978127, -34.90389776552004]]]}, "properties": {"layer": "Slope", "slope_degrees": 3.84, "slope_class": "Low slope", "slope_risk": 12}}, {"type": "Feature", "geometry": {"type": "Polygon", "coordinates": [[[117.94865494978127, -34.90389776552004], [117.94865494978127, -34.878897765520044], [117.92365494978127, -34.878897765520044], [117.92365494978127, -34.90389776552004], [117.94865494978127, -34.90389776552004]]]}, "properties": {"layer": "Slope", "slope_degrees": 5.0, "slope_class": "Low slope", "slope_risk": 12}}, {"type": "Feature", "geometry": {"type": "Polygon", "coordinates": [[[117.97365494978128, -34.90389776552004], [117.97365494978128, -34.878897765520044], [117.94865494978127, -34.878897765520044], [117.94865494978127, -34.90389776552004], [117.97365494978128, -34.90389776552004]]]}, "properties": {"layer": "Slope", "slope_degrees": 3.01, "slope_class": "Low slope", "slope_risk": 12}}, {"type": "Feature", "geometry": {"type": "Polygon", "coordinates": [[[117.99865494978128, -34.90389776552004], [117.99865494978128, -34.878897765520044], [117.97365494978128, -34.878897765520044], [117.97365494978128, -34.90389776552004], [117.99865494978128, -34.90389776552004]]]}, "properties": {"layer": "Slope", "slope_degrees": 5.98, "slope_class": "Moderate slope", "slope_risk": 16}}, {"type": "Feature", "geometry": {"type": "Polygon", "coordinates": [[[116.92365494978104, -34.878897765520044], [116.92365494978104, -34.853897765520045], [116.89865494978103, -34.853897765520045], [116.89865494978103, -34.878897765520044], [116.92365494978104, -34.878897765520044]]]}, "properties": {"layer": "Slope", "slope_degrees": 1.43, "slope_class": "Low slope", "slope_risk": 12}}, {"type": "Feature", "geometry": {"type": "Polygon", "coordinates": [[[116.94865494978104, -34.878897765520044], [116.94865494978104, -34.853897765520045], [116.92365494978104, -34.853897765520045], [116.92365494978104, -34.878897765520044], [116.94865494978104, -34.878897765520044]]]}, "properties": {"layer": "Slope", "slope_degrees": 4.89, "slope_class": "Low slope", "slope_risk": 12}}, {"type": "Feature", "geometry": {"type": "Polygon", "coordinates": [[[116.97365494978105, -34.878897765520044], [116.97365494978105, -34.853897765520045], [116.94865494978104, -34.853897765520045], [116.94865494978104, -34.878897765520044], [116.97365494978105, -34.878897765520044]]]}, "properties": {"layer": "Slope", "slope_degrees": 5.5, "slope_class": "Moderate slope", "slope_risk": 14}}, {"type": "Feature", "geometry": {"type": "Polygon", "coordinates": [[[116.99865494978106, -34.878897765520044], [116.99865494978106, -34.853897765520045], [116.97365494978105, -34.853897765520045], [116.97365494978105, -34.878897765520044], [116.99865494978106, -34.878897765520044]]]}, "properties": {"layer": "Slope", "slope_degrees": 9.4, "slope_class": "Moderate slope", "slope_risk": 29}}, {"type": "Feature", "geometry": {"type": "Polygon", "coordinates": [[[117.02365494978106, -34.878897765520044], [117.02365494978106, -34.853897765520045], [116.99865494978106, -34.853897765520045], [116.99865494978106, -34.878897765520044], [117.02365494978106, -34.878897765520044]]]}, "properties": {"layer": "Slope", "slope_degrees": 8.97, "slope_class": "Moderate slope", "slope_risk": 27}}, {"type": "Feature", "geometry": {"type": "Polygon", "coordinates": [[[117.04865494978107, -34.878897765520044], [117.04865494978107, -34.853897765520045], [117.02365494978106, -34.853897765520045], [117.02365494978106, -34.878897765520044], [117.04865494978107, -34.878897765520044]]]}, "properties": {"layer": "Slope", "slope_degrees": 3.41, "slope_class": "Low slope", "slope_risk": 12}}, {"type": "Feature", "geometry": {"type": "Polygon", "coordinates": [[[117.07365494978107, -34.878897765520044], [117.07365494978107, -34.853897765520045], [117.04865494978107, -34.853897765520045], [117.04865494978107, -34.878897765520044], [117.07365494978107, -34.878897765520044]]]}, "properties": {"layer": "Slope", "slope_degrees": 1.76, "slope_class": "Low slope", "slope_risk": 12}}, {"type": "Feature", "geometry": {"type": "Polygon", "coordinates": [[[117.09865494978108, -34.878897765520044], [117.09865494978108, -34.853897765520045], [117.07365494978107, -34.853897765520045], [117.07365494978107, -34.878897765520044], [117.09865494978108, -34.878897765520044]]]}, "properties": {"layer": "Slope", "slope_degrees": 3.52, "slope_class": "Low slope", "slope_risk": 12}}, {"type": "Feature", "geometry": {"type": "Polygon", "coordinates": [[[117.12365494978108, -34.878897765520044], [117.12365494978108, -34.853897765520045], [117.09865494978108, -34.853897765520045], [117.09865494978108, -34.878897765520044], [117.12365494978108, -34.878897765520044]]]}, "properties": {"layer": "Slope", "slope_degrees": 4.82, "slope_class": "Low slope", "slope_risk": 12}}, {"type": "Feature", "geometry": {"type": "Polygon", "coordinates": [[[117.14865494978109, -34.878897765520044], [117.14865494978109, -34.853897765520045], [117.12365494978108, -34.853897765520045], [117.12365494978108, -34.878897765520044], [117.14865494978109, -34.878897765520044]]]}, "properties": {"layer": "Slope", "slope_degrees": 3.49, "slope_class": "Low slope", "slope_risk": 12}}, {"type": "Feature", "geometry": {"type": "Polygon", "coordinates": [[[117.1736549497811, -34.878897765520044], [117.1736549497811, -34.853897765520045], [117.14865494978109, -34.853897765520045], [117.14865494978109, -34.878897765520044], [117.1736549497811, -34.878897765520044]]]}, "properties": {"layer": "Slope", "slope_degrees": 1.62, "slope_class": "Low slope", "slope_risk": 12}}, {"type": "Feature", "geometry": {"type": "Polygon", "coordinates": [[[117.1986549497811, -34.878897765520044], [117.1986549497811, -34.853897765520045], [117.1736549497811, -34.853897765520045], [117.1736549497811, -34.878897765520044], [117.1986549497811, -34.878897765520044]]]}, "properties": {"layer": "Slope", "slope_degrees": 0.83, "slope_class": "Low slope", "slope_risk": 12}}, {"type": "Feature", "geometry": {"type": "Polygon", "coordinates": [[[117.2236549497811, -34.878897765520044], [117.2236549497811, -34.853897765520045], [117.1986549497811, -34.853897765520045], [117.1986549497811, -34.878897765520044], [117.2236549497811, -34.878897765520044]]]}, "properties": {"layer": "Slope", "slope_degrees": 3.25, "slope_class": "Low slope", "slope_risk": 12}}, {"type": "Feature", "geometry": {"type": "Polygon", "coordinates": [[[117.24865494978111, -34.878897765520044], [117.24865494978111, -34.853897765520045], [117.2236549497811, -34.853897765520045], [117.2236549497811, -34.878897765520044], [117.24865494978111, -34.878897765520044]]]}, "properties": {"layer": "Slope", "slope_degrees": 2.22, "slope_class": "Low slope", "slope_risk": 12}}, {"type": "Feature", "geometry": {"type": "Polygon", "coordinates": [[[117.27365494978112, -34.878897765520044], [117.27365494978112, -34.853897765520045], [117.24865494978111, -34.853897765520045], [117.24865494978111, -34.878897765520044], [117.27365494978112, -34.878897765520044]]]}, "properties": {"layer": "Slope", "slope_degrees": 2.66, "slope_class": "Low slope", "slope_risk": 12}}, {"type": "Feature", "geometry": {"type": "Polygon", "coordinates": [[[117.29865494978112, -34.878897765520044], [117.29865494978112, -34.853897765520045], [117.27365494978112, -34.853897765520045], [117.27365494978112, -34.878897765520044], [117.29865494978112, -34.878897765520044]]]}, "properties": {"layer": "Slope", "slope_degrees": 2.64, "slope_class": "Low slope", "slope_risk": 12}}, {"type": "Feature", "geometry": {"type": "Polygon", "coordinates": [[[117.32365494978113, -34.878897765520044], [117.32365494978113, -34.853897765520045], [117.29865494978112, -34.853897765520045], [117.29865494978112, -34.878897765520044], [117.32365494978113, -34.878897765520044]]]}, "properties": {"layer": "Slope", "slope_degrees": 7.55, "slope_class": "Moderate slope", "slope_risk": 22}}, {"type": "Feature", "geometry": {"type": "Polygon", "coordinates": [[[117.34865494978114, -34.878897765520044], [117.34865494978114, -34.853897765520045], [117.32365494978113, -34.853897765520045], [117.32365494978113, -34.878897765520044], [117.34865494978114, -34.878897765520044]]]}, "properties": {"layer": "Slope", "slope_degrees": 3.77, "slope_class": "Low slope", "slope_risk": 12}}, {"type": "Feature", "geometry": {"type": "Polygon", "coordinates": [[[117.37365494978114, -34.878897765520044], [117.37365494978114, -34.853897765520045], [117.34865494978114, -34.853897765520045], [117.34865494978114, -34.878897765520044], [117.37365494978114, -34.878897765520044]]]}, "properties": {"layer": "Slope", "slope_degrees": 3.87, "slope_class": "Low slope", "slope_risk": 12}}, {"type": "Feature", "geometry": {"type": "Polygon", "coordinates": [[[117.39865494978115, -34.878897765520044], [117.39865494978115, -34.853897765520045], [117.37365494978114, -34.853897765520045], [117.37365494978114, -34.878897765520044], [117.39865494978115, -34.878897765520044]]]}, "properties": {"layer": "Slope", "slope_degrees": 3.4, "slope_class": "Low slope", "slope_risk": 12}}, {"type": "Feature", "geometry": {"type": "Polygon", "coordinates": [[[117.42365494978115, -34.878897765520044], [117.42365494978115, -34.853897765520045], [117.39865494978115, -34.853897765520045], [117.39865494978115, -34.878897765520044], [117.42365494978115, -34.878897765520044]]]}, "properties": {"layer": "Slope", "slope_degrees": 7.36, "slope_class": "Moderate slope", "slope_risk": 21}}, {"type": "Feature", "geometry": {"type": "Polygon", "coordinates": [[[117.44865494978116, -34.878897765520044], [117.44865494978116, -34.853897765520045], [117.42365494978115, -34.853897765520045], [117.42365494978115, -34.878897765520044], [117.44865494978116, -34.878897765520044]]]}, "properties": {"layer": "Slope", "slope_degrees": 0.89, "slope_class": "Low slope", "slope_risk": 12}}, {"type": "Feature", "geometry": {"type": "Polygon", "coordinates": [[[117.47365494978116, -34.878897765520044], [117.47365494978116, -34.853897765520045], [117.44865494978116, -34.853897765520045], [117.44865494978116, -34.878897765520044], [117.47365494978116, -34.878897765520044]]]}, "properties": {"layer": "Slope", "slope_degrees": 2.07, "slope_class": "Low slope", "slope_risk": 12}}, {"type": "Feature", "geometry": {"type": "Polygon", "coordinates": [[[117.49865494978117, -34.878897765520044], [117.49865494978117, -34.853897765520045], [117.47365494978116, -34.853897765520045], [117.47365494978116, -34.878897765520044], [117.49865494978117, -34.878897765520044]]]}, "properties": {"layer": "Slope", "slope_degrees": 5.45, "slope_class": "Moderate slope", "slope_risk": 14}}, {"type": "Feature", "geometry": {"type": "Polygon", "coordinates": [[[117.52365494978118, -34.878897765520044], [117.52365494978118, -34.853897765520045], [117.49865494978117, -34.853897765520045], [117.49865494978117, -34.878897765520044], [117.52365494978118, -34.878897765520044]]]}, "properties": {"layer": "Slope", "slope_degrees": 3.22, "slope_class": "Low slope", "slope_risk": 12}}, {"type": "Feature", "geometry": {"type": "Polygon", "coordinates": [[[117.54865494978118, -34.878897765520044], [117.54865494978118, -34.853897765520045], [117.52365494978118, -34.853897765520045], [117.52365494978118, -34.878897765520044], [117.54865494978118, -34.878897765520044]]]}, "properties": {"layer": "Slope", "slope_degrees": 1.49, "slope_class": "Low slope", "slope_risk": 12}}, {"type": "Feature", "geometry": {"type": "Polygon", "coordinates": [[[117.57365494978119, -34.878897765520044], [117.57365494978119, -34.853897765520045], [117.54865494978118, -34.853897765520045], [117.54865494978118, -34.878897765520044], [117.57365494978119, -34.878897765520044]]]}, "properties": {"layer": "Slope", "slope_degrees": 4.9, "slope_class": "Low slope", "slope_risk": 12}}, {"type": "Feature", "geometry": {"type": "Polygon", "coordinates": [[[117.59865494978119, -34.878897765520044], [117.59865494978119, -34.853897765520045], [117.57365494978119, -34.853897765520045], [117.57365494978119, -34.878897765520044], [117.59865494978119, -34.878897765520044]]]}, "properties": {"layer": "Slope", "slope_degrees": 1.36, "slope_class": "Low slope", "slope_risk": 12}}, {"type": "Feature", "geometry": {"type": "Polygon", "coordinates": [[[117.6236549497812, -34.878897765520044], [117.6236549497812, -34.853897765520045], [117.59865494978119, -34.853897765520045], [117.59865494978119, -34.878897765520044], [117.6236549497812, -34.878897765520044]]]}, "properties": {"layer": "Slope", "slope_degrees": 1.17, "slope_class": "Low slope", "slope_risk": 12}}, {"type": "Feature", "geometry": {"type": "Polygon", "coordinates": [[[117.6486549497812, -34.878897765520044], [117.6486549497812, -34.853897765520045], [117.6236549497812, -34.853897765520045], [117.6236549497812, -34.878897765520044], [117.6486549497812, -34.878897765520044]]]}, "properties": {"layer": "Slope", "slope_degrees": 7.9, "slope_class": "Moderate slope", "slope_risk": 23}}, {"type": "Feature", "geometry": {"type": "Polygon", "coordinates": [[[117.67365494978121, -34.878897765520044], [117.67365494978121, -34.853897765520045], [117.6486549497812, -34.853897765520045], [117.6486549497812, -34.878897765520044], [117.67365494978121, -34.878897765520044]]]}, "properties": {"layer": "Slope", "slope_degrees": 2.0, "slope_class": "Low slope", "slope_risk": 12}}, {"type": "Feature", "geometry": {"type": "Polygon", "coordinates": [[[117.69865494978121, -34.878897765520044], [117.69865494978121, -34.853897765520045], [117.67365494978121, -34.853897765520045], [117.67365494978121, -34.878897765520044], [117.69865494978121, -34.878897765520044]]]}, "properties": {"layer": "Slope", "slope_degrees": 1.76, "slope_class": "Low slope", "slope_risk": 12}}, {"type": "Feature", "geometry": {"type": "Polygon", "coordinates": [[[117.72365494978122, -34.878897765520044], [117.72365494978122, -34.853897765520045], [117.69865494978121, -34.853897765520045], [117.69865494978121, -34.878897765520044], [117.72365494978122, -34.878897765520044]]]}, "properties": {"layer": "Slope", "slope_degrees": 2.01, "slope_class": "Low slope", "slope_risk": 12}}, {"type": "Feature", "geometry": {"type": "Polygon", "coordinates": [[[117.74865494978123, -34.878897765520044], [117.74865494978123, -34.853897765520045], [117.72365494978122, -34.853897765520045], [117.72365494978122, -34.878897765520044], [117.74865494978123, -34.878897765520044]]]}, "properties": {"layer": "Slope", "slope_degrees": 1.4, "slope_class": "Low slope", "slope_risk": 12}}, {"type": "Feature", "geometry": {"type": "Polygon", "coordinates": [[[117.77365494978123, -34.878897765520044], [117.77365494978123, -34.853897765520045], [117.74865494978123, -34.853897765520045], [117.74865494978123, -34.878897765520044], [117.77365494978123, -34.878897765520044]]]}, "properties": {"layer": "Slope", "slope_degrees": 1.87, "slope_class": "Low slope", "slope_risk": 12}}, {"type": "Feature", "geometry": {"type": "Polygon", "coordinates": [[[117.79865494978124, -34.878897765520044], [117.79865494978124, -34.853897765520045], [117.77365494978123, -34.853897765520045], [117.77365494978123, -34.878897765520044], [117.79865494978124, -34.878897765520044]]]}, "properties": {"layer": "Slope", "slope_degrees": 0.77, "slope_class": "Low slope", "slope_risk": 12}}, {"type": "Feature", "geometry": {"type": "Polygon", "coordinates": [[[117.82365494978124, -34.878897765520044], [117.82365494978124, -34.853897765520045], [117.79865494978124, -34.853897765520045], [117.79865494978124, -34.878897765520044], [117.82365494978124, -34.878897765520044]]]}, "properties": {"layer": "Slope", "slope_degrees": 5.71, "slope_class": "Moderate slope", "slope_risk": 15}}, {"type": "Feature", "geometry": {"type": "Polygon", "coordinates": [[[117.84865494978125, -34.878897765520044], [117.84865494978125, -34.853897765520045], [117.82365494978124, -34.853897765520045], [117.82365494978124, -34.878897765520044], [117.84865494978125, -34.878897765520044]]]}, "properties": {"layer": "Slope", "slope_degrees": 0.76, "slope_class": "Low slope", "slope_risk": 12}}, {"type": "Feature", "geometry": {"type": "Polygon", "coordinates": [[[117.87365494978125, -34.878897765520044], [117.87365494978125, -34.853897765520045], [117.84865494978125, -34.853897765520045], [117.84865494978125, -34.878897765520044], [117.87365494978125, -34.878897765520044]]]}, "properties": {"layer": "Slope", "slope_degrees": 1.33, "slope_class": "Low slope", "slope_risk": 12}}, {"type": "Feature", "geometry": {"type": "Polygon", "coordinates": [[[117.89865494978126, -34.878897765520044], [117.89865494978126, -34.853897765520045], [117.87365494978125, -34.853897765520045], [117.87365494978125, -34.878897765520044], [117.89865494978126, -34.878897765520044]]]}, "properties": {"layer": "Slope", "slope_degrees": 2.39, "slope_class": "Low slope", "slope_risk": 12}}, {"type": "Feature", "geometry": {"type": "Polygon", "coordinates": [[[117.92365494978127, -34.878897765520044], [117.92365494978127, -34.853897765520045], [117.89865494978126, -34.853897765520045], [117.89865494978126, -34.878897765520044], [117.92365494978127, -34.878897765520044]]]}, "properties": {"layer": "Slope", "slope_degrees": 4.11, "slope_class": "Low slope", "slope_risk": 12}}, {"type": "Feature", "geometry": {"type": "Polygon", "coordinates": [[[117.94865494978127, -34.878897765520044], [117.94865494978127, -34.853897765520045], [117.92365494978127, -34.853897765520045], [117.92365494978127, -34.878897765520044], [117.94865494978127, -34.878897765520044]]]}, "properties": {"layer": "Slope", "slope_degrees": 1.83, "slope_class": "Low slope", "slope_risk": 12}}, {"type": "Feature", "geometry": {"type": "Polygon", "coordinates": [[[117.97365494978128, -34.878897765520044], [117.97365494978128, -34.853897765520045], [117.94865494978127, -34.853897765520045], [117.94865494978127, -34.878897765520044], [117.97365494978128, -34.878897765520044]]]}, "properties": {"layer": "Slope", "slope_degrees": 4.21, "slope_class": "Low slope", "slope_risk": 12}}, {"type": "Feature", "geometry": {"type": "Polygon", "coordinates": [[[117.99865494978128, -34.878897765520044], [117.99865494978128, -34.853897765520045], [117.97365494978128, -34.853897765520045], [117.97365494978128, -34.878897765520044], [117.99865494978128, -34.878897765520044]]]}, "properties": {"layer": "Slope", "slope_degrees": 8.25, "slope_class": "Moderate slope", "slope_risk": 24}}, {"type": "Feature", "geometry": {"type": "Polygon", "coordinates": [[[116.92365494978104, -34.853897765520045], [116.92365494978104, -34.82889776552005], [116.89865494978103, -34.82889776552005], [116.89865494978103, -34.853897765520045], [116.92365494978104, -34.853897765520045]]]}, "properties": {"layer": "Slope", "slope_degrees": 8.24, "slope_class": "Moderate slope", "slope_risk": 24}}, {"type": "Feature", "geometry": {"type": "Polygon", "coordinates": [[[116.94865494978104, -34.853897765520045], [116.94865494978104, -34.82889776552005], [116.92365494978104, -34.82889776552005], [116.92365494978104, -34.853897765520045], [116.94865494978104, -34.853897765520045]]]}, "properties": {"layer": "Slope", "slope_degrees": 8.5, "slope_class": "Moderate slope", "slope_risk": 25}}, {"type": "Feature", "geometry": {"type": "Polygon", "coordinates": [[[116.97365494978105, -34.853897765520045], [116.97365494978105, -34.82889776552005], [116.94865494978104, -34.82889776552005], [116.94865494978104, -34.853897765520045], [116.97365494978105, -34.853897765520045]]]}, "properties": {"layer": "Slope", "slope_degrees": 2.12, "slope_class": "Low slope", "slope_risk": 12}}, {"type": "Feature", "geometry": {"type": "Polygon", "coordinates": [[[116.99865494978106, -34.853897765520045], [116.99865494978106, -34.82889776552005], [116.97365494978105, -34.82889776552005], [116.97365494978105, -34.853897765520045], [116.99865494978106, -34.853897765520045]]]}, "properties": {"layer": "Slope", "slope_degrees": 2.36, "slope_class": "Low slope", "slope_risk": 12}}, {"type": "Feature", "geometry": {"type": "Polygon", "coordinates": [[[117.02365494978106, -34.853897765520045], [117.02365494978106, -34.82889776552005], [116.99865494978106, -34.82889776552005], [116.99865494978106, -34.853897765520045], [117.02365494978106, -34.853897765520045]]]}, "properties": {"layer": "Slope", "slope_degrees": 6.24, "slope_class": "Moderate slope", "slope_risk": 17}}, {"type": "Feature", "geometry": {"type": "Polygon", "coordinates": [[[117.04865494978107, -34.853897765520045], [117.04865494978107, -34.82889776552005], [117.02365494978106, -34.82889776552005], [117.02365494978106, -34.853897765520045], [117.04865494978107, -34.853897765520045]]]}, "properties": {"layer": "Slope", "slope_degrees": 2.37, "slope_class": "Low slope", "slope_risk": 12}}, {"type": "Feature", "geometry": {"type": "Polygon", "coordinates": [[[117.07365494978107, -34.853897765520045], [117.07365494978107, -34.82889776552005], [117.04865494978107, -34.82889776552005], [117.04865494978107, -34.853897765520045], [117.07365494978107, -34.853897765520045]]]}, "properties": {"layer": "Slope", "slope_degrees": 3.44, "slope_class": "Low slope", "slope_risk": 12}}, {"type": "Feature", "geometry": {"type": "Polygon", "coordinates": [[[117.09865494978108, -34.853897765520045], [117.09865494978108, -34.82889776552005], [117.07365494978107, -34.82889776552005], [117.07365494978107, -34.853897765520045], [117.09865494978108, -34.853897765520045]]]}, "properties": {"layer": "Slope", "slope_degrees": 5.39, "slope_class": "Moderate slope", "slope_risk": 13}}, {"type": "Feature", "geometry": {"type": "Polygon", "coordinates": [[[117.12365494978108, -34.853897765520045], [117.12365494978108, -34.82889776552005], [117.09865494978108, -34.82889776552005], [117.09865494978108, -34.853897765520045], [117.12365494978108, -34.853897765520045]]]}, "properties": {"layer": "Slope", "slope_degrees": 1.02, "slope_class": "Low slope", "slope_risk": 12}}, {"type": "Feature", "geometry": {"type": "Polygon", "coordinates": [[[117.14865494978109, -34.853897765520045], [117.14865494978109, -34.82889776552005], [117.12365494978108, -34.82889776552005], [117.12365494978108, -34.853897765520045], [117.14865494978109, -34.853897765520045]]]}, "properties": {"layer": "Slope", "slope_degrees": 6.71, "slope_class": "Moderate slope", "slope_risk": 19}}, {"type": "Feature", "geometry": {"type": "Polygon", "coordinates": [[[117.1736549497811, -34.853897765520045], [117.1736549497811, -34.82889776552005], [117.14865494978109, -34.82889776552005], [117.14865494978109, -34.853897765520045], [117.1736549497811, -34.853897765520045]]]}, "properties": {"layer": "Slope", "slope_degrees": 7.94, "slope_class": "Moderate slope", "slope_risk": 23}}, {"type": "Feature", "geometry": {"type": "Polygon", "coordinates": [[[117.1986549497811, -34.853897765520045], [117.1986549497811, -34.82889776552005], [117.1736549497811, -34.82889776552005], [117.1736549497811, -34.853897765520045], [117.1986549497811, -34.853897765520045]]]}, "properties": {"layer": "Slope", "slope_degrees": 2.14, "slope_class": "Low slope", "slope_risk": 12}}, {"type": "Feature", "geometry": {"type": "Polygon", "coordinates": [[[117.2236549497811, -34.853897765520045], [117.2236549497811, -34.82889776552005], [117.1986549497811, -34.82889776552005], [117.1986549497811, -34.853897765520045], [117.2236549497811, -34.853897765520045]]]}, "properties": {"layer": "Slope", "slope_degrees": 2.89, "slope_class": "Low slope", "slope_risk": 12}}, {"type": "Feature", "geometry": {"type": "Polygon", "coordinates": [[[117.24865494978111, -34.853897765520045], [117.24865494978111, -34.82889776552005], [117.2236549497811, -34.82889776552005], [117.2236549497811, -34.853897765520045], [117.24865494978111, -34.853897765520045]]]}, "properties": {"layer": "Slope", "slope_degrees": 1.12, "slope_class": "Low slope", "slope_risk": 12}}, {"type": "Feature", "geometry": {"type": "Polygon", "coordinates": [[[117.27365494978112, -34.853897765520045], [117.27365494978112, -34.82889776552005], [117.24865494978111, -34.82889776552005], [117.24865494978111, -34.853897765520045], [117.27365494978112, -34.853897765520045]]]}, "properties": {"layer": "Slope", "slope_degrees": 5.36, "slope_class": "Moderate slope", "slope_risk": 13}}, {"type": "Feature", "geometry": {"type": "Polygon", "coordinates": [[[117.29865494978112, -34.853897765520045], [117.29865494978112, -34.82889776552005], [117.27365494978112, -34.82889776552005], [117.27365494978112, -34.853897765520045], [117.29865494978112, -34.853897765520045]]]}, "properties": {"layer": "Slope", "slope_degrees": 5.77, "slope_class": "Moderate slope", "slope_risk": 15}}, {"type": "Feature", "geometry": {"type": "Polygon", "coordinates": [[[117.32365494978113, -34.853897765520045], [117.32365494978113, -34.82889776552005], [117.29865494978112, -34.82889776552005], [117.29865494978112, -34.853897765520045], [117.32365494978113, -34.853897765520045]]]}, "properties": {"layer": "Slope", "slope_degrees": 8.63, "slope_class": "Moderate slope", "slope_risk": 26}}, {"type": "Feature", "geometry": {"type": "Polygon", "coordinates": [[[117.34865494978114, -34.853897765520045], [117.34865494978114, -34.82889776552005], [117.32365494978113, -34.82889776552005], [117.32365494978113, -34.853897765520045], [117.34865494978114, -34.853897765520045]]]}, "properties": {"layer": "Slope", "slope_degrees": 19.4, "slope_class": "Steep slope", "slope_risk": 65}}, {"type": "Feature", "geometry": {"type": "Polygon", "coordinates": [[[117.37365494978114, -34.853897765520045], [117.37365494978114, -34.82889776552005], [117.34865494978114, -34.82889776552005], [117.34865494978114, -34.853897765520045], [117.37365494978114, -34.853897765520045]]]}, "properties": {"layer": "Slope", "slope_degrees": 1.1, "slope_class": "Low slope", "slope_risk": 12}}, {"type": "Feature", "geometry": {"type": "Polygon", "coordinates": [[[117.39865494978115, -34.853897765520045], [117.39865494978115, -34.82889776552005], [117.37365494978114, -34.82889776552005], [117.37365494978114, -34.853897765520045], [117.39865494978115, -34.853897765520045]]]}, "properties": {"layer": "Slope", "slope_degrees": 8.93, "slope_class": "Moderate slope", "slope_risk": 27}}, {"type": "Feature", "geometry": {"type": "Polygon", "coordinates": [[[117.42365494978115, -34.853897765520045], [117.42365494978115, -34.82889776552005], [117.39865494978115, -34.82889776552005], [117.39865494978115, -34.853897765520045], [117.42365494978115, -34.853897765520045]]]}, "properties": {"layer": "Slope", "slope_degrees": 2.23, "slope_class": "Low slope", "slope_risk": 12}}, {"type": "Feature", "geometry": {"type": "Polygon", "coordinates": [[[117.44865494978116, -34.853897765520045], [117.44865494978116, -34.82889776552005], [117.42365494978115, -34.82889776552005], [117.42365494978115, -34.853897765520045], [117.44865494978116, -34.853897765520045]]]}, "properties": {"layer": "Slope", "slope_degrees": 2.18, "slope_class": "Low slope", "slope_risk": 12}}, {"type": "Feature", "geometry": {"type": "Polygon", "coordinates": [[[117.47365494978116, -34.853897765520045], [117.47365494978116, -34.82889776552005], [117.44865494978116, -34.82889776552005], [117.44865494978116, -34.853897765520045], [117.47365494978116, -34.853897765520045]]]}, "properties": {"layer": "Slope", "slope_degrees": 1.93, "slope_class": "Low slope", "slope_risk": 12}}, {"type": "Feature", "geometry": {"type": "Polygon", "coordinates": [[[117.49865494978117, -34.853897765520045], [117.49865494978117, -34.82889776552005], [117.47365494978116, -34.82889776552005], [117.47365494978116, -34.853897765520045], [117.49865494978117, -34.853897765520045]]]}, "properties": {"layer": "Slope", "slope_degrees": 3.68, "slope_class": "Low slope", "slope_risk": 12}}, {"type": "Feature", "geometry": {"type": "Polygon", "coordinates": [[[117.52365494978118, -34.853897765520045], [117.52365494978118, -34.82889776552005], [117.49865494978117, -34.82889776552005], [117.49865494978117, -34.853897765520045], [117.52365494978118, -34.853897765520045]]]}, "properties": {"layer": "Slope", "slope_degrees": 3.94, "slope_class": "Low slope", "slope_risk": 12}}, {"type": "Feature", "geometry": {"type": "Polygon", "coordinates": [[[117.54865494978118, -34.853897765520045], [117.54865494978118, -34.82889776552005], [117.52365494978118, -34.82889776552005], [117.52365494978118, -34.853897765520045], [117.54865494978118, -34.853897765520045]]]}, "properties": {"layer": "Slope", "slope_degrees": 8.37, "slope_class": "Moderate slope", "slope_risk": 25}}, {"type": "Feature", "geometry": {"type": "Polygon", "coordinates": [[[117.57365494978119, -34.853897765520045], [117.57365494978119, -34.82889776552005], [117.54865494978118, -34.82889776552005], [117.54865494978118, -34.853897765520045], [117.57365494978119, -34.853897765520045]]]}, "properties": {"layer": "Slope", "slope_degrees": 1.08, "slope_class": "Low slope", "slope_risk": 12}}, {"type": "Feature", "geometry": {"type": "Polygon", "coordinates": [[[117.59865494978119, -34.853897765520045], [117.59865494978119, -34.82889776552005], [117.57365494978119, -34.82889776552005], [117.57365494978119, -34.853897765520045], [117.59865494978119, -34.853897765520045]]]}, "properties": {"layer": "Slope", "slope_degrees": 2.14, "slope_class": "Low slope", "slope_risk": 12}}, {"type": "Feature", "geometry": {"type": "Polygon", "coordinates": [[[117.6236549497812, -34.853897765520045], [117.6236549497812, -34.82889776552005], [117.59865494978119, -34.82889776552005], [117.59865494978119, -34.853897765520045], [117.6236549497812, -34.853897765520045]]]}, "properties": {"layer": "Slope", "slope_degrees": 2.88, "slope_class": "Low slope", "slope_risk": 12}}, {"type": "Feature", "geometry": {"type": "Polygon", "coordinates": [[[117.6486549497812, -34.853897765520045], [117.6486549497812, -34.82889776552005], [117.6236549497812, -34.82889776552005], [117.6236549497812, -34.853897765520045], [117.6486549497812, -34.853897765520045]]]}, "properties": {"layer": "Slope", "slope_degrees": 2.02, "slope_class": "Low slope", "slope_risk": 12}}, {"type": "Feature", "geometry": {"type": "Polygon", "coordinates": [[[117.67365494978121, -34.853897765520045], [117.67365494978121, -34.82889776552005], [117.6486549497812, -34.82889776552005], [117.6486549497812, -34.853897765520045], [117.67365494978121, -34.853897765520045]]]}, "properties": {"layer": "Slope", "slope_degrees": 4.41, "slope_class": "Low slope", "slope_risk": 12}}, {"type": "Feature", "geometry": {"type": "Polygon", "coordinates": [[[117.69865494978121, -34.853897765520045], [117.69865494978121, -34.82889776552005], [117.67365494978121, -34.82889776552005], [117.67365494978121, -34.853897765520045], [117.69865494978121, -34.853897765520045]]]}, "properties": {"layer": "Slope", "slope_degrees": 1.45, "slope_class": "Low slope", "slope_risk": 12}}, {"type": "Feature", "geometry": {"type": "Polygon", "coordinates": [[[117.72365494978122, -34.853897765520045], [117.72365494978122, -34.82889776552005], [117.69865494978121, -34.82889776552005], [117.69865494978121, -34.853897765520045], [117.72365494978122, -34.853897765520045]]]}, "properties": {"layer": "Slope", "slope_degrees": 3.08, "slope_class": "Low slope", "slope_risk": 12}}, {"type": "Feature", "geometry": {"type": "Polygon", "coordinates": [[[117.74865494978123, -34.853897765520045], [117.74865494978123, -34.82889776552005], [117.72365494978122, -34.82889776552005], [117.72365494978122, -34.853897765520045], [117.74865494978123, -34.853897765520045]]]}, "properties": {"layer": "Slope", "slope_degrees": 1.57, "slope_class": "Low slope", "slope_risk": 12}}, {"type": "Feature", "geometry": {"type": "Polygon", "coordinates": [[[117.77365494978123, -34.853897765520045], [117.77365494978123, -34.82889776552005], [117.74865494978123, -34.82889776552005], [117.74865494978123, -34.853897765520045], [117.77365494978123, -34.853897765520045]]]}, "properties": {"layer": "Slope", "slope_degrees": 3.19, "slope_class": "Low slope", "slope_risk": 12}}, {"type": "Feature", "geometry": {"type": "Polygon", "coordinates": [[[117.79865494978124, -34.853897765520045], [117.79865494978124, -34.82889776552005], [117.77365494978123, -34.82889776552005], [117.77365494978123, -34.853897765520045], [117.79865494978124, -34.853897765520045]]]}, "properties": {"layer": "Slope", "slope_degrees": 6.21, "slope_class": "Moderate slope", "slope_risk": 17}}, {"type": "Feature", "geometry": {"type": "Polygon", "coordinates": [[[117.82365494978124, -34.853897765520045], [117.82365494978124, -34.82889776552005], [117.79865494978124, -34.82889776552005], [117.79865494978124, -34.853897765520045], [117.82365494978124, -34.853897765520045]]]}, "properties": {"layer": "Slope", "slope_degrees": 4.37, "slope_class": "Low slope", "slope_risk": 12}}, {"type": "Feature", "geometry": {"type": "Polygon", "coordinates": [[[117.84865494978125, -34.853897765520045], [117.84865494978125, -34.82889776552005], [117.82365494978124, -34.82889776552005], [117.82365494978124, -34.853897765520045], [117.84865494978125, -34.853897765520045]]]}, "properties": {"layer": "Slope", "slope_degrees": 1.73, "slope_class": "Low slope", "slope_risk": 12}}, {"type": "Feature", "geometry": {"type": "Polygon", "coordinates": [[[117.87365494978125, -34.853897765520045], [117.87365494978125, -34.82889776552005], [117.84865494978125, -34.82889776552005], [117.84865494978125, -34.853897765520045], [117.87365494978125, -34.853897765520045]]]}, "properties": {"layer": "Slope", "slope_degrees": 1.29, "slope_class": "Low slope", "slope_risk": 12}}, {"type": "Feature", "geometry": {"type": "Polygon", "coordinates": [[[117.89865494978126, -34.853897765520045], [117.89865494978126, -34.82889776552005], [117.87365494978125, -34.82889776552005], [117.87365494978125, -34.853897765520045], [117.89865494978126, -34.853897765520045]]]}, "properties": {"layer": "Slope", "slope_degrees": 1.73, "slope_class": "Low slope", "slope_risk": 12}}, {"type": "Feature", "geometry": {"type": "Polygon", "coordinates": [[[117.92365494978127, -34.853897765520045], [117.92365494978127, -34.82889776552005], [117.89865494978126, -34.82889776552005], [117.89865494978126, -34.853897765520045], [117.92365494978127, -34.853897765520045]]]}, "properties": {"layer": "Slope", "slope_degrees": 2.17, "slope_class": "Low slope", "slope_risk": 12}}, {"type": "Feature", "geometry": {"type": "Polygon", "coordinates": [[[117.94865494978127, -34.853897765520045], [117.94865494978127, -34.82889776552005], [117.92365494978127, -34.82889776552005], [117.92365494978127, -34.853897765520045], [117.94865494978127, -34.853897765520045]]]}, "properties": {"layer": "Slope", "slope_degrees": 3.87, "slope_class": "Low slope", "slope_risk": 12}}, {"type": "Feature", "geometry": {"type": "Polygon", "coordinates": [[[117.97365494978128, -34.853897765520045], [117.97365494978128, -34.82889776552005], [117.94865494978127, -34.82889776552005], [117.94865494978127, -34.853897765520045], [117.97365494978128, -34.853897765520045]]]}, "properties": {"layer": "Slope", "slope_degrees": 5.49, "slope_class": "Moderate slope", "slope_risk": 14}}, {"type": "Feature", "geometry": {"type": "Polygon", "coordinates": [[[117.99865494978128, -34.853897765520045], [117.99865494978128, -34.82889776552005], [117.97365494978128, -34.82889776552005], [117.97365494978128, -34.853897765520045], [117.99865494978128, -34.853897765520045]]]}, "properties": {"layer": "Slope", "slope_degrees": 2.28, "slope_class": "Low slope", "slope_risk": 12}}, {"type": "Feature", "geometry": {"type": "Polygon", "coordinates": [[[116.92365494978104, -34.82889776552005], [116.92365494978104, -34.80389776552005], [116.89865494978103, -34.80389776552005], [116.89865494978103, -34.82889776552005], [116.92365494978104, -34.82889776552005]]]}, "properties": {"layer": "Slope", "slope_degrees": 11.83, "slope_class": "Moderate slope", "slope_risk": 38}}, {"type": "Feature", "geometry": {"type": "Polygon", "coordinates": [[[116.94865494978104, -34.82889776552005], [116.94865494978104, -34.80389776552005], [116.92365494978104, -34.80389776552005], [116.92365494978104, -34.82889776552005], [116.94865494978104, -34.82889776552005]]]}, "properties": {"layer": "Slope", "slope_degrees": 1.29, "slope_class": "Low slope", "slope_risk": 12}}, {"type": "Feature", "geometry": {"type": "Polygon", "coordinates": [[[116.97365494978105, -34.82889776552005], [116.97365494978105, -34.80389776552005], [116.94865494978104, -34.80389776552005], [116.94865494978104, -34.82889776552005], [116.97365494978105, -34.82889776552005]]]}, "properties": {"layer": "Slope", "slope_degrees": 2.44, "slope_class": "Low slope", "slope_risk": 12}}, {"type": "Feature", "geometry": {"type": "Polygon", "coordinates": [[[116.99865494978106, -34.82889776552005], [116.99865494978106, -34.80389776552005], [116.97365494978105, -34.80389776552005], [116.97365494978105, -34.82889776552005], [116.99865494978106, -34.82889776552005]]]}, "properties": {"layer": "Slope", "slope_degrees": 1.4, "slope_class": "Low slope", "slope_risk": 12}}, {"type": "Feature", "geometry": {"type": "Polygon", "coordinates": [[[117.02365494978106, -34.82889776552005], [117.02365494978106, -34.80389776552005], [116.99865494978106, -34.80389776552005], [116.99865494978106, -34.82889776552005], [117.02365494978106, -34.82889776552005]]]}, "properties": {"layer": "Slope", "slope_degrees": 2.95, "slope_class": "Low slope", "slope_risk": 12}}, {"type": "Feature", "geometry": {"type": "Polygon", "coordinates": [[[117.04865494978107, -34.82889776552005], [117.04865494978107, -34.80389776552005], [117.02365494978106, -34.80389776552005], [117.02365494978106, -34.82889776552005], [117.04865494978107, -34.82889776552005]]]}, "properties": {"layer": "Slope", "slope_degrees": 0.85, "slope_class": "Low slope", "slope_risk": 12}}, {"type": "Feature", "geometry": {"type": "Polygon", "coordinates": [[[117.07365494978107, -34.82889776552005], [117.07365494978107, -34.80389776552005], [117.04865494978107, -34.80389776552005], [117.04865494978107, -34.82889776552005], [117.07365494978107, -34.82889776552005]]]}, "properties": {"layer": "Slope", "slope_degrees": 10.03, "slope_class": "Moderate slope", "slope_risk": 31}}, {"type": "Feature", "geometry": {"type": "Polygon", "coordinates": [[[117.09865494978108, -34.82889776552005], [117.09865494978108, -34.80389776552005], [117.07365494978107, -34.80389776552005], [117.07365494978107, -34.82889776552005], [117.09865494978108, -34.82889776552005]]]}, "properties": {"layer": "Slope", "slope_degrees": 7.21, "slope_class": "Moderate slope", "slope_risk": 20}}, {"type": "Feature", "geometry": {"type": "Polygon", "coordinates": [[[117.12365494978108, -34.82889776552005], [117.12365494978108, -34.80389776552005], [117.09865494978108, -34.80389776552005], [117.09865494978108, -34.82889776552005], [117.12365494978108, -34.82889776552005]]]}, "properties": {"layer": "Slope", "slope_degrees": 6.45, "slope_class": "Moderate slope", "slope_risk": 18}}, {"type": "Feature", "geometry": {"type": "Polygon", "coordinates": [[[117.14865494978109, -34.82889776552005], [117.14865494978109, -34.80389776552005], [117.12365494978108, -34.80389776552005], [117.12365494978108, -34.82889776552005], [117.14865494978109, -34.82889776552005]]]}, "properties": {"layer": "Slope", "slope_degrees": 1.8, "slope_class": "Low slope", "slope_risk": 12}}, {"type": "Feature", "geometry": {"type": "Polygon", "coordinates": [[[117.1736549497811, -34.82889776552005], [117.1736549497811, -34.80389776552005], [117.14865494978109, -34.80389776552005], [117.14865494978109, -34.82889776552005], [117.1736549497811, -34.82889776552005]]]}, "properties": {"layer": "Slope", "slope_degrees": 1.18, "slope_class": "Low slope", "slope_risk": 12}}, {"type": "Feature", "geometry": {"type": "Polygon", "coordinates": [[[117.1986549497811, -34.82889776552005], [117.1986549497811, -34.80389776552005], [117.1736549497811, -34.80389776552005], [117.1736549497811, -34.82889776552005], [117.1986549497811, -34.82889776552005]]]}, "properties": {"layer": "Slope", "slope_degrees": 0.83, "slope_class": "Low slope", "slope_risk": 12}}, {"type": "Feature", "geometry": {"type": "Polygon", "coordinates": [[[117.2236549497811, -34.82889776552005], [117.2236549497811, -34.80389776552005], [117.1986549497811, -34.80389776552005], [117.1986549497811, -34.82889776552005], [117.2236549497811, -34.82889776552005]]]}, "properties": {"layer": "Slope", "slope_degrees": 4.85, "slope_class": "Low slope", "slope_risk": 12}}, {"type": "Feature", "geometry": {"type": "Polygon", "coordinates": [[[117.24865494978111, -34.82889776552005], [117.24865494978111, -34.80389776552005], [117.2236549497811, -34.80389776552005], [117.2236549497811, -34.82889776552005], [117.24865494978111, -34.82889776552005]]]}, "properties": {"layer": "Slope", "slope_degrees": 1.1, "slope_class": "Low slope", "slope_risk": 12}}, {"type": "Feature", "geometry": {"type": "Polygon", "coordinates": [[[117.27365494978112, -34.82889776552005], [117.27365494978112, -34.80389776552005], [117.24865494978111, -34.80389776552005], [117.24865494978111, -34.82889776552005], [117.27365494978112, -34.82889776552005]]]}, "properties": {"layer": "Slope", "slope_degrees": 5.07, "slope_class": "Moderate slope", "slope_risk": 12}}, {"type": "Feature", "geometry": {"type": "Polygon", "coordinates": [[[117.29865494978112, -34.82889776552005], [117.29865494978112, -34.80389776552005], [117.27365494978112, -34.80389776552005], [117.27365494978112, -34.82889776552005], [117.29865494978112, -34.82889776552005]]]}, "properties": {"layer": "Slope", "slope_degrees": 2.4, "slope_class": "Low slope", "slope_risk": 12}}, {"type": "Feature", "geometry": {"type": "Polygon", "coordinates": [[[117.32365494978113, -34.82889776552005], [117.32365494978113, -34.80389776552005], [117.29865494978112, -34.80389776552005], [117.29865494978112, -34.82889776552005], [117.32365494978113, -34.82889776552005]]]}, "properties": {"layer": "Slope", "slope_degrees": 6.36, "slope_class": "Moderate slope", "slope_risk": 17}}, {"type": "Feature", "geometry": {"type": "Polygon", "coordinates": [[[117.34865494978114, -34.82889776552005], [117.34865494978114, -34.80389776552005], [117.32365494978113, -34.80389776552005], [117.32365494978113, -34.82889776552005], [117.34865494978114, -34.82889776552005]]]}, "properties": {"layer": "Slope", "slope_degrees": 6.51, "slope_class": "Moderate slope", "slope_risk": 18}}, {"type": "Feature", "geometry": {"type": "Polygon", "coordinates": [[[117.37365494978114, -34.82889776552005], [117.37365494978114, -34.80389776552005], [117.34865494978114, -34.80389776552005], [117.34865494978114, -34.82889776552005], [117.37365494978114, -34.82889776552005]]]}, "properties": {"layer": "Slope", "slope_degrees": 3.47, "slope_class": "Low slope", "slope_risk": 12}}, {"type": "Feature", "geometry": {"type": "Polygon", "coordinates": [[[117.39865494978115, -34.82889776552005], [117.39865494978115, -34.80389776552005], [117.37365494978114, -34.80389776552005], [117.37365494978114, -34.82889776552005], [117.39865494978115, -34.82889776552005]]]}, "properties": {"layer": "Slope", "slope_degrees": 4.02, "slope_class": "Low slope", "slope_risk": 12}}, {"type": "Feature", "geometry": {"type": "Polygon", "coordinates": [[[117.42365494978115, -34.82889776552005], [117.42365494978115, -34.80389776552005], [117.39865494978115, -34.80389776552005], [117.39865494978115, -34.82889776552005], [117.42365494978115, -34.82889776552005]]]}, "properties": {"layer": "Slope", "slope_degrees": 6.43, "slope_class": "Moderate slope", "slope_risk": 17}}, {"type": "Feature", "geometry": {"type": "Polygon", "coordinates": [[[117.44865494978116, -34.82889776552005], [117.44865494978116, -34.80389776552005], [117.42365494978115, -34.80389776552005], [117.42365494978115, -34.82889776552005], [117.44865494978116, -34.82889776552005]]]}, "properties": {"layer": "Slope", "slope_degrees": 4.99, "slope_class": "Low slope", "slope_risk": 12}}, {"type": "Feature", "geometry": {"type": "Polygon", "coordinates": [[[117.47365494978116, -34.82889776552005], [117.47365494978116, -34.80389776552005], [117.44865494978116, -34.80389776552005], [117.44865494978116, -34.82889776552005], [117.47365494978116, -34.82889776552005]]]}, "properties": {"layer": "Slope", "slope_degrees": 1.33, "slope_class": "Low slope", "slope_risk": 12}}, {"type": "Feature", "geometry": {"type": "Polygon", "coordinates": [[[117.49865494978117, -34.82889776552005], [117.49865494978117, -34.80389776552005], [117.47365494978116, -34.80389776552005], [117.47365494978116, -34.82889776552005], [117.49865494978117, -34.82889776552005]]]}, "properties": {"layer": "Slope", "slope_degrees": 5.84, "slope_class": "Moderate slope", "slope_risk": 15}}, {"type": "Feature", "geometry": {"type": "Polygon", "coordinates": [[[117.52365494978118, -34.82889776552005], [117.52365494978118, -34.80389776552005], [117.49865494978117, -34.80389776552005], [117.49865494978117, -34.82889776552005], [117.52365494978118, -34.82889776552005]]]}, "properties": {"layer": "Slope", "slope_degrees": 9.34, "slope_class": "Moderate slope", "slope_risk": 29}}, {"type": "Feature", "geometry": {"type": "Polygon", "coordinates": [[[117.54865494978118, -34.82889776552005], [117.54865494978118, -34.80389776552005], [117.52365494978118, -34.80389776552005], [117.52365494978118, -34.82889776552005], [117.54865494978118, -34.82889776552005]]]}, "properties": {"layer": "Slope", "slope_degrees": 1.18, "slope_class": "Low slope", "slope_risk": 12}}, {"type": "Feature", "geometry": {"type": "Polygon", "coordinates": [[[117.57365494978119, -34.82889776552005], [117.57365494978119, -34.80389776552005], [117.54865494978118, -34.80389776552005], [117.54865494978118, -34.82889776552005], [117.57365494978119, -34.82889776552005]]]}, "properties": {"layer": "Slope", "slope_degrees": 3.32, "slope_class": "Low slope", "slope_risk": 12}}, {"type": "Feature", "geometry": {"type": "Polygon", "coordinates": [[[117.59865494978119, -34.82889776552005], [117.59865494978119, -34.80389776552005], [117.57365494978119, -34.80389776552005], [117.57365494978119, -34.82889776552005], [117.59865494978119, -34.82889776552005]]]}, "properties": {"layer": "Slope", "slope_degrees": 4.56, "slope_class": "Low slope", "slope_risk": 12}}, {"type": "Feature", "geometry": {"type": "Polygon", "coordinates": [[[117.6236549497812, -34.82889776552005], [117.6236549497812, -34.80389776552005], [117.59865494978119, -34.80389776552005], [117.59865494978119, -34.82889776552005], [117.6236549497812, -34.82889776552005]]]}, "properties": {"layer": "Slope", "slope_degrees": 1.13, "slope_class": "Low slope", "slope_risk": 12}}, {"type": "Feature", "geometry": {"type": "Polygon", "coordinates": [[[117.6486549497812, -34.82889776552005], [117.6486549497812, -34.80389776552005], [117.6236549497812, -34.80389776552005], [117.6236549497812, -34.82889776552005], [117.6486549497812, -34.82889776552005]]]}, "properties": {"layer": "Slope", "slope_degrees": 4.64, "slope_class": "Low slope", "slope_risk": 12}}, {"type": "Feature", "geometry": {"type": "Polygon", "coordinates": [[[117.67365494978121, -34.82889776552005], [117.67365494978121, -34.80389776552005], [117.6486549497812, -34.80389776552005], [117.6486549497812, -34.82889776552005], [117.67365494978121, -34.82889776552005]]]}, "properties": {"layer": "Slope", "slope_degrees": 3.46, "slope_class": "Low slope", "slope_risk": 12}}, {"type": "Feature", "geometry": {"type": "Polygon", "coordinates": [[[117.69865494978121, -34.82889776552005], [117.69865494978121, -34.80389776552005], [117.67365494978121, -34.80389776552005], [117.67365494978121, -34.82889776552005], [117.69865494978121, -34.82889776552005]]]}, "properties": {"layer": "Slope", "slope_degrees": 2.81, "slope_class": "Low slope", "slope_risk": 12}}, {"type": "Feature", "geometry": {"type": "Polygon", "coordinates": [[[117.72365494978122, -34.82889776552005], [117.72365494978122, -34.80389776552005], [117.69865494978121, -34.80389776552005], [117.69865494978121, -34.82889776552005], [117.72365494978122, -34.82889776552005]]]}, "properties": {"layer": "Slope", "slope_degrees": 1.92, "slope_class": "Low slope", "slope_risk": 12}}, {"type": "Feature", "geometry": {"type": "Polygon", "coordinates": [[[117.74865494978123, -34.82889776552005], [117.74865494978123, -34.80389776552005], [117.72365494978122, -34.80389776552005], [117.72365494978122, -34.82889776552005], [117.74865494978123, -34.82889776552005]]]}, "properties": {"layer": "Slope", "slope_degrees": 2.37, "slope_class": "Low slope", "slope_risk": 12}}, {"type": "Feature", "geometry": {"type": "Polygon", "coordinates": [[[117.77365494978123, -34.82889776552005], [117.77365494978123, -34.80389776552005], [117.74865494978123, -34.80389776552005], [117.74865494978123, -34.82889776552005], [117.77365494978123, -34.82889776552005]]]}, "properties": {"layer": "Slope", "slope_degrees": 1.32, "slope_class": "Low slope", "slope_risk": 12}}, {"type": "Feature", "geometry": {"type": "Polygon", "coordinates": [[[117.79865494978124, -34.82889776552005], [117.79865494978124, -34.80389776552005], [117.77365494978123, -34.80389776552005], [117.77365494978123, -34.82889776552005], [117.79865494978124, -34.82889776552005]]]}, "properties": {"layer": "Slope", "slope_degrees": 3.08, "slope_class": "Low slope", "slope_risk": 12}}, {"type": "Feature", "geometry": {"type": "Polygon", "coordinates": [[[117.82365494978124, -34.82889776552005], [117.82365494978124, -34.80389776552005], [117.79865494978124, -34.80389776552005], [117.79865494978124, -34.82889776552005], [117.82365494978124, -34.82889776552005]]]}, "properties": {"layer": "Slope", "slope_degrees": 1.99, "slope_class": "Low slope", "slope_risk": 12}}, {"type": "Feature", "geometry": {"type": "Polygon", "coordinates": [[[117.84865494978125, -34.82889776552005], [117.84865494978125, -34.80389776552005], [117.82365494978124, -34.80389776552005], [117.82365494978124, -34.82889776552005], [117.84865494978125, -34.82889776552005]]]}, "properties": {"layer": "Slope", "slope_degrees": 4.56, "slope_class": "Low slope", "slope_risk": 12}}, {"type": "Feature", "geometry": {"type": "Polygon", "coordinates": [[[117.87365494978125, -34.82889776552005], [117.87365494978125, -34.80389776552005], [117.84865494978125, -34.80389776552005], [117.84865494978125, -34.82889776552005], [117.87365494978125, -34.82889776552005]]]}, "properties": {"layer": "Slope", "slope_degrees": 1.96, "slope_class": "Low slope", "slope_risk": 12}}, {"type": "Feature", "geometry": {"type": "Polygon", "coordinates": [[[117.89865494978126, -34.82889776552005], [117.89865494978126, -34.80389776552005], [117.87365494978125, -34.80389776552005], [117.87365494978125, -34.82889776552005], [117.89865494978126, -34.82889776552005]]]}, "properties": {"layer": "Slope", "slope_degrees": 3.08, "slope_class": "Low slope", "slope_risk": 12}}, {"type": "Feature", "geometry": {"type": "Polygon", "coordinates": [[[117.92365494978127, -34.82889776552005], [117.92365494978127, -34.80389776552005], [117.89865494978126, -34.80389776552005], [117.89865494978126, -34.82889776552005], [117.92365494978127, -34.82889776552005]]]}, "properties": {"layer": "Slope", "slope_degrees": 2.57, "slope_class": "Low slope", "slope_risk": 12}}, {"type": "Feature", "geometry": {"type": "Polygon", "coordinates": [[[117.94865494978127, -34.82889776552005], [117.94865494978127, -34.80389776552005], [117.92365494978127, -34.80389776552005], [117.92365494978127, -34.82889776552005], [117.94865494978127, -34.82889776552005]]]}, "properties": {"layer": "Slope", "slope_degrees": 3.34, "slope_class": "Low slope", "slope_risk": 12}}, {"type": "Feature", "geometry": {"type": "Polygon", "coordinates": [[[117.97365494978128, -34.82889776552005], [117.97365494978128, -34.80389776552005], [117.94865494978127, -34.80389776552005], [117.94865494978127, -34.82889776552005], [117.97365494978128, -34.82889776552005]]]}, "properties": {"layer": "Slope", "slope_degrees": 1.83, "slope_class": "Low slope", "slope_risk": 12}}, {"type": "Feature", "geometry": {"type": "Polygon", "coordinates": [[[117.99865494978128, -34.82889776552005], [117.99865494978128, -34.80389776552005], [117.97365494978128, -34.80389776552005], [117.97365494978128, -34.82889776552005], [117.99865494978128, -34.82889776552005]]]}, "properties": {"layer": "Slope", "slope_degrees": 6.12, "slope_class": "Moderate slope", "slope_risk": 16}}, {"type": "Feature", "geometry": {"type": "Polygon", "coordinates": [[[116.92365494978104, -34.80389776552005], [116.92365494978104, -34.77889776552005], [116.89865494978103, -34.77889776552005], [116.89865494978103, -34.80389776552005], [116.92365494978104, -34.80389776552005]]]}, "properties": {"layer": "Slope", "slope_degrees": 10.59, "slope_class": "Moderate slope", "slope_risk": 33}}, {"type": "Feature", "geometry": {"type": "Polygon", "coordinates": [[[116.94865494978104, -34.80389776552005], [116.94865494978104, -34.77889776552005], [116.92365494978104, -34.77889776552005], [116.92365494978104, -34.80389776552005], [116.94865494978104, -34.80389776552005]]]}, "properties": {"layer": "Slope", "slope_degrees": 2.45, "slope_class": "Low slope", "slope_risk": 12}}, {"type": "Feature", "geometry": {"type": "Polygon", "coordinates": [[[116.97365494978105, -34.80389776552005], [116.97365494978105, -34.77889776552005], [116.94865494978104, -34.77889776552005], [116.94865494978104, -34.80389776552005], [116.97365494978105, -34.80389776552005]]]}, "properties": {"layer": "Slope", "slope_degrees": 2.04, "slope_class": "Low slope", "slope_risk": 12}}, {"type": "Feature", "geometry": {"type": "Polygon", "coordinates": [[[116.99865494978106, -34.80389776552005], [116.99865494978106, -34.77889776552005], [116.97365494978105, -34.77889776552005], [116.97365494978105, -34.80389776552005], [116.99865494978106, -34.80389776552005]]]}, "properties": {"layer": "Slope", "slope_degrees": 2.14, "slope_class": "Low slope", "slope_risk": 12}}, {"type": "Feature", "geometry": {"type": "Polygon", "coordinates": [[[117.02365494978106, -34.80389776552005], [117.02365494978106, -34.77889776552005], [116.99865494978106, -34.77889776552005], [116.99865494978106, -34.80389776552005], [117.02365494978106, -34.80389776552005]]]}, "properties": {"layer": "Slope", "slope_degrees": 4.54, "slope_class": "Low slope", "slope_risk": 12}}, {"type": "Feature", "geometry": {"type": "Polygon", "coordinates": [[[117.04865494978107, -34.80389776552005], [117.04865494978107, -34.77889776552005], [117.02365494978106, -34.77889776552005], [117.02365494978106, -34.80389776552005], [117.04865494978107, -34.80389776552005]]]}, "properties": {"layer": "Slope", "slope_degrees": 5.29, "slope_class": "Moderate slope", "slope_risk": 13}}, {"type": "Feature", "geometry": {"type": "Polygon", "coordinates": [[[117.07365494978107, -34.80389776552005], [117.07365494978107, -34.77889776552005], [117.04865494978107, -34.77889776552005], [117.04865494978107, -34.80389776552005], [117.07365494978107, -34.80389776552005]]]}, "properties": {"layer": "Slope", "slope_degrees": 3.94, "slope_class": "Low slope", "slope_risk": 12}}, {"type": "Feature", "geometry": {"type": "Polygon", "coordinates": [[[117.09865494978108, -34.80389776552005], [117.09865494978108, -34.77889776552005], [117.07365494978107, -34.77889776552005], [117.07365494978107, -34.80389776552005], [117.09865494978108, -34.80389776552005]]]}, "properties": {"layer": "Slope", "slope_degrees": 2.06, "slope_class": "Low slope", "slope_risk": 12}}, {"type": "Feature", "geometry": {"type": "Polygon", "coordinates": [[[117.12365494978108, -34.80389776552005], [117.12365494978108, -34.77889776552005], [117.09865494978108, -34.77889776552005], [117.09865494978108, -34.80389776552005], [117.12365494978108, -34.80389776552005]]]}, "properties": {"layer": "Slope", "slope_degrees": 0.24, "slope_class": "Low slope", "slope_risk": 12}}, {"type": "Feature", "geometry": {"type": "Polygon", "coordinates": [[[117.14865494978109, -34.80389776552005], [117.14865494978109, -34.77889776552005], [117.12365494978108, -34.77889776552005], [117.12365494978108, -34.80389776552005], [117.14865494978109, -34.80389776552005]]]}, "properties": {"layer": "Slope", "slope_degrees": 4.69, "slope_class": "Low slope", "slope_risk": 12}}, {"type": "Feature", "geometry": {"type": "Polygon", "coordinates": [[[117.1736549497811, -34.80389776552005], [117.1736549497811, -34.77889776552005], [117.14865494978109, -34.77889776552005], [117.14865494978109, -34.80389776552005], [117.1736549497811, -34.80389776552005]]]}, "properties": {"layer": "Slope", "slope_degrees": 1.96, "slope_class": "Low slope", "slope_risk": 12}}, {"type": "Feature", "geometry": {"type": "Polygon", "coordinates": [[[117.1986549497811, -34.80389776552005], [117.1986549497811, -34.77889776552005], [117.1736549497811, -34.77889776552005], [117.1736549497811, -34.80389776552005], [117.1986549497811, -34.80389776552005]]]}, "properties": {"layer": "Slope", "slope_degrees": 0.72, "slope_class": "Low slope", "slope_risk": 12}}, {"type": "Feature", "geometry": {"type": "Polygon", "coordinates": [[[117.2236549497811, -34.80389776552005], [117.2236549497811, -34.77889776552005], [117.1986549497811, -34.77889776552005], [117.1986549497811, -34.80389776552005], [117.2236549497811, -34.80389776552005]]]}, "properties": {"layer": "Slope", "slope_degrees": 2.82, "slope_class": "Low slope", "slope_risk": 12}}, {"type": "Feature", "geometry": {"type": "Polygon", "coordinates": [[[117.24865494978111, -34.80389776552005], [117.24865494978111, -34.77889776552005], [117.2236549497811, -34.77889776552005], [117.2236549497811, -34.80389776552005], [117.24865494978111, -34.80389776552005]]]}, "properties": {"layer": "Slope", "slope_degrees": 2.9, "slope_class": "Low slope", "slope_risk": 12}}, {"type": "Feature", "geometry": {"type": "Polygon", "coordinates": [[[117.27365494978112, -34.80389776552005], [117.27365494978112, -34.77889776552005], [117.24865494978111, -34.77889776552005], [117.24865494978111, -34.80389776552005], [117.27365494978112, -34.80389776552005]]]}, "properties": {"layer": "Slope", "slope_degrees": 1.91, "slope_class": "Low slope", "slope_risk": 12}}, {"type": "Feature", "geometry": {"type": "Polygon", "coordinates": [[[117.29865494978112, -34.80389776552005], [117.29865494978112, -34.77889776552005], [117.27365494978112, -34.77889776552005], [117.27365494978112, -34.80389776552005], [117.29865494978112, -34.80389776552005]]]}, "properties": {"layer": "Slope", "slope_degrees": 1.84, "slope_class": "Low slope", "slope_risk": 12}}, {"type": "Feature", "geometry": {"type": "Polygon", "coordinates": [[[117.32365494978113, -34.80389776552005], [117.32365494978113, -34.77889776552005], [117.29865494978112, -34.77889776552005], [117.29865494978112, -34.80389776552005], [117.32365494978113, -34.80389776552005]]]}, "properties": {"layer": "Slope", "slope_degrees": 2.29, "slope_class": "Low slope", "slope_risk": 12}}, {"type": "Feature", "geometry": {"type": "Polygon", "coordinates": [[[117.34865494978114, -34.80389776552005], [117.34865494978114, -34.77889776552005], [117.32365494978113, -34.77889776552005], [117.32365494978113, -34.80389776552005], [117.34865494978114, -34.80389776552005]]]}, "properties": {"layer": "Slope", "slope_degrees": 2.32, "slope_class": "Low slope", "slope_risk": 12}}, {"type": "Feature", "geometry": {"type": "Polygon", "coordinates": [[[117.37365494978114, -34.80389776552005], [117.37365494978114, -34.77889776552005], [117.34865494978114, -34.77889776552005], [117.34865494978114, -34.80389776552005], [117.37365494978114, -34.80389776552005]]]}, "properties": {"layer": "Slope", "slope_degrees": 3.98, "slope_class": "Low slope", "slope_risk": 12}}, {"type": "Feature", "geometry": {"type": "Polygon", "coordinates": [[[117.39865494978115, -34.80389776552005], [117.39865494978115, -34.77889776552005], [117.37365494978114, -34.77889776552005], [117.37365494978114, -34.80389776552005], [117.39865494978115, -34.80389776552005]]]}, "properties": {"layer": "Slope", "slope_degrees": 1.6, "slope_class": "Low slope", "slope_risk": 12}}, {"type": "Feature", "geometry": {"type": "Polygon", "coordinates": [[[117.42365494978115, -34.80389776552005], [117.42365494978115, -34.77889776552005], [117.39865494978115, -34.77889776552005], [117.39865494978115, -34.80389776552005], [117.42365494978115, -34.80389776552005]]]}, "properties": {"layer": "Slope", "slope_degrees": 3.7, "slope_class": "Low slope", "slope_risk": 12}}, {"type": "Feature", "geometry": {"type": "Polygon", "coordinates": [[[117.44865494978116, -34.80389776552005], [117.44865494978116, -34.77889776552005], [117.42365494978115, -34.77889776552005], [117.42365494978115, -34.80389776552005], [117.44865494978116, -34.80389776552005]]]}, "properties": {"layer": "Slope", "slope_degrees": 5.35, "slope_class": "Moderate slope", "slope_risk": 13}}, {"type": "Feature", "geometry": {"type": "Polygon", "coordinates": [[[117.47365494978116, -34.80389776552005], [117.47365494978116, -34.77889776552005], [117.44865494978116, -34.77889776552005], [117.44865494978116, -34.80389776552005], [117.47365494978116, -34.80389776552005]]]}, "properties": {"layer": "Slope", "slope_degrees": 1.3, "slope_class": "Low slope", "slope_risk": 12}}, {"type": "Feature", "geometry": {"type": "Polygon", "coordinates": [[[117.49865494978117, -34.80389776552005], [117.49865494978117, -34.77889776552005], [117.47365494978116, -34.77889776552005], [117.47365494978116, -34.80389776552005], [117.49865494978117, -34.80389776552005]]]}, "properties": {"layer": "Slope", "slope_degrees": 2.18, "slope_class": "Low slope", "slope_risk": 12}}, {"type": "Feature", "geometry": {"type": "Polygon", "coordinates": [[[117.52365494978118, -34.80389776552005], [117.52365494978118, -34.77889776552005], [117.49865494978117, -34.77889776552005], [117.49865494978117, -34.80389776552005], [117.52365494978118, -34.80389776552005]]]}, "properties": {"layer": "Slope", "slope_degrees": 8.9, "slope_class": "Moderate slope", "slope_risk": 27}}, {"type": "Feature", "geometry": {"type": "Polygon", "coordinates": [[[117.54865494978118, -34.80389776552005], [117.54865494978118, -34.77889776552005], [117.52365494978118, -34.77889776552005], [117.52365494978118, -34.80389776552005], [117.54865494978118, -34.80389776552005]]]}, "properties": {"layer": "Slope", "slope_degrees": 5.97, "slope_class": "Moderate slope", "slope_risk": 16}}, {"type": "Feature", "geometry": {"type": "Polygon", "coordinates": [[[117.57365494978119, -34.80389776552005], [117.57365494978119, -34.77889776552005], [117.54865494978118, -34.77889776552005], [117.54865494978118, -34.80389776552005], [117.57365494978119, -34.80389776552005]]]}, "properties": {"layer": "Slope", "slope_degrees": 5.52, "slope_class": "Moderate slope", "slope_risk": 14}}, {"type": "Feature", "geometry": {"type": "Polygon", "coordinates": [[[117.59865494978119, -34.80389776552005], [117.59865494978119, -34.77889776552005], [117.57365494978119, -34.77889776552005], [117.57365494978119, -34.80389776552005], [117.59865494978119, -34.80389776552005]]]}, "properties": {"layer": "Slope", "slope_degrees": 4.69, "slope_class": "Low slope", "slope_risk": 12}}, {"type": "Feature", "geometry": {"type": "Polygon", "coordinates": [[[117.6236549497812, -34.80389776552005], [117.6236549497812, -34.77889776552005], [117.59865494978119, -34.77889776552005], [117.59865494978119, -34.80389776552005], [117.6236549497812, -34.80389776552005]]]}, "properties": {"layer": "Slope", "slope_degrees": 1.68, "slope_class": "Low slope", "slope_risk": 12}}, {"type": "Feature", "geometry": {"type": "Polygon", "coordinates": [[[117.6486549497812, -34.80389776552005], [117.6486549497812, -34.77889776552005], [117.6236549497812, -34.77889776552005], [117.6236549497812, -34.80389776552005], [117.6486549497812, -34.80389776552005]]]}, "properties": {"layer": "Slope", "slope_degrees": 2.35, "slope_class": "Low slope", "slope_risk": 12}}, {"type": "Feature", "geometry": {"type": "Polygon", "coordinates": [[[117.67365494978121, -34.80389776552005], [117.67365494978121, -34.77889776552005], [117.6486549497812, -34.77889776552005], [117.6486549497812, -34.80389776552005], [117.67365494978121, -34.80389776552005]]]}, "properties": {"layer": "Slope", "slope_degrees": 4.36, "slope_class": "Low slope", "slope_risk": 12}}, {"type": "Feature", "geometry": {"type": "Polygon", "coordinates": [[[117.69865494978121, -34.80389776552005], [117.69865494978121, -34.77889776552005], [117.67365494978121, -34.77889776552005], [117.67365494978121, -34.80389776552005], [117.69865494978121, -34.80389776552005]]]}, "properties": {"layer": "Slope", "slope_degrees": 0.62, "slope_class": "Low slope", "slope_risk": 12}}, {"type": "Feature", "geometry": {"type": "Polygon", "coordinates": [[[117.72365494978122, -34.80389776552005], [117.72365494978122, -34.77889776552005], [117.69865494978121, -34.77889776552005], [117.69865494978121, -34.80389776552005], [117.72365494978122, -34.80389776552005]]]}, "properties": {"layer": "Slope", "slope_degrees": 0.38, "slope_class": "Low slope", "slope_risk": 12}}, {"type": "Feature", "geometry": {"type": "Polygon", "coordinates": [[[117.74865494978123, -34.80389776552005], [117.74865494978123, -34.77889776552005], [117.72365494978122, -34.77889776552005], [117.72365494978122, -34.80389776552005], [117.74865494978123, -34.80389776552005]]]}, "properties": {"layer": "Slope", "slope_degrees": 1.96, "slope_class": "Low slope", "slope_risk": 12}}, {"type": "Feature", "geometry": {"type": "Polygon", "coordinates": [[[117.77365494978123, -34.80389776552005], [117.77365494978123, -34.77889776552005], [117.74865494978123, -34.77889776552005], [117.74865494978123, -34.80389776552005], [117.77365494978123, -34.80389776552005]]]}, "properties": {"layer": "Slope", "slope_degrees": 1.71, "slope_class": "Low slope", "slope_risk": 12}}, {"type": "Feature", "geometry": {"type": "Polygon", "coordinates": [[[117.79865494978124, -34.80389776552005], [117.79865494978124, -34.77889776552005], [117.77365494978123, -34.77889776552005], [117.77365494978123, -34.80389776552005], [117.79865494978124, -34.80389776552005]]]}, "properties": {"layer": "Slope", "slope_degrees": 1.39, "slope_class": "Low slope", "slope_risk": 12}}, {"type": "Feature", "geometry": {"type": "Polygon", "coordinates": [[[117.82365494978124, -34.80389776552005], [117.82365494978124, -34.77889776552005], [117.79865494978124, -34.77889776552005], [117.79865494978124, -34.80389776552005], [117.82365494978124, -34.80389776552005]]]}, "properties": {"layer": "Slope", "slope_degrees": 1.25, "slope_class": "Low slope", "slope_risk": 12}}, {"type": "Feature", "geometry": {"type": "Polygon", "coordinates": [[[117.84865494978125, -34.80389776552005], [117.84865494978125, -34.77889776552005], [117.82365494978124, -34.77889776552005], [117.82365494978124, -34.80389776552005], [117.84865494978125, -34.80389776552005]]]}, "properties": {"layer": "Slope", "slope_degrees": 3.29, "slope_class": "Low slope", "slope_risk": 12}}, {"type": "Feature", "geometry": {"type": "Polygon", "coordinates": [[[117.87365494978125, -34.80389776552005], [117.87365494978125, -34.77889776552005], [117.84865494978125, -34.77889776552005], [117.84865494978125, -34.80389776552005], [117.87365494978125, -34.80389776552005]]]}, "properties": {"layer": "Slope", "slope_degrees": 2.27, "slope_class": "Low slope", "slope_risk": 12}}, {"type": "Feature", "geometry": {"type": "Polygon", "coordinates": [[[117.89865494978126, -34.80389776552005], [117.89865494978126, -34.77889776552005], [117.87365494978125, -34.77889776552005], [117.87365494978125, -34.80389776552005], [117.89865494978126, -34.80389776552005]]]}, "properties": {"layer": "Slope", "slope_degrees": 3.71, "slope_class": "Low slope", "slope_risk": 12}}, {"type": "Feature", "geometry": {"type": "Polygon", "coordinates": [[[117.92365494978127, -34.80389776552005], [117.92365494978127, -34.77889776552005], [117.89865494978126, -34.77889776552005], [117.89865494978126, -34.80389776552005], [117.92365494978127, -34.80389776552005]]]}, "properties": {"layer": "Slope", "slope_degrees": 2.92, "slope_class": "Low slope", "slope_risk": 12}}, {"type": "Feature", "geometry": {"type": "Polygon", "coordinates": [[[117.94865494978127, -34.80389776552005], [117.94865494978127, -34.77889776552005], [117.92365494978127, -34.77889776552005], [117.92365494978127, -34.80389776552005], [117.94865494978127, -34.80389776552005]]]}, "properties": {"layer": "Slope", "slope_degrees": 2.23, "slope_class": "Low slope", "slope_risk": 12}}, {"type": "Feature", "geometry": {"type": "Polygon", "coordinates": [[[117.97365494978128, -34.80389776552005], [117.97365494978128, -34.77889776552005], [117.94865494978127, -34.77889776552005], [117.94865494978127, -34.80389776552005], [117.97365494978128, -34.80389776552005]]]}, "properties": {"layer": "Slope", "slope_degrees": 0.72, "slope_class": "Low slope", "slope_risk": 12}}, {"type": "Feature", "geometry": {"type": "Polygon", "coordinates": [[[117.99865494978128, -34.80389776552005], [117.99865494978128, -34.77889776552005], [117.97365494978128, -34.77889776552005], [117.97365494978128, -34.80389776552005], [117.99865494978128, -34.80389776552005]]]}, "properties": {"layer": "Slope", "slope_degrees": 5.34, "slope_class": "Moderate slope", "slope_risk": 13}}, {"type": "Feature", "geometry": {"type": "Polygon", "coordinates": [[[116.92365494978104, -34.77889776552005], [116.92365494978104, -34.75389776552005], [116.89865494978103, -34.75389776552005], [116.89865494978103, -34.77889776552005], [116.92365494978104, -34.77889776552005]]]}, "properties": {"layer": "Slope", "slope_degrees": 2.95, "slope_class": "Low slope", "slope_risk": 12}}, {"type": "Feature", "geometry": {"type": "Polygon", "coordinates": [[[116.94865494978104, -34.77889776552005], [116.94865494978104, -34.75389776552005], [116.92365494978104, -34.75389776552005], [116.92365494978104, -34.77889776552005], [116.94865494978104, -34.77889776552005]]]}, "properties": {"layer": "Slope", "slope_degrees": 7.96, "slope_class": "Moderate slope", "slope_risk": 23}}, {"type": "Feature", "geometry": {"type": "Polygon", "coordinates": [[[116.97365494978105, -34.77889776552005], [116.97365494978105, -34.75389776552005], [116.94865494978104, -34.75389776552005], [116.94865494978104, -34.77889776552005], [116.97365494978105, -34.77889776552005]]]}, "properties": {"layer": "Slope", "slope_degrees": 0.74, "slope_class": "Low slope", "slope_risk": 12}}, {"type": "Feature", "geometry": {"type": "Polygon", "coordinates": [[[116.99865494978106, -34.77889776552005], [116.99865494978106, -34.75389776552005], [116.97365494978105, -34.75389776552005], [116.97365494978105, -34.77889776552005], [116.99865494978106, -34.77889776552005]]]}, "properties": {"layer": "Slope", "slope_degrees": 1.93, "slope_class": "Low slope", "slope_risk": 12}}, {"type": "Feature", "geometry": {"type": "Polygon", "coordinates": [[[117.02365494978106, -34.77889776552005], [117.02365494978106, -34.75389776552005], [116.99865494978106, -34.75389776552005], [116.99865494978106, -34.77889776552005], [117.02365494978106, -34.77889776552005]]]}, "properties": {"layer": "Slope", "slope_degrees": 1.19, "slope_class": "Low slope", "slope_risk": 12}}, {"type": "Feature", "geometry": {"type": "Polygon", "coordinates": [[[117.04865494978107, -34.77889776552005], [117.04865494978107, -34.75389776552005], [117.02365494978106, -34.75389776552005], [117.02365494978106, -34.77889776552005], [117.04865494978107, -34.77889776552005]]]}, "properties": {"layer": "Slope", "slope_degrees": 2.43, "slope_class": "Low slope", "slope_risk": 12}}, {"type": "Feature", "geometry": {"type": "Polygon", "coordinates": [[[117.07365494978107, -34.77889776552005], [117.07365494978107, -34.75389776552005], [117.04865494978107, -34.75389776552005], [117.04865494978107, -34.77889776552005], [117.07365494978107, -34.77889776552005]]]}, "properties": {"layer": "Slope", "slope_degrees": 2.29, "slope_class": "Low slope", "slope_risk": 12}}, {"type": "Feature", "geometry": {"type": "Polygon", "coordinates": [[[117.09865494978108, -34.77889776552005], [117.09865494978108, -34.75389776552005], [117.07365494978107, -34.75389776552005], [117.07365494978107, -34.77889776552005], [117.09865494978108, -34.77889776552005]]]}, "properties": {"layer": "Slope", "slope_degrees": 3.84, "slope_class": "Low slope", "slope_risk": 12}}, {"type": "Feature", "geometry": {"type": "Polygon", "coordinates": [[[117.12365494978108, -34.77889776552005], [117.12365494978108, -34.75389776552005], [117.09865494978108, -34.75389776552005], [117.09865494978108, -34.77889776552005], [117.12365494978108, -34.77889776552005]]]}, "properties": {"layer": "Slope", "slope_degrees": 4.19, "slope_class": "Low slope", "slope_risk": 12}}, {"type": "Feature", "geometry": {"type": "Polygon", "coordinates": [[[117.14865494978109, -34.77889776552005], [117.14865494978109, -34.75389776552005], [117.12365494978108, -34.75389776552005], [117.12365494978108, -34.77889776552005], [117.14865494978109, -34.77889776552005]]]}, "properties": {"layer": "Slope", "slope_degrees": 3.08, "slope_class": "Low slope", "slope_risk": 12}}, {"type": "Feature", "geometry": {"type": "Polygon", "coordinates": [[[117.1736549497811, -34.77889776552005], [117.1736549497811, -34.75389776552005], [117.14865494978109, -34.75389776552005], [117.14865494978109, -34.77889776552005], [117.1736549497811, -34.77889776552005]]]}, "properties": {"layer": "Slope", "slope_degrees": 2.88, "slope_class": "Low slope", "slope_risk": 12}}, {"type": "Feature", "geometry": {"type": "Polygon", "coordinates": [[[117.1986549497811, -34.77889776552005], [117.1986549497811, -34.75389776552005], [117.1736549497811, -34.75389776552005], [117.1736549497811, -34.77889776552005], [117.1986549497811, -34.77889776552005]]]}, "properties": {"layer": "Slope", "slope_degrees": 2.23, "slope_class": "Low slope", "slope_risk": 12}}, {"type": "Feature", "geometry": {"type": "Polygon", "coordinates": [[[117.2236549497811, -34.77889776552005], [117.2236549497811, -34.75389776552005], [117.1986549497811, -34.75389776552005], [117.1986549497811, -34.77889776552005], [117.2236549497811, -34.77889776552005]]]}, "properties": {"layer": "Slope", "slope_degrees": 2.4, "slope_class": "Low slope", "slope_risk": 12}}, {"type": "Feature", "geometry": {"type": "Polygon", "coordinates": [[[117.24865494978111, -34.77889776552005], [117.24865494978111, -34.75389776552005], [117.2236549497811, -34.75389776552005], [117.2236549497811, -34.77889776552005], [117.24865494978111, -34.77889776552005]]]}, "properties": {"layer": "Slope", "slope_degrees": 1.71, "slope_class": "Low slope", "slope_risk": 12}}, {"type": "Feature", "geometry": {"type": "Polygon", "coordinates": [[[117.27365494978112, -34.77889776552005], [117.27365494978112, -34.75389776552005], [117.24865494978111, -34.75389776552005], [117.24865494978111, -34.77889776552005], [117.27365494978112, -34.77889776552005]]]}, "properties": {"layer": "Slope", "slope_degrees": 1.0, "slope_class": "Low slope", "slope_risk": 12}}, {"type": "Feature", "geometry": {"type": "Polygon", "coordinates": [[[117.29865494978112, -34.77889776552005], [117.29865494978112, -34.75389776552005], [117.27365494978112, -34.75389776552005], [117.27365494978112, -34.77889776552005], [117.29865494978112, -34.77889776552005]]]}, "properties": {"layer": "Slope", "slope_degrees": 4.6, "slope_class": "Low slope", "slope_risk": 12}}, {"type": "Feature", "geometry": {"type": "Polygon", "coordinates": [[[117.32365494978113, -34.77889776552005], [117.32365494978113, -34.75389776552005], [117.29865494978112, -34.75389776552005], [117.29865494978112, -34.77889776552005], [117.32365494978113, -34.77889776552005]]]}, "properties": {"layer": "Slope", "slope_degrees": 3.01, "slope_class": "Low slope", "slope_risk": 12}}, {"type": "Feature", "geometry": {"type": "Polygon", "coordinates": [[[117.34865494978114, -34.77889776552005], [117.34865494978114, -34.75389776552005], [117.32365494978113, -34.75389776552005], [117.32365494978113, -34.77889776552005], [117.34865494978114, -34.77889776552005]]]}, "properties": {"layer": "Slope", "slope_degrees": 1.94, "slope_class": "Low slope", "slope_risk": 12}}, {"type": "Feature", "geometry": {"type": "Polygon", "coordinates": [[[117.37365494978114, -34.77889776552005], [117.37365494978114, -34.75389776552005], [117.34865494978114, -34.75389776552005], [117.34865494978114, -34.77889776552005], [117.37365494978114, -34.77889776552005]]]}, "properties": {"layer": "Slope", "slope_degrees": 2.84, "slope_class": "Low slope", "slope_risk": 12}}, {"type": "Feature", "geometry": {"type": "Polygon", "coordinates": [[[117.39865494978115, -34.77889776552005], [117.39865494978115, -34.75389776552005], [117.37365494978114, -34.75389776552005], [117.37365494978114, -34.77889776552005], [117.39865494978115, -34.77889776552005]]]}, "properties": {"layer": "Slope", "slope_degrees": 2.21, "slope_class": "Low slope", "slope_risk": 12}}, {"type": "Feature", "geometry": {"type": "Polygon", "coordinates": [[[117.42365494978115, -34.77889776552005], [117.42365494978115, -34.75389776552005], [117.39865494978115, -34.75389776552005], [117.39865494978115, -34.77889776552005], [117.42365494978115, -34.77889776552005]]]}, "properties": {"layer": "Slope", "slope_degrees": 4.37, "slope_class": "Low slope", "slope_risk": 12}}, {"type": "Feature", "geometry": {"type": "Polygon", "coordinates": [[[117.44865494978116, -34.77889776552005], [117.44865494978116, -34.75389776552005], [117.42365494978115, -34.75389776552005], [117.42365494978115, -34.77889776552005], [117.44865494978116, -34.77889776552005]]]}, "properties": {"layer": "Slope", "slope_degrees": 0.94, "slope_class": "Low slope", "slope_risk": 12}}, {"type": "Feature", "geometry": {"type": "Polygon", "coordinates": [[[117.47365494978116, -34.77889776552005], [117.47365494978116, -34.75389776552005], [117.44865494978116, -34.75389776552005], [117.44865494978116, -34.77889776552005], [117.47365494978116, -34.77889776552005]]]}, "properties": {"layer": "Slope", "slope_degrees": 7.24, "slope_class": "Moderate slope", "slope_risk": 21}}, {"type": "Feature", "geometry": {"type": "Polygon", "coordinates": [[[117.49865494978117, -34.77889776552005], [117.49865494978117, -34.75389776552005], [117.47365494978116, -34.75389776552005], [117.47365494978116, -34.77889776552005], [117.49865494978117, -34.77889776552005]]]}, "properties": {"layer": "Slope", "slope_degrees": 1.1, "slope_class": "Low slope", "slope_risk": 12}}, {"type": "Feature", "geometry": {"type": "Polygon", "coordinates": [[[117.52365494978118, -34.77889776552005], [117.52365494978118, -34.75389776552005], [117.49865494978117, -34.75389776552005], [117.49865494978117, -34.77889776552005], [117.52365494978118, -34.77889776552005]]]}, "properties": {"layer": "Slope", "slope_degrees": 2.36, "slope_class": "Low slope", "slope_risk": 12}}, {"type": "Feature", "geometry": {"type": "Polygon", "coordinates": [[[117.54865494978118, -34.77889776552005], [117.54865494978118, -34.75389776552005], [117.52365494978118, -34.75389776552005], [117.52365494978118, -34.77889776552005], [117.54865494978118, -34.77889776552005]]]}, "properties": {"layer": "Slope", "slope_degrees": 5.43, "slope_class": "Moderate slope", "slope_risk": 14}}, {"type": "Feature", "geometry": {"type": "Polygon", "coordinates": [[[117.57365494978119, -34.77889776552005], [117.57365494978119, -34.75389776552005], [117.54865494978118, -34.75389776552005], [117.54865494978118, -34.77889776552005], [117.57365494978119, -34.77889776552005]]]}, "properties": {"layer": "Slope", "slope_degrees": 6.08, "slope_class": "Moderate slope", "slope_risk": 16}}, {"type": "Feature", "geometry": {"type": "Polygon", "coordinates": [[[117.59865494978119, -34.77889776552005], [117.59865494978119, -34.75389776552005], [117.57365494978119, -34.75389776552005], [117.57365494978119, -34.77889776552005], [117.59865494978119, -34.77889776552005]]]}, "properties": {"layer": "Slope", "slope_degrees": 2.57, "slope_class": "Low slope", "slope_risk": 12}}, {"type": "Feature", "geometry": {"type": "Polygon", "coordinates": [[[117.6236549497812, -34.77889776552005], [117.6236549497812, -34.75389776552005], [117.59865494978119, -34.75389776552005], [117.59865494978119, -34.77889776552005], [117.6236549497812, -34.77889776552005]]]}, "properties": {"layer": "Slope", "slope_degrees": 4.13, "slope_class": "Low slope", "slope_risk": 12}}, {"type": "Feature", "geometry": {"type": "Polygon", "coordinates": [[[117.6486549497812, -34.77889776552005], [117.6486549497812, -34.75389776552005], [117.6236549497812, -34.75389776552005], [117.6236549497812, -34.77889776552005], [117.6486549497812, -34.77889776552005]]]}, "properties": {"layer": "Slope", "slope_degrees": 5.16, "slope_class": "Moderate slope", "slope_risk": 13}}, {"type": "Feature", "geometry": {"type": "Polygon", "coordinates": [[[117.67365494978121, -34.77889776552005], [117.67365494978121, -34.75389776552005], [117.6486549497812, -34.75389776552005], [117.6486549497812, -34.77889776552005], [117.67365494978121, -34.77889776552005]]]}, "properties": {"layer": "Slope", "slope_degrees": 1.28, "slope_class": "Low slope", "slope_risk": 12}}, {"type": "Feature", "geometry": {"type": "Polygon", "coordinates": [[[117.69865494978121, -34.77889776552005], [117.69865494978121, -34.75389776552005], [117.67365494978121, -34.75389776552005], [117.67365494978121, -34.77889776552005], [117.69865494978121, -34.77889776552005]]]}, "properties": {"layer": "Slope", "slope_degrees": 1.96, "slope_class": "Low slope", "slope_risk": 12}}, {"type": "Feature", "geometry": {"type": "Polygon", "coordinates": [[[117.72365494978122, -34.77889776552005], [117.72365494978122, -34.75389776552005], [117.69865494978121, -34.75389776552005], [117.69865494978121, -34.77889776552005], [117.72365494978122, -34.77889776552005]]]}, "properties": {"layer": "Slope", "slope_degrees": 2.68, "slope_class": "Low slope", "slope_risk": 12}}, {"type": "Feature", "geometry": {"type": "Polygon", "coordinates": [[[117.74865494978123, -34.77889776552005], [117.74865494978123, -34.75389776552005], [117.72365494978122, -34.75389776552005], [117.72365494978122, -34.77889776552005], [117.74865494978123, -34.77889776552005]]]}, "properties": {"layer": "Slope", "slope_degrees": 1.39, "slope_class": "Low slope", "slope_risk": 12}}, {"type": "Feature", "geometry": {"type": "Polygon", "coordinates": [[[117.77365494978123, -34.77889776552005], [117.77365494978123, -34.75389776552005], [117.74865494978123, -34.75389776552005], [117.74865494978123, -34.77889776552005], [117.77365494978123, -34.77889776552005]]]}, "properties": {"layer": "Slope", "slope_degrees": 1.95, "slope_class": "Low slope", "slope_risk": 12}}, {"type": "Feature", "geometry": {"type": "Polygon", "coordinates": [[[117.79865494978124, -34.77889776552005], [117.79865494978124, -34.75389776552005], [117.77365494978123, -34.75389776552005], [117.77365494978123, -34.77889776552005], [117.79865494978124, -34.77889776552005]]]}, "properties": {"layer": "Slope", "slope_degrees": 2.39, "slope_class": "Low slope", "slope_risk": 12}}, {"type": "Feature", "geometry": {"type": "Polygon", "coordinates": [[[117.82365494978124, -34.77889776552005], [117.82365494978124, -34.75389776552005], [117.79865494978124, -34.75389776552005], [117.79865494978124, -34.77889776552005], [117.82365494978124, -34.77889776552005]]]}, "properties": {"layer": "Slope", "slope_degrees": 2.18, "slope_class": "Low slope", "slope_risk": 12}}, {"type": "Feature", "geometry": {"type": "Polygon", "coordinates": [[[117.84865494978125, -34.77889776552005], [117.84865494978125, -34.75389776552005], [117.82365494978124, -34.75389776552005], [117.82365494978124, -34.77889776552005], [117.84865494978125, -34.77889776552005]]]}, "properties": {"layer": "Slope", "slope_degrees": 3.21, "slope_class": "Low slope", "slope_risk": 12}}, {"type": "Feature", "geometry": {"type": "Polygon", "coordinates": [[[117.87365494978125, -34.77889776552005], [117.87365494978125, -34.75389776552005], [117.84865494978125, -34.75389776552005], [117.84865494978125, -34.77889776552005], [117.87365494978125, -34.77889776552005]]]}, "properties": {"layer": "Slope", "slope_degrees": 3.69, "slope_class": "Low slope", "slope_risk": 12}}, {"type": "Feature", "geometry": {"type": "Polygon", "coordinates": [[[117.89865494978126, -34.77889776552005], [117.89865494978126, -34.75389776552005], [117.87365494978125, -34.75389776552005], [117.87365494978125, -34.77889776552005], [117.89865494978126, -34.77889776552005]]]}, "properties": {"layer": "Slope", "slope_degrees": 1.43, "slope_class": "Low slope", "slope_risk": 12}}, {"type": "Feature", "geometry": {"type": "Polygon", "coordinates": [[[117.92365494978127, -34.77889776552005], [117.92365494978127, -34.75389776552005], [117.89865494978126, -34.75389776552005], [117.89865494978126, -34.77889776552005], [117.92365494978127, -34.77889776552005]]]}, "properties": {"layer": "Slope", "slope_degrees": 2.53, "slope_class": "Low slope", "slope_risk": 12}}, {"type": "Feature", "geometry": {"type": "Polygon", "coordinates": [[[117.94865494978127, -34.77889776552005], [117.94865494978127, -34.75389776552005], [117.92365494978127, -34.75389776552005], [117.92365494978127, -34.77889776552005], [117.94865494978127, -34.77889776552005]]]}, "properties": {"layer": "Slope", "slope_degrees": 1.42, "slope_class": "Low slope", "slope_risk": 12}}, {"type": "Feature", "geometry": {"type": "Polygon", "coordinates": [[[117.97365494978128, -34.77889776552005], [117.97365494978128, -34.75389776552005], [117.94865494978127, -34.75389776552005], [117.94865494978127, -34.77889776552005], [117.97365494978128, -34.77889776552005]]]}, "properties": {"layer": "Slope", "slope_degrees": 5.12, "slope_class": "Moderate slope", "slope_risk": 12}}, {"type": "Feature", "geometry": {"type": "Polygon", "coordinates": [[[117.99865494978128, -34.77889776552005], [117.99865494978128, -34.75389776552005], [117.97365494978128, -34.75389776552005], [117.97365494978128, -34.77889776552005], [117.99865494978128, -34.77889776552005]]]}, "properties": {"layer": "Slope", "slope_degrees": 1.07, "slope_class": "Low slope", "slope_risk": 12}}, {"type": "Feature", "geometry": {"type": "Polygon", "coordinates": [[[116.92365494978104, -34.75389776552005], [116.92365494978104, -34.72889776552005], [116.89865494978103, -34.72889776552005], [116.89865494978103, -34.75389776552005], [116.92365494978104, -34.75389776552005]]]}, "properties": {"layer": "Slope", "slope_degrees": 4.5, "slope_class": "Low slope", "slope_risk": 12}}, {"type": "Feature", "geometry": {"type": "Polygon", "coordinates": [[[116.94865494978104, -34.75389776552005], [116.94865494978104, -34.72889776552005], [116.92365494978104, -34.72889776552005], [116.92365494978104, -34.75389776552005], [116.94865494978104, -34.75389776552005]]]}, "properties": {"layer": "Slope", "slope_degrees": 1.52, "slope_class": "Low slope", "slope_risk": 12}}, {"type": "Feature", "geometry": {"type": "Polygon", "coordinates": [[[116.97365494978105, -34.75389776552005], [116.97365494978105, -34.72889776552005], [116.94865494978104, -34.72889776552005], [116.94865494978104, -34.75389776552005], [116.97365494978105, -34.75389776552005]]]}, "properties": {"layer": "Slope", "slope_degrees": 1.6, "slope_class": "Low slope", "slope_risk": 12}}, {"type": "Feature", "geometry": {"type": "Polygon", "coordinates": [[[116.99865494978106, -34.75389776552005], [116.99865494978106, -34.72889776552005], [116.97365494978105, -34.72889776552005], [116.97365494978105, -34.75389776552005], [116.99865494978106, -34.75389776552005]]]}, "properties": {"layer": "Slope", "slope_degrees": 3.6, "slope_class": "Low slope", "slope_risk": 12}}, {"type": "Feature", "geometry": {"type": "Polygon", "coordinates": [[[117.02365494978106, -34.75389776552005], [117.02365494978106, -34.72889776552005], [116.99865494978106, -34.72889776552005], [116.99865494978106, -34.75389776552005], [117.02365494978106, -34.75389776552005]]]}, "properties": {"layer": "Slope", "slope_degrees": 0.8, "slope_class": "Low slope", "slope_risk": 12}}, {"type": "Feature", "geometry": {"type": "Polygon", "coordinates": [[[117.04865494978107, -34.75389776552005], [117.04865494978107, -34.72889776552005], [117.02365494978106, -34.72889776552005], [117.02365494978106, -34.75389776552005], [117.04865494978107, -34.75389776552005]]]}, "properties": {"layer": "Slope", "slope_degrees": 3.44, "slope_class": "Low slope", "slope_risk": 12}}, {"type": "Feature", "geometry": {"type": "Polygon", "coordinates": [[[117.07365494978107, -34.75389776552005], [117.07365494978107, -34.72889776552005], [117.04865494978107, -34.72889776552005], [117.04865494978107, -34.75389776552005], [117.07365494978107, -34.75389776552005]]]}, "properties": {"layer": "Slope", "slope_degrees": 2.9, "slope_class": "Low slope", "slope_risk": 12}}, {"type": "Feature", "geometry": {"type": "Polygon", "coordinates": [[[117.09865494978108, -34.75389776552005], [117.09865494978108, -34.72889776552005], [117.07365494978107, -34.72889776552005], [117.07365494978107, -34.75389776552005], [117.09865494978108, -34.75389776552005]]]}, "properties": {"layer": "Slope", "slope_degrees": 7.2, "slope_class": "Moderate slope", "slope_risk": 20}}, {"type": "Feature", "geometry": {"type": "Polygon", "coordinates": [[[117.12365494978108, -34.75389776552005], [117.12365494978108, -34.72889776552005], [117.09865494978108, -34.72889776552005], [117.09865494978108, -34.75389776552005], [117.12365494978108, -34.75389776552005]]]}, "properties": {"layer": "Slope", "slope_degrees": 4.77, "slope_class": "Low slope", "slope_risk": 12}}, {"type": "Feature", "geometry": {"type": "Polygon", "coordinates": [[[117.14865494978109, -34.75389776552005], [117.14865494978109, -34.72889776552005], [117.12365494978108, -34.72889776552005], [117.12365494978108, -34.75389776552005], [117.14865494978109, -34.75389776552005]]]}, "properties": {"layer": "Slope", "slope_degrees": 2.04, "slope_class": "Low slope", "slope_risk": 12}}, {"type": "Feature", "geometry": {"type": "Polygon", "coordinates": [[[117.1736549497811, -34.75389776552005], [117.1736549497811, -34.72889776552005], [117.14865494978109, -34.72889776552005], [117.14865494978109, -34.75389776552005], [117.1736549497811, -34.75389776552005]]]}, "properties": {"layer": "Slope", "slope_degrees": 2.95, "slope_class": "Low slope", "slope_risk": 12}}, {"type": "Feature", "geometry": {"type": "Polygon", "coordinates": [[[117.1986549497811, -34.75389776552005], [117.1986549497811, -34.72889776552005], [117.1736549497811, -34.72889776552005], [117.1736549497811, -34.75389776552005], [117.1986549497811, -34.75389776552005]]]}, "properties": {"layer": "Slope", "slope_degrees": 2.67, "slope_class": "Low slope", "slope_risk": 12}}, {"type": "Feature", "geometry": {"type": "Polygon", "coordinates": [[[117.2236549497811, -34.75389776552005], [117.2236549497811, -34.72889776552005], [117.1986549497811, -34.72889776552005], [117.1986549497811, -34.75389776552005], [117.2236549497811, -34.75389776552005]]]}, "properties": {"layer": "Slope", "slope_degrees": 8.26, "slope_class": "Moderate slope", "slope_risk": 24}}, {"type": "Feature", "geometry": {"type": "Polygon", "coordinates": [[[117.24865494978111, -34.75389776552005], [117.24865494978111, -34.72889776552005], [117.2236549497811, -34.72889776552005], [117.2236549497811, -34.75389776552005], [117.24865494978111, -34.75389776552005]]]}, "properties": {"layer": "Slope", "slope_degrees": 0.9, "slope_class": "Low slope", "slope_risk": 12}}, {"type": "Feature", "geometry": {"type": "Polygon", "coordinates": [[[117.27365494978112, -34.75389776552005], [117.27365494978112, -34.72889776552005], [117.24865494978111, -34.72889776552005], [117.24865494978111, -34.75389776552005], [117.27365494978112, -34.75389776552005]]]}, "properties": {"layer": "Slope", "slope_degrees": 0.49, "slope_class": "Low slope", "slope_risk": 12}}, {"type": "Feature", "geometry": {"type": "Polygon", "coordinates": [[[117.29865494978112, -34.75389776552005], [117.29865494978112, -34.72889776552005], [117.27365494978112, -34.72889776552005], [117.27365494978112, -34.75389776552005], [117.29865494978112, -34.75389776552005]]]}, "properties": {"layer": "Slope", "slope_degrees": 1.97, "slope_class": "Low slope", "slope_risk": 12}}, {"type": "Feature", "geometry": {"type": "Polygon", "coordinates": [[[117.32365494978113, -34.75389776552005], [117.32365494978113, -34.72889776552005], [117.29865494978112, -34.72889776552005], [117.29865494978112, -34.75389776552005], [117.32365494978113, -34.75389776552005]]]}, "properties": {"layer": "Slope", "slope_degrees": 2.7, "slope_class": "Low slope", "slope_risk": 12}}, {"type": "Feature", "geometry": {"type": "Polygon", "coordinates": [[[117.34865494978114, -34.75389776552005], [117.34865494978114, -34.72889776552005], [117.32365494978113, -34.72889776552005], [117.32365494978113, -34.75389776552005], [117.34865494978114, -34.75389776552005]]]}, "properties": {"layer": "Slope", "slope_degrees": 3.69, "slope_class": "Low slope", "slope_risk": 12}}, {"type": "Feature", "geometry": {"type": "Polygon", "coordinates": [[[117.37365494978114, -34.75389776552005], [117.37365494978114, -34.72889776552005], [117.34865494978114, -34.72889776552005], [117.34865494978114, -34.75389776552005], [117.37365494978114, -34.75389776552005]]]}, "properties": {"layer": "Slope", "slope_degrees": 0.46, "slope_class": "Low slope", "slope_risk": 12}}, {"type": "Feature", "geometry": {"type": "Polygon", "coordinates": [[[117.39865494978115, -34.75389776552005], [117.39865494978115, -34.72889776552005], [117.37365494978114, -34.72889776552005], [117.37365494978114, -34.75389776552005], [117.39865494978115, -34.75389776552005]]]}, "properties": {"layer": "Slope", "slope_degrees": 1.99, "slope_class": "Low slope", "slope_risk": 12}}, {"type": "Feature", "geometry": {"type": "Polygon", "coordinates": [[[117.42365494978115, -34.75389776552005], [117.42365494978115, -34.72889776552005], [117.39865494978115, -34.72889776552005], [117.39865494978115, -34.75389776552005], [117.42365494978115, -34.75389776552005]]]}, "properties": {"layer": "Slope", "slope_degrees": 5.98, "slope_class": "Moderate slope", "slope_risk": 16}}, {"type": "Feature", "geometry": {"type": "Polygon", "coordinates": [[[117.44865494978116, -34.75389776552005], [117.44865494978116, -34.72889776552005], [117.42365494978115, -34.72889776552005], [117.42365494978115, -34.75389776552005], [117.44865494978116, -34.75389776552005]]]}, "properties": {"layer": "Slope", "slope_degrees": 2.57, "slope_class": "Low slope", "slope_risk": 12}}, {"type": "Feature", "geometry": {"type": "Polygon", "coordinates": [[[117.47365494978116, -34.75389776552005], [117.47365494978116, -34.72889776552005], [117.44865494978116, -34.72889776552005], [117.44865494978116, -34.75389776552005], [117.47365494978116, -34.75389776552005]]]}, "properties": {"layer": "Slope", "slope_degrees": 7.82, "slope_class": "Moderate slope", "slope_risk": 23}}, {"type": "Feature", "geometry": {"type": "Polygon", "coordinates": [[[117.49865494978117, -34.75389776552005], [117.49865494978117, -34.72889776552005], [117.47365494978116, -34.72889776552005], [117.47365494978116, -34.75389776552005], [117.49865494978117, -34.75389776552005]]]}, "properties": {"layer": "Slope", "slope_degrees": 0.5, "slope_class": "Low slope", "slope_risk": 12}}, {"type": "Feature", "geometry": {"type": "Polygon", "coordinates": [[[117.52365494978118, -34.75389776552005], [117.52365494978118, -34.72889776552005], [117.49865494978117, -34.72889776552005], [117.49865494978117, -34.75389776552005], [117.52365494978118, -34.75389776552005]]]}, "properties": {"layer": "Slope", "slope_degrees": 7.62, "slope_class": "Moderate slope", "slope_risk": 22}}, {"type": "Feature", "geometry": {"type": "Polygon", "coordinates": [[[117.54865494978118, -34.75389776552005], [117.54865494978118, -34.72889776552005], [117.52365494978118, -34.72889776552005], [117.52365494978118, -34.75389776552005], [117.54865494978118, -34.75389776552005]]]}, "properties": {"layer": "Slope", "slope_degrees": 2.71, "slope_class": "Low slope", "slope_risk": 12}}, {"type": "Feature", "geometry": {"type": "Polygon", "coordinates": [[[117.57365494978119, -34.75389776552005], [117.57365494978119, -34.72889776552005], [117.54865494978118, -34.72889776552005], [117.54865494978118, -34.75389776552005], [117.57365494978119, -34.75389776552005]]]}, "properties": {"layer": "Slope", "slope_degrees": 6.66, "slope_class": "Moderate slope", "slope_risk": 18}}, {"type": "Feature", "geometry": {"type": "Polygon", "coordinates": [[[117.59865494978119, -34.75389776552005], [117.59865494978119, -34.72889776552005], [117.57365494978119, -34.72889776552005], [117.57365494978119, -34.75389776552005], [117.59865494978119, -34.75389776552005]]]}, "properties": {"layer": "Slope", "slope_degrees": 5.89, "slope_class": "Moderate slope", "slope_risk": 15}}, {"type": "Feature", "geometry": {"type": "Polygon", "coordinates": [[[117.6236549497812, -34.75389776552005], [117.6236549497812, -34.72889776552005], [117.59865494978119, -34.72889776552005], [117.59865494978119, -34.75389776552005], [117.6236549497812, -34.75389776552005]]]}, "properties": {"layer": "Slope", "slope_degrees": 1.94, "slope_class": "Low slope", "slope_risk": 12}}, {"type": "Feature", "geometry": {"type": "Polygon", "coordinates": [[[117.6486549497812, -34.75389776552005], [117.6486549497812, -34.72889776552005], [117.6236549497812, -34.72889776552005], [117.6236549497812, -34.75389776552005], [117.6486549497812, -34.75389776552005]]]}, "properties": {"layer": "Slope", "slope_degrees": 0.77, "slope_class": "Low slope", "slope_risk": 12}}, {"type": "Feature", "geometry": {"type": "Polygon", "coordinates": [[[117.67365494978121, -34.75389776552005], [117.67365494978121, -34.72889776552005], [117.6486549497812, -34.72889776552005], [117.6486549497812, -34.75389776552005], [117.67365494978121, -34.75389776552005]]]}, "properties": {"layer": "Slope", "slope_degrees": 2.99, "slope_class": "Low slope", "slope_risk": 12}}, {"type": "Feature", "geometry": {"type": "Polygon", "coordinates": [[[117.69865494978121, -34.75389776552005], [117.69865494978121, -34.72889776552005], [117.67365494978121, -34.72889776552005], [117.67365494978121, -34.75389776552005], [117.69865494978121, -34.75389776552005]]]}, "properties": {"layer": "Slope", "slope_degrees": 0.45, "slope_class": "Low slope", "slope_risk": 12}}, {"type": "Feature", "geometry": {"type": "Polygon", "coordinates": [[[117.72365494978122, -34.75389776552005], [117.72365494978122, -34.72889776552005], [117.69865494978121, -34.72889776552005], [117.69865494978121, -34.75389776552005], [117.72365494978122, -34.75389776552005]]]}, "properties": {"layer": "Slope", "slope_degrees": 3.3, "slope_class": "Low slope", "slope_risk": 12}}, {"type": "Feature", "geometry": {"type": "Polygon", "coordinates": [[[117.74865494978123, -34.75389776552005], [117.74865494978123, -34.72889776552005], [117.72365494978122, -34.72889776552005], [117.72365494978122, -34.75389776552005], [117.74865494978123, -34.75389776552005]]]}, "properties": {"layer": "Slope", "slope_degrees": 0.88, "slope_class": "Low slope", "slope_risk": 12}}, {"type": "Feature", "geometry": {"type": "Polygon", "coordinates": [[[117.77365494978123, -34.75389776552005], [117.77365494978123, -34.72889776552005], [117.74865494978123, -34.72889776552005], [117.74865494978123, -34.75389776552005], [117.77365494978123, -34.75389776552005]]]}, "properties": {"layer": "Slope", "slope_degrees": 2.68, "slope_class": "Low slope", "slope_risk": 12}}, {"type": "Feature", "geometry": {"type": "Polygon", "coordinates": [[[117.79865494978124, -34.75389776552005], [117.79865494978124, -34.72889776552005], [117.77365494978123, -34.72889776552005], [117.77365494978123, -34.75389776552005], [117.79865494978124, -34.75389776552005]]]}, "properties": {"layer": "Slope", "slope_degrees": 2.37, "slope_class": "Low slope", "slope_risk": 12}}, {"type": "Feature", "geometry": {"type": "Polygon", "coordinates": [[[117.82365494978124, -34.75389776552005], [117.82365494978124, -34.72889776552005], [117.79865494978124, -34.72889776552005], [117.79865494978124, -34.75389776552005], [117.82365494978124, -34.75389776552005]]]}, "properties": {"layer": "Slope", "slope_degrees": 1.45, "slope_class": "Low slope", "slope_risk": 12}}, {"type": "Feature", "geometry": {"type": "Polygon", "coordinates": [[[117.84865494978125, -34.75389776552005], [117.84865494978125, -34.72889776552005], [117.82365494978124, -34.72889776552005], [117.82365494978124, -34.75389776552005], [117.84865494978125, -34.75389776552005]]]}, "properties": {"layer": "Slope", "slope_degrees": 0.92, "slope_class": "Low slope", "slope_risk": 12}}, {"type": "Feature", "geometry": {"type": "Polygon", "coordinates": [[[117.87365494978125, -34.75389776552005], [117.87365494978125, -34.72889776552005], [117.84865494978125, -34.72889776552005], [117.84865494978125, -34.75389776552005], [117.87365494978125, -34.75389776552005]]]}, "properties": {"layer": "Slope", "slope_degrees": 3.41, "slope_class": "Low slope", "slope_risk": 12}}, {"type": "Feature", "geometry": {"type": "Polygon", "coordinates": [[[117.89865494978126, -34.75389776552005], [117.89865494978126, -34.72889776552005], [117.87365494978125, -34.72889776552005], [117.87365494978125, -34.75389776552005], [117.89865494978126, -34.75389776552005]]]}, "properties": {"layer": "Slope", "slope_degrees": 7.39, "slope_class": "Moderate slope", "slope_risk": 21}}, {"type": "Feature", "geometry": {"type": "Polygon", "coordinates": [[[117.92365494978127, -34.75389776552005], [117.92365494978127, -34.72889776552005], [117.89865494978126, -34.72889776552005], [117.89865494978126, -34.75389776552005], [117.92365494978127, -34.75389776552005]]]}, "properties": {"layer": "Slope", "slope_degrees": 2.27, "slope_class": "Low slope", "slope_risk": 12}}, {"type": "Feature", "geometry": {"type": "Polygon", "coordinates": [[[117.94865494978127, -34.75389776552005], [117.94865494978127, -34.72889776552005], [117.92365494978127, -34.72889776552005], [117.92365494978127, -34.75389776552005], [117.94865494978127, -34.75389776552005]]]}, "properties": {"layer": "Slope", "slope_degrees": 5.09, "slope_class": "Moderate slope", "slope_risk": 12}}, {"type": "Feature", "geometry": {"type": "Polygon", "coordinates": [[[117.97365494978128, -34.75389776552005], [117.97365494978128, -34.72889776552005], [117.94865494978127, -34.72889776552005], [117.94865494978127, -34.75389776552005], [117.97365494978128, -34.75389776552005]]]}, "properties": {"layer": "Slope", "slope_degrees": 4.36, "slope_class": "Low slope", "slope_risk": 12}}, {"type": "Feature", "geometry": {"type": "Polygon", "coordinates": [[[117.99865494978128, -34.75389776552005], [117.99865494978128, -34.72889776552005], [117.97365494978128, -34.72889776552005], [117.97365494978128, -34.75389776552005], [117.99865494978128, -34.75389776552005]]]}, "properties": {"layer": "Slope", "slope_degrees": 1.97, "slope_class": "Low slope", "slope_risk": 12}}, {"type": "Feature", "geometry": {"type": "Polygon", "coordinates": [[[116.92365494978104, -34.72889776552005], [116.92365494978104, -34.703897765520054], [116.89865494978103, -34.703897765520054], [116.89865494978103, -34.72889776552005], [116.92365494978104, -34.72889776552005]]]}, "properties": {"layer": "Slope", "slope_degrees": 0.29, "slope_class": "Low slope", "slope_risk": 12}}, {"type": "Feature", "geometry": {"type": "Polygon", "coordinates": [[[116.94865494978104, -34.72889776552005], [116.94865494978104, -34.703897765520054], [116.92365494978104, -34.703897765520054], [116.92365494978104, -34.72889776552005], [116.94865494978104, -34.72889776552005]]]}, "properties": {"layer": "Slope", "slope_degrees": 1.45, "slope_class": "Low slope", "slope_risk": 12}}, {"type": "Feature", "geometry": {"type": "Polygon", "coordinates": [[[116.97365494978105, -34.72889776552005], [116.97365494978105, -34.703897765520054], [116.94865494978104, -34.703897765520054], [116.94865494978104, -34.72889776552005], [116.97365494978105, -34.72889776552005]]]}, "properties": {"layer": "Slope", "slope_degrees": 1.88, "slope_class": "Low slope", "slope_risk": 12}}, {"type": "Feature", "geometry": {"type": "Polygon", "coordinates": [[[116.99865494978106, -34.72889776552005], [116.99865494978106, -34.703897765520054], [116.97365494978105, -34.703897765520054], [116.97365494978105, -34.72889776552005], [116.99865494978106, -34.72889776552005]]]}, "properties": {"layer": "Slope", "slope_degrees": 2.92, "slope_class": "Low slope", "slope_risk": 12}}, {"type": "Feature", "geometry": {"type": "Polygon", "coordinates": [[[117.02365494978106, -34.72889776552005], [117.02365494978106, -34.703897765520054], [116.99865494978106, -34.703897765520054], [116.99865494978106, -34.72889776552005], [117.02365494978106, -34.72889776552005]]]}, "properties": {"layer": "Slope", "slope_degrees": 1.65, "slope_class": "Low slope", "slope_risk": 12}}, {"type": "Feature", "geometry": {"type": "Polygon", "coordinates": [[[117.04865494978107, -34.72889776552005], [117.04865494978107, -34.703897765520054], [117.02365494978106, -34.703897765520054], [117.02365494978106, -34.72889776552005], [117.04865494978107, -34.72889776552005]]]}, "properties": {"layer": "Slope", "slope_degrees": 0.73, "slope_class": "Low slope", "slope_risk": 12}}, {"type": "Feature", "geometry": {"type": "Polygon", "coordinates": [[[117.07365494978107, -34.72889776552005], [117.07365494978107, -34.703897765520054], [117.04865494978107, -34.703897765520054], [117.04865494978107, -34.72889776552005], [117.07365494978107, -34.72889776552005]]]}, "properties": {"layer": "Slope", "slope_degrees": 4.03, "slope_class": "Low slope", "slope_risk": 12}}, {"type": "Feature", "geometry": {"type": "Polygon", "coordinates": [[[117.09865494978108, -34.72889776552005], [117.09865494978108, -34.703897765520054], [117.07365494978107, -34.703897765520054], [117.07365494978107, -34.72889776552005], [117.09865494978108, -34.72889776552005]]]}, "properties": {"layer": "Slope", "slope_degrees": 2.35, "slope_class": "Low slope", "slope_risk": 12}}, {"type": "Feature", "geometry": {"type": "Polygon", "coordinates": [[[117.12365494978108, -34.72889776552005], [117.12365494978108, -34.703897765520054], [117.09865494978108, -34.703897765520054], [117.09865494978108, -34.72889776552005], [117.12365494978108, -34.72889776552005]]]}, "properties": {"layer": "Slope", "slope_degrees": 1.35, "slope_class": "Low slope", "slope_risk": 12}}, {"type": "Feature", "geometry": {"type": "Polygon", "coordinates": [[[117.14865494978109, -34.72889776552005], [117.14865494978109, -34.703897765520054], [117.12365494978108, -34.703897765520054], [117.12365494978108, -34.72889776552005], [117.14865494978109, -34.72889776552005]]]}, "properties": {"layer": "Slope", "slope_degrees": 1.34, "slope_class": "Low slope", "slope_risk": 12}}, {"type": "Feature", "geometry": {"type": "Polygon", "coordinates": [[[117.1736549497811, -34.72889776552005], [117.1736549497811, -34.703897765520054], [117.14865494978109, -34.703897765520054], [117.14865494978109, -34.72889776552005], [117.1736549497811, -34.72889776552005]]]}, "properties": {"layer": "Slope", "slope_degrees": 3.18, "slope_class": "Low slope", "slope_risk": 12}}, {"type": "Feature", "geometry": {"type": "Polygon", "coordinates": [[[117.1986549497811, -34.72889776552005], [117.1986549497811, -34.703897765520054], [117.1736549497811, -34.703897765520054], [117.1736549497811, -34.72889776552005], [117.1986549497811, -34.72889776552005]]]}, "properties": {"layer": "Slope", "slope_degrees": 2.28, "slope_class": "Low slope", "slope_risk": 12}}, {"type": "Feature", "geometry": {"type": "Polygon", "coordinates": [[[117.2236549497811, -34.72889776552005], [117.2236549497811, -34.703897765520054], [117.1986549497811, -34.703897765520054], [117.1986549497811, -34.72889776552005], [117.2236549497811, -34.72889776552005]]]}, "properties": {"layer": "Slope", "slope_degrees": 4.11, "slope_class": "Low slope", "slope_risk": 12}}, {"type": "Feature", "geometry": {"type": "Polygon", "coordinates": [[[117.24865494978111, -34.72889776552005], [117.24865494978111, -34.703897765520054], [117.2236549497811, -34.703897765520054], [117.2236549497811, -34.72889776552005], [117.24865494978111, -34.72889776552005]]]}, "properties": {"layer": "Slope", "slope_degrees": 0.52, "slope_class": "Low slope", "slope_risk": 12}}, {"type": "Feature", "geometry": {"type": "Polygon", "coordinates": [[[117.27365494978112, -34.72889776552005], [117.27365494978112, -34.703897765520054], [117.24865494978111, -34.703897765520054], [117.24865494978111, -34.72889776552005], [117.27365494978112, -34.72889776552005]]]}, "properties": {"layer": "Slope", "slope_degrees": 2.72, "slope_class": "Low slope", "slope_risk": 12}}, {"type": "Feature", "geometry": {"type": "Polygon", "coordinates": [[[117.29865494978112, -34.72889776552005], [117.29865494978112, -34.703897765520054], [117.27365494978112, -34.703897765520054], [117.27365494978112, -34.72889776552005], [117.29865494978112, -34.72889776552005]]]}, "properties": {"layer": "Slope", "slope_degrees": 3.72, "slope_class": "Low slope", "slope_risk": 12}}, {"type": "Feature", "geometry": {"type": "Polygon", "coordinates": [[[117.32365494978113, -34.72889776552005], [117.32365494978113, -34.703897765520054], [117.29865494978112, -34.703897765520054], [117.29865494978112, -34.72889776552005], [117.32365494978113, -34.72889776552005]]]}, "properties": {"layer": "Slope", "slope_degrees": 6.59, "slope_class": "Moderate slope", "slope_risk": 18}}, {"type": "Feature", "geometry": {"type": "Polygon", "coordinates": [[[117.34865494978114, -34.72889776552005], [117.34865494978114, -34.703897765520054], [117.32365494978113, -34.703897765520054], [117.32365494978113, -34.72889776552005], [117.34865494978114, -34.72889776552005]]]}, "properties": {"layer": "Slope", "slope_degrees": 3.87, "slope_class": "Low slope", "slope_risk": 12}}, {"type": "Feature", "geometry": {"type": "Polygon", "coordinates": [[[117.37365494978114, -34.72889776552005], [117.37365494978114, -34.703897765520054], [117.34865494978114, -34.703897765520054], [117.34865494978114, -34.72889776552005], [117.37365494978114, -34.72889776552005]]]}, "properties": {"layer": "Slope", "slope_degrees": 1.52, "slope_class": "Low slope", "slope_risk": 12}}, {"type": "Feature", "geometry": {"type": "Polygon", "coordinates": [[[117.39865494978115, -34.72889776552005], [117.39865494978115, -34.703897765520054], [117.37365494978114, -34.703897765520054], [117.37365494978114, -34.72889776552005], [117.39865494978115, -34.72889776552005]]]}, "properties": {"layer": "Slope", "slope_degrees": 1.82, "slope_class": "Low slope", "slope_risk": 12}}, {"type": "Feature", "geometry": {"type": "Polygon", "coordinates": [[[117.42365494978115, -34.72889776552005], [117.42365494978115, -34.703897765520054], [117.39865494978115, -34.703897765520054], [117.39865494978115, -34.72889776552005], [117.42365494978115, -34.72889776552005]]]}, "properties": {"layer": "Slope", "slope_degrees": 7.48, "slope_class": "Moderate slope", "slope_risk": 21}}, {"type": "Feature", "geometry": {"type": "Polygon", "coordinates": [[[117.44865494978116, -34.72889776552005], [117.44865494978116, -34.703897765520054], [117.42365494978115, -34.703897765520054], [117.42365494978115, -34.72889776552005], [117.44865494978116, -34.72889776552005]]]}, "properties": {"layer": "Slope", "slope_degrees": 7.17, "slope_class": "Moderate slope", "slope_risk": 20}}, {"type": "Feature", "geometry": {"type": "Polygon", "coordinates": [[[117.47365494978116, -34.72889776552005], [117.47365494978116, -34.703897765520054], [117.44865494978116, -34.703897765520054], [117.44865494978116, -34.72889776552005], [117.47365494978116, -34.72889776552005]]]}, "properties": {"layer": "Slope", "slope_degrees": 0.86, "slope_class": "Low slope", "slope_risk": 12}}, {"type": "Feature", "geometry": {"type": "Polygon", "coordinates": [[[117.49865494978117, -34.72889776552005], [117.49865494978117, -34.703897765520054], [117.47365494978116, -34.703897765520054], [117.47365494978116, -34.72889776552005], [117.49865494978117, -34.72889776552005]]]}, "properties": {"layer": "Slope", "slope_degrees": 2.61, "slope_class": "Low slope", "slope_risk": 12}}, {"type": "Feature", "geometry": {"type": "Polygon", "coordinates": [[[117.52365494978118, -34.72889776552005], [117.52365494978118, -34.703897765520054], [117.49865494978117, -34.703897765520054], [117.49865494978117, -34.72889776552005], [117.52365494978118, -34.72889776552005]]]}, "properties": {"layer": "Slope", "slope_degrees": 2.88, "slope_class": "Low slope", "slope_risk": 12}}, {"type": "Feature", "geometry": {"type": "Polygon", "coordinates": [[[117.54865494978118, -34.72889776552005], [117.54865494978118, -34.703897765520054], [117.52365494978118, -34.703897765520054], [117.52365494978118, -34.72889776552005], [117.54865494978118, -34.72889776552005]]]}, "properties": {"layer": "Slope", "slope_degrees": 7.1, "slope_class": "Moderate slope", "slope_risk": 20}}, {"type": "Feature", "geometry": {"type": "Polygon", "coordinates": [[[117.57365494978119, -34.72889776552005], [117.57365494978119, -34.703897765520054], [117.54865494978118, -34.703897765520054], [117.54865494978118, -34.72889776552005], [117.57365494978119, -34.72889776552005]]]}, "properties": {"layer": "Slope", "slope_degrees": 2.02, "slope_class": "Low slope", "slope_risk": 12}}, {"type": "Feature", "geometry": {"type": "Polygon", "coordinates": [[[117.59865494978119, -34.72889776552005], [117.59865494978119, -34.703897765520054], [117.57365494978119, -34.703897765520054], [117.57365494978119, -34.72889776552005], [117.59865494978119, -34.72889776552005]]]}, "properties": {"layer": "Slope", "slope_degrees": 15.43, "slope_class": "Steep slope", "slope_risk": 52}}, {"type": "Feature", "geometry": {"type": "Polygon", "coordinates": [[[117.6236549497812, -34.72889776552005], [117.6236549497812, -34.703897765520054], [117.59865494978119, -34.703897765520054], [117.59865494978119, -34.72889776552005], [117.6236549497812, -34.72889776552005]]]}, "properties": {"layer": "Slope", "slope_degrees": 1.41, "slope_class": "Low slope", "slope_risk": 12}}, {"type": "Feature", "geometry": {"type": "Polygon", "coordinates": [[[117.6486549497812, -34.72889776552005], [117.6486549497812, -34.703897765520054], [117.6236549497812, -34.703897765520054], [117.6236549497812, -34.72889776552005], [117.6486549497812, -34.72889776552005]]]}, "properties": {"layer": "Slope", "slope_degrees": 4.7, "slope_class": "Low slope", "slope_risk": 12}}, {"type": "Feature", "geometry": {"type": "Polygon", "coordinates": [[[117.67365494978121, -34.72889776552005], [117.67365494978121, -34.703897765520054], [117.6486549497812, -34.703897765520054], [117.6486549497812, -34.72889776552005], [117.67365494978121, -34.72889776552005]]]}, "properties": {"layer": "Slope", "slope_degrees": 3.78, "slope_class": "Low slope", "slope_risk": 12}}, {"type": "Feature", "geometry": {"type": "Polygon", "coordinates": [[[117.69865494978121, -34.72889776552005], [117.69865494978121, -34.703897765520054], [117.67365494978121, -34.703897765520054], [117.67365494978121, -34.72889776552005], [117.69865494978121, -34.72889776552005]]]}, "properties": {"layer": "Slope", "slope_degrees": 8.12, "slope_class": "Moderate slope", "slope_risk": 24}}, {"type": "Feature", "geometry": {"type": "Polygon", "coordinates": [[[117.72365494978122, -34.72889776552005], [117.72365494978122, -34.703897765520054], [117.69865494978121, -34.703897765520054], [117.69865494978121, -34.72889776552005], [117.72365494978122, -34.72889776552005]]]}, "properties": {"layer": "Slope", "slope_degrees": 3.83, "slope_class": "Low slope", "slope_risk": 12}}, {"type": "Feature", "geometry": {"type": "Polygon", "coordinates": [[[117.74865494978123, -34.72889776552005], [117.74865494978123, -34.703897765520054], [117.72365494978122, -34.703897765520054], [117.72365494978122, -34.72889776552005], [117.74865494978123, -34.72889776552005]]]}, "properties": {"layer": "Slope", "slope_degrees": 4.68, "slope_class": "Low slope", "slope_risk": 12}}, {"type": "Feature", "geometry": {"type": "Polygon", "coordinates": [[[117.77365494978123, -34.72889776552005], [117.77365494978123, -34.703897765520054], [117.74865494978123, -34.703897765520054], [117.74865494978123, -34.72889776552005], [117.77365494978123, -34.72889776552005]]]}, "properties": {"layer": "Slope", "slope_degrees": 2.34, "slope_class": "Low slope", "slope_risk": 12}}, {"type": "Feature", "geometry": {"type": "Polygon", "coordinates": [[[117.79865494978124, -34.72889776552005], [117.79865494978124, -34.703897765520054], [117.77365494978123, -34.703897765520054], [117.77365494978123, -34.72889776552005], [117.79865494978124, -34.72889776552005]]]}, "properties": {"layer": "Slope", "slope_degrees": 2.17, "slope_class": "Low slope", "slope_risk": 12}}, {"type": "Feature", "geometry": {"type": "Polygon", "coordinates": [[[117.82365494978124, -34.72889776552005], [117.82365494978124, -34.703897765520054], [117.79865494978124, -34.703897765520054], [117.79865494978124, -34.72889776552005], [117.82365494978124, -34.72889776552005]]]}, "properties": {"layer": "Slope", "slope_degrees": 3.7, "slope_class": "Low slope", "slope_risk": 12}}, {"type": "Feature", "geometry": {"type": "Polygon", "coordinates": [[[117.84865494978125, -34.72889776552005], [117.84865494978125, -34.703897765520054], [117.82365494978124, -34.703897765520054], [117.82365494978124, -34.72889776552005], [117.84865494978125, -34.72889776552005]]]}, "properties": {"layer": "Slope", "slope_degrees": 3.34, "slope_class": "Low slope", "slope_risk": 12}}, {"type": "Feature", "geometry": {"type": "Polygon", "coordinates": [[[117.87365494978125, -34.72889776552005], [117.87365494978125, -34.703897765520054], [117.84865494978125, -34.703897765520054], [117.84865494978125, -34.72889776552005], [117.87365494978125, -34.72889776552005]]]}, "properties": {"layer": "Slope", "slope_degrees": 2.18, "slope_class": "Low slope", "slope_risk": 12}}, {"type": "Feature", "geometry": {"type": "Polygon", "coordinates": [[[117.89865494978126, -34.72889776552005], [117.89865494978126, -34.703897765520054], [117.87365494978125, -34.703897765520054], [117.87365494978125, -34.72889776552005], [117.89865494978126, -34.72889776552005]]]}, "properties": {"layer": "Slope", "slope_degrees": 2.5, "slope_class": "Low slope", "slope_risk": 12}}, {"type": "Feature", "geometry": {"type": "Polygon", "coordinates": [[[117.92365494978127, -34.72889776552005], [117.92365494978127, -34.703897765520054], [117.89865494978126, -34.703897765520054], [117.89865494978126, -34.72889776552005], [117.92365494978127, -34.72889776552005]]]}, "properties": {"layer": "Slope", "slope_degrees": 2.0, "slope_class": "Low slope", "slope_risk": 12}}, {"type": "Feature", "geometry": {"type": "Polygon", "coordinates": [[[117.94865494978127, -34.72889776552005], [117.94865494978127, -34.703897765520054], [117.92365494978127, -34.703897765520054], [117.92365494978127, -34.72889776552005], [117.94865494978127, -34.72889776552005]]]}, "properties": {"layer": "Slope", "slope_degrees": 4.42, "slope_class": "Low slope", "slope_risk": 12}}, {"type": "Feature", "geometry": {"type": "Polygon", "coordinates": [[[117.97365494978128, -34.72889776552005], [117.97365494978128, -34.703897765520054], [117.94865494978127, -34.703897765520054], [117.94865494978127, -34.72889776552005], [117.97365494978128, -34.72889776552005]]]}, "properties": {"layer": "Slope", "slope_degrees": 3.84, "slope_class": "Low slope", "slope_risk": 12}}, {"type": "Feature", "geometry": {"type": "Polygon", "coordinates": [[[117.99865494978128, -34.72889776552005], [117.99865494978128, -34.703897765520054], [117.97365494978128, -34.703897765520054], [117.97365494978128, -34.72889776552005], [117.99865494978128, -34.72889776552005]]]}, "properties": {"layer": "Slope", "slope_degrees": 0.79, "slope_class": "Low slope", "slope_risk": 12}}, {"type": "Feature", "geometry": {"type": "Polygon", "coordinates": [[[116.92365494978104, -34.703897765520054], [116.92365494978104, -34.678897765520055], [116.89865494978103, -34.678897765520055], [116.89865494978103, -34.703897765520054], [116.92365494978104, -34.703897765520054]]]}, "properties": {"layer": "Slope", "slope_degrees": 5.72, "slope_class": "Moderate slope", "slope_risk": 15}}, {"type": "Feature", "geometry": {"type": "Polygon", "coordinates": [[[116.94865494978104, -34.703897765520054], [116.94865494978104, -34.678897765520055], [116.92365494978104, -34.678897765520055], [116.92365494978104, -34.703897765520054], [116.94865494978104, -34.703897765520054]]]}, "properties": {"layer": "Slope", "slope_degrees": 2.12, "slope_class": "Low slope", "slope_risk": 12}}, {"type": "Feature", "geometry": {"type": "Polygon", "coordinates": [[[116.97365494978105, -34.703897765520054], [116.97365494978105, -34.678897765520055], [116.94865494978104, -34.678897765520055], [116.94865494978104, -34.703897765520054], [116.97365494978105, -34.703897765520054]]]}, "properties": {"layer": "Slope", "slope_degrees": 1.06, "slope_class": "Low slope", "slope_risk": 12}}, {"type": "Feature", "geometry": {"type": "Polygon", "coordinates": [[[116.99865494978106, -34.703897765520054], [116.99865494978106, -34.678897765520055], [116.97365494978105, -34.678897765520055], [116.97365494978105, -34.703897765520054], [116.99865494978106, -34.703897765520054]]]}, "properties": {"layer": "Slope", "slope_degrees": 0.61, "slope_class": "Low slope", "slope_risk": 12}}, {"type": "Feature", "geometry": {"type": "Polygon", "coordinates": [[[117.02365494978106, -34.703897765520054], [117.02365494978106, -34.678897765520055], [116.99865494978106, -34.678897765520055], [116.99865494978106, -34.703897765520054], [117.02365494978106, -34.703897765520054]]]}, "properties": {"layer": "Slope", "slope_degrees": 0.94, "slope_class": "Low slope", "slope_risk": 12}}, {"type": "Feature", "geometry": {"type": "Polygon", "coordinates": [[[117.04865494978107, -34.703897765520054], [117.04865494978107, -34.678897765520055], [117.02365494978106, -34.678897765520055], [117.02365494978106, -34.703897765520054], [117.04865494978107, -34.703897765520054]]]}, "properties": {"layer": "Slope", "slope_degrees": 1.67, "slope_class": "Low slope", "slope_risk": 12}}, {"type": "Feature", "geometry": {"type": "Polygon", "coordinates": [[[117.07365494978107, -34.703897765520054], [117.07365494978107, -34.678897765520055], [117.04865494978107, -34.678897765520055], [117.04865494978107, -34.703897765520054], [117.07365494978107, -34.703897765520054]]]}, "properties": {"layer": "Slope", "slope_degrees": 1.24, "slope_class": "Low slope", "slope_risk": 12}}, {"type": "Feature", "geometry": {"type": "Polygon", "coordinates": [[[117.09865494978108, -34.703897765520054], [117.09865494978108, -34.678897765520055], [117.07365494978107, -34.678897765520055], [117.07365494978107, -34.703897765520054], [117.09865494978108, -34.703897765520054]]]}, "properties": {"layer": "Slope", "slope_degrees": 2.7, "slope_class": "Low slope", "slope_risk": 12}}, {"type": "Feature", "geometry": {"type": "Polygon", "coordinates": [[[117.12365494978108, -34.703897765520054], [117.12365494978108, -34.678897765520055], [117.09865494978108, -34.678897765520055], [117.09865494978108, -34.703897765520054], [117.12365494978108, -34.703897765520054]]]}, "properties": {"layer": "Slope", "slope_degrees": 2.74, "slope_class": "Low slope", "slope_risk": 12}}, {"type": "Feature", "geometry": {"type": "Polygon", "coordinates": [[[117.14865494978109, -34.703897765520054], [117.14865494978109, -34.678897765520055], [117.12365494978108, -34.678897765520055], [117.12365494978108, -34.703897765520054], [117.14865494978109, -34.703897765520054]]]}, "properties": {"layer": "Slope", "slope_degrees": 1.12, "slope_class": "Low slope", "slope_risk": 12}}, {"type": "Feature", "geometry": {"type": "Polygon", "coordinates": [[[117.1736549497811, -34.703897765520054], [117.1736549497811, -34.678897765520055], [117.14865494978109, -34.678897765520055], [117.14865494978109, -34.703897765520054], [117.1736549497811, -34.703897765520054]]]}, "properties": {"layer": "Slope", "slope_degrees": 0.94, "slope_class": "Low slope", "slope_risk": 12}}, {"type": "Feature", "geometry": {"type": "Polygon", "coordinates": [[[117.1986549497811, -34.703897765520054], [117.1986549497811, -34.678897765520055], [117.1736549497811, -34.678897765520055], [117.1736549497811, -34.703897765520054], [117.1986549497811, -34.703897765520054]]]}, "properties": {"layer": "Slope", "slope_degrees": 1.63, "slope_class": "Low slope", "slope_risk": 12}}, {"type": "Feature", "geometry": {"type": "Polygon", "coordinates": [[[117.2236549497811, -34.703897765520054], [117.2236549497811, -34.678897765520055], [117.1986549497811, -34.678897765520055], [117.1986549497811, -34.703897765520054], [117.2236549497811, -34.703897765520054]]]}, "properties": {"layer": "Slope", "slope_degrees": 2.57, "slope_class": "Low slope", "slope_risk": 12}}, {"type": "Feature", "geometry": {"type": "Polygon", "coordinates": [[[117.24865494978111, -34.703897765520054], [117.24865494978111, -34.678897765520055], [117.2236549497811, -34.678897765520055], [117.2236549497811, -34.703897765520054], [117.24865494978111, -34.703897765520054]]]}, "properties": {"layer": "Slope", "slope_degrees": 5.09, "slope_class": "Moderate slope", "slope_risk": 12}}, {"type": "Feature", "geometry": {"type": "Polygon", "coordinates": [[[117.27365494978112, -34.703897765520054], [117.27365494978112, -34.678897765520055], [117.24865494978111, -34.678897765520055], [117.24865494978111, -34.703897765520054], [117.27365494978112, -34.703897765520054]]]}, "properties": {"layer": "Slope", "slope_degrees": 1.92, "slope_class": "Low slope", "slope_risk": 12}}, {"type": "Feature", "geometry": {"type": "Polygon", "coordinates": [[[117.29865494978112, -34.703897765520054], [117.29865494978112, -34.678897765520055], [117.27365494978112, -34.678897765520055], [117.27365494978112, -34.703897765520054], [117.29865494978112, -34.703897765520054]]]}, "properties": {"layer": "Slope", "slope_degrees": 1.98, "slope_class": "Low slope", "slope_risk": 12}}, {"type": "Feature", "geometry": {"type": "Polygon", "coordinates": [[[117.32365494978113, -34.703897765520054], [117.32365494978113, -34.678897765520055], [117.29865494978112, -34.678897765520055], [117.29865494978112, -34.703897765520054], [117.32365494978113, -34.703897765520054]]]}, "properties": {"layer": "Slope", "slope_degrees": 5.73, "slope_class": "Moderate slope", "slope_risk": 15}}, {"type": "Feature", "geometry": {"type": "Polygon", "coordinates": [[[117.34865494978114, -34.703897765520054], [117.34865494978114, -34.678897765520055], [117.32365494978113, -34.678897765520055], [117.32365494978113, -34.703897765520054], [117.34865494978114, -34.703897765520054]]]}, "properties": {"layer": "Slope", "slope_degrees": 2.21, "slope_class": "Low slope", "slope_risk": 12}}, {"type": "Feature", "geometry": {"type": "Polygon", "coordinates": [[[117.37365494978114, -34.703897765520054], [117.37365494978114, -34.678897765520055], [117.34865494978114, -34.678897765520055], [117.34865494978114, -34.703897765520054], [117.37365494978114, -34.703897765520054]]]}, "properties": {"layer": "Slope", "slope_degrees": 2.71, "slope_class": "Low slope", "slope_risk": 12}}, {"type": "Feature", "geometry": {"type": "Polygon", "coordinates": [[[117.39865494978115, -34.703897765520054], [117.39865494978115, -34.678897765520055], [117.37365494978114, -34.678897765520055], [117.37365494978114, -34.703897765520054], [117.39865494978115, -34.703897765520054]]]}, "properties": {"layer": "Slope", "slope_degrees": 6.86, "slope_class": "Moderate slope", "slope_risk": 19}}, {"type": "Feature", "geometry": {"type": "Polygon", "coordinates": [[[117.42365494978115, -34.703897765520054], [117.42365494978115, -34.678897765520055], [117.39865494978115, -34.678897765520055], [117.39865494978115, -34.703897765520054], [117.42365494978115, -34.703897765520054]]]}, "properties": {"layer": "Slope", "slope_degrees": 1.95, "slope_class": "Low slope", "slope_risk": 12}}, {"type": "Feature", "geometry": {"type": "Polygon", "coordinates": [[[117.44865494978116, -34.703897765520054], [117.44865494978116, -34.678897765520055], [117.42365494978115, -34.678897765520055], [117.42365494978115, -34.703897765520054], [117.44865494978116, -34.703897765520054]]]}, "properties": {"layer": "Slope", "slope_degrees": 4.64, "slope_class": "Low slope", "slope_risk": 12}}, {"type": "Feature", "geometry": {"type": "Polygon", "coordinates": [[[117.47365494978116, -34.703897765520054], [117.47365494978116, -34.678897765520055], [117.44865494978116, -34.678897765520055], [117.44865494978116, -34.703897765520054], [117.47365494978116, -34.703897765520054]]]}, "properties": {"layer": "Slope", "slope_degrees": 1.75, "slope_class": "Low slope", "slope_risk": 12}}, {"type": "Feature", "geometry": {"type": "Polygon", "coordinates": [[[117.49865494978117, -34.703897765520054], [117.49865494978117, -34.678897765520055], [117.47365494978116, -34.678897765520055], [117.47365494978116, -34.703897765520054], [117.49865494978117, -34.703897765520054]]]}, "properties": {"layer": "Slope", "slope_degrees": 0.85, "slope_class": "Low slope", "slope_risk": 12}}, {"type": "Feature", "geometry": {"type": "Polygon", "coordinates": [[[117.52365494978118, -34.703897765520054], [117.52365494978118, -34.678897765520055], [117.49865494978117, -34.678897765520055], [117.49865494978117, -34.703897765520054], [117.52365494978118, -34.703897765520054]]]}, "properties": {"layer": "Slope", "slope_degrees": 4.45, "slope_class": "Low slope", "slope_risk": 12}}, {"type": "Feature", "geometry": {"type": "Polygon", "coordinates": [[[117.54865494978118, -34.703897765520054], [117.54865494978118, -34.678897765520055], [117.52365494978118, -34.678897765520055], [117.52365494978118, -34.703897765520054], [117.54865494978118, -34.703897765520054]]]}, "properties": {"layer": "Slope", "slope_degrees": 4.77, "slope_class": "Low slope", "slope_risk": 12}}, {"type": "Feature", "geometry": {"type": "Polygon", "coordinates": [[[117.57365494978119, -34.703897765520054], [117.57365494978119, -34.678897765520055], [117.54865494978118, -34.678897765520055], [117.54865494978118, -34.703897765520054], [117.57365494978119, -34.703897765520054]]]}, "properties": {"layer": "Slope", "slope_degrees": 0.39, "slope_class": "Low slope", "slope_risk": 12}}, {"type": "Feature", "geometry": {"type": "Polygon", "coordinates": [[[117.59865494978119, -34.703897765520054], [117.59865494978119, -34.678897765520055], [117.57365494978119, -34.678897765520055], [117.57365494978119, -34.703897765520054], [117.59865494978119, -34.703897765520054]]]}, "properties": {"layer": "Slope", "slope_degrees": 7.36, "slope_class": "Moderate slope", "slope_risk": 21}}, {"type": "Feature", "geometry": {"type": "Polygon", "coordinates": [[[117.6236549497812, -34.703897765520054], [117.6236549497812, -34.678897765520055], [117.59865494978119, -34.678897765520055], [117.59865494978119, -34.703897765520054], [117.6236549497812, -34.703897765520054]]]}, "properties": {"layer": "Slope", "slope_degrees": 4.28, "slope_class": "Low slope", "slope_risk": 12}}, {"type": "Feature", "geometry": {"type": "Polygon", "coordinates": [[[117.6486549497812, -34.703897765520054], [117.6486549497812, -34.678897765520055], [117.6236549497812, -34.678897765520055], [117.6236549497812, -34.703897765520054], [117.6486549497812, -34.703897765520054]]]}, "properties": {"layer": "Slope", "slope_degrees": 0.79, "slope_class": "Low slope", "slope_risk": 12}}, {"type": "Feature", "geometry": {"type": "Polygon", "coordinates": [[[117.67365494978121, -34.703897765520054], [117.67365494978121, -34.678897765520055], [117.6486549497812, -34.678897765520055], [117.6486549497812, -34.703897765520054], [117.67365494978121, -34.703897765520054]]]}, "properties": {"layer": "Slope", "slope_degrees": 3.08, "slope_class": "Low slope", "slope_risk": 12}}, {"type": "Feature", "geometry": {"type": "Polygon", "coordinates": [[[117.69865494978121, -34.703897765520054], [117.69865494978121, -34.678897765520055], [117.67365494978121, -34.678897765520055], [117.67365494978121, -34.703897765520054], [117.69865494978121, -34.703897765520054]]]}, "properties": {"layer": "Slope", "slope_degrees": 4.6, "slope_class": "Low slope", "slope_risk": 12}}, {"type": "Feature", "geometry": {"type": "Polygon", "coordinates": [[[117.72365494978122, -34.703897765520054], [117.72365494978122, -34.678897765520055], [117.69865494978121, -34.678897765520055], [117.69865494978121, -34.703897765520054], [117.72365494978122, -34.703897765520054]]]}, "properties": {"layer": "Slope", "slope_degrees": 1.22, "slope_class": "Low slope", "slope_risk": 12}}, {"type": "Feature", "geometry": {"type": "Polygon", "coordinates": [[[117.74865494978123, -34.703897765520054], [117.74865494978123, -34.678897765520055], [117.72365494978122, -34.678897765520055], [117.72365494978122, -34.703897765520054], [117.74865494978123, -34.703897765520054]]]}, "properties": {"layer": "Slope", "slope_degrees": 4.39, "slope_class": "Low slope", "slope_risk": 12}}, {"type": "Feature", "geometry": {"type": "Polygon", "coordinates": [[[117.77365494978123, -34.703897765520054], [117.77365494978123, -34.678897765520055], [117.74865494978123, -34.678897765520055], [117.74865494978123, -34.703897765520054], [117.77365494978123, -34.703897765520054]]]}, "properties": {"layer": "Slope", "slope_degrees": 4.19, "slope_class": "Low slope", "slope_risk": 12}}, {"type": "Feature", "geometry": {"type": "Polygon", "coordinates": [[[117.79865494978124, -34.703897765520054], [117.79865494978124, -34.678897765520055], [117.77365494978123, -34.678897765520055], [117.77365494978123, -34.703897765520054], [117.79865494978124, -34.703897765520054]]]}, "properties": {"layer": "Slope", "slope_degrees": 1.22, "slope_class": "Low slope", "slope_risk": 12}}, {"type": "Feature", "geometry": {"type": "Polygon", "coordinates": [[[117.82365494978124, -34.703897765520054], [117.82365494978124, -34.678897765520055], [117.79865494978124, -34.678897765520055], [117.79865494978124, -34.703897765520054], [117.82365494978124, -34.703897765520054]]]}, "properties": {"layer": "Slope", "slope_degrees": 3.47, "slope_class": "Low slope", "slope_risk": 12}}, {"type": "Feature", "geometry": {"type": "Polygon", "coordinates": [[[117.84865494978125, -34.703897765520054], [117.84865494978125, -34.678897765520055], [117.82365494978124, -34.678897765520055], [117.82365494978124, -34.703897765520054], [117.84865494978125, -34.703897765520054]]]}, "properties": {"layer": "Slope", "slope_degrees": 2.6, "slope_class": "Low slope", "slope_risk": 12}}, {"type": "Feature", "geometry": {"type": "Polygon", "coordinates": [[[117.87365494978125, -34.703897765520054], [117.87365494978125, -34.678897765520055], [117.84865494978125, -34.678897765520055], [117.84865494978125, -34.703897765520054], [117.87365494978125, -34.703897765520054]]]}, "properties": {"layer": "Slope", "slope_degrees": 10.08, "slope_class": "Moderate slope", "slope_risk": 31}}, {"type": "Feature", "geometry": {"type": "Polygon", "coordinates": [[[117.89865494978126, -34.703897765520054], [117.89865494978126, -34.678897765520055], [117.87365494978125, -34.678897765520055], [117.87365494978125, -34.703897765520054], [117.89865494978126, -34.703897765520054]]]}, "properties": {"layer": "Slope", "slope_degrees": 17.02, "slope_class": "Steep slope", "slope_risk": 57}}, {"type": "Feature", "geometry": {"type": "Polygon", "coordinates": [[[117.92365494978127, -34.703897765520054], [117.92365494978127, -34.678897765520055], [117.89865494978126, -34.678897765520055], [117.89865494978126, -34.703897765520054], [117.92365494978127, -34.703897765520054]]]}, "properties": {"layer": "Slope", "slope_degrees": 22.55, "slope_class": "Steep slope", "slope_risk": 76}}, {"type": "Feature", "geometry": {"type": "Polygon", "coordinates": [[[117.94865494978127, -34.703897765520054], [117.94865494978127, -34.678897765520055], [117.92365494978127, -34.678897765520055], [117.92365494978127, -34.703897765520054], [117.94865494978127, -34.703897765520054]]]}, "properties": {"layer": "Slope", "slope_degrees": 11.15, "slope_class": "Moderate slope", "slope_risk": 35}}, {"type": "Feature", "geometry": {"type": "Polygon", "coordinates": [[[117.97365494978128, -34.703897765520054], [117.97365494978128, -34.678897765520055], [117.94865494978127, -34.678897765520055], [117.94865494978127, -34.703897765520054], [117.97365494978128, -34.703897765520054]]]}, "properties": {"layer": "Slope", "slope_degrees": 5.36, "slope_class": "Moderate slope", "slope_risk": 13}}, {"type": "Feature", "geometry": {"type": "Polygon", "coordinates": [[[117.99865494978128, -34.703897765520054], [117.99865494978128, -34.678897765520055], [117.97365494978128, -34.678897765520055], [117.97365494978128, -34.703897765520054], [117.99865494978128, -34.703897765520054]]]}, "properties": {"layer": "Slope", "slope_degrees": 2.47, "slope_class": "Low slope", "slope_risk": 12}}, {"type": "Feature", "geometry": {"type": "Polygon", "coordinates": [[[116.92365494978104, -34.678897765520055], [116.92365494978104, -34.65389776552006], [116.89865494978103, -34.65389776552006], [116.89865494978103, -34.678897765520055], [116.92365494978104, -34.678897765520055]]]}, "properties": {"layer": "Slope", "slope_degrees": 3.37, "slope_class": "Low slope", "slope_risk": 12}}, {"type": "Feature", "geometry": {"type": "Polygon", "coordinates": [[[116.94865494978104, -34.678897765520055], [116.94865494978104, -34.65389776552006], [116.92365494978104, -34.65389776552006], [116.92365494978104, -34.678897765520055], [116.94865494978104, -34.678897765520055]]]}, "properties": {"layer": "Slope", "slope_degrees": 2.32, "slope_class": "Low slope", "slope_risk": 12}}, {"type": "Feature", "geometry": {"type": "Polygon", "coordinates": [[[116.97365494978105, -34.678897765520055], [116.97365494978105, -34.65389776552006], [116.94865494978104, -34.65389776552006], [116.94865494978104, -34.678897765520055], [116.97365494978105, -34.678897765520055]]]}, "properties": {"layer": "Slope", "slope_degrees": 2.92, "slope_class": "Low slope", "slope_risk": 12}}, {"type": "Feature", "geometry": {"type": "Polygon", "coordinates": [[[116.99865494978106, -34.678897765520055], [116.99865494978106, -34.65389776552006], [116.97365494978105, -34.65389776552006], [116.97365494978105, -34.678897765520055], [116.99865494978106, -34.678897765520055]]]}, "properties": {"layer": "Slope", "slope_degrees": 4.82, "slope_class": "Low slope", "slope_risk": 12}}, {"type": "Feature", "geometry": {"type": "Polygon", "coordinates": [[[117.02365494978106, -34.678897765520055], [117.02365494978106, -34.65389776552006], [116.99865494978106, -34.65389776552006], [116.99865494978106, -34.678897765520055], [117.02365494978106, -34.678897765520055]]]}, "properties": {"layer": "Slope", "slope_degrees": 5.6, "slope_class": "Moderate slope", "slope_risk": 14}}, {"type": "Feature", "geometry": {"type": "Polygon", "coordinates": [[[117.04865494978107, -34.678897765520055], [117.04865494978107, -34.65389776552006], [117.02365494978106, -34.65389776552006], [117.02365494978106, -34.678897765520055], [117.04865494978107, -34.678897765520055]]]}, "properties": {"layer": "Slope", "slope_degrees": 2.75, "slope_class": "Low slope", "slope_risk": 12}}, {"type": "Feature", "geometry": {"type": "Polygon", "coordinates": [[[117.07365494978107, -34.678897765520055], [117.07365494978107, -34.65389776552006], [117.04865494978107, -34.65389776552006], [117.04865494978107, -34.678897765520055], [117.07365494978107, -34.678897765520055]]]}, "properties": {"layer": "Slope", "slope_degrees": 1.76, "slope_class": "Low slope", "slope_risk": 12}}, {"type": "Feature", "geometry": {"type": "Polygon", "coordinates": [[[117.09865494978108, -34.678897765520055], [117.09865494978108, -34.65389776552006], [117.07365494978107, -34.65389776552006], [117.07365494978107, -34.678897765520055], [117.09865494978108, -34.678897765520055]]]}, "properties": {"layer": "Slope", "slope_degrees": 1.0, "slope_class": "Low slope", "slope_risk": 12}}, {"type": "Feature", "geometry": {"type": "Polygon", "coordinates": [[[117.12365494978108, -34.678897765520055], [117.12365494978108, -34.65389776552006], [117.09865494978108, -34.65389776552006], [117.09865494978108, -34.678897765520055], [117.12365494978108, -34.678897765520055]]]}, "properties": {"layer": "Slope", "slope_degrees": 5.5, "slope_class": "Moderate slope", "slope_risk": 14}}, {"type": "Feature", "geometry": {"type": "Polygon", "coordinates": [[[117.14865494978109, -34.678897765520055], [117.14865494978109, -34.65389776552006], [117.12365494978108, -34.65389776552006], [117.12365494978108, -34.678897765520055], [117.14865494978109, -34.678897765520055]]]}, "properties": {"layer": "Slope", "slope_degrees": 1.27, "slope_class": "Low slope", "slope_risk": 12}}, {"type": "Feature", "geometry": {"type": "Polygon", "coordinates": [[[117.1736549497811, -34.678897765520055], [117.1736549497811, -34.65389776552006], [117.14865494978109, -34.65389776552006], [117.14865494978109, -34.678897765520055], [117.1736549497811, -34.678897765520055]]]}, "properties": {"layer": "Slope", "slope_degrees": 3.92, "slope_class": "Low slope", "slope_risk": 12}}, {"type": "Feature", "geometry": {"type": "Polygon", "coordinates": [[[117.1986549497811, -34.678897765520055], [117.1986549497811, -34.65389776552006], [117.1736549497811, -34.65389776552006], [117.1736549497811, -34.678897765520055], [117.1986549497811, -34.678897765520055]]]}, "properties": {"layer": "Slope", "slope_degrees": 2.0, "slope_class": "Low slope", "slope_risk": 12}}, {"type": "Feature", "geometry": {"type": "Polygon", "coordinates": [[[117.2236549497811, -34.678897765520055], [117.2236549497811, -34.65389776552006], [117.1986549497811, -34.65389776552006], [117.1986549497811, -34.678897765520055], [117.2236549497811, -34.678897765520055]]]}, "properties": {"layer": "Slope", "slope_degrees": 1.35, "slope_class": "Low slope", "slope_risk": 12}}, {"type": "Feature", "geometry": {"type": "Polygon", "coordinates": [[[117.24865494978111, -34.678897765520055], [117.24865494978111, -34.65389776552006], [117.2236549497811, -34.65389776552006], [117.2236549497811, -34.678897765520055], [117.24865494978111, -34.678897765520055]]]}, "properties": {"layer": "Slope", "slope_degrees": 6.19, "slope_class": "Moderate slope", "slope_risk": 17}}, {"type": "Feature", "geometry": {"type": "Polygon", "coordinates": [[[117.27365494978112, -34.678897765520055], [117.27365494978112, -34.65389776552006], [117.24865494978111, -34.65389776552006], [117.24865494978111, -34.678897765520055], [117.27365494978112, -34.678897765520055]]]}, "properties": {"layer": "Slope", "slope_degrees": 3.99, "slope_class": "Low slope", "slope_risk": 12}}, {"type": "Feature", "geometry": {"type": "Polygon", "coordinates": [[[117.29865494978112, -34.678897765520055], [117.29865494978112, -34.65389776552006], [117.27365494978112, -34.65389776552006], [117.27365494978112, -34.678897765520055], [117.29865494978112, -34.678897765520055]]]}, "properties": {"layer": "Slope", "slope_degrees": 4.29, "slope_class": "Low slope", "slope_risk": 12}}, {"type": "Feature", "geometry": {"type": "Polygon", "coordinates": [[[117.32365494978113, -34.678897765520055], [117.32365494978113, -34.65389776552006], [117.29865494978112, -34.65389776552006], [117.29865494978112, -34.678897765520055], [117.32365494978113, -34.678897765520055]]]}, "properties": {"layer": "Slope", "slope_degrees": 1.12, "slope_class": "Low slope", "slope_risk": 12}}, {"type": "Feature", "geometry": {"type": "Polygon", "coordinates": [[[117.34865494978114, -34.678897765520055], [117.34865494978114, -34.65389776552006], [117.32365494978113, -34.65389776552006], [117.32365494978113, -34.678897765520055], [117.34865494978114, -34.678897765520055]]]}, "properties": {"layer": "Slope", "slope_degrees": 2.76, "slope_class": "Low slope", "slope_risk": 12}}, {"type": "Feature", "geometry": {"type": "Polygon", "coordinates": [[[117.37365494978114, -34.678897765520055], [117.37365494978114, -34.65389776552006], [117.34865494978114, -34.65389776552006], [117.34865494978114, -34.678897765520055], [117.37365494978114, -34.678897765520055]]]}, "properties": {"layer": "Slope", "slope_degrees": 2.91, "slope_class": "Low slope", "slope_risk": 12}}, {"type": "Feature", "geometry": {"type": "Polygon", "coordinates": [[[117.39865494978115, -34.678897765520055], [117.39865494978115, -34.65389776552006], [117.37365494978114, -34.65389776552006], [117.37365494978114, -34.678897765520055], [117.39865494978115, -34.678897765520055]]]}, "properties": {"layer": "Slope", "slope_degrees": 0.16, "slope_class": "Low slope", "slope_risk": 12}}, {"type": "Feature", "geometry": {"type": "Polygon", "coordinates": [[[117.42365494978115, -34.678897765520055], [117.42365494978115, -34.65389776552006], [117.39865494978115, -34.65389776552006], [117.39865494978115, -34.678897765520055], [117.42365494978115, -34.678897765520055]]]}, "properties": {"layer": "Slope", "slope_degrees": 2.71, "slope_class": "Low slope", "slope_risk": 12}}, {"type": "Feature", "geometry": {"type": "Polygon", "coordinates": [[[117.44865494978116, -34.678897765520055], [117.44865494978116, -34.65389776552006], [117.42365494978115, -34.65389776552006], [117.42365494978115, -34.678897765520055], [117.44865494978116, -34.678897765520055]]]}, "properties": {"layer": "Slope", "slope_degrees": 4.38, "slope_class": "Low slope", "slope_risk": 12}}, {"type": "Feature", "geometry": {"type": "Polygon", "coordinates": [[[117.47365494978116, -34.678897765520055], [117.47365494978116, -34.65389776552006], [117.44865494978116, -34.65389776552006], [117.44865494978116, -34.678897765520055], [117.47365494978116, -34.678897765520055]]]}, "properties": {"layer": "Slope", "slope_degrees": 6.01, "slope_class": "Moderate slope", "slope_risk": 16}}, {"type": "Feature", "geometry": {"type": "Polygon", "coordinates": [[[117.49865494978117, -34.678897765520055], [117.49865494978117, -34.65389776552006], [117.47365494978116, -34.65389776552006], [117.47365494978116, -34.678897765520055], [117.49865494978117, -34.678897765520055]]]}, "properties": {"layer": "Slope", "slope_degrees": 0.09, "slope_class": "Low slope", "slope_risk": 12}}, {"type": "Feature", "geometry": {"type": "Polygon", "coordinates": [[[117.52365494978118, -34.678897765520055], [117.52365494978118, -34.65389776552006], [117.49865494978117, -34.65389776552006], [117.49865494978117, -34.678897765520055], [117.52365494978118, -34.678897765520055]]]}, "properties": {"layer": "Slope", "slope_degrees": 3.57, "slope_class": "Low slope", "slope_risk": 12}}, {"type": "Feature", "geometry": {"type": "Polygon", "coordinates": [[[117.54865494978118, -34.678897765520055], [117.54865494978118, -34.65389776552006], [117.52365494978118, -34.65389776552006], [117.52365494978118, -34.678897765520055], [117.54865494978118, -34.678897765520055]]]}, "properties": {"layer": "Slope", "slope_degrees": 3.43, "slope_class": "Low slope", "slope_risk": 12}}, {"type": "Feature", "geometry": {"type": "Polygon", "coordinates": [[[117.57365494978119, -34.678897765520055], [117.57365494978119, -34.65389776552006], [117.54865494978118, -34.65389776552006], [117.54865494978118, -34.678897765520055], [117.57365494978119, -34.678897765520055]]]}, "properties": {"layer": "Slope", "slope_degrees": 1.08, "slope_class": "Low slope", "slope_risk": 12}}, {"type": "Feature", "geometry": {"type": "Polygon", "coordinates": [[[117.59865494978119, -34.678897765520055], [117.59865494978119, -34.65389776552006], [117.57365494978119, -34.65389776552006], [117.57365494978119, -34.678897765520055], [117.59865494978119, -34.678897765520055]]]}, "properties": {"layer": "Slope", "slope_degrees": 5.58, "slope_class": "Moderate slope", "slope_risk": 14}}, {"type": "Feature", "geometry": {"type": "Polygon", "coordinates": [[[117.6236549497812, -34.678897765520055], [117.6236549497812, -34.65389776552006], [117.59865494978119, -34.65389776552006], [117.59865494978119, -34.678897765520055], [117.6236549497812, -34.678897765520055]]]}, "properties": {"layer": "Slope", "slope_degrees": 8.65, "slope_class": "Moderate slope", "slope_risk": 26}}, {"type": "Feature", "geometry": {"type": "Polygon", "coordinates": [[[117.6486549497812, -34.678897765520055], [117.6486549497812, -34.65389776552006], [117.6236549497812, -34.65389776552006], [117.6236549497812, -34.678897765520055], [117.6486549497812, -34.678897765520055]]]}, "properties": {"layer": "Slope", "slope_degrees": 3.82, "slope_class": "Low slope", "slope_risk": 12}}, {"type": "Feature", "geometry": {"type": "Polygon", "coordinates": [[[117.67365494978121, -34.678897765520055], [117.67365494978121, -34.65389776552006], [117.6486549497812, -34.65389776552006], [117.6486549497812, -34.678897765520055], [117.67365494978121, -34.678897765520055]]]}, "properties": {"layer": "Slope", "slope_degrees": 1.54, "slope_class": "Low slope", "slope_risk": 12}}, {"type": "Feature", "geometry": {"type": "Polygon", "coordinates": [[[117.69865494978121, -34.678897765520055], [117.69865494978121, -34.65389776552006], [117.67365494978121, -34.65389776552006], [117.67365494978121, -34.678897765520055], [117.69865494978121, -34.678897765520055]]]}, "properties": {"layer": "Slope", "slope_degrees": 3.6, "slope_class": "Low slope", "slope_risk": 12}}, {"type": "Feature", "geometry": {"type": "Polygon", "coordinates": [[[117.72365494978122, -34.678897765520055], [117.72365494978122, -34.65389776552006], [117.69865494978121, -34.65389776552006], [117.69865494978121, -34.678897765520055], [117.72365494978122, -34.678897765520055]]]}, "properties": {"layer": "Slope", "slope_degrees": 3.98, "slope_class": "Low slope", "slope_risk": 12}}, {"type": "Feature", "geometry": {"type": "Polygon", "coordinates": [[[117.74865494978123, -34.678897765520055], [117.74865494978123, -34.65389776552006], [117.72365494978122, -34.65389776552006], [117.72365494978122, -34.678897765520055], [117.74865494978123, -34.678897765520055]]]}, "properties": {"layer": "Slope", "slope_degrees": 2.0, "slope_class": "Low slope", "slope_risk": 12}}, {"type": "Feature", "geometry": {"type": "Polygon", "coordinates": [[[117.77365494978123, -34.678897765520055], [117.77365494978123, -34.65389776552006], [117.74865494978123, -34.65389776552006], [117.74865494978123, -34.678897765520055], [117.77365494978123, -34.678897765520055]]]}, "properties": {"layer": "Slope", "slope_degrees": 2.69, "slope_class": "Low slope", "slope_risk": 12}}, {"type": "Feature", "geometry": {"type": "Polygon", "coordinates": [[[117.79865494978124, -34.678897765520055], [117.79865494978124, -34.65389776552006], [117.77365494978123, -34.65389776552006], [117.77365494978123, -34.678897765520055], [117.79865494978124, -34.678897765520055]]]}, "properties": {"layer": "Slope", "slope_degrees": 4.9, "slope_class": "Low slope", "slope_risk": 12}}, {"type": "Feature", "geometry": {"type": "Polygon", "coordinates": [[[117.82365494978124, -34.678897765520055], [117.82365494978124, -34.65389776552006], [117.79865494978124, -34.65389776552006], [117.79865494978124, -34.678897765520055], [117.82365494978124, -34.678897765520055]]]}, "properties": {"layer": "Slope", "slope_degrees": 1.09, "slope_class": "Low slope", "slope_risk": 12}}, {"type": "Feature", "geometry": {"type": "Polygon", "coordinates": [[[117.84865494978125, -34.678897765520055], [117.84865494978125, -34.65389776552006], [117.82365494978124, -34.65389776552006], [117.82365494978124, -34.678897765520055], [117.84865494978125, -34.678897765520055]]]}, "properties": {"layer": "Slope", "slope_degrees": 14.54, "slope_class": "Moderate slope", "slope_risk": 48}}, {"type": "Feature", "geometry": {"type": "Polygon", "coordinates": [[[117.87365494978125, -34.678897765520055], [117.87365494978125, -34.65389776552006], [117.84865494978125, -34.65389776552006], [117.84865494978125, -34.678897765520055], [117.87365494978125, -34.678897765520055]]]}, "properties": {"layer": "Slope", "slope_degrees": 11.01, "slope_class": "Moderate slope", "slope_risk": 35}}, {"type": "Feature", "geometry": {"type": "Polygon", "coordinates": [[[117.89865494978126, -34.678897765520055], [117.89865494978126, -34.65389776552006], [117.87365494978125, -34.65389776552006], [117.87365494978125, -34.678897765520055], [117.89865494978126, -34.678897765520055]]]}, "properties": {"layer": "Slope", "slope_degrees": 2.71, "slope_class": "Low slope", "slope_risk": 12}}, {"type": "Feature", "geometry": {"type": "Polygon", "coordinates": [[[117.92365494978127, -34.678897765520055], [117.92365494978127, -34.65389776552006], [117.89865494978126, -34.65389776552006], [117.89865494978126, -34.678897765520055], [117.92365494978127, -34.678897765520055]]]}, "properties": {"layer": "Slope", "slope_degrees": 4.03, "slope_class": "Low slope", "slope_risk": 12}}, {"type": "Feature", "geometry": {"type": "Polygon", "coordinates": [[[117.94865494978127, -34.678897765520055], [117.94865494978127, -34.65389776552006], [117.92365494978127, -34.65389776552006], [117.92365494978127, -34.678897765520055], [117.94865494978127, -34.678897765520055]]]}, "properties": {"layer": "Slope", "slope_degrees": 3.56, "slope_class": "Low slope", "slope_risk": 12}}, {"type": "Feature", "geometry": {"type": "Polygon", "coordinates": [[[117.97365494978128, -34.678897765520055], [117.97365494978128, -34.65389776552006], [117.94865494978127, -34.65389776552006], [117.94865494978127, -34.678897765520055], [117.97365494978128, -34.678897765520055]]]}, "properties": {"layer": "Slope", "slope_degrees": 2.73, "slope_class": "Low slope", "slope_risk": 12}}, {"type": "Feature", "geometry": {"type": "Polygon", "coordinates": [[[117.99865494978128, -34.678897765520055], [117.99865494978128, -34.65389776552006], [117.97365494978128, -34.65389776552006], [117.97365494978128, -34.678897765520055], [117.99865494978128, -34.678897765520055]]]}, "properties": {"layer": "Slope", "slope_degrees": 1.01, "slope_class": "Low slope", "slope_risk": 12}}, {"type": "Feature", "geometry": {"type": "Polygon", "coordinates": [[[116.92365494978104, -34.65389776552006], [116.92365494978104, -34.62889776552006], [116.89865494978103, -34.62889776552006], [116.89865494978103, -34.65389776552006], [116.92365494978104, -34.65389776552006]]]}, "properties": {"layer": "Slope", "slope_degrees": 8.91, "slope_class": "Moderate slope", "slope_risk": 27}}, {"type": "Feature", "geometry": {"type": "Polygon", "coordinates": [[[116.94865494978104, -34.65389776552006], [116.94865494978104, -34.62889776552006], [116.92365494978104, -34.62889776552006], [116.92365494978104, -34.65389776552006], [116.94865494978104, -34.65389776552006]]]}, "properties": {"layer": "Slope", "slope_degrees": 1.39, "slope_class": "Low slope", "slope_risk": 12}}, {"type": "Feature", "geometry": {"type": "Polygon", "coordinates": [[[116.97365494978105, -34.65389776552006], [116.97365494978105, -34.62889776552006], [116.94865494978104, -34.62889776552006], [116.94865494978104, -34.65389776552006], [116.97365494978105, -34.65389776552006]]]}, "properties": {"layer": "Slope", "slope_degrees": 1.73, "slope_class": "Low slope", "slope_risk": 12}}, {"type": "Feature", "geometry": {"type": "Polygon", "coordinates": [[[116.99865494978106, -34.65389776552006], [116.99865494978106, -34.62889776552006], [116.97365494978105, -34.62889776552006], [116.97365494978105, -34.65389776552006], [116.99865494978106, -34.65389776552006]]]}, "properties": {"layer": "Slope", "slope_degrees": 3.25, "slope_class": "Low slope", "slope_risk": 12}}, {"type": "Feature", "geometry": {"type": "Polygon", "coordinates": [[[117.02365494978106, -34.65389776552006], [117.02365494978106, -34.62889776552006], [116.99865494978106, -34.62889776552006], [116.99865494978106, -34.65389776552006], [117.02365494978106, -34.65389776552006]]]}, "properties": {"layer": "Slope", "slope_degrees": 2.53, "slope_class": "Low slope", "slope_risk": 12}}, {"type": "Feature", "geometry": {"type": "Polygon", "coordinates": [[[117.04865494978107, -34.65389776552006], [117.04865494978107, -34.62889776552006], [117.02365494978106, -34.62889776552006], [117.02365494978106, -34.65389776552006], [117.04865494978107, -34.65389776552006]]]}, "properties": {"layer": "Slope", "slope_degrees": 1.57, "slope_class": "Low slope", "slope_risk": 12}}, {"type": "Feature", "geometry": {"type": "Polygon", "coordinates": [[[117.07365494978107, -34.65389776552006], [117.07365494978107, -34.62889776552006], [117.04865494978107, -34.62889776552006], [117.04865494978107, -34.65389776552006], [117.07365494978107, -34.65389776552006]]]}, "properties": {"layer": "Slope", "slope_degrees": 4.27, "slope_class": "Low slope", "slope_risk": 12}}, {"type": "Feature", "geometry": {"type": "Polygon", "coordinates": [[[117.09865494978108, -34.65389776552006], [117.09865494978108, -34.62889776552006], [117.07365494978107, -34.62889776552006], [117.07365494978107, -34.65389776552006], [117.09865494978108, -34.65389776552006]]]}, "properties": {"layer": "Slope", "slope_degrees": 4.13, "slope_class": "Low slope", "slope_risk": 12}}, {"type": "Feature", "geometry": {"type": "Polygon", "coordinates": [[[117.12365494978108, -34.65389776552006], [117.12365494978108, -34.62889776552006], [117.09865494978108, -34.62889776552006], [117.09865494978108, -34.65389776552006], [117.12365494978108, -34.65389776552006]]]}, "properties": {"layer": "Slope", "slope_degrees": 7.26, "slope_class": "Moderate slope", "slope_risk": 21}}, {"type": "Feature", "geometry": {"type": "Polygon", "coordinates": [[[117.14865494978109, -34.65389776552006], [117.14865494978109, -34.62889776552006], [117.12365494978108, -34.62889776552006], [117.12365494978108, -34.65389776552006], [117.14865494978109, -34.65389776552006]]]}, "properties": {"layer": "Slope", "slope_degrees": 5.78, "slope_class": "Moderate slope", "slope_risk": 15}}, {"type": "Feature", "geometry": {"type": "Polygon", "coordinates": [[[117.1736549497811, -34.65389776552006], [117.1736549497811, -34.62889776552006], [117.14865494978109, -34.62889776552006], [117.14865494978109, -34.65389776552006], [117.1736549497811, -34.65389776552006]]]}, "properties": {"layer": "Slope", "slope_degrees": 1.08, "slope_class": "Low slope", "slope_risk": 12}}, {"type": "Feature", "geometry": {"type": "Polygon", "coordinates": [[[117.1986549497811, -34.65389776552006], [117.1986549497811, -34.62889776552006], [117.1736549497811, -34.62889776552006], [117.1736549497811, -34.65389776552006], [117.1986549497811, -34.65389776552006]]]}, "properties": {"layer": "Slope", "slope_degrees": 0.73, "slope_class": "Low slope", "slope_risk": 12}}, {"type": "Feature", "geometry": {"type": "Polygon", "coordinates": [[[117.2236549497811, -34.65389776552006], [117.2236549497811, -34.62889776552006], [117.1986549497811, -34.62889776552006], [117.1986549497811, -34.65389776552006], [117.2236549497811, -34.65389776552006]]]}, "properties": {"layer": "Slope", "slope_degrees": 3.21, "slope_class": "Low slope", "slope_risk": 12}}, {"type": "Feature", "geometry": {"type": "Polygon", "coordinates": [[[117.24865494978111, -34.65389776552006], [117.24865494978111, -34.62889776552006], [117.2236549497811, -34.62889776552006], [117.2236549497811, -34.65389776552006], [117.24865494978111, -34.65389776552006]]]}, "properties": {"layer": "Slope", "slope_degrees": 1.94, "slope_class": "Low slope", "slope_risk": 12}}, {"type": "Feature", "geometry": {"type": "Polygon", "coordinates": [[[117.27365494978112, -34.65389776552006], [117.27365494978112, -34.62889776552006], [117.24865494978111, -34.62889776552006], [117.24865494978111, -34.65389776552006], [117.27365494978112, -34.65389776552006]]]}, "properties": {"layer": "Slope", "slope_degrees": 2.67, "slope_class": "Low slope", "slope_risk": 12}}, {"type": "Feature", "geometry": {"type": "Polygon", "coordinates": [[[117.29865494978112, -34.65389776552006], [117.29865494978112, -34.62889776552006], [117.27365494978112, -34.62889776552006], [117.27365494978112, -34.65389776552006], [117.29865494978112, -34.65389776552006]]]}, "properties": {"layer": "Slope", "slope_degrees": 1.89, "slope_class": "Low slope", "slope_risk": 12}}, {"type": "Feature", "geometry": {"type": "Polygon", "coordinates": [[[117.32365494978113, -34.65389776552006], [117.32365494978113, -34.62889776552006], [117.29865494978112, -34.62889776552006], [117.29865494978112, -34.65389776552006], [117.32365494978113, -34.65389776552006]]]}, "properties": {"layer": "Slope", "slope_degrees": 2.69, "slope_class": "Low slope", "slope_risk": 12}}, {"type": "Feature", "geometry": {"type": "Polygon", "coordinates": [[[117.34865494978114, -34.65389776552006], [117.34865494978114, -34.62889776552006], [117.32365494978113, -34.62889776552006], [117.32365494978113, -34.65389776552006], [117.34865494978114, -34.65389776552006]]]}, "properties": {"layer": "Slope", "slope_degrees": 0.86, "slope_class": "Low slope", "slope_risk": 12}}, {"type": "Feature", "geometry": {"type": "Polygon", "coordinates": [[[117.37365494978114, -34.65389776552006], [117.37365494978114, -34.62889776552006], [117.34865494978114, -34.62889776552006], [117.34865494978114, -34.65389776552006], [117.37365494978114, -34.65389776552006]]]}, "properties": {"layer": "Slope", "slope_degrees": 3.36, "slope_class": "Low slope", "slope_risk": 12}}, {"type": "Feature", "geometry": {"type": "Polygon", "coordinates": [[[117.39865494978115, -34.65389776552006], [117.39865494978115, -34.62889776552006], [117.37365494978114, -34.62889776552006], [117.37365494978114, -34.65389776552006], [117.39865494978115, -34.65389776552006]]]}, "properties": {"layer": "Slope", "slope_degrees": 2.64, "slope_class": "Low slope", "slope_risk": 12}}, {"type": "Feature", "geometry": {"type": "Polygon", "coordinates": [[[117.42365494978115, -34.65389776552006], [117.42365494978115, -34.62889776552006], [117.39865494978115, -34.62889776552006], [117.39865494978115, -34.65389776552006], [117.42365494978115, -34.65389776552006]]]}, "properties": {"layer": "Slope", "slope_degrees": 1.7, "slope_class": "Low slope", "slope_risk": 12}}, {"type": "Feature", "geometry": {"type": "Polygon", "coordinates": [[[117.44865494978116, -34.65389776552006], [117.44865494978116, -34.62889776552006], [117.42365494978115, -34.62889776552006], [117.42365494978115, -34.65389776552006], [117.44865494978116, -34.65389776552006]]]}, "properties": {"layer": "Slope", "slope_degrees": 4.82, "slope_class": "Low slope", "slope_risk": 12}}, {"type": "Feature", "geometry": {"type": "Polygon", "coordinates": [[[117.47365494978116, -34.65389776552006], [117.47365494978116, -34.62889776552006], [117.44865494978116, -34.62889776552006], [117.44865494978116, -34.65389776552006], [117.47365494978116, -34.65389776552006]]]}, "properties": {"layer": "Slope", "slope_degrees": 0.62, "slope_class": "Low slope", "slope_risk": 12}}, {"type": "Feature", "geometry": {"type": "Polygon", "coordinates": [[[117.49865494978117, -34.65389776552006], [117.49865494978117, -34.62889776552006], [117.47365494978116, -34.62889776552006], [117.47365494978116, -34.65389776552006], [117.49865494978117, -34.65389776552006]]]}, "properties": {"layer": "Slope", "slope_degrees": 2.21, "slope_class": "Low slope", "slope_risk": 12}}, {"type": "Feature", "geometry": {"type": "Polygon", "coordinates": [[[117.52365494978118, -34.65389776552006], [117.52365494978118, -34.62889776552006], [117.49865494978117, -34.62889776552006], [117.49865494978117, -34.65389776552006], [117.52365494978118, -34.65389776552006]]]}, "properties": {"layer": "Slope", "slope_degrees": 4.58, "slope_class": "Low slope", "slope_risk": 12}}, {"type": "Feature", "geometry": {"type": "Polygon", "coordinates": [[[117.54865494978118, -34.65389776552006], [117.54865494978118, -34.62889776552006], [117.52365494978118, -34.62889776552006], [117.52365494978118, -34.65389776552006], [117.54865494978118, -34.65389776552006]]]}, "properties": {"layer": "Slope", "slope_degrees": 1.85, "slope_class": "Low slope", "slope_risk": 12}}, {"type": "Feature", "geometry": {"type": "Polygon", "coordinates": [[[117.57365494978119, -34.65389776552006], [117.57365494978119, -34.62889776552006], [117.54865494978118, -34.62889776552006], [117.54865494978118, -34.65389776552006], [117.57365494978119, -34.65389776552006]]]}, "properties": {"layer": "Slope", "slope_degrees": 6.34, "slope_class": "Moderate slope", "slope_risk": 17}}, {"type": "Feature", "geometry": {"type": "Polygon", "coordinates": [[[117.59865494978119, -34.65389776552006], [117.59865494978119, -34.62889776552006], [117.57365494978119, -34.62889776552006], [117.57365494978119, -34.65389776552006], [117.59865494978119, -34.65389776552006]]]}, "properties": {"layer": "Slope", "slope_degrees": 5.82, "slope_class": "Moderate slope", "slope_risk": 15}}, {"type": "Feature", "geometry": {"type": "Polygon", "coordinates": [[[117.6236549497812, -34.65389776552006], [117.6236549497812, -34.62889776552006], [117.59865494978119, -34.62889776552006], [117.59865494978119, -34.65389776552006], [117.6236549497812, -34.65389776552006]]]}, "properties": {"layer": "Slope", "slope_degrees": 3.26, "slope_class": "Low slope", "slope_risk": 12}}, {"type": "Feature", "geometry": {"type": "Polygon", "coordinates": [[[117.6486549497812, -34.65389776552006], [117.6486549497812, -34.62889776552006], [117.6236549497812, -34.62889776552006], [117.6236549497812, -34.65389776552006], [117.6486549497812, -34.65389776552006]]]}, "properties": {"layer": "Slope", "slope_degrees": 2.49, "slope_class": "Low slope", "slope_risk": 12}}, {"type": "Feature", "geometry": {"type": "Polygon", "coordinates": [[[117.67365494978121, -34.65389776552006], [117.67365494978121, -34.62889776552006], [117.6486549497812, -34.62889776552006], [117.6486549497812, -34.65389776552006], [117.67365494978121, -34.65389776552006]]]}, "properties": {"layer": "Slope", "slope_degrees": 3.35, "slope_class": "Low slope", "slope_risk": 12}}, {"type": "Feature", "geometry": {"type": "Polygon", "coordinates": [[[117.69865494978121, -34.65389776552006], [117.69865494978121, -34.62889776552006], [117.67365494978121, -34.62889776552006], [117.67365494978121, -34.65389776552006], [117.69865494978121, -34.65389776552006]]]}, "properties": {"layer": "Slope", "slope_degrees": 2.75, "slope_class": "Low slope", "slope_risk": 12}}, {"type": "Feature", "geometry": {"type": "Polygon", "coordinates": [[[117.72365494978122, -34.65389776552006], [117.72365494978122, -34.62889776552006], [117.69865494978121, -34.62889776552006], [117.69865494978121, -34.65389776552006], [117.72365494978122, -34.65389776552006]]]}, "properties": {"layer": "Slope", "slope_degrees": 3.09, "slope_class": "Low slope", "slope_risk": 12}}, {"type": "Feature", "geometry": {"type": "Polygon", "coordinates": [[[117.74865494978123, -34.65389776552006], [117.74865494978123, -34.62889776552006], [117.72365494978122, -34.62889776552006], [117.72365494978122, -34.65389776552006], [117.74865494978123, -34.65389776552006]]]}, "properties": {"layer": "Slope", "slope_degrees": 4.52, "slope_class": "Low slope", "slope_risk": 12}}, {"type": "Feature", "geometry": {"type": "Polygon", "coordinates": [[[117.77365494978123, -34.65389776552006], [117.77365494978123, -34.62889776552006], [117.74865494978123, -34.62889776552006], [117.74865494978123, -34.65389776552006], [117.77365494978123, -34.65389776552006]]]}, "properties": {"layer": "Slope", "slope_degrees": 1.28, "slope_class": "Low slope", "slope_risk": 12}}, {"type": "Feature", "geometry": {"type": "Polygon", "coordinates": [[[117.79865494978124, -34.65389776552006], [117.79865494978124, -34.62889776552006], [117.77365494978123, -34.62889776552006], [117.77365494978123, -34.65389776552006], [117.79865494978124, -34.65389776552006]]]}, "properties": {"layer": "Slope", "slope_degrees": 0.9, "slope_class": "Low slope", "slope_risk": 12}}, {"type": "Feature", "geometry": {"type": "Polygon", "coordinates": [[[117.82365494978124, -34.65389776552006], [117.82365494978124, -34.62889776552006], [117.79865494978124, -34.62889776552006], [117.79865494978124, -34.65389776552006], [117.82365494978124, -34.65389776552006]]]}, "properties": {"layer": "Slope", "slope_degrees": 7.76, "slope_class": "Moderate slope", "slope_risk": 22}}, {"type": "Feature", "geometry": {"type": "Polygon", "coordinates": [[[117.84865494978125, -34.65389776552006], [117.84865494978125, -34.62889776552006], [117.82365494978124, -34.62889776552006], [117.82365494978124, -34.65389776552006], [117.84865494978125, -34.65389776552006]]]}, "properties": {"layer": "Slope", "slope_degrees": 2.6, "slope_class": "Low slope", "slope_risk": 12}}, {"type": "Feature", "geometry": {"type": "Polygon", "coordinates": [[[117.87365494978125, -34.65389776552006], [117.87365494978125, -34.62889776552006], [117.84865494978125, -34.62889776552006], [117.84865494978125, -34.65389776552006], [117.87365494978125, -34.65389776552006]]]}, "properties": {"layer": "Slope", "slope_degrees": 2.77, "slope_class": "Low slope", "slope_risk": 12}}, {"type": "Feature", "geometry": {"type": "Polygon", "coordinates": [[[117.89865494978126, -34.65389776552006], [117.89865494978126, -34.62889776552006], [117.87365494978125, -34.62889776552006], [117.87365494978125, -34.65389776552006], [117.89865494978126, -34.65389776552006]]]}, "properties": {"layer": "Slope", "slope_degrees": 5.28, "slope_class": "Moderate slope", "slope_risk": 13}}, {"type": "Feature", "geometry": {"type": "Polygon", "coordinates": [[[117.92365494978127, -34.65389776552006], [117.92365494978127, -34.62889776552006], [117.89865494978126, -34.62889776552006], [117.89865494978126, -34.65389776552006], [117.92365494978127, -34.65389776552006]]]}, "properties": {"layer": "Slope", "slope_degrees": 4.2, "slope_class": "Low slope", "slope_risk": 12}}, {"type": "Feature", "geometry": {"type": "Polygon", "coordinates": [[[117.94865494978127, -34.65389776552006], [117.94865494978127, -34.62889776552006], [117.92365494978127, -34.62889776552006], [117.92365494978127, -34.65389776552006], [117.94865494978127, -34.65389776552006]]]}, "properties": {"layer": "Slope", "slope_degrees": 2.48, "slope_class": "Low slope", "slope_risk": 12}}, {"type": "Feature", "geometry": {"type": "Polygon", "coordinates": [[[117.97365494978128, -34.65389776552006], [117.97365494978128, -34.62889776552006], [117.94865494978127, -34.62889776552006], [117.94865494978127, -34.65389776552006], [117.97365494978128, -34.65389776552006]]]}, "properties": {"layer": "Slope", "slope_degrees": 2.55, "slope_class": "Low slope", "slope_risk": 12}}, {"type": "Feature", "geometry": {"type": "Polygon", "coordinates": [[[117.99865494978128, -34.65389776552006], [117.99865494978128, -34.62889776552006], [117.97365494978128, -34.62889776552006], [117.97365494978128, -34.65389776552006], [117.99865494978128, -34.65389776552006]]]}, "properties": {"layer": "Slope", "slope_degrees": 3.34, "slope_class": "Low slope", "slope_risk": 12}}, {"type": "Feature", "geometry": {"type": "Polygon", "coordinates": [[[116.92365494978104, -34.62889776552006], [116.92365494978104, -34.60389776552006], [116.89865494978103, -34.60389776552006], [116.89865494978103, -34.62889776552006], [116.92365494978104, -34.62889776552006]]]}, "properties": {"layer": "Slope", "slope_degrees": 6.39, "slope_class": "Moderate slope", "slope_risk": 17}}, {"type": "Feature", "geometry": {"type": "Polygon", "coordinates": [[[116.94865494978104, -34.62889776552006], [116.94865494978104, -34.60389776552006], [116.92365494978104, -34.60389776552006], [116.92365494978104, -34.62889776552006], [116.94865494978104, -34.62889776552006]]]}, "properties": {"layer": "Slope", "slope_degrees": 3.36, "slope_class": "Low slope", "slope_risk": 12}}, {"type": "Feature", "geometry": {"type": "Polygon", "coordinates": [[[116.97365494978105, -34.62889776552006], [116.97365494978105, -34.60389776552006], [116.94865494978104, -34.60389776552006], [116.94865494978104, -34.62889776552006], [116.97365494978105, -34.62889776552006]]]}, "properties": {"layer": "Slope", "slope_degrees": 4.64, "slope_class": "Low slope", "slope_risk": 12}}, {"type": "Feature", "geometry": {"type": "Polygon", "coordinates": [[[116.99865494978106, -34.62889776552006], [116.99865494978106, -34.60389776552006], [116.97365494978105, -34.60389776552006], [116.97365494978105, -34.62889776552006], [116.99865494978106, -34.62889776552006]]]}, "properties": {"layer": "Slope", "slope_degrees": 0.86, "slope_class": "Low slope", "slope_risk": 12}}, {"type": "Feature", "geometry": {"type": "Polygon", "coordinates": [[[117.02365494978106, -34.62889776552006], [117.02365494978106, -34.60389776552006], [116.99865494978106, -34.60389776552006], [116.99865494978106, -34.62889776552006], [117.02365494978106, -34.62889776552006]]]}, "properties": {"layer": "Slope", "slope_degrees": 4.81, "slope_class": "Low slope", "slope_risk": 12}}, {"type": "Feature", "geometry": {"type": "Polygon", "coordinates": [[[117.04865494978107, -34.62889776552006], [117.04865494978107, -34.60389776552006], [117.02365494978106, -34.60389776552006], [117.02365494978106, -34.62889776552006], [117.04865494978107, -34.62889776552006]]]}, "properties": {"layer": "Slope", "slope_degrees": 2.2, "slope_class": "Low slope", "slope_risk": 12}}, {"type": "Feature", "geometry": {"type": "Polygon", "coordinates": [[[117.07365494978107, -34.62889776552006], [117.07365494978107, -34.60389776552006], [117.04865494978107, -34.60389776552006], [117.04865494978107, -34.62889776552006], [117.07365494978107, -34.62889776552006]]]}, "properties": {"layer": "Slope", "slope_degrees": 3.3, "slope_class": "Low slope", "slope_risk": 12}}, {"type": "Feature", "geometry": {"type": "Polygon", "coordinates": [[[117.09865494978108, -34.62889776552006], [117.09865494978108, -34.60389776552006], [117.07365494978107, -34.60389776552006], [117.07365494978107, -34.62889776552006], [117.09865494978108, -34.62889776552006]]]}, "properties": {"layer": "Slope", "slope_degrees": 3.4, "slope_class": "Low slope", "slope_risk": 12}}, {"type": "Feature", "geometry": {"type": "Polygon", "coordinates": [[[117.12365494978108, -34.62889776552006], [117.12365494978108, -34.60389776552006], [117.09865494978108, -34.60389776552006], [117.09865494978108, -34.62889776552006], [117.12365494978108, -34.62889776552006]]]}, "properties": {"layer": "Slope", "slope_degrees": 3.89, "slope_class": "Low slope", "slope_risk": 12}}, {"type": "Feature", "geometry": {"type": "Polygon", "coordinates": [[[117.14865494978109, -34.62889776552006], [117.14865494978109, -34.60389776552006], [117.12365494978108, -34.60389776552006], [117.12365494978108, -34.62889776552006], [117.14865494978109, -34.62889776552006]]]}, "properties": {"layer": "Slope", "slope_degrees": 3.66, "slope_class": "Low slope", "slope_risk": 12}}, {"type": "Feature", "geometry": {"type": "Polygon", "coordinates": [[[117.1736549497811, -34.62889776552006], [117.1736549497811, -34.60389776552006], [117.14865494978109, -34.60389776552006], [117.14865494978109, -34.62889776552006], [117.1736549497811, -34.62889776552006]]]}, "properties": {"layer": "Slope", "slope_degrees": 0.42, "slope_class": "Low slope", "slope_risk": 12}}, {"type": "Feature", "geometry": {"type": "Polygon", "coordinates": [[[117.1986549497811, -34.62889776552006], [117.1986549497811, -34.60389776552006], [117.1736549497811, -34.60389776552006], [117.1736549497811, -34.62889776552006], [117.1986549497811, -34.62889776552006]]]}, "properties": {"layer": "Slope", "slope_degrees": 2.33, "slope_class": "Low slope", "slope_risk": 12}}, {"type": "Feature", "geometry": {"type": "Polygon", "coordinates": [[[117.2236549497811, -34.62889776552006], [117.2236549497811, -34.60389776552006], [117.1986549497811, -34.60389776552006], [117.1986549497811, -34.62889776552006], [117.2236549497811, -34.62889776552006]]]}, "properties": {"layer": "Slope", "slope_degrees": 2.56, "slope_class": "Low slope", "slope_risk": 12}}, {"type": "Feature", "geometry": {"type": "Polygon", "coordinates": [[[117.24865494978111, -34.62889776552006], [117.24865494978111, -34.60389776552006], [117.2236549497811, -34.60389776552006], [117.2236549497811, -34.62889776552006], [117.24865494978111, -34.62889776552006]]]}, "properties": {"layer": "Slope", "slope_degrees": 1.03, "slope_class": "Low slope", "slope_risk": 12}}, {"type": "Feature", "geometry": {"type": "Polygon", "coordinates": [[[117.27365494978112, -34.62889776552006], [117.27365494978112, -34.60389776552006], [117.24865494978111, -34.60389776552006], [117.24865494978111, -34.62889776552006], [117.27365494978112, -34.62889776552006]]]}, "properties": {"layer": "Slope", "slope_degrees": 2.46, "slope_class": "Low slope", "slope_risk": 12}}, {"type": "Feature", "geometry": {"type": "Polygon", "coordinates": [[[117.29865494978112, -34.62889776552006], [117.29865494978112, -34.60389776552006], [117.27365494978112, -34.60389776552006], [117.27365494978112, -34.62889776552006], [117.29865494978112, -34.62889776552006]]]}, "properties": {"layer": "Slope", "slope_degrees": 3.17, "slope_class": "Low slope", "slope_risk": 12}}, {"type": "Feature", "geometry": {"type": "Polygon", "coordinates": [[[117.32365494978113, -34.62889776552006], [117.32365494978113, -34.60389776552006], [117.29865494978112, -34.60389776552006], [117.29865494978112, -34.62889776552006], [117.32365494978113, -34.62889776552006]]]}, "properties": {"layer": "Slope", "slope_degrees": 2.13, "slope_class": "Low slope", "slope_risk": 12}}, {"type": "Feature", "geometry": {"type": "Polygon", "coordinates": [[[117.34865494978114, -34.62889776552006], [117.34865494978114, -34.60389776552006], [117.32365494978113, -34.60389776552006], [117.32365494978113, -34.62889776552006], [117.34865494978114, -34.62889776552006]]]}, "properties": {"layer": "Slope", "slope_degrees": 3.1, "slope_class": "Low slope", "slope_risk": 12}}, {"type": "Feature", "geometry": {"type": "Polygon", "coordinates": [[[117.37365494978114, -34.62889776552006], [117.37365494978114, -34.60389776552006], [117.34865494978114, -34.60389776552006], [117.34865494978114, -34.62889776552006], [117.37365494978114, -34.62889776552006]]]}, "properties": {"layer": "Slope", "slope_degrees": 1.57, "slope_class": "Low slope", "slope_risk": 12}}, {"type": "Feature", "geometry": {"type": "Polygon", "coordinates": [[[117.39865494978115, -34.62889776552006], [117.39865494978115, -34.60389776552006], [117.37365494978114, -34.60389776552006], [117.37365494978114, -34.62889776552006], [117.39865494978115, -34.62889776552006]]]}, "properties": {"layer": "Slope", "slope_degrees": 2.51, "slope_class": "Low slope", "slope_risk": 12}}, {"type": "Feature", "geometry": {"type": "Polygon", "coordinates": [[[117.42365494978115, -34.62889776552006], [117.42365494978115, -34.60389776552006], [117.39865494978115, -34.60389776552006], [117.39865494978115, -34.62889776552006], [117.42365494978115, -34.62889776552006]]]}, "properties": {"layer": "Slope", "slope_degrees": 2.03, "slope_class": "Low slope", "slope_risk": 12}}, {"type": "Feature", "geometry": {"type": "Polygon", "coordinates": [[[117.44865494978116, -34.62889776552006], [117.44865494978116, -34.60389776552006], [117.42365494978115, -34.60389776552006], [117.42365494978115, -34.62889776552006], [117.44865494978116, -34.62889776552006]]]}, "properties": {"layer": "Slope", "slope_degrees": 1.64, "slope_class": "Low slope", "slope_risk": 12}}, {"type": "Feature", "geometry": {"type": "Polygon", "coordinates": [[[117.47365494978116, -34.62889776552006], [117.47365494978116, -34.60389776552006], [117.44865494978116, -34.60389776552006], [117.44865494978116, -34.62889776552006], [117.47365494978116, -34.62889776552006]]]}, "properties": {"layer": "Slope", "slope_degrees": 7.15, "slope_class": "Moderate slope", "slope_risk": 20}}, {"type": "Feature", "geometry": {"type": "Polygon", "coordinates": [[[117.49865494978117, -34.62889776552006], [117.49865494978117, -34.60389776552006], [117.47365494978116, -34.60389776552006], [117.47365494978116, -34.62889776552006], [117.49865494978117, -34.62889776552006]]]}, "properties": {"layer": "Slope", "slope_degrees": 6.4, "slope_class": "Moderate slope", "slope_risk": 17}}, {"type": "Feature", "geometry": {"type": "Polygon", "coordinates": [[[117.52365494978118, -34.62889776552006], [117.52365494978118, -34.60389776552006], [117.49865494978117, -34.60389776552006], [117.49865494978117, -34.62889776552006], [117.52365494978118, -34.62889776552006]]]}, "properties": {"layer": "Slope", "slope_degrees": 1.57, "slope_class": "Low slope", "slope_risk": 12}}, {"type": "Feature", "geometry": {"type": "Polygon", "coordinates": [[[117.54865494978118, -34.62889776552006], [117.54865494978118, -34.60389776552006], [117.52365494978118, -34.60389776552006], [117.52365494978118, -34.62889776552006], [117.54865494978118, -34.62889776552006]]]}, "properties": {"layer": "Slope", "slope_degrees": 4.69, "slope_class": "Low slope", "slope_risk": 12}}, {"type": "Feature", "geometry": {"type": "Polygon", "coordinates": [[[117.57365494978119, -34.62889776552006], [117.57365494978119, -34.60389776552006], [117.54865494978118, -34.60389776552006], [117.54865494978118, -34.62889776552006], [117.57365494978119, -34.62889776552006]]]}, "properties": {"layer": "Slope", "slope_degrees": 1.79, "slope_class": "Low slope", "slope_risk": 12}}, {"type": "Feature", "geometry": {"type": "Polygon", "coordinates": [[[117.59865494978119, -34.62889776552006], [117.59865494978119, -34.60389776552006], [117.57365494978119, -34.60389776552006], [117.57365494978119, -34.62889776552006], [117.59865494978119, -34.62889776552006]]]}, "properties": {"layer": "Slope", "slope_degrees": 1.27, "slope_class": "Low slope", "slope_risk": 12}}, {"type": "Feature", "geometry": {"type": "Polygon", "coordinates": [[[117.6236549497812, -34.62889776552006], [117.6236549497812, -34.60389776552006], [117.59865494978119, -34.60389776552006], [117.59865494978119, -34.62889776552006], [117.6236549497812, -34.62889776552006]]]}, "properties": {"layer": "Slope", "slope_degrees": 5.06, "slope_class": "Moderate slope", "slope_risk": 12}}, {"type": "Feature", "geometry": {"type": "Polygon", "coordinates": [[[117.6486549497812, -34.62889776552006], [117.6486549497812, -34.60389776552006], [117.6236549497812, -34.60389776552006], [117.6236549497812, -34.62889776552006], [117.6486549497812, -34.62889776552006]]]}, "properties": {"layer": "Slope", "slope_degrees": 2.91, "slope_class": "Low slope", "slope_risk": 12}}, {"type": "Feature", "geometry": {"type": "Polygon", "coordinates": [[[117.67365494978121, -34.62889776552006], [117.67365494978121, -34.60389776552006], [117.6486549497812, -34.60389776552006], [117.6486549497812, -34.62889776552006], [117.67365494978121, -34.62889776552006]]]}, "properties": {"layer": "Slope", "slope_degrees": 5.02, "slope_class": "Moderate slope", "slope_risk": 12}}, {"type": "Feature", "geometry": {"type": "Polygon", "coordinates": [[[117.69865494978121, -34.62889776552006], [117.69865494978121, -34.60389776552006], [117.67365494978121, -34.60389776552006], [117.67365494978121, -34.62889776552006], [117.69865494978121, -34.62889776552006]]]}, "properties": {"layer": "Slope", "slope_degrees": 3.79, "slope_class": "Low slope", "slope_risk": 12}}, {"type": "Feature", "geometry": {"type": "Polygon", "coordinates": [[[117.72365494978122, -34.62889776552006], [117.72365494978122, -34.60389776552006], [117.69865494978121, -34.60389776552006], [117.69865494978121, -34.62889776552006], [117.72365494978122, -34.62889776552006]]]}, "properties": {"layer": "Slope", "slope_degrees": 7.11, "slope_class": "Moderate slope", "slope_risk": 20}}, {"type": "Feature", "geometry": {"type": "Polygon", "coordinates": [[[117.74865494978123, -34.62889776552006], [117.74865494978123, -34.60389776552006], [117.72365494978122, -34.60389776552006], [117.72365494978122, -34.62889776552006], [117.74865494978123, -34.62889776552006]]]}, "properties": {"layer": "Slope", "slope_degrees": 7.29, "slope_class": "Moderate slope", "slope_risk": 21}}, {"type": "Feature", "geometry": {"type": "Polygon", "coordinates": [[[117.77365494978123, -34.62889776552006], [117.77365494978123, -34.60389776552006], [117.74865494978123, -34.60389776552006], [117.74865494978123, -34.62889776552006], [117.77365494978123, -34.62889776552006]]]}, "properties": {"layer": "Slope", "slope_degrees": 5.28, "slope_class": "Moderate slope", "slope_risk": 13}}, {"type": "Feature", "geometry": {"type": "Polygon", "coordinates": [[[117.79865494978124, -34.62889776552006], [117.79865494978124, -34.60389776552006], [117.77365494978123, -34.60389776552006], [117.77365494978123, -34.62889776552006], [117.79865494978124, -34.62889776552006]]]}, "properties": {"layer": "Slope", "slope_degrees": 2.54, "slope_class": "Low slope", "slope_risk": 12}}, {"type": "Feature", "geometry": {"type": "Polygon", "coordinates": [[[117.82365494978124, -34.62889776552006], [117.82365494978124, -34.60389776552006], [117.79865494978124, -34.60389776552006], [117.79865494978124, -34.62889776552006], [117.82365494978124, -34.62889776552006]]]}, "properties": {"layer": "Slope", "slope_degrees": 3.88, "slope_class": "Low slope", "slope_risk": 12}}, {"type": "Feature", "geometry": {"type": "Polygon", "coordinates": [[[117.84865494978125, -34.62889776552006], [117.84865494978125, -34.60389776552006], [117.82365494978124, -34.60389776552006], [117.82365494978124, -34.62889776552006], [117.84865494978125, -34.62889776552006]]]}, "properties": {"layer": "Slope", "slope_degrees": 4.16, "slope_class": "Low slope", "slope_risk": 12}}, {"type": "Feature", "geometry": {"type": "Polygon", "coordinates": [[[117.87365494978125, -34.62889776552006], [117.87365494978125, -34.60389776552006], [117.84865494978125, -34.60389776552006], [117.84865494978125, -34.62889776552006], [117.87365494978125, -34.62889776552006]]]}, "properties": {"layer": "Slope", "slope_degrees": 1.77, "slope_class": "Low slope", "slope_risk": 12}}, {"type": "Feature", "geometry": {"type": "Polygon", "coordinates": [[[117.89865494978126, -34.62889776552006], [117.89865494978126, -34.60389776552006], [117.87365494978125, -34.60389776552006], [117.87365494978125, -34.62889776552006], [117.89865494978126, -34.62889776552006]]]}, "properties": {"layer": "Slope", "slope_degrees": 4.03, "slope_class": "Low slope", "slope_risk": 12}}, {"type": "Feature", "geometry": {"type": "Polygon", "coordinates": [[[117.92365494978127, -34.62889776552006], [117.92365494978127, -34.60389776552006], [117.89865494978126, -34.60389776552006], [117.89865494978126, -34.62889776552006], [117.92365494978127, -34.62889776552006]]]}, "properties": {"layer": "Slope", "slope_degrees": 2.17, "slope_class": "Low slope", "slope_risk": 12}}, {"type": "Feature", "geometry": {"type": "Polygon", "coordinates": [[[117.94865494978127, -34.62889776552006], [117.94865494978127, -34.60389776552006], [117.92365494978127, -34.60389776552006], [117.92365494978127, -34.62889776552006], [117.94865494978127, -34.62889776552006]]]}, "properties": {"layer": "Slope", "slope_degrees": 2.87, "slope_class": "Low slope", "slope_risk": 12}}, {"type": "Feature", "geometry": {"type": "Polygon", "coordinates": [[[117.97365494978128, -34.62889776552006], [117.97365494978128, -34.60389776552006], [117.94865494978127, -34.60389776552006], [117.94865494978127, -34.62889776552006], [117.97365494978128, -34.62889776552006]]]}, "properties": {"layer": "Slope", "slope_degrees": 1.92, "slope_class": "Low slope", "slope_risk": 12}}, {"type": "Feature", "geometry": {"type": "Polygon", "coordinates": [[[117.99865494978128, -34.62889776552006], [117.99865494978128, -34.60389776552006], [117.97365494978128, -34.60389776552006], [117.97365494978128, -34.62889776552006], [117.99865494978128, -34.62889776552006]]]}, "properties": {"layer": "Slope", "slope_degrees": 3.51, "slope_class": "Low slope", "slope_risk": 12}}, {"type": "Feature", "geometry": {"type": "Polygon", "coordinates": [[[116.92365494978104, -34.60389776552006], [116.92365494978104, -34.57889776552006], [116.89865494978103, -34.57889776552006], [116.89865494978103, -34.60389776552006], [116.92365494978104, -34.60389776552006]]]}, "properties": {"layer": "Slope", "slope_degrees": 3.6, "slope_class": "Low slope", "slope_risk": 12}}, {"type": "Feature", "geometry": {"type": "Polygon", "coordinates": [[[116.94865494978104, -34.60389776552006], [116.94865494978104, -34.57889776552006], [116.92365494978104, -34.57889776552006], [116.92365494978104, -34.60389776552006], [116.94865494978104, -34.60389776552006]]]}, "properties": {"layer": "Slope", "slope_degrees": 3.59, "slope_class": "Low slope", "slope_risk": 12}}, {"type": "Feature", "geometry": {"type": "Polygon", "coordinates": [[[116.97365494978105, -34.60389776552006], [116.97365494978105, -34.57889776552006], [116.94865494978104, -34.57889776552006], [116.94865494978104, -34.60389776552006], [116.97365494978105, -34.60389776552006]]]}, "properties": {"layer": "Slope", "slope_degrees": 3.43, "slope_class": "Low slope", "slope_risk": 12}}, {"type": "Feature", "geometry": {"type": "Polygon", "coordinates": [[[116.99865494978106, -34.60389776552006], [116.99865494978106, -34.57889776552006], [116.97365494978105, -34.57889776552006], [116.97365494978105, -34.60389776552006], [116.99865494978106, -34.60389776552006]]]}, "properties": {"layer": "Slope", "slope_degrees": 1.51, "slope_class": "Low slope", "slope_risk": 12}}, {"type": "Feature", "geometry": {"type": "Polygon", "coordinates": [[[117.02365494978106, -34.60389776552006], [117.02365494978106, -34.57889776552006], [116.99865494978106, -34.57889776552006], [116.99865494978106, -34.60389776552006], [117.02365494978106, -34.60389776552006]]]}, "properties": {"layer": "Slope", "slope_degrees": 1.11, "slope_class": "Low slope", "slope_risk": 12}}, {"type": "Feature", "geometry": {"type": "Polygon", "coordinates": [[[117.04865494978107, -34.60389776552006], [117.04865494978107, -34.57889776552006], [117.02365494978106, -34.57889776552006], [117.02365494978106, -34.60389776552006], [117.04865494978107, -34.60389776552006]]]}, "properties": {"layer": "Slope", "slope_degrees": 2.67, "slope_class": "Low slope", "slope_risk": 12}}, {"type": "Feature", "geometry": {"type": "Polygon", "coordinates": [[[117.07365494978107, -34.60389776552006], [117.07365494978107, -34.57889776552006], [117.04865494978107, -34.57889776552006], [117.04865494978107, -34.60389776552006], [117.07365494978107, -34.60389776552006]]]}, "properties": {"layer": "Slope", "slope_degrees": 4.36, "slope_class": "Low slope", "slope_risk": 12}}, {"type": "Feature", "geometry": {"type": "Polygon", "coordinates": [[[117.09865494978108, -34.60389776552006], [117.09865494978108, -34.57889776552006], [117.07365494978107, -34.57889776552006], [117.07365494978107, -34.60389776552006], [117.09865494978108, -34.60389776552006]]]}, "properties": {"layer": "Slope", "slope_degrees": 2.06, "slope_class": "Low slope", "slope_risk": 12}}, {"type": "Feature", "geometry": {"type": "Polygon", "coordinates": [[[117.12365494978108, -34.60389776552006], [117.12365494978108, -34.57889776552006], [117.09865494978108, -34.57889776552006], [117.09865494978108, -34.60389776552006], [117.12365494978108, -34.60389776552006]]]}, "properties": {"layer": "Slope", "slope_degrees": 5.35, "slope_class": "Moderate slope", "slope_risk": 13}}, {"type": "Feature", "geometry": {"type": "Polygon", "coordinates": [[[117.14865494978109, -34.60389776552006], [117.14865494978109, -34.57889776552006], [117.12365494978108, -34.57889776552006], [117.12365494978108, -34.60389776552006], [117.14865494978109, -34.60389776552006]]]}, "properties": {"layer": "Slope", "slope_degrees": 4.56, "slope_class": "Low slope", "slope_risk": 12}}, {"type": "Feature", "geometry": {"type": "Polygon", "coordinates": [[[117.1736549497811, -34.60389776552006], [117.1736549497811, -34.57889776552006], [117.14865494978109, -34.57889776552006], [117.14865494978109, -34.60389776552006], [117.1736549497811, -34.60389776552006]]]}, "properties": {"layer": "Slope", "slope_degrees": 0.74, "slope_class": "Low slope", "slope_risk": 12}}, {"type": "Feature", "geometry": {"type": "Polygon", "coordinates": [[[117.1986549497811, -34.60389776552006], [117.1986549497811, -34.57889776552006], [117.1736549497811, -34.57889776552006], [117.1736549497811, -34.60389776552006], [117.1986549497811, -34.60389776552006]]]}, "properties": {"layer": "Slope", "slope_degrees": 2.52, "slope_class": "Low slope", "slope_risk": 12}}, {"type": "Feature", "geometry": {"type": "Polygon", "coordinates": [[[117.2236549497811, -34.60389776552006], [117.2236549497811, -34.57889776552006], [117.1986549497811, -34.57889776552006], [117.1986549497811, -34.60389776552006], [117.2236549497811, -34.60389776552006]]]}, "properties": {"layer": "Slope", "slope_degrees": 0.39, "slope_class": "Low slope", "slope_risk": 12}}, {"type": "Feature", "geometry": {"type": "Polygon", "coordinates": [[[117.24865494978111, -34.60389776552006], [117.24865494978111, -34.57889776552006], [117.2236549497811, -34.57889776552006], [117.2236549497811, -34.60389776552006], [117.24865494978111, -34.60389776552006]]]}, "properties": {"layer": "Slope", "slope_degrees": 1.05, "slope_class": "Low slope", "slope_risk": 12}}, {"type": "Feature", "geometry": {"type": "Polygon", "coordinates": [[[117.27365494978112, -34.60389776552006], [117.27365494978112, -34.57889776552006], [117.24865494978111, -34.57889776552006], [117.24865494978111, -34.60389776552006], [117.27365494978112, -34.60389776552006]]]}, "properties": {"layer": "Slope", "slope_degrees": 5.58, "slope_class": "Moderate slope", "slope_risk": 14}}, {"type": "Feature", "geometry": {"type": "Polygon", "coordinates": [[[117.29865494978112, -34.60389776552006], [117.29865494978112, -34.57889776552006], [117.27365494978112, -34.57889776552006], [117.27365494978112, -34.60389776552006], [117.29865494978112, -34.60389776552006]]]}, "properties": {"layer": "Slope", "slope_degrees": 3.78, "slope_class": "Low slope", "slope_risk": 12}}, {"type": "Feature", "geometry": {"type": "Polygon", "coordinates": [[[117.32365494978113, -34.60389776552006], [117.32365494978113, -34.57889776552006], [117.29865494978112, -34.57889776552006], [117.29865494978112, -34.60389776552006], [117.32365494978113, -34.60389776552006]]]}, "properties": {"layer": "Slope", "slope_degrees": 3.75, "slope_class": "Low slope", "slope_risk": 12}}, {"type": "Feature", "geometry": {"type": "Polygon", "coordinates": [[[117.34865494978114, -34.60389776552006], [117.34865494978114, -34.57889776552006], [117.32365494978113, -34.57889776552006], [117.32365494978113, -34.60389776552006], [117.34865494978114, -34.60389776552006]]]}, "properties": {"layer": "Slope", "slope_degrees": 0.49, "slope_class": "Low slope", "slope_risk": 12}}, {"type": "Feature", "geometry": {"type": "Polygon", "coordinates": [[[117.37365494978114, -34.60389776552006], [117.37365494978114, -34.57889776552006], [117.34865494978114, -34.57889776552006], [117.34865494978114, -34.60389776552006], [117.37365494978114, -34.60389776552006]]]}, "properties": {"layer": "Slope", "slope_degrees": 1.04, "slope_class": "Low slope", "slope_risk": 12}}, {"type": "Feature", "geometry": {"type": "Polygon", "coordinates": [[[117.39865494978115, -34.60389776552006], [117.39865494978115, -34.57889776552006], [117.37365494978114, -34.57889776552006], [117.37365494978114, -34.60389776552006], [117.39865494978115, -34.60389776552006]]]}, "properties": {"layer": "Slope", "slope_degrees": 2.71, "slope_class": "Low slope", "slope_risk": 12}}, {"type": "Feature", "geometry": {"type": "Polygon", "coordinates": [[[117.42365494978115, -34.60389776552006], [117.42365494978115, -34.57889776552006], [117.39865494978115, -34.57889776552006], [117.39865494978115, -34.60389776552006], [117.42365494978115, -34.60389776552006]]]}, "properties": {"layer": "Slope", "slope_degrees": 2.93, "slope_class": "Low slope", "slope_risk": 12}}, {"type": "Feature", "geometry": {"type": "Polygon", "coordinates": [[[117.44865494978116, -34.60389776552006], [117.44865494978116, -34.57889776552006], [117.42365494978115, -34.57889776552006], [117.42365494978115, -34.60389776552006], [117.44865494978116, -34.60389776552006]]]}, "properties": {"layer": "Slope", "slope_degrees": 5.66, "slope_class": "Moderate slope", "slope_risk": 15}}, {"type": "Feature", "geometry": {"type": "Polygon", "coordinates": [[[117.47365494978116, -34.60389776552006], [117.47365494978116, -34.57889776552006], [117.44865494978116, -34.57889776552006], [117.44865494978116, -34.60389776552006], [117.47365494978116, -34.60389776552006]]]}, "properties": {"layer": "Slope", "slope_degrees": 3.22, "slope_class": "Low slope", "slope_risk": 12}}, {"type": "Feature", "geometry": {"type": "Polygon", "coordinates": [[[117.49865494978117, -34.60389776552006], [117.49865494978117, -34.57889776552006], [117.47365494978116, -34.57889776552006], [117.47365494978116, -34.60389776552006], [117.49865494978117, -34.60389776552006]]]}, "properties": {"layer": "Slope", "slope_degrees": 1.51, "slope_class": "Low slope", "slope_risk": 12}}, {"type": "Feature", "geometry": {"type": "Polygon", "coordinates": [[[117.52365494978118, -34.60389776552006], [117.52365494978118, -34.57889776552006], [117.49865494978117, -34.57889776552006], [117.49865494978117, -34.60389776552006], [117.52365494978118, -34.60389776552006]]]}, "properties": {"layer": "Slope", "slope_degrees": 2.81, "slope_class": "Low slope", "slope_risk": 12}}, {"type": "Feature", "geometry": {"type": "Polygon", "coordinates": [[[117.54865494978118, -34.60389776552006], [117.54865494978118, -34.57889776552006], [117.52365494978118, -34.57889776552006], [117.52365494978118, -34.60389776552006], [117.54865494978118, -34.60389776552006]]]}, "properties": {"layer": "Slope", "slope_degrees": 2.04, "slope_class": "Low slope", "slope_risk": 12}}, {"type": "Feature", "geometry": {"type": "Polygon", "coordinates": [[[117.57365494978119, -34.60389776552006], [117.57365494978119, -34.57889776552006], [117.54865494978118, -34.57889776552006], [117.54865494978118, -34.60389776552006], [117.57365494978119, -34.60389776552006]]]}, "properties": {"layer": "Slope", "slope_degrees": 0.53, "slope_class": "Low slope", "slope_risk": 12}}, {"type": "Feature", "geometry": {"type": "Polygon", "coordinates": [[[117.59865494978119, -34.60389776552006], [117.59865494978119, -34.57889776552006], [117.57365494978119, -34.57889776552006], [117.57365494978119, -34.60389776552006], [117.59865494978119, -34.60389776552006]]]}, "properties": {"layer": "Slope", "slope_degrees": 5.57, "slope_class": "Moderate slope", "slope_risk": 14}}, {"type": "Feature", "geometry": {"type": "Polygon", "coordinates": [[[117.6236549497812, -34.60389776552006], [117.6236549497812, -34.57889776552006], [117.59865494978119, -34.57889776552006], [117.59865494978119, -34.60389776552006], [117.6236549497812, -34.60389776552006]]]}, "properties": {"layer": "Slope", "slope_degrees": 3.56, "slope_class": "Low slope", "slope_risk": 12}}, {"type": "Feature", "geometry": {"type": "Polygon", "coordinates": [[[117.6486549497812, -34.60389776552006], [117.6486549497812, -34.57889776552006], [117.6236549497812, -34.57889776552006], [117.6236549497812, -34.60389776552006], [117.6486549497812, -34.60389776552006]]]}, "properties": {"layer": "Slope", "slope_degrees": 4.67, "slope_class": "Low slope", "slope_risk": 12}}, {"type": "Feature", "geometry": {"type": "Polygon", "coordinates": [[[117.67365494978121, -34.60389776552006], [117.67365494978121, -34.57889776552006], [117.6486549497812, -34.57889776552006], [117.6486549497812, -34.60389776552006], [117.67365494978121, -34.60389776552006]]]}, "properties": {"layer": "Slope", "slope_degrees": 4.61, "slope_class": "Low slope", "slope_risk": 12}}, {"type": "Feature", "geometry": {"type": "Polygon", "coordinates": [[[117.69865494978121, -34.60389776552006], [117.69865494978121, -34.57889776552006], [117.67365494978121, -34.57889776552006], [117.67365494978121, -34.60389776552006], [117.69865494978121, -34.60389776552006]]]}, "properties": {"layer": "Slope", "slope_degrees": 2.31, "slope_class": "Low slope", "slope_risk": 12}}, {"type": "Feature", "geometry": {"type": "Polygon", "coordinates": [[[117.72365494978122, -34.60389776552006], [117.72365494978122, -34.57889776552006], [117.69865494978121, -34.57889776552006], [117.69865494978121, -34.60389776552006], [117.72365494978122, -34.60389776552006]]]}, "properties": {"layer": "Slope", "slope_degrees": 5.36, "slope_class": "Moderate slope", "slope_risk": 13}}, {"type": "Feature", "geometry": {"type": "Polygon", "coordinates": [[[117.74865494978123, -34.60389776552006], [117.74865494978123, -34.57889776552006], [117.72365494978122, -34.57889776552006], [117.72365494978122, -34.60389776552006], [117.74865494978123, -34.60389776552006]]]}, "properties": {"layer": "Slope", "slope_degrees": 1.0, "slope_class": "Low slope", "slope_risk": 12}}, {"type": "Feature", "geometry": {"type": "Polygon", "coordinates": [[[117.77365494978123, -34.60389776552006], [117.77365494978123, -34.57889776552006], [117.74865494978123, -34.57889776552006], [117.74865494978123, -34.60389776552006], [117.77365494978123, -34.60389776552006]]]}, "properties": {"layer": "Slope", "slope_degrees": 2.43, "slope_class": "Low slope", "slope_risk": 12}}, {"type": "Feature", "geometry": {"type": "Polygon", "coordinates": [[[117.79865494978124, -34.60389776552006], [117.79865494978124, -34.57889776552006], [117.77365494978123, -34.57889776552006], [117.77365494978123, -34.60389776552006], [117.79865494978124, -34.60389776552006]]]}, "properties": {"layer": "Slope", "slope_degrees": 1.91, "slope_class": "Low slope", "slope_risk": 12}}, {"type": "Feature", "geometry": {"type": "Polygon", "coordinates": [[[117.82365494978124, -34.60389776552006], [117.82365494978124, -34.57889776552006], [117.79865494978124, -34.57889776552006], [117.79865494978124, -34.60389776552006], [117.82365494978124, -34.60389776552006]]]}, "properties": {"layer": "Slope", "slope_degrees": 3.3, "slope_class": "Low slope", "slope_risk": 12}}, {"type": "Feature", "geometry": {"type": "Polygon", "coordinates": [[[117.84865494978125, -34.60389776552006], [117.84865494978125, -34.57889776552006], [117.82365494978124, -34.57889776552006], [117.82365494978124, -34.60389776552006], [117.84865494978125, -34.60389776552006]]]}, "properties": {"layer": "Slope", "slope_degrees": 2.8, "slope_class": "Low slope", "slope_risk": 12}}, {"type": "Feature", "geometry": {"type": "Polygon", "coordinates": [[[117.87365494978125, -34.60389776552006], [117.87365494978125, -34.57889776552006], [117.84865494978125, -34.57889776552006], [117.84865494978125, -34.60389776552006], [117.87365494978125, -34.60389776552006]]]}, "properties": {"layer": "Slope", "slope_degrees": 6.22, "slope_class": "Moderate slope", "slope_risk": 17}}, {"type": "Feature", "geometry": {"type": "Polygon", "coordinates": [[[117.89865494978126, -34.60389776552006], [117.89865494978126, -34.57889776552006], [117.87365494978125, -34.57889776552006], [117.87365494978125, -34.60389776552006], [117.89865494978126, -34.60389776552006]]]}, "properties": {"layer": "Slope", "slope_degrees": 3.79, "slope_class": "Low slope", "slope_risk": 12}}, {"type": "Feature", "geometry": {"type": "Polygon", "coordinates": [[[117.92365494978127, -34.60389776552006], [117.92365494978127, -34.57889776552006], [117.89865494978126, -34.57889776552006], [117.89865494978126, -34.60389776552006], [117.92365494978127, -34.60389776552006]]]}, "properties": {"layer": "Slope", "slope_degrees": 1.42, "slope_class": "Low slope", "slope_risk": 12}}, {"type": "Feature", "geometry": {"type": "Polygon", "coordinates": [[[117.94865494978127, -34.60389776552006], [117.94865494978127, -34.57889776552006], [117.92365494978127, -34.57889776552006], [117.92365494978127, -34.60389776552006], [117.94865494978127, -34.60389776552006]]]}, "properties": {"layer": "Slope", "slope_degrees": 6.57, "slope_class": "Moderate slope", "slope_risk": 18}}, {"type": "Feature", "geometry": {"type": "Polygon", "coordinates": [[[117.97365494978128, -34.60389776552006], [117.97365494978128, -34.57889776552006], [117.94865494978127, -34.57889776552006], [117.94865494978127, -34.60389776552006], [117.97365494978128, -34.60389776552006]]]}, "properties": {"layer": "Slope", "slope_degrees": 1.88, "slope_class": "Low slope", "slope_risk": 12}}, {"type": "Feature", "geometry": {"type": "Polygon", "coordinates": [[[117.99865494978128, -34.60389776552006], [117.99865494978128, -34.57889776552006], [117.97365494978128, -34.57889776552006], [117.97365494978128, -34.60389776552006], [117.99865494978128, -34.60389776552006]]]}, "properties": {"layer": "Slope", "slope_degrees": 2.84, "slope_class": "Low slope", "slope_risk": 12}}, {"type": "Feature", "geometry": {"type": "Polygon", "coordinates": [[[116.92365494978104, -34.57889776552006], [116.92365494978104, -34.55389776552006], [116.89865494978103, -34.55389776552006], [116.89865494978103, -34.57889776552006], [116.92365494978104, -34.57889776552006]]]}, "properties": {"layer": "Slope", "slope_degrees": 2.08, "slope_class": "Low slope", "slope_risk": 12}}, {"type": "Feature", "geometry": {"type": "Polygon", "coordinates": [[[116.94865494978104, -34.57889776552006], [116.94865494978104, -34.55389776552006], [116.92365494978104, -34.55389776552006], [116.92365494978104, -34.57889776552006], [116.94865494978104, -34.57889776552006]]]}, "properties": {"layer": "Slope", "slope_degrees": 0.68, "slope_class": "Low slope", "slope_risk": 12}}, {"type": "Feature", "geometry": {"type": "Polygon", "coordinates": [[[116.97365494978105, -34.57889776552006], [116.97365494978105, -34.55389776552006], [116.94865494978104, -34.55389776552006], [116.94865494978104, -34.57889776552006], [116.97365494978105, -34.57889776552006]]]}, "properties": {"layer": "Slope", "slope_degrees": 1.49, "slope_class": "Low slope", "slope_risk": 12}}, {"type": "Feature", "geometry": {"type": "Polygon", "coordinates": [[[116.99865494978106, -34.57889776552006], [116.99865494978106, -34.55389776552006], [116.97365494978105, -34.55389776552006], [116.97365494978105, -34.57889776552006], [116.99865494978106, -34.57889776552006]]]}, "properties": {"layer": "Slope", "slope_degrees": 3.7, "slope_class": "Low slope", "slope_risk": 12}}, {"type": "Feature", "geometry": {"type": "Polygon", "coordinates": [[[117.02365494978106, -34.57889776552006], [117.02365494978106, -34.55389776552006], [116.99865494978106, -34.55389776552006], [116.99865494978106, -34.57889776552006], [117.02365494978106, -34.57889776552006]]]}, "properties": {"layer": "Slope", "slope_degrees": 0.48, "slope_class": "Low slope", "slope_risk": 12}}, {"type": "Feature", "geometry": {"type": "Polygon", "coordinates": [[[117.04865494978107, -34.57889776552006], [117.04865494978107, -34.55389776552006], [117.02365494978106, -34.55389776552006], [117.02365494978106, -34.57889776552006], [117.04865494978107, -34.57889776552006]]]}, "properties": {"layer": "Slope", "slope_degrees": 6.42, "slope_class": "Moderate slope", "slope_risk": 17}}, {"type": "Feature", "geometry": {"type": "Polygon", "coordinates": [[[117.07365494978107, -34.57889776552006], [117.07365494978107, -34.55389776552006], [117.04865494978107, -34.55389776552006], [117.04865494978107, -34.57889776552006], [117.07365494978107, -34.57889776552006]]]}, "properties": {"layer": "Slope", "slope_degrees": 4.6, "slope_class": "Low slope", "slope_risk": 12}}, {"type": "Feature", "geometry": {"type": "Polygon", "coordinates": [[[117.09865494978108, -34.57889776552006], [117.09865494978108, -34.55389776552006], [117.07365494978107, -34.55389776552006], [117.07365494978107, -34.57889776552006], [117.09865494978108, -34.57889776552006]]]}, "properties": {"layer": "Slope", "slope_degrees": 5.52, "slope_class": "Moderate slope", "slope_risk": 14}}, {"type": "Feature", "geometry": {"type": "Polygon", "coordinates": [[[117.12365494978108, -34.57889776552006], [117.12365494978108, -34.55389776552006], [117.09865494978108, -34.55389776552006], [117.09865494978108, -34.57889776552006], [117.12365494978108, -34.57889776552006]]]}, "properties": {"layer": "Slope", "slope_degrees": 2.33, "slope_class": "Low slope", "slope_risk": 12}}, {"type": "Feature", "geometry": {"type": "Polygon", "coordinates": [[[117.14865494978109, -34.57889776552006], [117.14865494978109, -34.55389776552006], [117.12365494978108, -34.55389776552006], [117.12365494978108, -34.57889776552006], [117.14865494978109, -34.57889776552006]]]}, "properties": {"layer": "Slope", "slope_degrees": 5.51, "slope_class": "Moderate slope", "slope_risk": 14}}, {"type": "Feature", "geometry": {"type": "Polygon", "coordinates": [[[117.1736549497811, -34.57889776552006], [117.1736549497811, -34.55389776552006], [117.14865494978109, -34.55389776552006], [117.14865494978109, -34.57889776552006], [117.1736549497811, -34.57889776552006]]]}, "properties": {"layer": "Slope", "slope_degrees": 1.57, "slope_class": "Low slope", "slope_risk": 12}}, {"type": "Feature", "geometry": {"type": "Polygon", "coordinates": [[[117.1986549497811, -34.57889776552006], [117.1986549497811, -34.55389776552006], [117.1736549497811, -34.55389776552006], [117.1736549497811, -34.57889776552006], [117.1986549497811, -34.57889776552006]]]}, "properties": {"layer": "Slope", "slope_degrees": 5.01, "slope_class": "Moderate slope", "slope_risk": 12}}, {"type": "Feature", "geometry": {"type": "Polygon", "coordinates": [[[117.2236549497811, -34.57889776552006], [117.2236549497811, -34.55389776552006], [117.1986549497811, -34.55389776552006], [117.1986549497811, -34.57889776552006], [117.2236549497811, -34.57889776552006]]]}, "properties": {"layer": "Slope", "slope_degrees": 2.12, "slope_class": "Low slope", "slope_risk": 12}}, {"type": "Feature", "geometry": {"type": "Polygon", "coordinates": [[[117.24865494978111, -34.57889776552006], [117.24865494978111, -34.55389776552006], [117.2236549497811, -34.55389776552006], [117.2236549497811, -34.57889776552006], [117.24865494978111, -34.57889776552006]]]}, "properties": {"layer": "Slope", "slope_degrees": 1.15, "slope_class": "Low slope", "slope_risk": 12}}, {"type": "Feature", "geometry": {"type": "Polygon", "coordinates": [[[117.27365494978112, -34.57889776552006], [117.27365494978112, -34.55389776552006], [117.24865494978111, -34.55389776552006], [117.24865494978111, -34.57889776552006], [117.27365494978112, -34.57889776552006]]]}, "properties": {"layer": "Slope", "slope_degrees": 0.37, "slope_class": "Low slope", "slope_risk": 12}}, {"type": "Feature", "geometry": {"type": "Polygon", "coordinates": [[[117.29865494978112, -34.57889776552006], [117.29865494978112, -34.55389776552006], [117.27365494978112, -34.55389776552006], [117.27365494978112, -34.57889776552006], [117.29865494978112, -34.57889776552006]]]}, "properties": {"layer": "Slope", "slope_degrees": 2.8, "slope_class": "Low slope", "slope_risk": 12}}, {"type": "Feature", "geometry": {"type": "Polygon", "coordinates": [[[117.32365494978113, -34.57889776552006], [117.32365494978113, -34.55389776552006], [117.29865494978112, -34.55389776552006], [117.29865494978112, -34.57889776552006], [117.32365494978113, -34.57889776552006]]]}, "properties": {"layer": "Slope", "slope_degrees": 2.79, "slope_class": "Low slope", "slope_risk": 12}}, {"type": "Feature", "geometry": {"type": "Polygon", "coordinates": [[[117.34865494978114, -34.57889776552006], [117.34865494978114, -34.55389776552006], [117.32365494978113, -34.55389776552006], [117.32365494978113, -34.57889776552006], [117.34865494978114, -34.57889776552006]]]}, "properties": {"layer": "Slope", "slope_degrees": 2.01, "slope_class": "Low slope", "slope_risk": 12}}, {"type": "Feature", "geometry": {"type": "Polygon", "coordinates": [[[117.37365494978114, -34.57889776552006], [117.37365494978114, -34.55389776552006], [117.34865494978114, -34.55389776552006], [117.34865494978114, -34.57889776552006], [117.37365494978114, -34.57889776552006]]]}, "properties": {"layer": "Slope", "slope_degrees": 3.89, "slope_class": "Low slope", "slope_risk": 12}}, {"type": "Feature", "geometry": {"type": "Polygon", "coordinates": [[[117.39865494978115, -34.57889776552006], [117.39865494978115, -34.55389776552006], [117.37365494978114, -34.55389776552006], [117.37365494978114, -34.57889776552006], [117.39865494978115, -34.57889776552006]]]}, "properties": {"layer": "Slope", "slope_degrees": 1.03, "slope_class": "Low slope", "slope_risk": 12}}, {"type": "Feature", "geometry": {"type": "Polygon", "coordinates": [[[117.42365494978115, -34.57889776552006], [117.42365494978115, -34.55389776552006], [117.39865494978115, -34.55389776552006], [117.39865494978115, -34.57889776552006], [117.42365494978115, -34.57889776552006]]]}, "properties": {"layer": "Slope", "slope_degrees": 0.92, "slope_class": "Low slope", "slope_risk": 12}}, {"type": "Feature", "geometry": {"type": "Polygon", "coordinates": [[[117.44865494978116, -34.57889776552006], [117.44865494978116, -34.55389776552006], [117.42365494978115, -34.55389776552006], [117.42365494978115, -34.57889776552006], [117.44865494978116, -34.57889776552006]]]}, "properties": {"layer": "Slope", "slope_degrees": 3.9, "slope_class": "Low slope", "slope_risk": 12}}, {"type": "Feature", "geometry": {"type": "Polygon", "coordinates": [[[117.47365494978116, -34.57889776552006], [117.47365494978116, -34.55389776552006], [117.44865494978116, -34.55389776552006], [117.44865494978116, -34.57889776552006], [117.47365494978116, -34.57889776552006]]]}, "properties": {"layer": "Slope", "slope_degrees": 3.37, "slope_class": "Low slope", "slope_risk": 12}}, {"type": "Feature", "geometry": {"type": "Polygon", "coordinates": [[[117.49865494978117, -34.57889776552006], [117.49865494978117, -34.55389776552006], [117.47365494978116, -34.55389776552006], [117.47365494978116, -34.57889776552006], [117.49865494978117, -34.57889776552006]]]}, "properties": {"layer": "Slope", "slope_degrees": 0.43, "slope_class": "Low slope", "slope_risk": 12}}, {"type": "Feature", "geometry": {"type": "Polygon", "coordinates": [[[117.52365494978118, -34.57889776552006], [117.52365494978118, -34.55389776552006], [117.49865494978117, -34.55389776552006], [117.49865494978117, -34.57889776552006], [117.52365494978118, -34.57889776552006]]]}, "properties": {"layer": "Slope", "slope_degrees": 1.95, "slope_class": "Low slope", "slope_risk": 12}}, {"type": "Feature", "geometry": {"type": "Polygon", "coordinates": [[[117.54865494978118, -34.57889776552006], [117.54865494978118, -34.55389776552006], [117.52365494978118, -34.55389776552006], [117.52365494978118, -34.57889776552006], [117.54865494978118, -34.57889776552006]]]}, "properties": {"layer": "Slope", "slope_degrees": 2.75, "slope_class": "Low slope", "slope_risk": 12}}, {"type": "Feature", "geometry": {"type": "Polygon", "coordinates": [[[117.57365494978119, -34.57889776552006], [117.57365494978119, -34.55389776552006], [117.54865494978118, -34.55389776552006], [117.54865494978118, -34.57889776552006], [117.57365494978119, -34.57889776552006]]]}, "properties": {"layer": "Slope", "slope_degrees": 1.41, "slope_class": "Low slope", "slope_risk": 12}}, {"type": "Feature", "geometry": {"type": "Polygon", "coordinates": [[[117.59865494978119, -34.57889776552006], [117.59865494978119, -34.55389776552006], [117.57365494978119, -34.55389776552006], [117.57365494978119, -34.57889776552006], [117.59865494978119, -34.57889776552006]]]}, "properties": {"layer": "Slope", "slope_degrees": 5.93, "slope_class": "Moderate slope", "slope_risk": 16}}, {"type": "Feature", "geometry": {"type": "Polygon", "coordinates": [[[117.6236549497812, -34.57889776552006], [117.6236549497812, -34.55389776552006], [117.59865494978119, -34.55389776552006], [117.59865494978119, -34.57889776552006], [117.6236549497812, -34.57889776552006]]]}, "properties": {"layer": "Slope", "slope_degrees": 4.64, "slope_class": "Low slope", "slope_risk": 12}}, {"type": "Feature", "geometry": {"type": "Polygon", "coordinates": [[[117.6486549497812, -34.57889776552006], [117.6486549497812, -34.55389776552006], [117.6236549497812, -34.55389776552006], [117.6236549497812, -34.57889776552006], [117.6486549497812, -34.57889776552006]]]}, "properties": {"layer": "Slope", "slope_degrees": 5.46, "slope_class": "Moderate slope", "slope_risk": 14}}, {"type": "Feature", "geometry": {"type": "Polygon", "coordinates": [[[117.67365494978121, -34.57889776552006], [117.67365494978121, -34.55389776552006], [117.6486549497812, -34.55389776552006], [117.6486549497812, -34.57889776552006], [117.67365494978121, -34.57889776552006]]]}, "properties": {"layer": "Slope", "slope_degrees": 4.27, "slope_class": "Low slope", "slope_risk": 12}}, {"type": "Feature", "geometry": {"type": "Polygon", "coordinates": [[[117.69865494978121, -34.57889776552006], [117.69865494978121, -34.55389776552006], [117.67365494978121, -34.55389776552006], [117.67365494978121, -34.57889776552006], [117.69865494978121, -34.57889776552006]]]}, "properties": {"layer": "Slope", "slope_degrees": 4.11, "slope_class": "Low slope", "slope_risk": 12}}, {"type": "Feature", "geometry": {"type": "Polygon", "coordinates": [[[117.72365494978122, -34.57889776552006], [117.72365494978122, -34.55389776552006], [117.69865494978121, -34.55389776552006], [117.69865494978121, -34.57889776552006], [117.72365494978122, -34.57889776552006]]]}, "properties": {"layer": "Slope", "slope_degrees": 3.04, "slope_class": "Low slope", "slope_risk": 12}}, {"type": "Feature", "geometry": {"type": "Polygon", "coordinates": [[[117.74865494978123, -34.57889776552006], [117.74865494978123, -34.55389776552006], [117.72365494978122, -34.55389776552006], [117.72365494978122, -34.57889776552006], [117.74865494978123, -34.57889776552006]]]}, "properties": {"layer": "Slope", "slope_degrees": 1.11, "slope_class": "Low slope", "slope_risk": 12}}, {"type": "Feature", "geometry": {"type": "Polygon", "coordinates": [[[117.77365494978123, -34.57889776552006], [117.77365494978123, -34.55389776552006], [117.74865494978123, -34.55389776552006], [117.74865494978123, -34.57889776552006], [117.77365494978123, -34.57889776552006]]]}, "properties": {"layer": "Slope", "slope_degrees": 5.2, "slope_class": "Moderate slope", "slope_risk": 13}}, {"type": "Feature", "geometry": {"type": "Polygon", "coordinates": [[[117.79865494978124, -34.57889776552006], [117.79865494978124, -34.55389776552006], [117.77365494978123, -34.55389776552006], [117.77365494978123, -34.57889776552006], [117.79865494978124, -34.57889776552006]]]}, "properties": {"layer": "Slope", "slope_degrees": 2.87, "slope_class": "Low slope", "slope_risk": 12}}, {"type": "Feature", "geometry": {"type": "Polygon", "coordinates": [[[117.82365494978124, -34.57889776552006], [117.82365494978124, -34.55389776552006], [117.79865494978124, -34.55389776552006], [117.79865494978124, -34.57889776552006], [117.82365494978124, -34.57889776552006]]]}, "properties": {"layer": "Slope", "slope_degrees": 3.51, "slope_class": "Low slope", "slope_risk": 12}}, {"type": "Feature", "geometry": {"type": "Polygon", "coordinates": [[[117.84865494978125, -34.57889776552006], [117.84865494978125, -34.55389776552006], [117.82365494978124, -34.55389776552006], [117.82365494978124, -34.57889776552006], [117.84865494978125, -34.57889776552006]]]}, "properties": {"layer": "Slope", "slope_degrees": 10.81, "slope_class": "Moderate slope", "slope_risk": 34}}, {"type": "Feature", "geometry": {"type": "Polygon", "coordinates": [[[117.87365494978125, -34.57889776552006], [117.87365494978125, -34.55389776552006], [117.84865494978125, -34.55389776552006], [117.84865494978125, -34.57889776552006], [117.87365494978125, -34.57889776552006]]]}, "properties": {"layer": "Slope", "slope_degrees": 5.17, "slope_class": "Moderate slope", "slope_risk": 13}}, {"type": "Feature", "geometry": {"type": "Polygon", "coordinates": [[[117.89865494978126, -34.57889776552006], [117.89865494978126, -34.55389776552006], [117.87365494978125, -34.55389776552006], [117.87365494978125, -34.57889776552006], [117.89865494978126, -34.57889776552006]]]}, "properties": {"layer": "Slope", "slope_degrees": 3.38, "slope_class": "Low slope", "slope_risk": 12}}, {"type": "Feature", "geometry": {"type": "Polygon", "coordinates": [[[117.92365494978127, -34.57889776552006], [117.92365494978127, -34.55389776552006], [117.89865494978126, -34.55389776552006], [117.89865494978126, -34.57889776552006], [117.92365494978127, -34.57889776552006]]]}, "properties": {"layer": "Slope", "slope_degrees": 1.94, "slope_class": "Low slope", "slope_risk": 12}}, {"type": "Feature", "geometry": {"type": "Polygon", "coordinates": [[[117.94865494978127, -34.57889776552006], [117.94865494978127, -34.55389776552006], [117.92365494978127, -34.55389776552006], [117.92365494978127, -34.57889776552006], [117.94865494978127, -34.57889776552006]]]}, "properties": {"layer": "Slope", "slope_degrees": 1.47, "slope_class": "Low slope", "slope_risk": 12}}, {"type": "Feature", "geometry": {"type": "Polygon", "coordinates": [[[117.97365494978128, -34.57889776552006], [117.97365494978128, -34.55389776552006], [117.94865494978127, -34.55389776552006], [117.94865494978127, -34.57889776552006], [117.97365494978128, -34.57889776552006]]]}, "properties": {"layer": "Slope", "slope_degrees": 2.81, "slope_class": "Low slope", "slope_risk": 12}}, {"type": "Feature", "geometry": {"type": "Polygon", "coordinates": [[[117.99865494978128, -34.57889776552006], [117.99865494978128, -34.55389776552006], [117.97365494978128, -34.55389776552006], [117.97365494978128, -34.57889776552006], [117.99865494978128, -34.57889776552006]]]}, "properties": {"layer": "Slope", "slope_degrees": 3.38, "slope_class": "Low slope", "slope_risk": 12}}, {"type": "Feature", "geometry": {"type": "Polygon", "coordinates": [[[116.92365494978104, -34.55389776552006], [116.92365494978104, -34.528897765520064], [116.89865494978103, -34.528897765520064], [116.89865494978103, -34.55389776552006], [116.92365494978104, -34.55389776552006]]]}, "properties": {"layer": "Slope", "slope_degrees": 3.5, "slope_class": "Low slope", "slope_risk": 12}}, {"type": "Feature", "geometry": {"type": "Polygon", "coordinates": [[[116.94865494978104, -34.55389776552006], [116.94865494978104, -34.528897765520064], [116.92365494978104, -34.528897765520064], [116.92365494978104, -34.55389776552006], [116.94865494978104, -34.55389776552006]]]}, "properties": {"layer": "Slope", "slope_degrees": 1.36, "slope_class": "Low slope", "slope_risk": 12}}, {"type": "Feature", "geometry": {"type": "Polygon", "coordinates": [[[116.97365494978105, -34.55389776552006], [116.97365494978105, -34.528897765520064], [116.94865494978104, -34.528897765520064], [116.94865494978104, -34.55389776552006], [116.97365494978105, -34.55389776552006]]]}, "properties": {"layer": "Slope", "slope_degrees": 1.88, "slope_class": "Low slope", "slope_risk": 12}}, {"type": "Feature", "geometry": {"type": "Polygon", "coordinates": [[[116.99865494978106, -34.55389776552006], [116.99865494978106, -34.528897765520064], [116.97365494978105, -34.528897765520064], [116.97365494978105, -34.55389776552006], [116.99865494978106, -34.55389776552006]]]}, "properties": {"layer": "Slope", "slope_degrees": 2.21, "slope_class": "Low slope", "slope_risk": 12}}, {"type": "Feature", "geometry": {"type": "Polygon", "coordinates": [[[117.02365494978106, -34.55389776552006], [117.02365494978106, -34.528897765520064], [116.99865494978106, -34.528897765520064], [116.99865494978106, -34.55389776552006], [117.02365494978106, -34.55389776552006]]]}, "properties": {"layer": "Slope", "slope_degrees": 1.0, "slope_class": "Low slope", "slope_risk": 12}}, {"type": "Feature", "geometry": {"type": "Polygon", "coordinates": [[[117.04865494978107, -34.55389776552006], [117.04865494978107, -34.528897765520064], [117.02365494978106, -34.528897765520064], [117.02365494978106, -34.55389776552006], [117.04865494978107, -34.55389776552006]]]}, "properties": {"layer": "Slope", "slope_degrees": 1.98, "slope_class": "Low slope", "slope_risk": 12}}, {"type": "Feature", "geometry": {"type": "Polygon", "coordinates": [[[117.07365494978107, -34.55389776552006], [117.07365494978107, -34.528897765520064], [117.04865494978107, -34.528897765520064], [117.04865494978107, -34.55389776552006], [117.07365494978107, -34.55389776552006]]]}, "properties": {"layer": "Slope", "slope_degrees": 7.4, "slope_class": "Moderate slope", "slope_risk": 21}}, {"type": "Feature", "geometry": {"type": "Polygon", "coordinates": [[[117.09865494978108, -34.55389776552006], [117.09865494978108, -34.528897765520064], [117.07365494978107, -34.528897765520064], [117.07365494978107, -34.55389776552006], [117.09865494978108, -34.55389776552006]]]}, "properties": {"layer": "Slope", "slope_degrees": 3.75, "slope_class": "Low slope", "slope_risk": 12}}, {"type": "Feature", "geometry": {"type": "Polygon", "coordinates": [[[117.12365494978108, -34.55389776552006], [117.12365494978108, -34.528897765520064], [117.09865494978108, -34.528897765520064], [117.09865494978108, -34.55389776552006], [117.12365494978108, -34.55389776552006]]]}, "properties": {"layer": "Slope", "slope_degrees": 3.2, "slope_class": "Low slope", "slope_risk": 12}}, {"type": "Feature", "geometry": {"type": "Polygon", "coordinates": [[[117.14865494978109, -34.55389776552006], [117.14865494978109, -34.528897765520064], [117.12365494978108, -34.528897765520064], [117.12365494978108, -34.55389776552006], [117.14865494978109, -34.55389776552006]]]}, "properties": {"layer": "Slope", "slope_degrees": 2.75, "slope_class": "Low slope", "slope_risk": 12}}, {"type": "Feature", "geometry": {"type": "Polygon", "coordinates": [[[117.1736549497811, -34.55389776552006], [117.1736549497811, -34.528897765520064], [117.14865494978109, -34.528897765520064], [117.14865494978109, -34.55389776552006], [117.1736549497811, -34.55389776552006]]]}, "properties": {"layer": "Slope", "slope_degrees": 1.88, "slope_class": "Low slope", "slope_risk": 12}}, {"type": "Feature", "geometry": {"type": "Polygon", "coordinates": [[[117.1986549497811, -34.55389776552006], [117.1986549497811, -34.528897765520064], [117.1736549497811, -34.528897765520064], [117.1736549497811, -34.55389776552006], [117.1986549497811, -34.55389776552006]]]}, "properties": {"layer": "Slope", "slope_degrees": 1.88, "slope_class": "Low slope", "slope_risk": 12}}, {"type": "Feature", "geometry": {"type": "Polygon", "coordinates": [[[117.2236549497811, -34.55389776552006], [117.2236549497811, -34.528897765520064], [117.1986549497811, -34.528897765520064], [117.1986549497811, -34.55389776552006], [117.2236549497811, -34.55389776552006]]]}, "properties": {"layer": "Slope", "slope_degrees": 3.34, "slope_class": "Low slope", "slope_risk": 12}}, {"type": "Feature", "geometry": {"type": "Polygon", "coordinates": [[[117.24865494978111, -34.55389776552006], [117.24865494978111, -34.528897765520064], [117.2236549497811, -34.528897765520064], [117.2236549497811, -34.55389776552006], [117.24865494978111, -34.55389776552006]]]}, "properties": {"layer": "Slope", "slope_degrees": 3.55, "slope_class": "Low slope", "slope_risk": 12}}, {"type": "Feature", "geometry": {"type": "Polygon", "coordinates": [[[117.27365494978112, -34.55389776552006], [117.27365494978112, -34.528897765520064], [117.24865494978111, -34.528897765520064], [117.24865494978111, -34.55389776552006], [117.27365494978112, -34.55389776552006]]]}, "properties": {"layer": "Slope", "slope_degrees": 3.46, "slope_class": "Low slope", "slope_risk": 12}}, {"type": "Feature", "geometry": {"type": "Polygon", "coordinates": [[[117.29865494978112, -34.55389776552006], [117.29865494978112, -34.528897765520064], [117.27365494978112, -34.528897765520064], [117.27365494978112, -34.55389776552006], [117.29865494978112, -34.55389776552006]]]}, "properties": {"layer": "Slope", "slope_degrees": 4.01, "slope_class": "Low slope", "slope_risk": 12}}, {"type": "Feature", "geometry": {"type": "Polygon", "coordinates": [[[117.32365494978113, -34.55389776552006], [117.32365494978113, -34.528897765520064], [117.29865494978112, -34.528897765520064], [117.29865494978112, -34.55389776552006], [117.32365494978113, -34.55389776552006]]]}, "properties": {"layer": "Slope", "slope_degrees": 1.01, "slope_class": "Low slope", "slope_risk": 12}}, {"type": "Feature", "geometry": {"type": "Polygon", "coordinates": [[[117.34865494978114, -34.55389776552006], [117.34865494978114, -34.528897765520064], [117.32365494978113, -34.528897765520064], [117.32365494978113, -34.55389776552006], [117.34865494978114, -34.55389776552006]]]}, "properties": {"layer": "Slope", "slope_degrees": 1.24, "slope_class": "Low slope", "slope_risk": 12}}, {"type": "Feature", "geometry": {"type": "Polygon", "coordinates": [[[117.37365494978114, -34.55389776552006], [117.37365494978114, -34.528897765520064], [117.34865494978114, -34.528897765520064], [117.34865494978114, -34.55389776552006], [117.37365494978114, -34.55389776552006]]]}, "properties": {"layer": "Slope", "slope_degrees": 1.78, "slope_class": "Low slope", "slope_risk": 12}}, {"type": "Feature", "geometry": {"type": "Polygon", "coordinates": [[[117.39865494978115, -34.55389776552006], [117.39865494978115, -34.528897765520064], [117.37365494978114, -34.528897765520064], [117.37365494978114, -34.55389776552006], [117.39865494978115, -34.55389776552006]]]}, "properties": {"layer": "Slope", "slope_degrees": 0.92, "slope_class": "Low slope", "slope_risk": 12}}, {"type": "Feature", "geometry": {"type": "Polygon", "coordinates": [[[117.42365494978115, -34.55389776552006], [117.42365494978115, -34.528897765520064], [117.39865494978115, -34.528897765520064], [117.39865494978115, -34.55389776552006], [117.42365494978115, -34.55389776552006]]]}, "properties": {"layer": "Slope", "slope_degrees": 0.67, "slope_class": "Low slope", "slope_risk": 12}}, {"type": "Feature", "geometry": {"type": "Polygon", "coordinates": [[[117.44865494978116, -34.55389776552006], [117.44865494978116, -34.528897765520064], [117.42365494978115, -34.528897765520064], [117.42365494978115, -34.55389776552006], [117.44865494978116, -34.55389776552006]]]}, "properties": {"layer": "Slope", "slope_degrees": 3.37, "slope_class": "Low slope", "slope_risk": 12}}, {"type": "Feature", "geometry": {"type": "Polygon", "coordinates": [[[117.47365494978116, -34.55389776552006], [117.47365494978116, -34.528897765520064], [117.44865494978116, -34.528897765520064], [117.44865494978116, -34.55389776552006], [117.47365494978116, -34.55389776552006]]]}, "properties": {"layer": "Slope", "slope_degrees": 0.83, "slope_class": "Low slope", "slope_risk": 12}}, {"type": "Feature", "geometry": {"type": "Polygon", "coordinates": [[[117.49865494978117, -34.55389776552006], [117.49865494978117, -34.528897765520064], [117.47365494978116, -34.528897765520064], [117.47365494978116, -34.55389776552006], [117.49865494978117, -34.55389776552006]]]}, "properties": {"layer": "Slope", "slope_degrees": 1.71, "slope_class": "Low slope", "slope_risk": 12}}, {"type": "Feature", "geometry": {"type": "Polygon", "coordinates": [[[117.52365494978118, -34.55389776552006], [117.52365494978118, -34.528897765520064], [117.49865494978117, -34.528897765520064], [117.49865494978117, -34.55389776552006], [117.52365494978118, -34.55389776552006]]]}, "properties": {"layer": "Slope", "slope_degrees": 3.07, "slope_class": "Low slope", "slope_risk": 12}}, {"type": "Feature", "geometry": {"type": "Polygon", "coordinates": [[[117.54865494978118, -34.55389776552006], [117.54865494978118, -34.528897765520064], [117.52365494978118, -34.528897765520064], [117.52365494978118, -34.55389776552006], [117.54865494978118, -34.55389776552006]]]}, "properties": {"layer": "Slope", "slope_degrees": 3.23, "slope_class": "Low slope", "slope_risk": 12}}, {"type": "Feature", "geometry": {"type": "Polygon", "coordinates": [[[117.57365494978119, -34.55389776552006], [117.57365494978119, -34.528897765520064], [117.54865494978118, -34.528897765520064], [117.54865494978118, -34.55389776552006], [117.57365494978119, -34.55389776552006]]]}, "properties": {"layer": "Slope", "slope_degrees": 0.9, "slope_class": "Low slope", "slope_risk": 12}}, {"type": "Feature", "geometry": {"type": "Polygon", "coordinates": [[[117.59865494978119, -34.55389776552006], [117.59865494978119, -34.528897765520064], [117.57365494978119, -34.528897765520064], [117.57365494978119, -34.55389776552006], [117.59865494978119, -34.55389776552006]]]}, "properties": {"layer": "Slope", "slope_degrees": 11.25, "slope_class": "Moderate slope", "slope_risk": 36}}, {"type": "Feature", "geometry": {"type": "Polygon", "coordinates": [[[117.6236549497812, -34.55389776552006], [117.6236549497812, -34.528897765520064], [117.59865494978119, -34.528897765520064], [117.59865494978119, -34.55389776552006], [117.6236549497812, -34.55389776552006]]]}, "properties": {"layer": "Slope", "slope_degrees": 2.26, "slope_class": "Low slope", "slope_risk": 12}}, {"type": "Feature", "geometry": {"type": "Polygon", "coordinates": [[[117.6486549497812, -34.55389776552006], [117.6486549497812, -34.528897765520064], [117.6236549497812, -34.528897765520064], [117.6236549497812, -34.55389776552006], [117.6486549497812, -34.55389776552006]]]}, "properties": {"layer": "Slope", "slope_degrees": 2.37, "slope_class": "Low slope", "slope_risk": 12}}, {"type": "Feature", "geometry": {"type": "Polygon", "coordinates": [[[117.67365494978121, -34.55389776552006], [117.67365494978121, -34.528897765520064], [117.6486549497812, -34.528897765520064], [117.6486549497812, -34.55389776552006], [117.67365494978121, -34.55389776552006]]]}, "properties": {"layer": "Slope", "slope_degrees": 6.49, "slope_class": "Moderate slope", "slope_risk": 18}}, {"type": "Feature", "geometry": {"type": "Polygon", "coordinates": [[[117.69865494978121, -34.55389776552006], [117.69865494978121, -34.528897765520064], [117.67365494978121, -34.528897765520064], [117.67365494978121, -34.55389776552006], [117.69865494978121, -34.55389776552006]]]}, "properties": {"layer": "Slope", "slope_degrees": 3.44, "slope_class": "Low slope", "slope_risk": 12}}, {"type": "Feature", "geometry": {"type": "Polygon", "coordinates": [[[117.72365494978122, -34.55389776552006], [117.72365494978122, -34.528897765520064], [117.69865494978121, -34.528897765520064], [117.69865494978121, -34.55389776552006], [117.72365494978122, -34.55389776552006]]]}, "properties": {"layer": "Slope", "slope_degrees": 2.46, "slope_class": "Low slope", "slope_risk": 12}}, {"type": "Feature", "geometry": {"type": "Polygon", "coordinates": [[[117.74865494978123, -34.55389776552006], [117.74865494978123, -34.528897765520064], [117.72365494978122, -34.528897765520064], [117.72365494978122, -34.55389776552006], [117.74865494978123, -34.55389776552006]]]}, "properties": {"layer": "Slope", "slope_degrees": 4.52, "slope_class": "Low slope", "slope_risk": 12}}, {"type": "Feature", "geometry": {"type": "Polygon", "coordinates": [[[117.77365494978123, -34.55389776552006], [117.77365494978123, -34.528897765520064], [117.74865494978123, -34.528897765520064], [117.74865494978123, -34.55389776552006], [117.77365494978123, -34.55389776552006]]]}, "properties": {"layer": "Slope", "slope_degrees": 1.46, "slope_class": "Low slope", "slope_risk": 12}}, {"type": "Feature", "geometry": {"type": "Polygon", "coordinates": [[[117.79865494978124, -34.55389776552006], [117.79865494978124, -34.528897765520064], [117.77365494978123, -34.528897765520064], [117.77365494978123, -34.55389776552006], [117.79865494978124, -34.55389776552006]]]}, "properties": {"layer": "Slope", "slope_degrees": 1.16, "slope_class": "Low slope", "slope_risk": 12}}, {"type": "Feature", "geometry": {"type": "Polygon", "coordinates": [[[117.82365494978124, -34.55389776552006], [117.82365494978124, -34.528897765520064], [117.79865494978124, -34.528897765520064], [117.79865494978124, -34.55389776552006], [117.82365494978124, -34.55389776552006]]]}, "properties": {"layer": "Slope", "slope_degrees": 2.56, "slope_class": "Low slope", "slope_risk": 12}}, {"type": "Feature", "geometry": {"type": "Polygon", "coordinates": [[[117.84865494978125, -34.55389776552006], [117.84865494978125, -34.528897765520064], [117.82365494978124, -34.528897765520064], [117.82365494978124, -34.55389776552006], [117.84865494978125, -34.55389776552006]]]}, "properties": {"layer": "Slope", "slope_degrees": 3.49, "slope_class": "Low slope", "slope_risk": 12}}, {"type": "Feature", "geometry": {"type": "Polygon", "coordinates": [[[117.87365494978125, -34.55389776552006], [117.87365494978125, -34.528897765520064], [117.84865494978125, -34.528897765520064], [117.84865494978125, -34.55389776552006], [117.87365494978125, -34.55389776552006]]]}, "properties": {"layer": "Slope", "slope_degrees": 3.09, "slope_class": "Low slope", "slope_risk": 12}}, {"type": "Feature", "geometry": {"type": "Polygon", "coordinates": [[[117.89865494978126, -34.55389776552006], [117.89865494978126, -34.528897765520064], [117.87365494978125, -34.528897765520064], [117.87365494978125, -34.55389776552006], [117.89865494978126, -34.55389776552006]]]}, "properties": {"layer": "Slope", "slope_degrees": 5.42, "slope_class": "Moderate slope", "slope_risk": 14}}, {"type": "Feature", "geometry": {"type": "Polygon", "coordinates": [[[117.92365494978127, -34.55389776552006], [117.92365494978127, -34.528897765520064], [117.89865494978126, -34.528897765520064], [117.89865494978126, -34.55389776552006], [117.92365494978127, -34.55389776552006]]]}, "properties": {"layer": "Slope", "slope_degrees": 2.63, "slope_class": "Low slope", "slope_risk": 12}}, {"type": "Feature", "geometry": {"type": "Polygon", "coordinates": [[[117.94865494978127, -34.55389776552006], [117.94865494978127, -34.528897765520064], [117.92365494978127, -34.528897765520064], [117.92365494978127, -34.55389776552006], [117.94865494978127, -34.55389776552006]]]}, "properties": {"layer": "Slope", "slope_degrees": 2.33, "slope_class": "Low slope", "slope_risk": 12}}, {"type": "Feature", "geometry": {"type": "Polygon", "coordinates": [[[117.97365494978128, -34.55389776552006], [117.97365494978128, -34.528897765520064], [117.94865494978127, -34.528897765520064], [117.94865494978127, -34.55389776552006], [117.97365494978128, -34.55389776552006]]]}, "properties": {"layer": "Slope", "slope_degrees": 1.43, "slope_class": "Low slope", "slope_risk": 12}}, {"type": "Feature", "geometry": {"type": "Polygon", "coordinates": [[[117.99865494978128, -34.55389776552006], [117.99865494978128, -34.528897765520064], [117.97365494978128, -34.528897765520064], [117.97365494978128, -34.55389776552006], [117.99865494978128, -34.55389776552006]]]}, "properties": {"layer": "Slope", "slope_degrees": 6.27, "slope_class": "Moderate slope", "slope_risk": 17}}, {"type": "Feature", "geometry": {"type": "Polygon", "coordinates": [[[116.92365494978104, -34.528897765520064], [116.92365494978104, -34.503897765520065], [116.89865494978103, -34.503897765520065], [116.89865494978103, -34.528897765520064], [116.92365494978104, -34.528897765520064]]]}, "properties": {"layer": "Slope", "slope_degrees": 3.64, "slope_class": "Low slope", "slope_risk": 12}}, {"type": "Feature", "geometry": {"type": "Polygon", "coordinates": [[[116.94865494978104, -34.528897765520064], [116.94865494978104, -34.503897765520065], [116.92365494978104, -34.503897765520065], [116.92365494978104, -34.528897765520064], [116.94865494978104, -34.528897765520064]]]}, "properties": {"layer": "Slope", "slope_degrees": 5.71, "slope_class": "Moderate slope", "slope_risk": 15}}, {"type": "Feature", "geometry": {"type": "Polygon", "coordinates": [[[116.97365494978105, -34.528897765520064], [116.97365494978105, -34.503897765520065], [116.94865494978104, -34.503897765520065], [116.94865494978104, -34.528897765520064], [116.97365494978105, -34.528897765520064]]]}, "properties": {"layer": "Slope", "slope_degrees": 7.12, "slope_class": "Moderate slope", "slope_risk": 20}}, {"type": "Feature", "geometry": {"type": "Polygon", "coordinates": [[[116.99865494978106, -34.528897765520064], [116.99865494978106, -34.503897765520065], [116.97365494978105, -34.503897765520065], [116.97365494978105, -34.528897765520064], [116.99865494978106, -34.528897765520064]]]}, "properties": {"layer": "Slope", "slope_degrees": 3.4, "slope_class": "Low slope", "slope_risk": 12}}, {"type": "Feature", "geometry": {"type": "Polygon", "coordinates": [[[117.02365494978106, -34.528897765520064], [117.02365494978106, -34.503897765520065], [116.99865494978106, -34.503897765520065], [116.99865494978106, -34.528897765520064], [117.02365494978106, -34.528897765520064]]]}, "properties": {"layer": "Slope", "slope_degrees": 4.59, "slope_class": "Low slope", "slope_risk": 12}}, {"type": "Feature", "geometry": {"type": "Polygon", "coordinates": [[[117.04865494978107, -34.528897765520064], [117.04865494978107, -34.503897765520065], [117.02365494978106, -34.503897765520065], [117.02365494978106, -34.528897765520064], [117.04865494978107, -34.528897765520064]]]}, "properties": {"layer": "Slope", "slope_degrees": 3.24, "slope_class": "Low slope", "slope_risk": 12}}, {"type": "Feature", "geometry": {"type": "Polygon", "coordinates": [[[117.07365494978107, -34.528897765520064], [117.07365494978107, -34.503897765520065], [117.04865494978107, -34.503897765520065], [117.04865494978107, -34.528897765520064], [117.07365494978107, -34.528897765520064]]]}, "properties": {"layer": "Slope", "slope_degrees": 1.19, "slope_class": "Low slope", "slope_risk": 12}}, {"type": "Feature", "geometry": {"type": "Polygon", "coordinates": [[[117.09865494978108, -34.528897765520064], [117.09865494978108, -34.503897765520065], [117.07365494978107, -34.503897765520065], [117.07365494978107, -34.528897765520064], [117.09865494978108, -34.528897765520064]]]}, "properties": {"layer": "Slope", "slope_degrees": 1.25, "slope_class": "Low slope", "slope_risk": 12}}, {"type": "Feature", "geometry": {"type": "Polygon", "coordinates": [[[117.12365494978108, -34.528897765520064], [117.12365494978108, -34.503897765520065], [117.09865494978108, -34.503897765520065], [117.09865494978108, -34.528897765520064], [117.12365494978108, -34.528897765520064]]]}, "properties": {"layer": "Slope", "slope_degrees": 5.02, "slope_class": "Moderate slope", "slope_risk": 12}}, {"type": "Feature", "geometry": {"type": "Polygon", "coordinates": [[[117.14865494978109, -34.528897765520064], [117.14865494978109, -34.503897765520065], [117.12365494978108, -34.503897765520065], [117.12365494978108, -34.528897765520064], [117.14865494978109, -34.528897765520064]]]}, "properties": {"layer": "Slope", "slope_degrees": 0.43, "slope_class": "Low slope", "slope_risk": 12}}, {"type": "Feature", "geometry": {"type": "Polygon", "coordinates": [[[117.1736549497811, -34.528897765520064], [117.1736549497811, -34.503897765520065], [117.14865494978109, -34.503897765520065], [117.14865494978109, -34.528897765520064], [117.1736549497811, -34.528897765520064]]]}, "properties": {"layer": "Slope", "slope_degrees": 1.62, "slope_class": "Low slope", "slope_risk": 12}}, {"type": "Feature", "geometry": {"type": "Polygon", "coordinates": [[[117.1986549497811, -34.528897765520064], [117.1986549497811, -34.503897765520065], [117.1736549497811, -34.503897765520065], [117.1736549497811, -34.528897765520064], [117.1986549497811, -34.528897765520064]]]}, "properties": {"layer": "Slope", "slope_degrees": 0.37, "slope_class": "Low slope", "slope_risk": 12}}, {"type": "Feature", "geometry": {"type": "Polygon", "coordinates": [[[117.2236549497811, -34.528897765520064], [117.2236549497811, -34.503897765520065], [117.1986549497811, -34.503897765520065], [117.1986549497811, -34.528897765520064], [117.2236549497811, -34.528897765520064]]]}, "properties": {"layer": "Slope", "slope_degrees": 0.93, "slope_class": "Low slope", "slope_risk": 12}}, {"type": "Feature", "geometry": {"type": "Polygon", "coordinates": [[[117.24865494978111, -34.528897765520064], [117.24865494978111, -34.503897765520065], [117.2236549497811, -34.503897765520065], [117.2236549497811, -34.528897765520064], [117.24865494978111, -34.528897765520064]]]}, "properties": {"layer": "Slope", "slope_degrees": 1.42, "slope_class": "Low slope", "slope_risk": 12}}, {"type": "Feature", "geometry": {"type": "Polygon", "coordinates": [[[117.27365494978112, -34.528897765520064], [117.27365494978112, -34.503897765520065], [117.24865494978111, -34.503897765520065], [117.24865494978111, -34.528897765520064], [117.27365494978112, -34.528897765520064]]]}, "properties": {"layer": "Slope", "slope_degrees": 0.23, "slope_class": "Low slope", "slope_risk": 12}}, {"type": "Feature", "geometry": {"type": "Polygon", "coordinates": [[[117.29865494978112, -34.528897765520064], [117.29865494978112, -34.503897765520065], [117.27365494978112, -34.503897765520065], [117.27365494978112, -34.528897765520064], [117.29865494978112, -34.528897765520064]]]}, "properties": {"layer": "Slope", "slope_degrees": 2.75, "slope_class": "Low slope", "slope_risk": 12}}, {"type": "Feature", "geometry": {"type": "Polygon", "coordinates": [[[117.32365494978113, -34.528897765520064], [117.32365494978113, -34.503897765520065], [117.29865494978112, -34.503897765520065], [117.29865494978112, -34.528897765520064], [117.32365494978113, -34.528897765520064]]]}, "properties": {"layer": "Slope", "slope_degrees": 1.83, "slope_class": "Low slope", "slope_risk": 12}}, {"type": "Feature", "geometry": {"type": "Polygon", "coordinates": [[[117.34865494978114, -34.528897765520064], [117.34865494978114, -34.503897765520065], [117.32365494978113, -34.503897765520065], [117.32365494978113, -34.528897765520064], [117.34865494978114, -34.528897765520064]]]}, "properties": {"layer": "Slope", "slope_degrees": 1.71, "slope_class": "Low slope", "slope_risk": 12}}, {"type": "Feature", "geometry": {"type": "Polygon", "coordinates": [[[117.37365494978114, -34.528897765520064], [117.37365494978114, -34.503897765520065], [117.34865494978114, -34.503897765520065], [117.34865494978114, -34.528897765520064], [117.37365494978114, -34.528897765520064]]]}, "properties": {"layer": "Slope", "slope_degrees": 1.55, "slope_class": "Low slope", "slope_risk": 12}}, {"type": "Feature", "geometry": {"type": "Polygon", "coordinates": [[[117.39865494978115, -34.528897765520064], [117.39865494978115, -34.503897765520065], [117.37365494978114, -34.503897765520065], [117.37365494978114, -34.528897765520064], [117.39865494978115, -34.528897765520064]]]}, "properties": {"layer": "Slope", "slope_degrees": 2.89, "slope_class": "Low slope", "slope_risk": 12}}, {"type": "Feature", "geometry": {"type": "Polygon", "coordinates": [[[117.42365494978115, -34.528897765520064], [117.42365494978115, -34.503897765520065], [117.39865494978115, -34.503897765520065], [117.39865494978115, -34.528897765520064], [117.42365494978115, -34.528897765520064]]]}, "properties": {"layer": "Slope", "slope_degrees": 2.65, "slope_class": "Low slope", "slope_risk": 12}}, {"type": "Feature", "geometry": {"type": "Polygon", "coordinates": [[[117.44865494978116, -34.528897765520064], [117.44865494978116, -34.503897765520065], [117.42365494978115, -34.503897765520065], [117.42365494978115, -34.528897765520064], [117.44865494978116, -34.528897765520064]]]}, "properties": {"layer": "Slope", "slope_degrees": 1.95, "slope_class": "Low slope", "slope_risk": 12}}, {"type": "Feature", "geometry": {"type": "Polygon", "coordinates": [[[117.47365494978116, -34.528897765520064], [117.47365494978116, -34.503897765520065], [117.44865494978116, -34.503897765520065], [117.44865494978116, -34.528897765520064], [117.47365494978116, -34.528897765520064]]]}, "properties": {"layer": "Slope", "slope_degrees": 2.35, "slope_class": "Low slope", "slope_risk": 12}}, {"type": "Feature", "geometry": {"type": "Polygon", "coordinates": [[[117.49865494978117, -34.528897765520064], [117.49865494978117, -34.503897765520065], [117.47365494978116, -34.503897765520065], [117.47365494978116, -34.528897765520064], [117.49865494978117, -34.528897765520064]]]}, "properties": {"layer": "Slope", "slope_degrees": 2.54, "slope_class": "Low slope", "slope_risk": 12}}, {"type": "Feature", "geometry": {"type": "Polygon", "coordinates": [[[117.52365494978118, -34.528897765520064], [117.52365494978118, -34.503897765520065], [117.49865494978117, -34.503897765520065], [117.49865494978117, -34.528897765520064], [117.52365494978118, -34.528897765520064]]]}, "properties": {"layer": "Slope", "slope_degrees": 2.11, "slope_class": "Low slope", "slope_risk": 12}}, {"type": "Feature", "geometry": {"type": "Polygon", "coordinates": [[[117.54865494978118, -34.528897765520064], [117.54865494978118, -34.503897765520065], [117.52365494978118, -34.503897765520065], [117.52365494978118, -34.528897765520064], [117.54865494978118, -34.528897765520064]]]}, "properties": {"layer": "Slope", "slope_degrees": 0.44, "slope_class": "Low slope", "slope_risk": 12}}, {"type": "Feature", "geometry": {"type": "Polygon", "coordinates": [[[117.57365494978119, -34.528897765520064], [117.57365494978119, -34.503897765520065], [117.54865494978118, -34.503897765520065], [117.54865494978118, -34.528897765520064], [117.57365494978119, -34.528897765520064]]]}, "properties": {"layer": "Slope", "slope_degrees": 0.72, "slope_class": "Low slope", "slope_risk": 12}}, {"type": "Feature", "geometry": {"type": "Polygon", "coordinates": [[[117.59865494978119, -34.528897765520064], [117.59865494978119, -34.503897765520065], [117.57365494978119, -34.503897765520065], [117.57365494978119, -34.528897765520064], [117.59865494978119, -34.528897765520064]]]}, "properties": {"layer": "Slope", "slope_degrees": 6.03, "slope_class": "Moderate slope", "slope_risk": 16}}, {"type": "Feature", "geometry": {"type": "Polygon", "coordinates": [[[117.6236549497812, -34.528897765520064], [117.6236549497812, -34.503897765520065], [117.59865494978119, -34.503897765520065], [117.59865494978119, -34.528897765520064], [117.6236549497812, -34.528897765520064]]]}, "properties": {"layer": "Slope", "slope_degrees": 5.06, "slope_class": "Moderate slope", "slope_risk": 12}}, {"type": "Feature", "geometry": {"type": "Polygon", "coordinates": [[[117.6486549497812, -34.528897765520064], [117.6486549497812, -34.503897765520065], [117.6236549497812, -34.503897765520065], [117.6236549497812, -34.528897765520064], [117.6486549497812, -34.528897765520064]]]}, "properties": {"layer": "Slope", "slope_degrees": 3.17, "slope_class": "Low slope", "slope_risk": 12}}, {"type": "Feature", "geometry": {"type": "Polygon", "coordinates": [[[117.67365494978121, -34.528897765520064], [117.67365494978121, -34.503897765520065], [117.6486549497812, -34.503897765520065], [117.6486549497812, -34.528897765520064], [117.67365494978121, -34.528897765520064]]]}, "properties": {"layer": "Slope", "slope_degrees": 1.77, "slope_class": "Low slope", "slope_risk": 12}}, {"type": "Feature", "geometry": {"type": "Polygon", "coordinates": [[[117.69865494978121, -34.528897765520064], [117.69865494978121, -34.503897765520065], [117.67365494978121, -34.503897765520065], [117.67365494978121, -34.528897765520064], [117.69865494978121, -34.528897765520064]]]}, "properties": {"layer": "Slope", "slope_degrees": 1.19, "slope_class": "Low slope", "slope_risk": 12}}, {"type": "Feature", "geometry": {"type": "Polygon", "coordinates": [[[117.72365494978122, -34.528897765520064], [117.72365494978122, -34.503897765520065], [117.69865494978121, -34.503897765520065], [117.69865494978121, -34.528897765520064], [117.72365494978122, -34.528897765520064]]]}, "properties": {"layer": "Slope", "slope_degrees": 1.46, "slope_class": "Low slope", "slope_risk": 12}}, {"type": "Feature", "geometry": {"type": "Polygon", "coordinates": [[[117.74865494978123, -34.528897765520064], [117.74865494978123, -34.503897765520065], [117.72365494978122, -34.503897765520065], [117.72365494978122, -34.528897765520064], [117.74865494978123, -34.528897765520064]]]}, "properties": {"layer": "Slope", "slope_degrees": 2.7, "slope_class": "Low slope", "slope_risk": 12}}, {"type": "Feature", "geometry": {"type": "Polygon", "coordinates": [[[117.77365494978123, -34.528897765520064], [117.77365494978123, -34.503897765520065], [117.74865494978123, -34.503897765520065], [117.74865494978123, -34.528897765520064], [117.77365494978123, -34.528897765520064]]]}, "properties": {"layer": "Slope", "slope_degrees": 0.57, "slope_class": "Low slope", "slope_risk": 12}}, {"type": "Feature", "geometry": {"type": "Polygon", "coordinates": [[[117.79865494978124, -34.528897765520064], [117.79865494978124, -34.503897765520065], [117.77365494978123, -34.503897765520065], [117.77365494978123, -34.528897765520064], [117.79865494978124, -34.528897765520064]]]}, "properties": {"layer": "Slope", "slope_degrees": 3.11, "slope_class": "Low slope", "slope_risk": 12}}, {"type": "Feature", "geometry": {"type": "Polygon", "coordinates": [[[117.82365494978124, -34.528897765520064], [117.82365494978124, -34.503897765520065], [117.79865494978124, -34.503897765520065], [117.79865494978124, -34.528897765520064], [117.82365494978124, -34.528897765520064]]]}, "properties": {"layer": "Slope", "slope_degrees": 3.59, "slope_class": "Low slope", "slope_risk": 12}}, {"type": "Feature", "geometry": {"type": "Polygon", "coordinates": [[[117.84865494978125, -34.528897765520064], [117.84865494978125, -34.503897765520065], [117.82365494978124, -34.503897765520065], [117.82365494978124, -34.528897765520064], [117.84865494978125, -34.528897765520064]]]}, "properties": {"layer": "Slope", "slope_degrees": 7.06, "slope_class": "Moderate slope", "slope_risk": 20}}, {"type": "Feature", "geometry": {"type": "Polygon", "coordinates": [[[117.87365494978125, -34.528897765520064], [117.87365494978125, -34.503897765520065], [117.84865494978125, -34.503897765520065], [117.84865494978125, -34.528897765520064], [117.87365494978125, -34.528897765520064]]]}, "properties": {"layer": "Slope", "slope_degrees": 5.99, "slope_class": "Moderate slope", "slope_risk": 16}}, {"type": "Feature", "geometry": {"type": "Polygon", "coordinates": [[[117.89865494978126, -34.528897765520064], [117.89865494978126, -34.503897765520065], [117.87365494978125, -34.503897765520065], [117.87365494978125, -34.528897765520064], [117.89865494978126, -34.528897765520064]]]}, "properties": {"layer": "Slope", "slope_degrees": 4.71, "slope_class": "Low slope", "slope_risk": 12}}, {"type": "Feature", "geometry": {"type": "Polygon", "coordinates": [[[117.92365494978127, -34.528897765520064], [117.92365494978127, -34.503897765520065], [117.89865494978126, -34.503897765520065], [117.89865494978126, -34.528897765520064], [117.92365494978127, -34.528897765520064]]]}, "properties": {"layer": "Slope", "slope_degrees": 3.95, "slope_class": "Low slope", "slope_risk": 12}}, {"type": "Feature", "geometry": {"type": "Polygon", "coordinates": [[[117.94865494978127, -34.528897765520064], [117.94865494978127, -34.503897765520065], [117.92365494978127, -34.503897765520065], [117.92365494978127, -34.528897765520064], [117.94865494978127, -34.528897765520064]]]}, "properties": {"layer": "Slope", "slope_degrees": 2.26, "slope_class": "Low slope", "slope_risk": 12}}, {"type": "Feature", "geometry": {"type": "Polygon", "coordinates": [[[117.97365494978128, -34.528897765520064], [117.97365494978128, -34.503897765520065], [117.94865494978127, -34.503897765520065], [117.94865494978127, -34.528897765520064], [117.97365494978128, -34.528897765520064]]]}, "properties": {"layer": "Slope", "slope_degrees": 5.27, "slope_class": "Moderate slope", "slope_risk": 13}}, {"type": "Feature", "geometry": {"type": "Polygon", "coordinates": [[[117.99865494978128, -34.528897765520064], [117.99865494978128, -34.503897765520065], [117.97365494978128, -34.503897765520065], [117.97365494978128, -34.528897765520064], [117.99865494978128, -34.528897765520064]]]}, "properties": {"layer": "Slope", "slope_degrees": 1.0, "slope_class": "Low slope", "slope_risk": 12}}, {"type": "Feature", "geometry": {"type": "Polygon", "coordinates": [[[116.92365494978104, -34.503897765520065], [116.92365494978104, -34.47889776552007], [116.89865494978103, -34.47889776552007], [116.89865494978103, -34.503897765520065], [116.92365494978104, -34.503897765520065]]]}, "properties": {"layer": "Slope", "slope_degrees": 10.61, "slope_class": "Moderate slope", "slope_risk": 33}}, {"type": "Feature", "geometry": {"type": "Polygon", "coordinates": [[[116.94865494978104, -34.503897765520065], [116.94865494978104, -34.47889776552007], [116.92365494978104, -34.47889776552007], [116.92365494978104, -34.503897765520065], [116.94865494978104, -34.503897765520065]]]}, "properties": {"layer": "Slope", "slope_degrees": 0.37, "slope_class": "Low slope", "slope_risk": 12}}, {"type": "Feature", "geometry": {"type": "Polygon", "coordinates": [[[116.97365494978105, -34.503897765520065], [116.97365494978105, -34.47889776552007], [116.94865494978104, -34.47889776552007], [116.94865494978104, -34.503897765520065], [116.97365494978105, -34.503897765520065]]]}, "properties": {"layer": "Slope", "slope_degrees": 7.5, "slope_class": "Moderate slope", "slope_risk": 22}}, {"type": "Feature", "geometry": {"type": "Polygon", "coordinates": [[[116.99865494978106, -34.503897765520065], [116.99865494978106, -34.47889776552007], [116.97365494978105, -34.47889776552007], [116.97365494978105, -34.503897765520065], [116.99865494978106, -34.503897765520065]]]}, "properties": {"layer": "Slope", "slope_degrees": 1.64, "slope_class": "Low slope", "slope_risk": 12}}, {"type": "Feature", "geometry": {"type": "Polygon", "coordinates": [[[117.02365494978106, -34.503897765520065], [117.02365494978106, -34.47889776552007], [116.99865494978106, -34.47889776552007], [116.99865494978106, -34.503897765520065], [117.02365494978106, -34.503897765520065]]]}, "properties": {"layer": "Slope", "slope_degrees": 2.2, "slope_class": "Low slope", "slope_risk": 12}}, {"type": "Feature", "geometry": {"type": "Polygon", "coordinates": [[[117.04865494978107, -34.503897765520065], [117.04865494978107, -34.47889776552007], [117.02365494978106, -34.47889776552007], [117.02365494978106, -34.503897765520065], [117.04865494978107, -34.503897765520065]]]}, "properties": {"layer": "Slope", "slope_degrees": 3.66, "slope_class": "Low slope", "slope_risk": 12}}, {"type": "Feature", "geometry": {"type": "Polygon", "coordinates": [[[117.07365494978107, -34.503897765520065], [117.07365494978107, -34.47889776552007], [117.04865494978107, -34.47889776552007], [117.04865494978107, -34.503897765520065], [117.07365494978107, -34.503897765520065]]]}, "properties": {"layer": "Slope", "slope_degrees": 3.73, "slope_class": "Low slope", "slope_risk": 12}}, {"type": "Feature", "geometry": {"type": "Polygon", "coordinates": [[[117.09865494978108, -34.503897765520065], [117.09865494978108, -34.47889776552007], [117.07365494978107, -34.47889776552007], [117.07365494978107, -34.503897765520065], [117.09865494978108, -34.503897765520065]]]}, "properties": {"layer": "Slope", "slope_degrees": 3.98, "slope_class": "Low slope", "slope_risk": 12}}, {"type": "Feature", "geometry": {"type": "Polygon", "coordinates": [[[117.12365494978108, -34.503897765520065], [117.12365494978108, -34.47889776552007], [117.09865494978108, -34.47889776552007], [117.09865494978108, -34.503897765520065], [117.12365494978108, -34.503897765520065]]]}, "properties": {"layer": "Slope", "slope_degrees": 2.87, "slope_class": "Low slope", "slope_risk": 12}}, {"type": "Feature", "geometry": {"type": "Polygon", "coordinates": [[[117.14865494978109, -34.503897765520065], [117.14865494978109, -34.47889776552007], [117.12365494978108, -34.47889776552007], [117.12365494978108, -34.503897765520065], [117.14865494978109, -34.503897765520065]]]}, "properties": {"layer": "Slope", "slope_degrees": 4.18, "slope_class": "Low slope", "slope_risk": 12}}, {"type": "Feature", "geometry": {"type": "Polygon", "coordinates": [[[117.1736549497811, -34.503897765520065], [117.1736549497811, -34.47889776552007], [117.14865494978109, -34.47889776552007], [117.14865494978109, -34.503897765520065], [117.1736549497811, -34.503897765520065]]]}, "properties": {"layer": "Slope", "slope_degrees": 1.42, "slope_class": "Low slope", "slope_risk": 12}}, {"type": "Feature", "geometry": {"type": "Polygon", "coordinates": [[[117.1986549497811, -34.503897765520065], [117.1986549497811, -34.47889776552007], [117.1736549497811, -34.47889776552007], [117.1736549497811, -34.503897765520065], [117.1986549497811, -34.503897765520065]]]}, "properties": {"layer": "Slope", "slope_degrees": 3.97, "slope_class": "Low slope", "slope_risk": 12}}, {"type": "Feature", "geometry": {"type": "Polygon", "coordinates": [[[117.2236549497811, -34.503897765520065], [117.2236549497811, -34.47889776552007], [117.1986549497811, -34.47889776552007], [117.1986549497811, -34.503897765520065], [117.2236549497811, -34.503897765520065]]]}, "properties": {"layer": "Slope", "slope_degrees": 2.61, "slope_class": "Low slope", "slope_risk": 12}}, {"type": "Feature", "geometry": {"type": "Polygon", "coordinates": [[[117.24865494978111, -34.503897765520065], [117.24865494978111, -34.47889776552007], [117.2236549497811, -34.47889776552007], [117.2236549497811, -34.503897765520065], [117.24865494978111, -34.503897765520065]]]}, "properties": {"layer": "Slope", "slope_degrees": 3.97, "slope_class": "Low slope", "slope_risk": 12}}, {"type": "Feature", "geometry": {"type": "Polygon", "coordinates": [[[117.27365494978112, -34.503897765520065], [117.27365494978112, -34.47889776552007], [117.24865494978111, -34.47889776552007], [117.24865494978111, -34.503897765520065], [117.27365494978112, -34.503897765520065]]]}, "properties": {"layer": "Slope", "slope_degrees": 1.36, "slope_class": "Low slope", "slope_risk": 12}}, {"type": "Feature", "geometry": {"type": "Polygon", "coordinates": [[[117.29865494978112, -34.503897765520065], [117.29865494978112, -34.47889776552007], [117.27365494978112, -34.47889776552007], [117.27365494978112, -34.503897765520065], [117.29865494978112, -34.503897765520065]]]}, "properties": {"layer": "Slope", "slope_degrees": 3.8, "slope_class": "Low slope", "slope_risk": 12}}, {"type": "Feature", "geometry": {"type": "Polygon", "coordinates": [[[117.32365494978113, -34.503897765520065], [117.32365494978113, -34.47889776552007], [117.29865494978112, -34.47889776552007], [117.29865494978112, -34.503897765520065], [117.32365494978113, -34.503897765520065]]]}, "properties": {"layer": "Slope", "slope_degrees": 3.1, "slope_class": "Low slope", "slope_risk": 12}}, {"type": "Feature", "geometry": {"type": "Polygon", "coordinates": [[[117.34865494978114, -34.503897765520065], [117.34865494978114, -34.47889776552007], [117.32365494978113, -34.47889776552007], [117.32365494978113, -34.503897765520065], [117.34865494978114, -34.503897765520065]]]}, "properties": {"layer": "Slope", "slope_degrees": 0.7, "slope_class": "Low slope", "slope_risk": 12}}, {"type": "Feature", "geometry": {"type": "Polygon", "coordinates": [[[117.37365494978114, -34.503897765520065], [117.37365494978114, -34.47889776552007], [117.34865494978114, -34.47889776552007], [117.34865494978114, -34.503897765520065], [117.37365494978114, -34.503897765520065]]]}, "properties": {"layer": "Slope", "slope_degrees": 1.76, "slope_class": "Low slope", "slope_risk": 12}}, {"type": "Feature", "geometry": {"type": "Polygon", "coordinates": [[[117.39865494978115, -34.503897765520065], [117.39865494978115, -34.47889776552007], [117.37365494978114, -34.47889776552007], [117.37365494978114, -34.503897765520065], [117.39865494978115, -34.503897765520065]]]}, "properties": {"layer": "Slope", "slope_degrees": 1.46, "slope_class": "Low slope", "slope_risk": 12}}, {"type": "Feature", "geometry": {"type": "Polygon", "coordinates": [[[117.42365494978115, -34.503897765520065], [117.42365494978115, -34.47889776552007], [117.39865494978115, -34.47889776552007], [117.39865494978115, -34.503897765520065], [117.42365494978115, -34.503897765520065]]]}, "properties": {"layer": "Slope", "slope_degrees": 2.45, "slope_class": "Low slope", "slope_risk": 12}}, {"type": "Feature", "geometry": {"type": "Polygon", "coordinates": [[[117.44865494978116, -34.503897765520065], [117.44865494978116, -34.47889776552007], [117.42365494978115, -34.47889776552007], [117.42365494978115, -34.503897765520065], [117.44865494978116, -34.503897765520065]]]}, "properties": {"layer": "Slope", "slope_degrees": 1.78, "slope_class": "Low slope", "slope_risk": 12}}, {"type": "Feature", "geometry": {"type": "Polygon", "coordinates": [[[117.47365494978116, -34.503897765520065], [117.47365494978116, -34.47889776552007], [117.44865494978116, -34.47889776552007], [117.44865494978116, -34.503897765520065], [117.47365494978116, -34.503897765520065]]]}, "properties": {"layer": "Slope", "slope_degrees": 4.13, "slope_class": "Low slope", "slope_risk": 12}}, {"type": "Feature", "geometry": {"type": "Polygon", "coordinates": [[[117.49865494978117, -34.503897765520065], [117.49865494978117, -34.47889776552007], [117.47365494978116, -34.47889776552007], [117.47365494978116, -34.503897765520065], [117.49865494978117, -34.503897765520065]]]}, "properties": {"layer": "Slope", "slope_degrees": 0.64, "slope_class": "Low slope", "slope_risk": 12}}, {"type": "Feature", "geometry": {"type": "Polygon", "coordinates": [[[117.52365494978118, -34.503897765520065], [117.52365494978118, -34.47889776552007], [117.49865494978117, -34.47889776552007], [117.49865494978117, -34.503897765520065], [117.52365494978118, -34.503897765520065]]]}, "properties": {"layer": "Slope", "slope_degrees": 4.82, "slope_class": "Low slope", "slope_risk": 12}}, {"type": "Feature", "geometry": {"type": "Polygon", "coordinates": [[[117.54865494978118, -34.503897765520065], [117.54865494978118, -34.47889776552007], [117.52365494978118, -34.47889776552007], [117.52365494978118, -34.503897765520065], [117.54865494978118, -34.503897765520065]]]}, "properties": {"layer": "Slope", "slope_degrees": 2.42, "slope_class": "Low slope", "slope_risk": 12}}, {"type": "Feature", "geometry": {"type": "Polygon", "coordinates": [[[117.57365494978119, -34.503897765520065], [117.57365494978119, -34.47889776552007], [117.54865494978118, -34.47889776552007], [117.54865494978118, -34.503897765520065], [117.57365494978119, -34.503897765520065]]]}, "properties": {"layer": "Slope", "slope_degrees": 1.94, "slope_class": "Low slope", "slope_risk": 12}}, {"type": "Feature", "geometry": {"type": "Polygon", "coordinates": [[[117.59865494978119, -34.503897765520065], [117.59865494978119, -34.47889776552007], [117.57365494978119, -34.47889776552007], [117.57365494978119, -34.503897765520065], [117.59865494978119, -34.503897765520065]]]}, "properties": {"layer": "Slope", "slope_degrees": 3.31, "slope_class": "Low slope", "slope_risk": 12}}, {"type": "Feature", "geometry": {"type": "Polygon", "coordinates": [[[117.6236549497812, -34.503897765520065], [117.6236549497812, -34.47889776552007], [117.59865494978119, -34.47889776552007], [117.59865494978119, -34.503897765520065], [117.6236549497812, -34.503897765520065]]]}, "properties": {"layer": "Slope", "slope_degrees": 2.18, "slope_class": "Low slope", "slope_risk": 12}}, {"type": "Feature", "geometry": {"type": "Polygon", "coordinates": [[[117.6486549497812, -34.503897765520065], [117.6486549497812, -34.47889776552007], [117.6236549497812, -34.47889776552007], [117.6236549497812, -34.503897765520065], [117.6486549497812, -34.503897765520065]]]}, "properties": {"layer": "Slope", "slope_degrees": 2.68, "slope_class": "Low slope", "slope_risk": 12}}, {"type": "Feature", "geometry": {"type": "Polygon", "coordinates": [[[117.67365494978121, -34.503897765520065], [117.67365494978121, -34.47889776552007], [117.6486549497812, -34.47889776552007], [117.6486549497812, -34.503897765520065], [117.67365494978121, -34.503897765520065]]]}, "properties": {"layer": "Slope", "slope_degrees": 2.94, "slope_class": "Low slope", "slope_risk": 12}}, {"type": "Feature", "geometry": {"type": "Polygon", "coordinates": [[[117.69865494978121, -34.503897765520065], [117.69865494978121, -34.47889776552007], [117.67365494978121, -34.47889776552007], [117.67365494978121, -34.503897765520065], [117.69865494978121, -34.503897765520065]]]}, "properties": {"layer": "Slope", "slope_degrees": 3.18, "slope_class": "Low slope", "slope_risk": 12}}, {"type": "Feature", "geometry": {"type": "Polygon", "coordinates": [[[117.72365494978122, -34.503897765520065], [117.72365494978122, -34.47889776552007], [117.69865494978121, -34.47889776552007], [117.69865494978121, -34.503897765520065], [117.72365494978122, -34.503897765520065]]]}, "properties": {"layer": "Slope", "slope_degrees": 0.45, "slope_class": "Low slope", "slope_risk": 12}}, {"type": "Feature", "geometry": {"type": "Polygon", "coordinates": [[[117.74865494978123, -34.503897765520065], [117.74865494978123, -34.47889776552007], [117.72365494978122, -34.47889776552007], [117.72365494978122, -34.503897765520065], [117.74865494978123, -34.503897765520065]]]}, "properties": {"layer": "Slope", "slope_degrees": 2.8, "slope_class": "Low slope", "slope_risk": 12}}, {"type": "Feature", "geometry": {"type": "Polygon", "coordinates": [[[117.77365494978123, -34.503897765520065], [117.77365494978123, -34.47889776552007], [117.74865494978123, -34.47889776552007], [117.74865494978123, -34.503897765520065], [117.77365494978123, -34.503897765520065]]]}, "properties": {"layer": "Slope", "slope_degrees": 4.88, "slope_class": "Low slope", "slope_risk": 12}}, {"type": "Feature", "geometry": {"type": "Polygon", "coordinates": [[[117.79865494978124, -34.503897765520065], [117.79865494978124, -34.47889776552007], [117.77365494978123, -34.47889776552007], [117.77365494978123, -34.503897765520065], [117.79865494978124, -34.503897765520065]]]}, "properties": {"layer": "Slope", "slope_degrees": 6.0, "slope_class": "Moderate slope", "slope_risk": 16}}, {"type": "Feature", "geometry": {"type": "Polygon", "coordinates": [[[117.82365494978124, -34.503897765520065], [117.82365494978124, -34.47889776552007], [117.79865494978124, -34.47889776552007], [117.79865494978124, -34.503897765520065], [117.82365494978124, -34.503897765520065]]]}, "properties": {"layer": "Slope", "slope_degrees": 1.45, "slope_class": "Low slope", "slope_risk": 12}}, {"type": "Feature", "geometry": {"type": "Polygon", "coordinates": [[[117.84865494978125, -34.503897765520065], [117.84865494978125, -34.47889776552007], [117.82365494978124, -34.47889776552007], [117.82365494978124, -34.503897765520065], [117.84865494978125, -34.503897765520065]]]}, "properties": {"layer": "Slope", "slope_degrees": 1.5, "slope_class": "Low slope", "slope_risk": 12}}, {"type": "Feature", "geometry": {"type": "Polygon", "coordinates": [[[117.87365494978125, -34.503897765520065], [117.87365494978125, -34.47889776552007], [117.84865494978125, -34.47889776552007], [117.84865494978125, -34.503897765520065], [117.87365494978125, -34.503897765520065]]]}, "properties": {"layer": "Slope", "slope_degrees": 0.84, "slope_class": "Low slope", "slope_risk": 12}}, {"type": "Feature", "geometry": {"type": "Polygon", "coordinates": [[[117.89865494978126, -34.503897765520065], [117.89865494978126, -34.47889776552007], [117.87365494978125, -34.47889776552007], [117.87365494978125, -34.503897765520065], [117.89865494978126, -34.503897765520065]]]}, "properties": {"layer": "Slope", "slope_degrees": 3.5, "slope_class": "Low slope", "slope_risk": 12}}, {"type": "Feature", "geometry": {"type": "Polygon", "coordinates": [[[117.92365494978127, -34.503897765520065], [117.92365494978127, -34.47889776552007], [117.89865494978126, -34.47889776552007], [117.89865494978126, -34.503897765520065], [117.92365494978127, -34.503897765520065]]]}, "properties": {"layer": "Slope", "slope_degrees": 4.4, "slope_class": "Low slope", "slope_risk": 12}}, {"type": "Feature", "geometry": {"type": "Polygon", "coordinates": [[[117.94865494978127, -34.503897765520065], [117.94865494978127, -34.47889776552007], [117.92365494978127, -34.47889776552007], [117.92365494978127, -34.503897765520065], [117.94865494978127, -34.503897765520065]]]}, "properties": {"layer": "Slope", "slope_degrees": 0.88, "slope_class": "Low slope", "slope_risk": 12}}, {"type": "Feature", "geometry": {"type": "Polygon", "coordinates": [[[117.97365494978128, -34.503897765520065], [117.97365494978128, -34.47889776552007], [117.94865494978127, -34.47889776552007], [117.94865494978127, -34.503897765520065], [117.97365494978128, -34.503897765520065]]]}, "properties": {"layer": "Slope", "slope_degrees": 1.65, "slope_class": "Low slope", "slope_risk": 12}}, {"type": "Feature", "geometry": {"type": "Polygon", "coordinates": [[[117.99865494978128, -34.503897765520065], [117.99865494978128, -34.47889776552007], [117.97365494978128, -34.47889776552007], [117.97365494978128, -34.503897765520065], [117.99865494978128, -34.503897765520065]]]}, "properties": {"layer": "Slope", "slope_degrees": 1.62, "slope_class": "Low slope", "slope_risk": 12}}, {"type": "Feature", "geometry": {"type": "Polygon", "coordinates": [[[116.92365494978104, -34.47889776552007], [116.92365494978104, -34.45389776552007], [116.89865494978103, -34.45389776552007], [116.89865494978103, -34.47889776552007], [116.92365494978104, -34.47889776552007]]]}, "properties": {"layer": "Slope", "slope_degrees": 10.91, "slope_class": "Moderate slope", "slope_risk": 34}}, {"type": "Feature", "geometry": {"type": "Polygon", "coordinates": [[[116.94865494978104, -34.47889776552007], [116.94865494978104, -34.45389776552007], [116.92365494978104, -34.45389776552007], [116.92365494978104, -34.47889776552007], [116.94865494978104, -34.47889776552007]]]}, "properties": {"layer": "Slope", "slope_degrees": 3.19, "slope_class": "Low slope", "slope_risk": 12}}, {"type": "Feature", "geometry": {"type": "Polygon", "coordinates": [[[116.97365494978105, -34.47889776552007], [116.97365494978105, -34.45389776552007], [116.94865494978104, -34.45389776552007], [116.94865494978104, -34.47889776552007], [116.97365494978105, -34.47889776552007]]]}, "properties": {"layer": "Slope", "slope_degrees": 3.32, "slope_class": "Low slope", "slope_risk": 12}}, {"type": "Feature", "geometry": {"type": "Polygon", "coordinates": [[[116.99865494978106, -34.47889776552007], [116.99865494978106, -34.45389776552007], [116.97365494978105, -34.45389776552007], [116.97365494978105, -34.47889776552007], [116.99865494978106, -34.47889776552007]]]}, "properties": {"layer": "Slope", "slope_degrees": 7.98, "slope_class": "Moderate slope", "slope_risk": 23}}, {"type": "Feature", "geometry": {"type": "Polygon", "coordinates": [[[117.02365494978106, -34.47889776552007], [117.02365494978106, -34.45389776552007], [116.99865494978106, -34.45389776552007], [116.99865494978106, -34.47889776552007], [117.02365494978106, -34.47889776552007]]]}, "properties": {"layer": "Slope", "slope_degrees": 3.22, "slope_class": "Low slope", "slope_risk": 12}}, {"type": "Feature", "geometry": {"type": "Polygon", "coordinates": [[[117.04865494978107, -34.47889776552007], [117.04865494978107, -34.45389776552007], [117.02365494978106, -34.45389776552007], [117.02365494978106, -34.47889776552007], [117.04865494978107, -34.47889776552007]]]}, "properties": {"layer": "Slope", "slope_degrees": 2.96, "slope_class": "Low slope", "slope_risk": 12}}, {"type": "Feature", "geometry": {"type": "Polygon", "coordinates": [[[117.07365494978107, -34.47889776552007], [117.07365494978107, -34.45389776552007], [117.04865494978107, -34.45389776552007], [117.04865494978107, -34.47889776552007], [117.07365494978107, -34.47889776552007]]]}, "properties": {"layer": "Slope", "slope_degrees": 6.06, "slope_class": "Moderate slope", "slope_risk": 16}}, {"type": "Feature", "geometry": {"type": "Polygon", "coordinates": [[[117.09865494978108, -34.47889776552007], [117.09865494978108, -34.45389776552007], [117.07365494978107, -34.45389776552007], [117.07365494978107, -34.47889776552007], [117.09865494978108, -34.47889776552007]]]}, "properties": {"layer": "Slope", "slope_degrees": 3.41, "slope_class": "Low slope", "slope_risk": 12}}, {"type": "Feature", "geometry": {"type": "Polygon", "coordinates": [[[117.12365494978108, -34.47889776552007], [117.12365494978108, -34.45389776552007], [117.09865494978108, -34.45389776552007], [117.09865494978108, -34.47889776552007], [117.12365494978108, -34.47889776552007]]]}, "properties": {"layer": "Slope", "slope_degrees": 0.52, "slope_class": "Low slope", "slope_risk": 12}}, {"type": "Feature", "geometry": {"type": "Polygon", "coordinates": [[[117.14865494978109, -34.47889776552007], [117.14865494978109, -34.45389776552007], [117.12365494978108, -34.45389776552007], [117.12365494978108, -34.47889776552007], [117.14865494978109, -34.47889776552007]]]}, "properties": {"layer": "Slope", "slope_degrees": 8.59, "slope_class": "Moderate slope", "slope_risk": 26}}, {"type": "Feature", "geometry": {"type": "Polygon", "coordinates": [[[117.1736549497811, -34.47889776552007], [117.1736549497811, -34.45389776552007], [117.14865494978109, -34.45389776552007], [117.14865494978109, -34.47889776552007], [117.1736549497811, -34.47889776552007]]]}, "properties": {"layer": "Slope", "slope_degrees": 1.42, "slope_class": "Low slope", "slope_risk": 12}}, {"type": "Feature", "geometry": {"type": "Polygon", "coordinates": [[[117.1986549497811, -34.47889776552007], [117.1986549497811, -34.45389776552007], [117.1736549497811, -34.45389776552007], [117.1736549497811, -34.47889776552007], [117.1986549497811, -34.47889776552007]]]}, "properties": {"layer": "Slope", "slope_degrees": 2.25, "slope_class": "Low slope", "slope_risk": 12}}, {"type": "Feature", "geometry": {"type": "Polygon", "coordinates": [[[117.2236549497811, -34.47889776552007], [117.2236549497811, -34.45389776552007], [117.1986549497811, -34.45389776552007], [117.1986549497811, -34.47889776552007], [117.2236549497811, -34.47889776552007]]]}, "properties": {"layer": "Slope", "slope_degrees": 1.46, "slope_class": "Low slope", "slope_risk": 12}}, {"type": "Feature", "geometry": {"type": "Polygon", "coordinates": [[[117.24865494978111, -34.47889776552007], [117.24865494978111, -34.45389776552007], [117.2236549497811, -34.45389776552007], [117.2236549497811, -34.47889776552007], [117.24865494978111, -34.47889776552007]]]}, "properties": {"layer": "Slope", "slope_degrees": 2.46, "slope_class": "Low slope", "slope_risk": 12}}, {"type": "Feature", "geometry": {"type": "Polygon", "coordinates": [[[117.27365494978112, -34.47889776552007], [117.27365494978112, -34.45389776552007], [117.24865494978111, -34.45389776552007], [117.24865494978111, -34.47889776552007], [117.27365494978112, -34.47889776552007]]]}, "properties": {"layer": "Slope", "slope_degrees": 5.36, "slope_class": "Moderate slope", "slope_risk": 13}}, {"type": "Feature", "geometry": {"type": "Polygon", "coordinates": [[[117.29865494978112, -34.47889776552007], [117.29865494978112, -34.45389776552007], [117.27365494978112, -34.45389776552007], [117.27365494978112, -34.47889776552007], [117.29865494978112, -34.47889776552007]]]}, "properties": {"layer": "Slope", "slope_degrees": 3.14, "slope_class": "Low slope", "slope_risk": 12}}, {"type": "Feature", "geometry": {"type": "Polygon", "coordinates": [[[117.32365494978113, -34.47889776552007], [117.32365494978113, -34.45389776552007], [117.29865494978112, -34.45389776552007], [117.29865494978112, -34.47889776552007], [117.32365494978113, -34.47889776552007]]]}, "properties": {"layer": "Slope", "slope_degrees": 1.44, "slope_class": "Low slope", "slope_risk": 12}}, {"type": "Feature", "geometry": {"type": "Polygon", "coordinates": [[[117.34865494978114, -34.47889776552007], [117.34865494978114, -34.45389776552007], [117.32365494978113, -34.45389776552007], [117.32365494978113, -34.47889776552007], [117.34865494978114, -34.47889776552007]]]}, "properties": {"layer": "Slope", "slope_degrees": 0.56, "slope_class": "Low slope", "slope_risk": 12}}, {"type": "Feature", "geometry": {"type": "Polygon", "coordinates": [[[117.37365494978114, -34.47889776552007], [117.37365494978114, -34.45389776552007], [117.34865494978114, -34.45389776552007], [117.34865494978114, -34.47889776552007], [117.37365494978114, -34.47889776552007]]]}, "properties": {"layer": "Slope", "slope_degrees": 0.81, "slope_class": "Low slope", "slope_risk": 12}}, {"type": "Feature", "geometry": {"type": "Polygon", "coordinates": [[[117.39865494978115, -34.47889776552007], [117.39865494978115, -34.45389776552007], [117.37365494978114, -34.45389776552007], [117.37365494978114, -34.47889776552007], [117.39865494978115, -34.47889776552007]]]}, "properties": {"layer": "Slope", "slope_degrees": 0.44, "slope_class": "Low slope", "slope_risk": 12}}, {"type": "Feature", "geometry": {"type": "Polygon", "coordinates": [[[117.42365494978115, -34.47889776552007], [117.42365494978115, -34.45389776552007], [117.39865494978115, -34.45389776552007], [117.39865494978115, -34.47889776552007], [117.42365494978115, -34.47889776552007]]]}, "properties": {"layer": "Slope", "slope_degrees": 0.3, "slope_class": "Low slope", "slope_risk": 12}}, {"type": "Feature", "geometry": {"type": "Polygon", "coordinates": [[[117.44865494978116, -34.47889776552007], [117.44865494978116, -34.45389776552007], [117.42365494978115, -34.45389776552007], [117.42365494978115, -34.47889776552007], [117.44865494978116, -34.47889776552007]]]}, "properties": {"layer": "Slope", "slope_degrees": 0.69, "slope_class": "Low slope", "slope_risk": 12}}, {"type": "Feature", "geometry": {"type": "Polygon", "coordinates": [[[117.47365494978116, -34.47889776552007], [117.47365494978116, -34.45389776552007], [117.44865494978116, -34.45389776552007], [117.44865494978116, -34.47889776552007], [117.47365494978116, -34.47889776552007]]]}, "properties": {"layer": "Slope", "slope_degrees": 1.33, "slope_class": "Low slope", "slope_risk": 12}}, {"type": "Feature", "geometry": {"type": "Polygon", "coordinates": [[[117.49865494978117, -34.47889776552007], [117.49865494978117, -34.45389776552007], [117.47365494978116, -34.45389776552007], [117.47365494978116, -34.47889776552007], [117.49865494978117, -34.47889776552007]]]}, "properties": {"layer": "Slope", "slope_degrees": 3.26, "slope_class": "Low slope", "slope_risk": 12}}, {"type": "Feature", "geometry": {"type": "Polygon", "coordinates": [[[117.52365494978118, -34.47889776552007], [117.52365494978118, -34.45389776552007], [117.49865494978117, -34.45389776552007], [117.49865494978117, -34.47889776552007], [117.52365494978118, -34.47889776552007]]]}, "properties": {"layer": "Slope", "slope_degrees": 6.42, "slope_class": "Moderate slope", "slope_risk": 17}}, {"type": "Feature", "geometry": {"type": "Polygon", "coordinates": [[[117.54865494978118, -34.47889776552007], [117.54865494978118, -34.45389776552007], [117.52365494978118, -34.45389776552007], [117.52365494978118, -34.47889776552007], [117.54865494978118, -34.47889776552007]]]}, "properties": {"layer": "Slope", "slope_degrees": 0.5, "slope_class": "Low slope", "slope_risk": 12}}, {"type": "Feature", "geometry": {"type": "Polygon", "coordinates": [[[117.57365494978119, -34.47889776552007], [117.57365494978119, -34.45389776552007], [117.54865494978118, -34.45389776552007], [117.54865494978118, -34.47889776552007], [117.57365494978119, -34.47889776552007]]]}, "properties": {"layer": "Slope", "slope_degrees": 1.52, "slope_class": "Low slope", "slope_risk": 12}}, {"type": "Feature", "geometry": {"type": "Polygon", "coordinates": [[[117.59865494978119, -34.47889776552007], [117.59865494978119, -34.45389776552007], [117.57365494978119, -34.45389776552007], [117.57365494978119, -34.47889776552007], [117.59865494978119, -34.47889776552007]]]}, "properties": {"layer": "Slope", "slope_degrees": 3.36, "slope_class": "Low slope", "slope_risk": 12}}, {"type": "Feature", "geometry": {"type": "Polygon", "coordinates": [[[117.6236549497812, -34.47889776552007], [117.6236549497812, -34.45389776552007], [117.59865494978119, -34.45389776552007], [117.59865494978119, -34.47889776552007], [117.6236549497812, -34.47889776552007]]]}, "properties": {"layer": "Slope", "slope_degrees": 3.0, "slope_class": "Low slope", "slope_risk": 12}}, {"type": "Feature", "geometry": {"type": "Polygon", "coordinates": [[[117.6486549497812, -34.47889776552007], [117.6486549497812, -34.45389776552007], [117.6236549497812, -34.45389776552007], [117.6236549497812, -34.47889776552007], [117.6486549497812, -34.47889776552007]]]}, "properties": {"layer": "Slope", "slope_degrees": 1.18, "slope_class": "Low slope", "slope_risk": 12}}, {"type": "Feature", "geometry": {"type": "Polygon", "coordinates": [[[117.67365494978121, -34.47889776552007], [117.67365494978121, -34.45389776552007], [117.6486549497812, -34.45389776552007], [117.6486549497812, -34.47889776552007], [117.67365494978121, -34.47889776552007]]]}, "properties": {"layer": "Slope", "slope_degrees": 2.52, "slope_class": "Low slope", "slope_risk": 12}}, {"type": "Feature", "geometry": {"type": "Polygon", "coordinates": [[[117.69865494978121, -34.47889776552007], [117.69865494978121, -34.45389776552007], [117.67365494978121, -34.45389776552007], [117.67365494978121, -34.47889776552007], [117.69865494978121, -34.47889776552007]]]}, "properties": {"layer": "Slope", "slope_degrees": 1.89, "slope_class": "Low slope", "slope_risk": 12}}, {"type": "Feature", "geometry": {"type": "Polygon", "coordinates": [[[117.72365494978122, -34.47889776552007], [117.72365494978122, -34.45389776552007], [117.69865494978121, -34.45389776552007], [117.69865494978121, -34.47889776552007], [117.72365494978122, -34.47889776552007]]]}, "properties": {"layer": "Slope", "slope_degrees": 2.06, "slope_class": "Low slope", "slope_risk": 12}}, {"type": "Feature", "geometry": {"type": "Polygon", "coordinates": [[[117.74865494978123, -34.47889776552007], [117.74865494978123, -34.45389776552007], [117.72365494978122, -34.45389776552007], [117.72365494978122, -34.47889776552007], [117.74865494978123, -34.47889776552007]]]}, "properties": {"layer": "Slope", "slope_degrees": 1.44, "slope_class": "Low slope", "slope_risk": 12}}, {"type": "Feature", "geometry": {"type": "Polygon", "coordinates": [[[117.77365494978123, -34.47889776552007], [117.77365494978123, -34.45389776552007], [117.74865494978123, -34.45389776552007], [117.74865494978123, -34.47889776552007], [117.77365494978123, -34.47889776552007]]]}, "properties": {"layer": "Slope", "slope_degrees": 2.56, "slope_class": "Low slope", "slope_risk": 12}}, {"type": "Feature", "geometry": {"type": "Polygon", "coordinates": [[[117.79865494978124, -34.47889776552007], [117.79865494978124, -34.45389776552007], [117.77365494978123, -34.45389776552007], [117.77365494978123, -34.47889776552007], [117.79865494978124, -34.47889776552007]]]}, "properties": {"layer": "Slope", "slope_degrees": 2.03, "slope_class": "Low slope", "slope_risk": 12}}, {"type": "Feature", "geometry": {"type": "Polygon", "coordinates": [[[117.82365494978124, -34.47889776552007], [117.82365494978124, -34.45389776552007], [117.79865494978124, -34.45389776552007], [117.79865494978124, -34.47889776552007], [117.82365494978124, -34.47889776552007]]]}, "properties": {"layer": "Slope", "slope_degrees": 1.98, "slope_class": "Low slope", "slope_risk": 12}}, {"type": "Feature", "geometry": {"type": "Polygon", "coordinates": [[[117.84865494978125, -34.47889776552007], [117.84865494978125, -34.45389776552007], [117.82365494978124, -34.45389776552007], [117.82365494978124, -34.47889776552007], [117.84865494978125, -34.47889776552007]]]}, "properties": {"layer": "Slope", "slope_degrees": 1.59, "slope_class": "Low slope", "slope_risk": 12}}, {"type": "Feature", "geometry": {"type": "Polygon", "coordinates": [[[117.87365494978125, -34.47889776552007], [117.87365494978125, -34.45389776552007], [117.84865494978125, -34.45389776552007], [117.84865494978125, -34.47889776552007], [117.87365494978125, -34.47889776552007]]]}, "properties": {"layer": "Slope", "slope_degrees": 1.73, "slope_class": "Low slope", "slope_risk": 12}}, {"type": "Feature", "geometry": {"type": "Polygon", "coordinates": [[[117.89865494978126, -34.47889776552007], [117.89865494978126, -34.45389776552007], [117.87365494978125, -34.45389776552007], [117.87365494978125, -34.47889776552007], [117.89865494978126, -34.47889776552007]]]}, "properties": {"layer": "Slope", "slope_degrees": 0.84, "slope_class": "Low slope", "slope_risk": 12}}, {"type": "Feature", "geometry": {"type": "Polygon", "coordinates": [[[117.92365494978127, -34.47889776552007], [117.92365494978127, -34.45389776552007], [117.89865494978126, -34.45389776552007], [117.89865494978126, -34.47889776552007], [117.92365494978127, -34.47889776552007]]]}, "properties": {"layer": "Slope", "slope_degrees": 5.46, "slope_class": "Moderate slope", "slope_risk": 14}}, {"type": "Feature", "geometry": {"type": "Polygon", "coordinates": [[[117.94865494978127, -34.47889776552007], [117.94865494978127, -34.45389776552007], [117.92365494978127, -34.45389776552007], [117.92365494978127, -34.47889776552007], [117.94865494978127, -34.47889776552007]]]}, "properties": {"layer": "Slope", "slope_degrees": 2.12, "slope_class": "Low slope", "slope_risk": 12}}, {"type": "Feature", "geometry": {"type": "Polygon", "coordinates": [[[117.97365494978128, -34.47889776552007], [117.97365494978128, -34.45389776552007], [117.94865494978127, -34.45389776552007], [117.94865494978127, -34.47889776552007], [117.97365494978128, -34.47889776552007]]]}, "properties": {"layer": "Slope", "slope_degrees": 1.75, "slope_class": "Low slope", "slope_risk": 12}}, {"type": "Feature", "geometry": {"type": "Polygon", "coordinates": [[[117.99865494978128, -34.47889776552007], [117.99865494978128, -34.45389776552007], [117.97365494978128, -34.45389776552007], [117.97365494978128, -34.47889776552007], [117.99865494978128, -34.47889776552007]]]}, "properties": {"layer": "Slope", "slope_degrees": 2.46, "slope_class": "Low slope", "slope_risk": 12}}, {"type": "Feature", "geometry": {"type": "Polygon", "coordinates": [[[116.92365494978104, -34.45389776552007], [116.92365494978104, -34.42889776552007], [116.89865494978103, -34.42889776552007], [116.89865494978103, -34.45389776552007], [116.92365494978104, -34.45389776552007]]]}, "properties": {"layer": "Slope", "slope_degrees": 1.75, "slope_class": "Low slope", "slope_risk": 12}}, {"type": "Feature", "geometry": {"type": "Polygon", "coordinates": [[[116.94865494978104, -34.45389776552007], [116.94865494978104, -34.42889776552007], [116.92365494978104, -34.42889776552007], [116.92365494978104, -34.45389776552007], [116.94865494978104, -34.45389776552007]]]}, "properties": {"layer": "Slope", "slope_degrees": 2.81, "slope_class": "Low slope", "slope_risk": 12}}, {"type": "Feature", "geometry": {"type": "Polygon", "coordinates": [[[116.97365494978105, -34.45389776552007], [116.97365494978105, -34.42889776552007], [116.94865494978104, -34.42889776552007], [116.94865494978104, -34.45389776552007], [116.97365494978105, -34.45389776552007]]]}, "properties": {"layer": "Slope", "slope_degrees": 2.32, "slope_class": "Low slope", "slope_risk": 12}}, {"type": "Feature", "geometry": {"type": "Polygon", "coordinates": [[[116.99865494978106, -34.45389776552007], [116.99865494978106, -34.42889776552007], [116.97365494978105, -34.42889776552007], [116.97365494978105, -34.45389776552007], [116.99865494978106, -34.45389776552007]]]}, "properties": {"layer": "Slope", "slope_degrees": 3.22, "slope_class": "Low slope", "slope_risk": 12}}, {"type": "Feature", "geometry": {"type": "Polygon", "coordinates": [[[117.02365494978106, -34.45389776552007], [117.02365494978106, -34.42889776552007], [116.99865494978106, -34.42889776552007], [116.99865494978106, -34.45389776552007], [117.02365494978106, -34.45389776552007]]]}, "properties": {"layer": "Slope", "slope_degrees": 7.38, "slope_class": "Moderate slope", "slope_risk": 21}}, {"type": "Feature", "geometry": {"type": "Polygon", "coordinates": [[[117.04865494978107, -34.45389776552007], [117.04865494978107, -34.42889776552007], [117.02365494978106, -34.42889776552007], [117.02365494978106, -34.45389776552007], [117.04865494978107, -34.45389776552007]]]}, "properties": {"layer": "Slope", "slope_degrees": 1.15, "slope_class": "Low slope", "slope_risk": 12}}, {"type": "Feature", "geometry": {"type": "Polygon", "coordinates": [[[117.07365494978107, -34.45389776552007], [117.07365494978107, -34.42889776552007], [117.04865494978107, -34.42889776552007], [117.04865494978107, -34.45389776552007], [117.07365494978107, -34.45389776552007]]]}, "properties": {"layer": "Slope", "slope_degrees": 1.02, "slope_class": "Low slope", "slope_risk": 12}}, {"type": "Feature", "geometry": {"type": "Polygon", "coordinates": [[[117.09865494978108, -34.45389776552007], [117.09865494978108, -34.42889776552007], [117.07365494978107, -34.42889776552007], [117.07365494978107, -34.45389776552007], [117.09865494978108, -34.45389776552007]]]}, "properties": {"layer": "Slope", "slope_degrees": 3.12, "slope_class": "Low slope", "slope_risk": 12}}, {"type": "Feature", "geometry": {"type": "Polygon", "coordinates": [[[117.12365494978108, -34.45389776552007], [117.12365494978108, -34.42889776552007], [117.09865494978108, -34.42889776552007], [117.09865494978108, -34.45389776552007], [117.12365494978108, -34.45389776552007]]]}, "properties": {"layer": "Slope", "slope_degrees": 0.75, "slope_class": "Low slope", "slope_risk": 12}}, {"type": "Feature", "geometry": {"type": "Polygon", "coordinates": [[[117.14865494978109, -34.45389776552007], [117.14865494978109, -34.42889776552007], [117.12365494978108, -34.42889776552007], [117.12365494978108, -34.45389776552007], [117.14865494978109, -34.45389776552007]]]}, "properties": {"layer": "Slope", "slope_degrees": 2.99, "slope_class": "Low slope", "slope_risk": 12}}, {"type": "Feature", "geometry": {"type": "Polygon", "coordinates": [[[117.1736549497811, -34.45389776552007], [117.1736549497811, -34.42889776552007], [117.14865494978109, -34.42889776552007], [117.14865494978109, -34.45389776552007], [117.1736549497811, -34.45389776552007]]]}, "properties": {"layer": "Slope", "slope_degrees": 1.91, "slope_class": "Low slope", "slope_risk": 12}}, {"type": "Feature", "geometry": {"type": "Polygon", "coordinates": [[[117.1986549497811, -34.45389776552007], [117.1986549497811, -34.42889776552007], [117.1736549497811, -34.42889776552007], [117.1736549497811, -34.45389776552007], [117.1986549497811, -34.45389776552007]]]}, "properties": {"layer": "Slope", "slope_degrees": 1.98, "slope_class": "Low slope", "slope_risk": 12}}, {"type": "Feature", "geometry": {"type": "Polygon", "coordinates": [[[117.2236549497811, -34.45389776552007], [117.2236549497811, -34.42889776552007], [117.1986549497811, -34.42889776552007], [117.1986549497811, -34.45389776552007], [117.2236549497811, -34.45389776552007]]]}, "properties": {"layer": "Slope", "slope_degrees": 1.5, "slope_class": "Low slope", "slope_risk": 12}}, {"type": "Feature", "geometry": {"type": "Polygon", "coordinates": [[[117.24865494978111, -34.45389776552007], [117.24865494978111, -34.42889776552007], [117.2236549497811, -34.42889776552007], [117.2236549497811, -34.45389776552007], [117.24865494978111, -34.45389776552007]]]}, "properties": {"layer": "Slope", "slope_degrees": 1.15, "slope_class": "Low slope", "slope_risk": 12}}, {"type": "Feature", "geometry": {"type": "Polygon", "coordinates": [[[117.27365494978112, -34.45389776552007], [117.27365494978112, -34.42889776552007], [117.24865494978111, -34.42889776552007], [117.24865494978111, -34.45389776552007], [117.27365494978112, -34.45389776552007]]]}, "properties": {"layer": "Slope", "slope_degrees": 1.14, "slope_class": "Low slope", "slope_risk": 12}}, {"type": "Feature", "geometry": {"type": "Polygon", "coordinates": [[[117.29865494978112, -34.45389776552007], [117.29865494978112, -34.42889776552007], [117.27365494978112, -34.42889776552007], [117.27365494978112, -34.45389776552007], [117.29865494978112, -34.45389776552007]]]}, "properties": {"layer": "Slope", "slope_degrees": 5.62, "slope_class": "Moderate slope", "slope_risk": 14}}, {"type": "Feature", "geometry": {"type": "Polygon", "coordinates": [[[117.32365494978113, -34.45389776552007], [117.32365494978113, -34.42889776552007], [117.29865494978112, -34.42889776552007], [117.29865494978112, -34.45389776552007], [117.32365494978113, -34.45389776552007]]]}, "properties": {"layer": "Slope", "slope_degrees": 3.21, "slope_class": "Low slope", "slope_risk": 12}}, {"type": "Feature", "geometry": {"type": "Polygon", "coordinates": [[[117.34865494978114, -34.45389776552007], [117.34865494978114, -34.42889776552007], [117.32365494978113, -34.42889776552007], [117.32365494978113, -34.45389776552007], [117.34865494978114, -34.45389776552007]]]}, "properties": {"layer": "Slope", "slope_degrees": 2.39, "slope_class": "Low slope", "slope_risk": 12}}, {"type": "Feature", "geometry": {"type": "Polygon", "coordinates": [[[117.37365494978114, -34.45389776552007], [117.37365494978114, -34.42889776552007], [117.34865494978114, -34.42889776552007], [117.34865494978114, -34.45389776552007], [117.37365494978114, -34.45389776552007]]]}, "properties": {"layer": "Slope", "slope_degrees": 1.6, "slope_class": "Low slope", "slope_risk": 12}}, {"type": "Feature", "geometry": {"type": "Polygon", "coordinates": [[[117.39865494978115, -34.45389776552007], [117.39865494978115, -34.42889776552007], [117.37365494978114, -34.42889776552007], [117.37365494978114, -34.45389776552007], [117.39865494978115, -34.45389776552007]]]}, "properties": {"layer": "Slope", "slope_degrees": 0.44, "slope_class": "Low slope", "slope_risk": 12}}, {"type": "Feature", "geometry": {"type": "Polygon", "coordinates": [[[117.42365494978115, -34.45389776552007], [117.42365494978115, -34.42889776552007], [117.39865494978115, -34.42889776552007], [117.39865494978115, -34.45389776552007], [117.42365494978115, -34.45389776552007]]]}, "properties": {"layer": "Slope", "slope_degrees": 2.5, "slope_class": "Low slope", "slope_risk": 12}}, {"type": "Feature", "geometry": {"type": "Polygon", "coordinates": [[[117.44865494978116, -34.45389776552007], [117.44865494978116, -34.42889776552007], [117.42365494978115, -34.42889776552007], [117.42365494978115, -34.45389776552007], [117.44865494978116, -34.45389776552007]]]}, "properties": {"layer": "Slope", "slope_degrees": 0.55, "slope_class": "Low slope", "slope_risk": 12}}, {"type": "Feature", "geometry": {"type": "Polygon", "coordinates": [[[117.47365494978116, -34.45389776552007], [117.47365494978116, -34.42889776552007], [117.44865494978116, -34.42889776552007], [117.44865494978116, -34.45389776552007], [117.47365494978116, -34.45389776552007]]]}, "properties": {"layer": "Slope", "slope_degrees": 1.74, "slope_class": "Low slope", "slope_risk": 12}}, {"type": "Feature", "geometry": {"type": "Polygon", "coordinates": [[[117.49865494978117, -34.45389776552007], [117.49865494978117, -34.42889776552007], [117.47365494978116, -34.42889776552007], [117.47365494978116, -34.45389776552007], [117.49865494978117, -34.45389776552007]]]}, "properties": {"layer": "Slope", "slope_degrees": 2.34, "slope_class": "Low slope", "slope_risk": 12}}, {"type": "Feature", "geometry": {"type": "Polygon", "coordinates": [[[117.52365494978118, -34.45389776552007], [117.52365494978118, -34.42889776552007], [117.49865494978117, -34.42889776552007], [117.49865494978117, -34.45389776552007], [117.52365494978118, -34.45389776552007]]]}, "properties": {"layer": "Slope", "slope_degrees": 2.16, "slope_class": "Low slope", "slope_risk": 12}}, {"type": "Feature", "geometry": {"type": "Polygon", "coordinates": [[[117.54865494978118, -34.45389776552007], [117.54865494978118, -34.42889776552007], [117.52365494978118, -34.42889776552007], [117.52365494978118, -34.45389776552007], [117.54865494978118, -34.45389776552007]]]}, "properties": {"layer": "Slope", "slope_degrees": 0.62, "slope_class": "Low slope", "slope_risk": 12}}, {"type": "Feature", "geometry": {"type": "Polygon", "coordinates": [[[117.57365494978119, -34.45389776552007], [117.57365494978119, -34.42889776552007], [117.54865494978118, -34.42889776552007], [117.54865494978118, -34.45389776552007], [117.57365494978119, -34.45389776552007]]]}, "properties": {"layer": "Slope", "slope_degrees": 1.72, "slope_class": "Low slope", "slope_risk": 12}}, {"type": "Feature", "geometry": {"type": "Polygon", "coordinates": [[[117.59865494978119, -34.45389776552007], [117.59865494978119, -34.42889776552007], [117.57365494978119, -34.42889776552007], [117.57365494978119, -34.45389776552007], [117.59865494978119, -34.45389776552007]]]}, "properties": {"layer": "Slope", "slope_degrees": 3.78, "slope_class": "Low slope", "slope_risk": 12}}, {"type": "Feature", "geometry": {"type": "Polygon", "coordinates": [[[117.6236549497812, -34.45389776552007], [117.6236549497812, -34.42889776552007], [117.59865494978119, -34.42889776552007], [117.59865494978119, -34.45389776552007], [117.6236549497812, -34.45389776552007]]]}, "properties": {"layer": "Slope", "slope_degrees": 1.36, "slope_class": "Low slope", "slope_risk": 12}}, {"type": "Feature", "geometry": {"type": "Polygon", "coordinates": [[[117.6486549497812, -34.45389776552007], [117.6486549497812, -34.42889776552007], [117.6236549497812, -34.42889776552007], [117.6236549497812, -34.45389776552007], [117.6486549497812, -34.45389776552007]]]}, "properties": {"layer": "Slope", "slope_degrees": 4.73, "slope_class": "Low slope", "slope_risk": 12}}, {"type": "Feature", "geometry": {"type": "Polygon", "coordinates": [[[117.67365494978121, -34.45389776552007], [117.67365494978121, -34.42889776552007], [117.6486549497812, -34.42889776552007], [117.6486549497812, -34.45389776552007], [117.67365494978121, -34.45389776552007]]]}, "properties": {"layer": "Slope", "slope_degrees": 4.74, "slope_class": "Low slope", "slope_risk": 12}}, {"type": "Feature", "geometry": {"type": "Polygon", "coordinates": [[[117.69865494978121, -34.45389776552007], [117.69865494978121, -34.42889776552007], [117.67365494978121, -34.42889776552007], [117.67365494978121, -34.45389776552007], [117.69865494978121, -34.45389776552007]]]}, "properties": {"layer": "Slope", "slope_degrees": 2.89, "slope_class": "Low slope", "slope_risk": 12}}, {"type": "Feature", "geometry": {"type": "Polygon", "coordinates": [[[117.72365494978122, -34.45389776552007], [117.72365494978122, -34.42889776552007], [117.69865494978121, -34.42889776552007], [117.69865494978121, -34.45389776552007], [117.72365494978122, -34.45389776552007]]]}, "properties": {"layer": "Slope", "slope_degrees": 1.6, "slope_class": "Low slope", "slope_risk": 12}}, {"type": "Feature", "geometry": {"type": "Polygon", "coordinates": [[[117.74865494978123, -34.45389776552007], [117.74865494978123, -34.42889776552007], [117.72365494978122, -34.42889776552007], [117.72365494978122, -34.45389776552007], [117.74865494978123, -34.45389776552007]]]}, "properties": {"layer": "Slope", "slope_degrees": 1.16, "slope_class": "Low slope", "slope_risk": 12}}, {"type": "Feature", "geometry": {"type": "Polygon", "coordinates": [[[117.77365494978123, -34.45389776552007], [117.77365494978123, -34.42889776552007], [117.74865494978123, -34.42889776552007], [117.74865494978123, -34.45389776552007], [117.77365494978123, -34.45389776552007]]]}, "properties": {"layer": "Slope", "slope_degrees": 0.72, "slope_class": "Low slope", "slope_risk": 12}}, {"type": "Feature", "geometry": {"type": "Polygon", "coordinates": [[[117.79865494978124, -34.45389776552007], [117.79865494978124, -34.42889776552007], [117.77365494978123, -34.42889776552007], [117.77365494978123, -34.45389776552007], [117.79865494978124, -34.45389776552007]]]}, "properties": {"layer": "Slope", "slope_degrees": 1.87, "slope_class": "Low slope", "slope_risk": 12}}, {"type": "Feature", "geometry": {"type": "Polygon", "coordinates": [[[117.82365494978124, -34.45389776552007], [117.82365494978124, -34.42889776552007], [117.79865494978124, -34.42889776552007], [117.79865494978124, -34.45389776552007], [117.82365494978124, -34.45389776552007]]]}, "properties": {"layer": "Slope", "slope_degrees": 3.07, "slope_class": "Low slope", "slope_risk": 12}}, {"type": "Feature", "geometry": {"type": "Polygon", "coordinates": [[[117.84865494978125, -34.45389776552007], [117.84865494978125, -34.42889776552007], [117.82365494978124, -34.42889776552007], [117.82365494978124, -34.45389776552007], [117.84865494978125, -34.45389776552007]]]}, "properties": {"layer": "Slope", "slope_degrees": 1.33, "slope_class": "Low slope", "slope_risk": 12}}, {"type": "Feature", "geometry": {"type": "Polygon", "coordinates": [[[117.87365494978125, -34.45389776552007], [117.87365494978125, -34.42889776552007], [117.84865494978125, -34.42889776552007], [117.84865494978125, -34.45389776552007], [117.87365494978125, -34.45389776552007]]]}, "properties": {"layer": "Slope", "slope_degrees": 3.74, "slope_class": "Low slope", "slope_risk": 12}}, {"type": "Feature", "geometry": {"type": "Polygon", "coordinates": [[[117.89865494978126, -34.45389776552007], [117.89865494978126, -34.42889776552007], [117.87365494978125, -34.42889776552007], [117.87365494978125, -34.45389776552007], [117.89865494978126, -34.45389776552007]]]}, "properties": {"layer": "Slope", "slope_degrees": 6.15, "slope_class": "Moderate slope", "slope_risk": 16}}, {"type": "Feature", "geometry": {"type": "Polygon", "coordinates": [[[117.92365494978127, -34.45389776552007], [117.92365494978127, -34.42889776552007], [117.89865494978126, -34.42889776552007], [117.89865494978126, -34.45389776552007], [117.92365494978127, -34.45389776552007]]]}, "properties": {"layer": "Slope", "slope_degrees": 9.35, "slope_class": "Moderate slope", "slope_risk": 29}}, {"type": "Feature", "geometry": {"type": "Polygon", "coordinates": [[[117.94865494978127, -34.45389776552007], [117.94865494978127, -34.42889776552007], [117.92365494978127, -34.42889776552007], [117.92365494978127, -34.45389776552007], [117.94865494978127, -34.45389776552007]]]}, "properties": {"layer": "Slope", "slope_degrees": 8.72, "slope_class": "Moderate slope", "slope_risk": 26}}, {"type": "Feature", "geometry": {"type": "Polygon", "coordinates": [[[117.97365494978128, -34.45389776552007], [117.97365494978128, -34.42889776552007], [117.94865494978127, -34.42889776552007], [117.94865494978127, -34.45389776552007], [117.97365494978128, -34.45389776552007]]]}, "properties": {"layer": "Slope", "slope_degrees": 20.58, "slope_class": "Steep slope", "slope_risk": 70}}, {"type": "Feature", "geometry": {"type": "Polygon", "coordinates": [[[117.99865494978128, -34.45389776552007], [117.99865494978128, -34.42889776552007], [117.97365494978128, -34.42889776552007], [117.97365494978128, -34.45389776552007], [117.99865494978128, -34.45389776552007]]]}, "properties": {"layer": "Slope", "slope_degrees": 6.83, "slope_class": "Moderate slope", "slope_risk": 19}}, {"type": "Feature", "geometry": {"type": "Polygon", "coordinates": [[[116.92365494978104, -34.42889776552007], [116.92365494978104, -34.40389776552007], [116.89865494978103, -34.40389776552007], [116.89865494978103, -34.42889776552007], [116.92365494978104, -34.42889776552007]]]}, "properties": {"layer": "Slope", "slope_degrees": 2.94, "slope_class": "Low slope", "slope_risk": 12}}, {"type": "Feature", "geometry": {"type": "Polygon", "coordinates": [[[116.94865494978104, -34.42889776552007], [116.94865494978104, -34.40389776552007], [116.92365494978104, -34.40389776552007], [116.92365494978104, -34.42889776552007], [116.94865494978104, -34.42889776552007]]]}, "properties": {"layer": "Slope", "slope_degrees": 5.08, "slope_class": "Moderate slope", "slope_risk": 12}}, {"type": "Feature", "geometry": {"type": "Polygon", "coordinates": [[[116.97365494978105, -34.42889776552007], [116.97365494978105, -34.40389776552007], [116.94865494978104, -34.40389776552007], [116.94865494978104, -34.42889776552007], [116.97365494978105, -34.42889776552007]]]}, "properties": {"layer": "Slope", "slope_degrees": 4.06, "slope_class": "Low slope", "slope_risk": 12}}, {"type": "Feature", "geometry": {"type": "Polygon", "coordinates": [[[116.99865494978106, -34.42889776552007], [116.99865494978106, -34.40389776552007], [116.97365494978105, -34.40389776552007], [116.97365494978105, -34.42889776552007], [116.99865494978106, -34.42889776552007]]]}, "properties": {"layer": "Slope", "slope_degrees": 3.32, "slope_class": "Low slope", "slope_risk": 12}}, {"type": "Feature", "geometry": {"type": "Polygon", "coordinates": [[[117.02365494978106, -34.42889776552007], [117.02365494978106, -34.40389776552007], [116.99865494978106, -34.40389776552007], [116.99865494978106, -34.42889776552007], [117.02365494978106, -34.42889776552007]]]}, "properties": {"layer": "Slope", "slope_degrees": 6.1, "slope_class": "Moderate slope", "slope_risk": 16}}, {"type": "Feature", "geometry": {"type": "Polygon", "coordinates": [[[117.04865494978107, -34.42889776552007], [117.04865494978107, -34.40389776552007], [117.02365494978106, -34.40389776552007], [117.02365494978106, -34.42889776552007], [117.04865494978107, -34.42889776552007]]]}, "properties": {"layer": "Slope", "slope_degrees": 3.02, "slope_class": "Low slope", "slope_risk": 12}}, {"type": "Feature", "geometry": {"type": "Polygon", "coordinates": [[[117.07365494978107, -34.42889776552007], [117.07365494978107, -34.40389776552007], [117.04865494978107, -34.40389776552007], [117.04865494978107, -34.42889776552007], [117.07365494978107, -34.42889776552007]]]}, "properties": {"layer": "Slope", "slope_degrees": 2.7, "slope_class": "Low slope", "slope_risk": 12}}, {"type": "Feature", "geometry": {"type": "Polygon", "coordinates": [[[117.09865494978108, -34.42889776552007], [117.09865494978108, -34.40389776552007], [117.07365494978107, -34.40389776552007], [117.07365494978107, -34.42889776552007], [117.09865494978108, -34.42889776552007]]]}, "properties": {"layer": "Slope", "slope_degrees": 2.75, "slope_class": "Low slope", "slope_risk": 12}}, {"type": "Feature", "geometry": {"type": "Polygon", "coordinates": [[[117.12365494978108, -34.42889776552007], [117.12365494978108, -34.40389776552007], [117.09865494978108, -34.40389776552007], [117.09865494978108, -34.42889776552007], [117.12365494978108, -34.42889776552007]]]}, "properties": {"layer": "Slope", "slope_degrees": 2.97, "slope_class": "Low slope", "slope_risk": 12}}, {"type": "Feature", "geometry": {"type": "Polygon", "coordinates": [[[117.14865494978109, -34.42889776552007], [117.14865494978109, -34.40389776552007], [117.12365494978108, -34.40389776552007], [117.12365494978108, -34.42889776552007], [117.14865494978109, -34.42889776552007]]]}, "properties": {"layer": "Slope", "slope_degrees": 2.94, "slope_class": "Low slope", "slope_risk": 12}}, {"type": "Feature", "geometry": {"type": "Polygon", "coordinates": [[[117.1736549497811, -34.42889776552007], [117.1736549497811, -34.40389776552007], [117.14865494978109, -34.40389776552007], [117.14865494978109, -34.42889776552007], [117.1736549497811, -34.42889776552007]]]}, "properties": {"layer": "Slope", "slope_degrees": 3.15, "slope_class": "Low slope", "slope_risk": 12}}, {"type": "Feature", "geometry": {"type": "Polygon", "coordinates": [[[117.1986549497811, -34.42889776552007], [117.1986549497811, -34.40389776552007], [117.1736549497811, -34.40389776552007], [117.1736549497811, -34.42889776552007], [117.1986549497811, -34.42889776552007]]]}, "properties": {"layer": "Slope", "slope_degrees": 2.39, "slope_class": "Low slope", "slope_risk": 12}}, {"type": "Feature", "geometry": {"type": "Polygon", "coordinates": [[[117.2236549497811, -34.42889776552007], [117.2236549497811, -34.40389776552007], [117.1986549497811, -34.40389776552007], [117.1986549497811, -34.42889776552007], [117.2236549497811, -34.42889776552007]]]}, "properties": {"layer": "Slope", "slope_degrees": 1.17, "slope_class": "Low slope", "slope_risk": 12}}, {"type": "Feature", "geometry": {"type": "Polygon", "coordinates": [[[117.24865494978111, -34.42889776552007], [117.24865494978111, -34.40389776552007], [117.2236549497811, -34.40389776552007], [117.2236549497811, -34.42889776552007], [117.24865494978111, -34.42889776552007]]]}, "properties": {"layer": "Slope", "slope_degrees": 1.09, "slope_class": "Low slope", "slope_risk": 12}}, {"type": "Feature", "geometry": {"type": "Polygon", "coordinates": [[[117.27365494978112, -34.42889776552007], [117.27365494978112, -34.40389776552007], [117.24865494978111, -34.40389776552007], [117.24865494978111, -34.42889776552007], [117.27365494978112, -34.42889776552007]]]}, "properties": {"layer": "Slope", "slope_degrees": 3.43, "slope_class": "Low slope", "slope_risk": 12}}, {"type": "Feature", "geometry": {"type": "Polygon", "coordinates": [[[117.29865494978112, -34.42889776552007], [117.29865494978112, -34.40389776552007], [117.27365494978112, -34.40389776552007], [117.27365494978112, -34.42889776552007], [117.29865494978112, -34.42889776552007]]]}, "properties": {"layer": "Slope", "slope_degrees": 0.9, "slope_class": "Low slope", "slope_risk": 12}}, {"type": "Feature", "geometry": {"type": "Polygon", "coordinates": [[[117.32365494978113, -34.42889776552007], [117.32365494978113, -34.40389776552007], [117.29865494978112, -34.40389776552007], [117.29865494978112, -34.42889776552007], [117.32365494978113, -34.42889776552007]]]}, "properties": {"layer": "Slope", "slope_degrees": 2.14, "slope_class": "Low slope", "slope_risk": 12}}, {"type": "Feature", "geometry": {"type": "Polygon", "coordinates": [[[117.34865494978114, -34.42889776552007], [117.34865494978114, -34.40389776552007], [117.32365494978113, -34.40389776552007], [117.32365494978113, -34.42889776552007], [117.34865494978114, -34.42889776552007]]]}, "properties": {"layer": "Slope", "slope_degrees": 1.49, "slope_class": "Low slope", "slope_risk": 12}}, {"type": "Feature", "geometry": {"type": "Polygon", "coordinates": [[[117.37365494978114, -34.42889776552007], [117.37365494978114, -34.40389776552007], [117.34865494978114, -34.40389776552007], [117.34865494978114, -34.42889776552007], [117.37365494978114, -34.42889776552007]]]}, "properties": {"layer": "Slope", "slope_degrees": 2.78, "slope_class": "Low slope", "slope_risk": 12}}, {"type": "Feature", "geometry": {"type": "Polygon", "coordinates": [[[117.39865494978115, -34.42889776552007], [117.39865494978115, -34.40389776552007], [117.37365494978114, -34.40389776552007], [117.37365494978114, -34.42889776552007], [117.39865494978115, -34.42889776552007]]]}, "properties": {"layer": "Slope", "slope_degrees": 1.08, "slope_class": "Low slope", "slope_risk": 12}}, {"type": "Feature", "geometry": {"type": "Polygon", "coordinates": [[[117.42365494978115, -34.42889776552007], [117.42365494978115, -34.40389776552007], [117.39865494978115, -34.40389776552007], [117.39865494978115, -34.42889776552007], [117.42365494978115, -34.42889776552007]]]}, "properties": {"layer": "Slope", "slope_degrees": 3.56, "slope_class": "Low slope", "slope_risk": 12}}, {"type": "Feature", "geometry": {"type": "Polygon", "coordinates": [[[117.44865494978116, -34.42889776552007], [117.44865494978116, -34.40389776552007], [117.42365494978115, -34.40389776552007], [117.42365494978115, -34.42889776552007], [117.44865494978116, -34.42889776552007]]]}, "properties": {"layer": "Slope", "slope_degrees": 1.04, "slope_class": "Low slope", "slope_risk": 12}}, {"type": "Feature", "geometry": {"type": "Polygon", "coordinates": [[[117.47365494978116, -34.42889776552007], [117.47365494978116, -34.40389776552007], [117.44865494978116, -34.40389776552007], [117.44865494978116, -34.42889776552007], [117.47365494978116, -34.42889776552007]]]}, "properties": {"layer": "Slope", "slope_degrees": 0.99, "slope_class": "Low slope", "slope_risk": 12}}, {"type": "Feature", "geometry": {"type": "Polygon", "coordinates": [[[117.49865494978117, -34.42889776552007], [117.49865494978117, -34.40389776552007], [117.47365494978116, -34.40389776552007], [117.47365494978116, -34.42889776552007], [117.49865494978117, -34.42889776552007]]]}, "properties": {"layer": "Slope", "slope_degrees": 2.32, "slope_class": "Low slope", "slope_risk": 12}}, {"type": "Feature", "geometry": {"type": "Polygon", "coordinates": [[[117.52365494978118, -34.42889776552007], [117.52365494978118, -34.40389776552007], [117.49865494978117, -34.40389776552007], [117.49865494978117, -34.42889776552007], [117.52365494978118, -34.42889776552007]]]}, "properties": {"layer": "Slope", "slope_degrees": 3.74, "slope_class": "Low slope", "slope_risk": 12}}, {"type": "Feature", "geometry": {"type": "Polygon", "coordinates": [[[117.54865494978118, -34.42889776552007], [117.54865494978118, -34.40389776552007], [117.52365494978118, -34.40389776552007], [117.52365494978118, -34.42889776552007], [117.54865494978118, -34.42889776552007]]]}, "properties": {"layer": "Slope", "slope_degrees": 0.75, "slope_class": "Low slope", "slope_risk": 12}}, {"type": "Feature", "geometry": {"type": "Polygon", "coordinates": [[[117.57365494978119, -34.42889776552007], [117.57365494978119, -34.40389776552007], [117.54865494978118, -34.40389776552007], [117.54865494978118, -34.42889776552007], [117.57365494978119, -34.42889776552007]]]}, "properties": {"layer": "Slope", "slope_degrees": 1.74, "slope_class": "Low slope", "slope_risk": 12}}, {"type": "Feature", "geometry": {"type": "Polygon", "coordinates": [[[117.59865494978119, -34.42889776552007], [117.59865494978119, -34.40389776552007], [117.57365494978119, -34.40389776552007], [117.57365494978119, -34.42889776552007], [117.59865494978119, -34.42889776552007]]]}, "properties": {"layer": "Slope", "slope_degrees": 2.34, "slope_class": "Low slope", "slope_risk": 12}}, {"type": "Feature", "geometry": {"type": "Polygon", "coordinates": [[[117.6236549497812, -34.42889776552007], [117.6236549497812, -34.40389776552007], [117.59865494978119, -34.40389776552007], [117.59865494978119, -34.42889776552007], [117.6236549497812, -34.42889776552007]]]}, "properties": {"layer": "Slope", "slope_degrees": 2.24, "slope_class": "Low slope", "slope_risk": 12}}, {"type": "Feature", "geometry": {"type": "Polygon", "coordinates": [[[117.6486549497812, -34.42889776552007], [117.6486549497812, -34.40389776552007], [117.6236549497812, -34.40389776552007], [117.6236549497812, -34.42889776552007], [117.6486549497812, -34.42889776552007]]]}, "properties": {"layer": "Slope", "slope_degrees": 1.65, "slope_class": "Low slope", "slope_risk": 12}}, {"type": "Feature", "geometry": {"type": "Polygon", "coordinates": [[[117.67365494978121, -34.42889776552007], [117.67365494978121, -34.40389776552007], [117.6486549497812, -34.40389776552007], [117.6486549497812, -34.42889776552007], [117.67365494978121, -34.42889776552007]]]}, "properties": {"layer": "Slope", "slope_degrees": 0.67, "slope_class": "Low slope", "slope_risk": 12}}, {"type": "Feature", "geometry": {"type": "Polygon", "coordinates": [[[117.69865494978121, -34.42889776552007], [117.69865494978121, -34.40389776552007], [117.67365494978121, -34.40389776552007], [117.67365494978121, -34.42889776552007], [117.69865494978121, -34.42889776552007]]]}, "properties": {"layer": "Slope", "slope_degrees": 4.4, "slope_class": "Low slope", "slope_risk": 12}}, {"type": "Feature", "geometry": {"type": "Polygon", "coordinates": [[[117.72365494978122, -34.42889776552007], [117.72365494978122, -34.40389776552007], [117.69865494978121, -34.40389776552007], [117.69865494978121, -34.42889776552007], [117.72365494978122, -34.42889776552007]]]}, "properties": {"layer": "Slope", "slope_degrees": 2.85, "slope_class": "Low slope", "slope_risk": 12}}, {"type": "Feature", "geometry": {"type": "Polygon", "coordinates": [[[117.74865494978123, -34.42889776552007], [117.74865494978123, -34.40389776552007], [117.72365494978122, -34.40389776552007], [117.72365494978122, -34.42889776552007], [117.74865494978123, -34.42889776552007]]]}, "properties": {"layer": "Slope", "slope_degrees": 2.09, "slope_class": "Low slope", "slope_risk": 12}}, {"type": "Feature", "geometry": {"type": "Polygon", "coordinates": [[[117.77365494978123, -34.42889776552007], [117.77365494978123, -34.40389776552007], [117.74865494978123, -34.40389776552007], [117.74865494978123, -34.42889776552007], [117.77365494978123, -34.42889776552007]]]}, "properties": {"layer": "Slope", "slope_degrees": 0.64, "slope_class": "Low slope", "slope_risk": 12}}, {"type": "Feature", "geometry": {"type": "Polygon", "coordinates": [[[117.79865494978124, -34.42889776552007], [117.79865494978124, -34.40389776552007], [117.77365494978123, -34.40389776552007], [117.77365494978123, -34.42889776552007], [117.79865494978124, -34.42889776552007]]]}, "properties": {"layer": "Slope", "slope_degrees": 1.21, "slope_class": "Low slope", "slope_risk": 12}}, {"type": "Feature", "geometry": {"type": "Polygon", "coordinates": [[[117.82365494978124, -34.42889776552007], [117.82365494978124, -34.40389776552007], [117.79865494978124, -34.40389776552007], [117.79865494978124, -34.42889776552007], [117.82365494978124, -34.42889776552007]]]}, "properties": {"layer": "Slope", "slope_degrees": 32.36, "slope_class": "Very steep slope", "slope_risk": 100}}, {"type": "Feature", "geometry": {"type": "Polygon", "coordinates": [[[117.84865494978125, -34.42889776552007], [117.84865494978125, -34.40389776552007], [117.82365494978124, -34.40389776552007], [117.82365494978124, -34.42889776552007], [117.84865494978125, -34.42889776552007]]]}, "properties": {"layer": "Slope", "slope_degrees": 8.94, "slope_class": "Moderate slope", "slope_risk": 27}}, {"type": "Feature", "geometry": {"type": "Polygon", "coordinates": [[[117.87365494978125, -34.42889776552007], [117.87365494978125, -34.40389776552007], [117.84865494978125, -34.40389776552007], [117.84865494978125, -34.42889776552007], [117.87365494978125, -34.42889776552007]]]}, "properties": {"layer": "Slope", "slope_degrees": 12.13, "slope_class": "Moderate slope", "slope_risk": 39}}, {"type": "Feature", "geometry": {"type": "Polygon", "coordinates": [[[117.89865494978126, -34.42889776552007], [117.89865494978126, -34.40389776552007], [117.87365494978125, -34.40389776552007], [117.87365494978125, -34.42889776552007], [117.89865494978126, -34.42889776552007]]]}, "properties": {"layer": "Slope", "slope_degrees": 3.83, "slope_class": "Low slope", "slope_risk": 12}}, {"type": "Feature", "geometry": {"type": "Polygon", "coordinates": [[[117.92365494978127, -34.42889776552007], [117.92365494978127, -34.40389776552007], [117.89865494978126, -34.40389776552007], [117.89865494978126, -34.42889776552007], [117.92365494978127, -34.42889776552007]]]}, "properties": {"layer": "Slope", "slope_degrees": 2.38, "slope_class": "Low slope", "slope_risk": 12}}, {"type": "Feature", "geometry": {"type": "Polygon", "coordinates": [[[117.94865494978127, -34.42889776552007], [117.94865494978127, -34.40389776552007], [117.92365494978127, -34.40389776552007], [117.92365494978127, -34.42889776552007], [117.94865494978127, -34.42889776552007]]]}, "properties": {"layer": "Slope", "slope_degrees": 34.66, "slope_class": "Very steep slope", "slope_risk": 100}}, {"type": "Feature", "geometry": {"type": "Polygon", "coordinates": [[[117.97365494978128, -34.42889776552007], [117.97365494978128, -34.40389776552007], [117.94865494978127, -34.40389776552007], [117.94865494978127, -34.42889776552007], [117.97365494978128, -34.42889776552007]]]}, "properties": {"layer": "Slope", "slope_degrees": 6.85, "slope_class": "Moderate slope", "slope_risk": 19}}, {"type": "Feature", "geometry": {"type": "Polygon", "coordinates": [[[117.99865494978128, -34.42889776552007], [117.99865494978128, -34.40389776552007], [117.97365494978128, -34.40389776552007], [117.97365494978128, -34.42889776552007], [117.99865494978128, -34.42889776552007]]]}, "properties": {"layer": "Slope", "slope_degrees": 2.48, "slope_class": "Low slope", "slope_risk": 12}}, {"type": "Feature", "geometry": {"type": "Polygon", "coordinates": [[[116.92365494978104, -34.40389776552007], [116.92365494978104, -34.37889776552007], [116.89865494978103, -34.37889776552007], [116.89865494978103, -34.40389776552007], [116.92365494978104, -34.40389776552007]]]}, "properties": {"layer": "Slope", "slope_degrees": 3.96, "slope_class": "Low slope", "slope_risk": 12}}, {"type": "Feature", "geometry": {"type": "Polygon", "coordinates": [[[116.94865494978104, -34.40389776552007], [116.94865494978104, -34.37889776552007], [116.92365494978104, -34.37889776552007], [116.92365494978104, -34.40389776552007], [116.94865494978104, -34.40389776552007]]]}, "properties": {"layer": "Slope", "slope_degrees": 3.19, "slope_class": "Low slope", "slope_risk": 12}}, {"type": "Feature", "geometry": {"type": "Polygon", "coordinates": [[[116.97365494978105, -34.40389776552007], [116.97365494978105, -34.37889776552007], [116.94865494978104, -34.37889776552007], [116.94865494978104, -34.40389776552007], [116.97365494978105, -34.40389776552007]]]}, "properties": {"layer": "Slope", "slope_degrees": 2.8, "slope_class": "Low slope", "slope_risk": 12}}, {"type": "Feature", "geometry": {"type": "Polygon", "coordinates": [[[116.99865494978106, -34.40389776552007], [116.99865494978106, -34.37889776552007], [116.97365494978105, -34.37889776552007], [116.97365494978105, -34.40389776552007], [116.99865494978106, -34.40389776552007]]]}, "properties": {"layer": "Slope", "slope_degrees": 1.92, "slope_class": "Low slope", "slope_risk": 12}}, {"type": "Feature", "geometry": {"type": "Polygon", "coordinates": [[[117.02365494978106, -34.40389776552007], [117.02365494978106, -34.37889776552007], [116.99865494978106, -34.37889776552007], [116.99865494978106, -34.40389776552007], [117.02365494978106, -34.40389776552007]]]}, "properties": {"layer": "Slope", "slope_degrees": 4.78, "slope_class": "Low slope", "slope_risk": 12}}, {"type": "Feature", "geometry": {"type": "Polygon", "coordinates": [[[117.04865494978107, -34.40389776552007], [117.04865494978107, -34.37889776552007], [117.02365494978106, -34.37889776552007], [117.02365494978106, -34.40389776552007], [117.04865494978107, -34.40389776552007]]]}, "properties": {"layer": "Slope", "slope_degrees": 1.92, "slope_class": "Low slope", "slope_risk": 12}}, {"type": "Feature", "geometry": {"type": "Polygon", "coordinates": [[[117.07365494978107, -34.40389776552007], [117.07365494978107, -34.37889776552007], [117.04865494978107, -34.37889776552007], [117.04865494978107, -34.40389776552007], [117.07365494978107, -34.40389776552007]]]}, "properties": {"layer": "Slope", "slope_degrees": 1.0, "slope_class": "Low slope", "slope_risk": 12}}, {"type": "Feature", "geometry": {"type": "Polygon", "coordinates": [[[117.09865494978108, -34.40389776552007], [117.09865494978108, -34.37889776552007], [117.07365494978107, -34.37889776552007], [117.07365494978107, -34.40389776552007], [117.09865494978108, -34.40389776552007]]]}, "properties": {"layer": "Slope", "slope_degrees": 1.53, "slope_class": "Low slope", "slope_risk": 12}}, {"type": "Feature", "geometry": {"type": "Polygon", "coordinates": [[[117.12365494978108, -34.40389776552007], [117.12365494978108, -34.37889776552007], [117.09865494978108, -34.37889776552007], [117.09865494978108, -34.40389776552007], [117.12365494978108, -34.40389776552007]]]}, "properties": {"layer": "Slope", "slope_degrees": 1.11, "slope_class": "Low slope", "slope_risk": 12}}, {"type": "Feature", "geometry": {"type": "Polygon", "coordinates": [[[117.14865494978109, -34.40389776552007], [117.14865494978109, -34.37889776552007], [117.12365494978108, -34.37889776552007], [117.12365494978108, -34.40389776552007], [117.14865494978109, -34.40389776552007]]]}, "properties": {"layer": "Slope", "slope_degrees": 3.14, "slope_class": "Low slope", "slope_risk": 12}}, {"type": "Feature", "geometry": {"type": "Polygon", "coordinates": [[[117.1736549497811, -34.40389776552007], [117.1736549497811, -34.37889776552007], [117.14865494978109, -34.37889776552007], [117.14865494978109, -34.40389776552007], [117.1736549497811, -34.40389776552007]]]}, "properties": {"layer": "Slope", "slope_degrees": 4.44, "slope_class": "Low slope", "slope_risk": 12}}, {"type": "Feature", "geometry": {"type": "Polygon", "coordinates": [[[117.1986549497811, -34.40389776552007], [117.1986549497811, -34.37889776552007], [117.1736549497811, -34.37889776552007], [117.1736549497811, -34.40389776552007], [117.1986549497811, -34.40389776552007]]]}, "properties": {"layer": "Slope", "slope_degrees": 2.8, "slope_class": "Low slope", "slope_risk": 12}}, {"type": "Feature", "geometry": {"type": "Polygon", "coordinates": [[[117.2236549497811, -34.40389776552007], [117.2236549497811, -34.37889776552007], [117.1986549497811, -34.37889776552007], [117.1986549497811, -34.40389776552007], [117.2236549497811, -34.40389776552007]]]}, "properties": {"layer": "Slope", "slope_degrees": 2.37, "slope_class": "Low slope", "slope_risk": 12}}, {"type": "Feature", "geometry": {"type": "Polygon", "coordinates": [[[117.24865494978111, -34.40389776552007], [117.24865494978111, -34.37889776552007], [117.2236549497811, -34.37889776552007], [117.2236549497811, -34.40389776552007], [117.24865494978111, -34.40389776552007]]]}, "properties": {"layer": "Slope", "slope_degrees": 2.16, "slope_class": "Low slope", "slope_risk": 12}}, {"type": "Feature", "geometry": {"type": "Polygon", "coordinates": [[[117.27365494978112, -34.40389776552007], [117.27365494978112, -34.37889776552007], [117.24865494978111, -34.37889776552007], [117.24865494978111, -34.40389776552007], [117.27365494978112, -34.40389776552007]]]}, "properties": {"layer": "Slope", "slope_degrees": 3.69, "slope_class": "Low slope", "slope_risk": 12}}, {"type": "Feature", "geometry": {"type": "Polygon", "coordinates": [[[117.29865494978112, -34.40389776552007], [117.29865494978112, -34.37889776552007], [117.27365494978112, -34.37889776552007], [117.27365494978112, -34.40389776552007], [117.29865494978112, -34.40389776552007]]]}, "properties": {"layer": "Slope", "slope_degrees": 2.89, "slope_class": "Low slope", "slope_risk": 12}}, {"type": "Feature", "geometry": {"type": "Polygon", "coordinates": [[[117.32365494978113, -34.40389776552007], [117.32365494978113, -34.37889776552007], [117.29865494978112, -34.37889776552007], [117.29865494978112, -34.40389776552007], [117.32365494978113, -34.40389776552007]]]}, "properties": {"layer": "Slope", "slope_degrees": 3.42, "slope_class": "Low slope", "slope_risk": 12}}, {"type": "Feature", "geometry": {"type": "Polygon", "coordinates": [[[117.34865494978114, -34.40389776552007], [117.34865494978114, -34.37889776552007], [117.32365494978113, -34.37889776552007], [117.32365494978113, -34.40389776552007], [117.34865494978114, -34.40389776552007]]]}, "properties": {"layer": "Slope", "slope_degrees": 2.15, "slope_class": "Low slope", "slope_risk": 12}}, {"type": "Feature", "geometry": {"type": "Polygon", "coordinates": [[[117.37365494978114, -34.40389776552007], [117.37365494978114, -34.37889776552007], [117.34865494978114, -34.37889776552007], [117.34865494978114, -34.40389776552007], [117.37365494978114, -34.40389776552007]]]}, "properties": {"layer": "Slope", "slope_degrees": 1.49, "slope_class": "Low slope", "slope_risk": 12}}, {"type": "Feature", "geometry": {"type": "Polygon", "coordinates": [[[117.39865494978115, -34.40389776552007], [117.39865494978115, -34.37889776552007], [117.37365494978114, -34.37889776552007], [117.37365494978114, -34.40389776552007], [117.39865494978115, -34.40389776552007]]]}, "properties": {"layer": "Slope", "slope_degrees": 2.69, "slope_class": "Low slope", "slope_risk": 12}}, {"type": "Feature", "geometry": {"type": "Polygon", "coordinates": [[[117.42365494978115, -34.40389776552007], [117.42365494978115, -34.37889776552007], [117.39865494978115, -34.37889776552007], [117.39865494978115, -34.40389776552007], [117.42365494978115, -34.40389776552007]]]}, "properties": {"layer": "Slope", "slope_degrees": 3.69, "slope_class": "Low slope", "slope_risk": 12}}, {"type": "Feature", "geometry": {"type": "Polygon", "coordinates": [[[117.44865494978116, -34.40389776552007], [117.44865494978116, -34.37889776552007], [117.42365494978115, -34.37889776552007], [117.42365494978115, -34.40389776552007], [117.44865494978116, -34.40389776552007]]]}, "properties": {"layer": "Slope", "slope_degrees": 4.23, "slope_class": "Low slope", "slope_risk": 12}}, {"type": "Feature", "geometry": {"type": "Polygon", "coordinates": [[[117.47365494978116, -34.40389776552007], [117.47365494978116, -34.37889776552007], [117.44865494978116, -34.37889776552007], [117.44865494978116, -34.40389776552007], [117.47365494978116, -34.40389776552007]]]}, "properties": {"layer": "Slope", "slope_degrees": 3.08, "slope_class": "Low slope", "slope_risk": 12}}, {"type": "Feature", "geometry": {"type": "Polygon", "coordinates": [[[117.49865494978117, -34.40389776552007], [117.49865494978117, -34.37889776552007], [117.47365494978116, -34.37889776552007], [117.47365494978116, -34.40389776552007], [117.49865494978117, -34.40389776552007]]]}, "properties": {"layer": "Slope", "slope_degrees": 3.28, "slope_class": "Low slope", "slope_risk": 12}}, {"type": "Feature", "geometry": {"type": "Polygon", "coordinates": [[[117.52365494978118, -34.40389776552007], [117.52365494978118, -34.37889776552007], [117.49865494978117, -34.37889776552007], [117.49865494978117, -34.40389776552007], [117.52365494978118, -34.40389776552007]]]}, "properties": {"layer": "Slope", "slope_degrees": 1.42, "slope_class": "Low slope", "slope_risk": 12}}, {"type": "Feature", "geometry": {"type": "Polygon", "coordinates": [[[117.54865494978118, -34.40389776552007], [117.54865494978118, -34.37889776552007], [117.52365494978118, -34.37889776552007], [117.52365494978118, -34.40389776552007], [117.54865494978118, -34.40389776552007]]]}, "properties": {"layer": "Slope", "slope_degrees": 2.96, "slope_class": "Low slope", "slope_risk": 12}}, {"type": "Feature", "geometry": {"type": "Polygon", "coordinates": [[[117.57365494978119, -34.40389776552007], [117.57365494978119, -34.37889776552007], [117.54865494978118, -34.37889776552007], [117.54865494978118, -34.40389776552007], [117.57365494978119, -34.40389776552007]]]}, "properties": {"layer": "Slope", "slope_degrees": 4.61, "slope_class": "Low slope", "slope_risk": 12}}, {"type": "Feature", "geometry": {"type": "Polygon", "coordinates": [[[117.59865494978119, -34.40389776552007], [117.59865494978119, -34.37889776552007], [117.57365494978119, -34.37889776552007], [117.57365494978119, -34.40389776552007], [117.59865494978119, -34.40389776552007]]]}, "properties": {"layer": "Slope", "slope_degrees": 1.01, "slope_class": "Low slope", "slope_risk": 12}}, {"type": "Feature", "geometry": {"type": "Polygon", "coordinates": [[[117.6236549497812, -34.40389776552007], [117.6236549497812, -34.37889776552007], [117.59865494978119, -34.37889776552007], [117.59865494978119, -34.40389776552007], [117.6236549497812, -34.40389776552007]]]}, "properties": {"layer": "Slope", "slope_degrees": 2.04, "slope_class": "Low slope", "slope_risk": 12}}, {"type": "Feature", "geometry": {"type": "Polygon", "coordinates": [[[117.6486549497812, -34.40389776552007], [117.6486549497812, -34.37889776552007], [117.6236549497812, -34.37889776552007], [117.6236549497812, -34.40389776552007], [117.6486549497812, -34.40389776552007]]]}, "properties": {"layer": "Slope", "slope_degrees": 2.1, "slope_class": "Low slope", "slope_risk": 12}}, {"type": "Feature", "geometry": {"type": "Polygon", "coordinates": [[[117.67365494978121, -34.40389776552007], [117.67365494978121, -34.37889776552007], [117.6486549497812, -34.37889776552007], [117.6486549497812, -34.40389776552007], [117.67365494978121, -34.40389776552007]]]}, "properties": {"layer": "Slope", "slope_degrees": 6.75, "slope_class": "Moderate slope", "slope_risk": 19}}, {"type": "Feature", "geometry": {"type": "Polygon", "coordinates": [[[117.69865494978121, -34.40389776552007], [117.69865494978121, -34.37889776552007], [117.67365494978121, -34.37889776552007], [117.67365494978121, -34.40389776552007], [117.69865494978121, -34.40389776552007]]]}, "properties": {"layer": "Slope", "slope_degrees": 2.31, "slope_class": "Low slope", "slope_risk": 12}}, {"type": "Feature", "geometry": {"type": "Polygon", "coordinates": [[[117.72365494978122, -34.40389776552007], [117.72365494978122, -34.37889776552007], [117.69865494978121, -34.37889776552007], [117.69865494978121, -34.40389776552007], [117.72365494978122, -34.40389776552007]]]}, "properties": {"layer": "Slope", "slope_degrees": 1.87, "slope_class": "Low slope", "slope_risk": 12}}, {"type": "Feature", "geometry": {"type": "Polygon", "coordinates": [[[117.74865494978123, -34.40389776552007], [117.74865494978123, -34.37889776552007], [117.72365494978122, -34.37889776552007], [117.72365494978122, -34.40389776552007], [117.74865494978123, -34.40389776552007]]]}, "properties": {"layer": "Slope", "slope_degrees": 1.38, "slope_class": "Low slope", "slope_risk": 12}}, {"type": "Feature", "geometry": {"type": "Polygon", "coordinates": [[[117.77365494978123, -34.40389776552007], [117.77365494978123, -34.37889776552007], [117.74865494978123, -34.37889776552007], [117.74865494978123, -34.40389776552007], [117.77365494978123, -34.40389776552007]]]}, "properties": {"layer": "Slope", "slope_degrees": 5.83, "slope_class": "Moderate slope", "slope_risk": 15}}, {"type": "Feature", "geometry": {"type": "Polygon", "coordinates": [[[117.79865494978124, -34.40389776552007], [117.79865494978124, -34.37889776552007], [117.77365494978123, -34.37889776552007], [117.77365494978123, -34.40389776552007], [117.79865494978124, -34.40389776552007]]]}, "properties": {"layer": "Slope", "slope_degrees": 4.68, "slope_class": "Low slope", "slope_risk": 12}}, {"type": "Feature", "geometry": {"type": "Polygon", "coordinates": [[[117.82365494978124, -34.40389776552007], [117.82365494978124, -34.37889776552007], [117.79865494978124, -34.37889776552007], [117.79865494978124, -34.40389776552007], [117.82365494978124, -34.40389776552007]]]}, "properties": {"layer": "Slope", "slope_degrees": 19.81, "slope_class": "Steep slope", "slope_risk": 67}}, {"type": "Feature", "geometry": {"type": "Polygon", "coordinates": [[[117.84865494978125, -34.40389776552007], [117.84865494978125, -34.37889776552007], [117.82365494978124, -34.37889776552007], [117.82365494978124, -34.40389776552007], [117.84865494978125, -34.40389776552007]]]}, "properties": {"layer": "Slope", "slope_degrees": 2.89, "slope_class": "Low slope", "slope_risk": 12}}, {"type": "Feature", "geometry": {"type": "Polygon", "coordinates": [[[117.87365494978125, -34.40389776552007], [117.87365494978125, -34.37889776552007], [117.84865494978125, -34.37889776552007], [117.84865494978125, -34.40389776552007], [117.87365494978125, -34.40389776552007]]]}, "properties": {"layer": "Slope", "slope_degrees": 1.46, "slope_class": "Low slope", "slope_risk": 12}}, {"type": "Feature", "geometry": {"type": "Polygon", "coordinates": [[[117.89865494978126, -34.40389776552007], [117.89865494978126, -34.37889776552007], [117.87365494978125, -34.37889776552007], [117.87365494978125, -34.40389776552007], [117.89865494978126, -34.40389776552007]]]}, "properties": {"layer": "Slope", "slope_degrees": 3.26, "slope_class": "Low slope", "slope_risk": 12}}, {"type": "Feature", "geometry": {"type": "Polygon", "coordinates": [[[117.92365494978127, -34.40389776552007], [117.92365494978127, -34.37889776552007], [117.89865494978126, -34.37889776552007], [117.89865494978126, -34.40389776552007], [117.92365494978127, -34.40389776552007]]]}, "properties": {"layer": "Slope", "slope_degrees": 14.73, "slope_class": "Moderate slope", "slope_risk": 49}}, {"type": "Feature", "geometry": {"type": "Polygon", "coordinates": [[[117.94865494978127, -34.40389776552007], [117.94865494978127, -34.37889776552007], [117.92365494978127, -34.37889776552007], [117.92365494978127, -34.40389776552007], [117.94865494978127, -34.40389776552007]]]}, "properties": {"layer": "Slope", "slope_degrees": 24.63, "slope_class": "Steep slope", "slope_risk": 84}}, {"type": "Feature", "geometry": {"type": "Polygon", "coordinates": [[[117.97365494978128, -34.40389776552007], [117.97365494978128, -34.37889776552007], [117.94865494978127, -34.37889776552007], [117.94865494978127, -34.40389776552007], [117.97365494978128, -34.40389776552007]]]}, "properties": {"layer": "Slope", "slope_degrees": 18.45, "slope_class": "Steep slope", "slope_risk": 62}}, {"type": "Feature", "geometry": {"type": "Polygon", "coordinates": [[[117.99865494978128, -34.40389776552007], [117.99865494978128, -34.37889776552007], [117.97365494978128, -34.37889776552007], [117.97365494978128, -34.40389776552007], [117.99865494978128, -34.40389776552007]]]}, "properties": {"layer": "Slope", "slope_degrees": 0.95, "slope_class": "Low slope", "slope_risk": 12}}, {"type": "Feature", "geometry": {"type": "Polygon", "coordinates": [[[116.92365494978104, -34.37889776552007], [116.92365494978104, -34.353897765520074], [116.89865494978103, -34.353897765520074], [116.89865494978103, -34.37889776552007], [116.92365494978104, -34.37889776552007]]]}, "properties": {"layer": "Slope", "slope_degrees": 2.5, "slope_class": "Low slope", "slope_risk": 12}}, {"type": "Feature", "geometry": {"type": "Polygon", "coordinates": [[[116.94865494978104, -34.37889776552007], [116.94865494978104, -34.353897765520074], [116.92365494978104, -34.353897765520074], [116.92365494978104, -34.37889776552007], [116.94865494978104, -34.37889776552007]]]}, "properties": {"layer": "Slope", "slope_degrees": 5.03, "slope_class": "Moderate slope", "slope_risk": 12}}, {"type": "Feature", "geometry": {"type": "Polygon", "coordinates": [[[116.97365494978105, -34.37889776552007], [116.97365494978105, -34.353897765520074], [116.94865494978104, -34.353897765520074], [116.94865494978104, -34.37889776552007], [116.97365494978105, -34.37889776552007]]]}, "properties": {"layer": "Slope", "slope_degrees": 2.33, "slope_class": "Low slope", "slope_risk": 12}}, {"type": "Feature", "geometry": {"type": "Polygon", "coordinates": [[[116.99865494978106, -34.37889776552007], [116.99865494978106, -34.353897765520074], [116.97365494978105, -34.353897765520074], [116.97365494978105, -34.37889776552007], [116.99865494978106, -34.37889776552007]]]}, "properties": {"layer": "Slope", "slope_degrees": 1.37, "slope_class": "Low slope", "slope_risk": 12}}, {"type": "Feature", "geometry": {"type": "Polygon", "coordinates": [[[117.02365494978106, -34.37889776552007], [117.02365494978106, -34.353897765520074], [116.99865494978106, -34.353897765520074], [116.99865494978106, -34.37889776552007], [117.02365494978106, -34.37889776552007]]]}, "properties": {"layer": "Slope", "slope_degrees": 5.93, "slope_class": "Moderate slope", "slope_risk": 16}}, {"type": "Feature", "geometry": {"type": "Polygon", "coordinates": [[[117.04865494978107, -34.37889776552007], [117.04865494978107, -34.353897765520074], [117.02365494978106, -34.353897765520074], [117.02365494978106, -34.37889776552007], [117.04865494978107, -34.37889776552007]]]}, "properties": {"layer": "Slope", "slope_degrees": 2.01, "slope_class": "Low slope", "slope_risk": 12}}, {"type": "Feature", "geometry": {"type": "Polygon", "coordinates": [[[117.07365494978107, -34.37889776552007], [117.07365494978107, -34.353897765520074], [117.04865494978107, -34.353897765520074], [117.04865494978107, -34.37889776552007], [117.07365494978107, -34.37889776552007]]]}, "properties": {"layer": "Slope", "slope_degrees": 2.36, "slope_class": "Low slope", "slope_risk": 12}}, {"type": "Feature", "geometry": {"type": "Polygon", "coordinates": [[[117.09865494978108, -34.37889776552007], [117.09865494978108, -34.353897765520074], [117.07365494978107, -34.353897765520074], [117.07365494978107, -34.37889776552007], [117.09865494978108, -34.37889776552007]]]}, "properties": {"layer": "Slope", "slope_degrees": 3.93, "slope_class": "Low slope", "slope_risk": 12}}, {"type": "Feature", "geometry": {"type": "Polygon", "coordinates": [[[117.12365494978108, -34.37889776552007], [117.12365494978108, -34.353897765520074], [117.09865494978108, -34.353897765520074], [117.09865494978108, -34.37889776552007], [117.12365494978108, -34.37889776552007]]]}, "properties": {"layer": "Slope", "slope_degrees": 2.33, "slope_class": "Low slope", "slope_risk": 12}}, {"type": "Feature", "geometry": {"type": "Polygon", "coordinates": [[[117.14865494978109, -34.37889776552007], [117.14865494978109, -34.353897765520074], [117.12365494978108, -34.353897765520074], [117.12365494978108, -34.37889776552007], [117.14865494978109, -34.37889776552007]]]}, "properties": {"layer": "Slope", "slope_degrees": 3.18, "slope_class": "Low slope", "slope_risk": 12}}, {"type": "Feature", "geometry": {"type": "Polygon", "coordinates": [[[117.1736549497811, -34.37889776552007], [117.1736549497811, -34.353897765520074], [117.14865494978109, -34.353897765520074], [117.14865494978109, -34.37889776552007], [117.1736549497811, -34.37889776552007]]]}, "properties": {"layer": "Slope", "slope_degrees": 3.24, "slope_class": "Low slope", "slope_risk": 12}}, {"type": "Feature", "geometry": {"type": "Polygon", "coordinates": [[[117.1986549497811, -34.37889776552007], [117.1986549497811, -34.353897765520074], [117.1736549497811, -34.353897765520074], [117.1736549497811, -34.37889776552007], [117.1986549497811, -34.37889776552007]]]}, "properties": {"layer": "Slope", "slope_degrees": 2.34, "slope_class": "Low slope", "slope_risk": 12}}, {"type": "Feature", "geometry": {"type": "Polygon", "coordinates": [[[117.2236549497811, -34.37889776552007], [117.2236549497811, -34.353897765520074], [117.1986549497811, -34.353897765520074], [117.1986549497811, -34.37889776552007], [117.2236549497811, -34.37889776552007]]]}, "properties": {"layer": "Slope", "slope_degrees": 2.12, "slope_class": "Low slope", "slope_risk": 12}}, {"type": "Feature", "geometry": {"type": "Polygon", "coordinates": [[[117.24865494978111, -34.37889776552007], [117.24865494978111, -34.353897765520074], [117.2236549497811, -34.353897765520074], [117.2236549497811, -34.37889776552007], [117.24865494978111, -34.37889776552007]]]}, "properties": {"layer": "Slope", "slope_degrees": 2.54, "slope_class": "Low slope", "slope_risk": 12}}, {"type": "Feature", "geometry": {"type": "Polygon", "coordinates": [[[117.27365494978112, -34.37889776552007], [117.27365494978112, -34.353897765520074], [117.24865494978111, -34.353897765520074], [117.24865494978111, -34.37889776552007], [117.27365494978112, -34.37889776552007]]]}, "properties": {"layer": "Slope", "slope_degrees": 2.11, "slope_class": "Low slope", "slope_risk": 12}}, {"type": "Feature", "geometry": {"type": "Polygon", "coordinates": [[[117.29865494978112, -34.37889776552007], [117.29865494978112, -34.353897765520074], [117.27365494978112, -34.353897765520074], [117.27365494978112, -34.37889776552007], [117.29865494978112, -34.37889776552007]]]}, "properties": {"layer": "Slope", "slope_degrees": 0.33, "slope_class": "Low slope", "slope_risk": 12}}, {"type": "Feature", "geometry": {"type": "Polygon", "coordinates": [[[117.32365494978113, -34.37889776552007], [117.32365494978113, -34.353897765520074], [117.29865494978112, -34.353897765520074], [117.29865494978112, -34.37889776552007], [117.32365494978113, -34.37889776552007]]]}, "properties": {"layer": "Slope", "slope_degrees": 1.31, "slope_class": "Low slope", "slope_risk": 12}}, {"type": "Feature", "geometry": {"type": "Polygon", "coordinates": [[[117.34865494978114, -34.37889776552007], [117.34865494978114, -34.353897765520074], [117.32365494978113, -34.353897765520074], [117.32365494978113, -34.37889776552007], [117.34865494978114, -34.37889776552007]]]}, "properties": {"layer": "Slope", "slope_degrees": 3.65, "slope_class": "Low slope", "slope_risk": 12}}, {"type": "Feature", "geometry": {"type": "Polygon", "coordinates": [[[117.37365494978114, -34.37889776552007], [117.37365494978114, -34.353897765520074], [117.34865494978114, -34.353897765520074], [117.34865494978114, -34.37889776552007], [117.37365494978114, -34.37889776552007]]]}, "properties": {"layer": "Slope", "slope_degrees": 1.18, "slope_class": "Low slope", "slope_risk": 12}}, {"type": "Feature", "geometry": {"type": "Polygon", "coordinates": [[[117.39865494978115, -34.37889776552007], [117.39865494978115, -34.353897765520074], [117.37365494978114, -34.353897765520074], [117.37365494978114, -34.37889776552007], [117.39865494978115, -34.37889776552007]]]}, "properties": {"layer": "Slope", "slope_degrees": 2.91, "slope_class": "Low slope", "slope_risk": 12}}, {"type": "Feature", "geometry": {"type": "Polygon", "coordinates": [[[117.42365494978115, -34.37889776552007], [117.42365494978115, -34.353897765520074], [117.39865494978115, -34.353897765520074], [117.39865494978115, -34.37889776552007], [117.42365494978115, -34.37889776552007]]]}, "properties": {"layer": "Slope", "slope_degrees": 1.64, "slope_class": "Low slope", "slope_risk": 12}}, {"type": "Feature", "geometry": {"type": "Polygon", "coordinates": [[[117.44865494978116, -34.37889776552007], [117.44865494978116, -34.353897765520074], [117.42365494978115, -34.353897765520074], [117.42365494978115, -34.37889776552007], [117.44865494978116, -34.37889776552007]]]}, "properties": {"layer": "Slope", "slope_degrees": 2.63, "slope_class": "Low slope", "slope_risk": 12}}, {"type": "Feature", "geometry": {"type": "Polygon", "coordinates": [[[117.47365494978116, -34.37889776552007], [117.47365494978116, -34.353897765520074], [117.44865494978116, -34.353897765520074], [117.44865494978116, -34.37889776552007], [117.47365494978116, -34.37889776552007]]]}, "properties": {"layer": "Slope", "slope_degrees": 4.3, "slope_class": "Low slope", "slope_risk": 12}}, {"type": "Feature", "geometry": {"type": "Polygon", "coordinates": [[[117.49865494978117, -34.37889776552007], [117.49865494978117, -34.353897765520074], [117.47365494978116, -34.353897765520074], [117.47365494978116, -34.37889776552007], [117.49865494978117, -34.37889776552007]]]}, "properties": {"layer": "Slope", "slope_degrees": 1.69, "slope_class": "Low slope", "slope_risk": 12}}, {"type": "Feature", "geometry": {"type": "Polygon", "coordinates": [[[117.52365494978118, -34.37889776552007], [117.52365494978118, -34.353897765520074], [117.49865494978117, -34.353897765520074], [117.49865494978117, -34.37889776552007], [117.52365494978118, -34.37889776552007]]]}, "properties": {"layer": "Slope", "slope_degrees": 0.7, "slope_class": "Low slope", "slope_risk": 12}}, {"type": "Feature", "geometry": {"type": "Polygon", "coordinates": [[[117.54865494978118, -34.37889776552007], [117.54865494978118, -34.353897765520074], [117.52365494978118, -34.353897765520074], [117.52365494978118, -34.37889776552007], [117.54865494978118, -34.37889776552007]]]}, "properties": {"layer": "Slope", "slope_degrees": 3.28, "slope_class": "Low slope", "slope_risk": 12}}, {"type": "Feature", "geometry": {"type": "Polygon", "coordinates": [[[117.57365494978119, -34.37889776552007], [117.57365494978119, -34.353897765520074], [117.54865494978118, -34.353897765520074], [117.54865494978118, -34.37889776552007], [117.57365494978119, -34.37889776552007]]]}, "properties": {"layer": "Slope", "slope_degrees": 1.31, "slope_class": "Low slope", "slope_risk": 12}}, {"type": "Feature", "geometry": {"type": "Polygon", "coordinates": [[[117.59865494978119, -34.37889776552007], [117.59865494978119, -34.353897765520074], [117.57365494978119, -34.353897765520074], [117.57365494978119, -34.37889776552007], [117.59865494978119, -34.37889776552007]]]}, "properties": {"layer": "Slope", "slope_degrees": 5.56, "slope_class": "Moderate slope", "slope_risk": 14}}, {"type": "Feature", "geometry": {"type": "Polygon", "coordinates": [[[117.6236549497812, -34.37889776552007], [117.6236549497812, -34.353897765520074], [117.59865494978119, -34.353897765520074], [117.59865494978119, -34.37889776552007], [117.6236549497812, -34.37889776552007]]]}, "properties": {"layer": "Slope", "slope_degrees": 4.23, "slope_class": "Low slope", "slope_risk": 12}}, {"type": "Feature", "geometry": {"type": "Polygon", "coordinates": [[[117.6486549497812, -34.37889776552007], [117.6486549497812, -34.353897765520074], [117.6236549497812, -34.353897765520074], [117.6236549497812, -34.37889776552007], [117.6486549497812, -34.37889776552007]]]}, "properties": {"layer": "Slope", "slope_degrees": 2.34, "slope_class": "Low slope", "slope_risk": 12}}, {"type": "Feature", "geometry": {"type": "Polygon", "coordinates": [[[117.67365494978121, -34.37889776552007], [117.67365494978121, -34.353897765520074], [117.6486549497812, -34.353897765520074], [117.6486549497812, -34.37889776552007], [117.67365494978121, -34.37889776552007]]]}, "properties": {"layer": "Slope", "slope_degrees": 5.04, "slope_class": "Moderate slope", "slope_risk": 12}}, {"type": "Feature", "geometry": {"type": "Polygon", "coordinates": [[[117.69865494978121, -34.37889776552007], [117.69865494978121, -34.353897765520074], [117.67365494978121, -34.353897765520074], [117.67365494978121, -34.37889776552007], [117.69865494978121, -34.37889776552007]]]}, "properties": {"layer": "Slope", "slope_degrees": 1.46, "slope_class": "Low slope", "slope_risk": 12}}, {"type": "Feature", "geometry": {"type": "Polygon", "coordinates": [[[117.72365494978122, -34.37889776552007], [117.72365494978122, -34.353897765520074], [117.69865494978121, -34.353897765520074], [117.69865494978121, -34.37889776552007], [117.72365494978122, -34.37889776552007]]]}, "properties": {"layer": "Slope", "slope_degrees": 3.92, "slope_class": "Low slope", "slope_risk": 12}}, {"type": "Feature", "geometry": {"type": "Polygon", "coordinates": [[[117.74865494978123, -34.37889776552007], [117.74865494978123, -34.353897765520074], [117.72365494978122, -34.353897765520074], [117.72365494978122, -34.37889776552007], [117.74865494978123, -34.37889776552007]]]}, "properties": {"layer": "Slope", "slope_degrees": 21.26, "slope_class": "Steep slope", "slope_risk": 72}}, {"type": "Feature", "geometry": {"type": "Polygon", "coordinates": [[[117.77365494978123, -34.37889776552007], [117.77365494978123, -34.353897765520074], [117.74865494978123, -34.353897765520074], [117.74865494978123, -34.37889776552007], [117.77365494978123, -34.37889776552007]]]}, "properties": {"layer": "Slope", "slope_degrees": 2.76, "slope_class": "Low slope", "slope_risk": 12}}, {"type": "Feature", "geometry": {"type": "Polygon", "coordinates": [[[117.79865494978124, -34.37889776552007], [117.79865494978124, -34.353897765520074], [117.77365494978123, -34.353897765520074], [117.77365494978123, -34.37889776552007], [117.79865494978124, -34.37889776552007]]]}, "properties": {"layer": "Slope", "slope_degrees": 7.81, "slope_class": "Moderate slope", "slope_risk": 23}}, {"type": "Feature", "geometry": {"type": "Polygon", "coordinates": [[[117.82365494978124, -34.37889776552007], [117.82365494978124, -34.353897765520074], [117.79865494978124, -34.353897765520074], [117.79865494978124, -34.37889776552007], [117.82365494978124, -34.37889776552007]]]}, "properties": {"layer": "Slope", "slope_degrees": 5.26, "slope_class": "Moderate slope", "slope_risk": 13}}, {"type": "Feature", "geometry": {"type": "Polygon", "coordinates": [[[117.84865494978125, -34.37889776552007], [117.84865494978125, -34.353897765520074], [117.82365494978124, -34.353897765520074], [117.82365494978124, -34.37889776552007], [117.84865494978125, -34.37889776552007]]]}, "properties": {"layer": "Slope", "slope_degrees": 2.54, "slope_class": "Low slope", "slope_risk": 12}}, {"type": "Feature", "geometry": {"type": "Polygon", "coordinates": [[[117.87365494978125, -34.37889776552007], [117.87365494978125, -34.353897765520074], [117.84865494978125, -34.353897765520074], [117.84865494978125, -34.37889776552007], [117.87365494978125, -34.37889776552007]]]}, "properties": {"layer": "Slope", "slope_degrees": 10.42, "slope_class": "Moderate slope", "slope_risk": 33}}, {"type": "Feature", "geometry": {"type": "Polygon", "coordinates": [[[117.89865494978126, -34.37889776552007], [117.89865494978126, -34.353897765520074], [117.87365494978125, -34.353897765520074], [117.87365494978125, -34.37889776552007], [117.89865494978126, -34.37889776552007]]]}, "properties": {"layer": "Slope", "slope_degrees": 15.46, "slope_class": "Steep slope", "slope_risk": 52}}, {"type": "Feature", "geometry": {"type": "Polygon", "coordinates": [[[117.92365494978127, -34.37889776552007], [117.92365494978127, -34.353897765520074], [117.89865494978126, -34.353897765520074], [117.89865494978126, -34.37889776552007], [117.92365494978127, -34.37889776552007]]]}, "properties": {"layer": "Slope", "slope_degrees": 15.59, "slope_class": "Steep slope", "slope_risk": 52}}, {"type": "Feature", "geometry": {"type": "Polygon", "coordinates": [[[117.94865494978127, -34.37889776552007], [117.94865494978127, -34.353897765520074], [117.92365494978127, -34.353897765520074], [117.92365494978127, -34.37889776552007], [117.94865494978127, -34.37889776552007]]]}, "properties": {"layer": "Slope", "slope_degrees": 9.95, "slope_class": "Moderate slope", "slope_risk": 31}}, {"type": "Feature", "geometry": {"type": "Polygon", "coordinates": [[[117.97365494978128, -34.37889776552007], [117.97365494978128, -34.353897765520074], [117.94865494978127, -34.353897765520074], [117.94865494978127, -34.37889776552007], [117.97365494978128, -34.37889776552007]]]}, "properties": {"layer": "Slope", "slope_degrees": 6.69, "slope_class": "Moderate slope", "slope_risk": 18}}, {"type": "Feature", "geometry": {"type": "Polygon", "coordinates": [[[117.99865494978128, -34.37889776552007], [117.99865494978128, -34.353897765520074], [117.97365494978128, -34.353897765520074], [117.97365494978128, -34.37889776552007], [117.99865494978128, -34.37889776552007]]]}, "properties": {"layer": "Slope", "slope_degrees": 11.7, "slope_class": "Moderate slope", "slope_risk": 37}}, {"type": "Feature", "geometry": {"type": "Polygon", "coordinates": [[[116.92365494978104, -34.353897765520074], [116.92365494978104, -34.328897765520075], [116.89865494978103, -34.328897765520075], [116.89865494978103, -34.353897765520074], [116.92365494978104, -34.353897765520074]]]}, "properties": {"layer": "Slope", "slope_degrees": 2.98, "slope_class": "Low slope", "slope_risk": 12}}, {"type": "Feature", "geometry": {"type": "Polygon", "coordinates": [[[116.94865494978104, -34.353897765520074], [116.94865494978104, -34.328897765520075], [116.92365494978104, -34.328897765520075], [116.92365494978104, -34.353897765520074], [116.94865494978104, -34.353897765520074]]]}, "properties": {"layer": "Slope", "slope_degrees": 4.39, "slope_class": "Low slope", "slope_risk": 12}}, {"type": "Feature", "geometry": {"type": "Polygon", "coordinates": [[[116.97365494978105, -34.353897765520074], [116.97365494978105, -34.328897765520075], [116.94865494978104, -34.328897765520075], [116.94865494978104, -34.353897765520074], [116.97365494978105, -34.353897765520074]]]}, "properties": {"layer": "Slope", "slope_degrees": 3.54, "slope_class": "Low slope", "slope_risk": 12}}, {"type": "Feature", "geometry": {"type": "Polygon", "coordinates": [[[116.99865494978106, -34.353897765520074], [116.99865494978106, -34.328897765520075], [116.97365494978105, -34.328897765520075], [116.97365494978105, -34.353897765520074], [116.99865494978106, -34.353897765520074]]]}, "properties": {"layer": "Slope", "slope_degrees": 1.45, "slope_class": "Low slope", "slope_risk": 12}}, {"type": "Feature", "geometry": {"type": "Polygon", "coordinates": [[[117.02365494978106, -34.353897765520074], [117.02365494978106, -34.328897765520075], [116.99865494978106, -34.328897765520075], [116.99865494978106, -34.353897765520074], [117.02365494978106, -34.353897765520074]]]}, "properties": {"layer": "Slope", "slope_degrees": 2.28, "slope_class": "Low slope", "slope_risk": 12}}, {"type": "Feature", "geometry": {"type": "Polygon", "coordinates": [[[117.04865494978107, -34.353897765520074], [117.04865494978107, -34.328897765520075], [117.02365494978106, -34.328897765520075], [117.02365494978106, -34.353897765520074], [117.04865494978107, -34.353897765520074]]]}, "properties": {"layer": "Slope", "slope_degrees": 1.74, "slope_class": "Low slope", "slope_risk": 12}}, {"type": "Feature", "geometry": {"type": "Polygon", "coordinates": [[[117.07365494978107, -34.353897765520074], [117.07365494978107, -34.328897765520075], [117.04865494978107, -34.328897765520075], [117.04865494978107, -34.353897765520074], [117.07365494978107, -34.353897765520074]]]}, "properties": {"layer": "Slope", "slope_degrees": 1.98, "slope_class": "Low slope", "slope_risk": 12}}, {"type": "Feature", "geometry": {"type": "Polygon", "coordinates": [[[117.09865494978108, -34.353897765520074], [117.09865494978108, -34.328897765520075], [117.07365494978107, -34.328897765520075], [117.07365494978107, -34.353897765520074], [117.09865494978108, -34.353897765520074]]]}, "properties": {"layer": "Slope", "slope_degrees": 4.62, "slope_class": "Low slope", "slope_risk": 12}}, {"type": "Feature", "geometry": {"type": "Polygon", "coordinates": [[[117.12365494978108, -34.353897765520074], [117.12365494978108, -34.328897765520075], [117.09865494978108, -34.328897765520075], [117.09865494978108, -34.353897765520074], [117.12365494978108, -34.353897765520074]]]}, "properties": {"layer": "Slope", "slope_degrees": 0.87, "slope_class": "Low slope", "slope_risk": 12}}, {"type": "Feature", "geometry": {"type": "Polygon", "coordinates": [[[117.14865494978109, -34.353897765520074], [117.14865494978109, -34.328897765520075], [117.12365494978108, -34.328897765520075], [117.12365494978108, -34.353897765520074], [117.14865494978109, -34.353897765520074]]]}, "properties": {"layer": "Slope", "slope_degrees": 2.2, "slope_class": "Low slope", "slope_risk": 12}}, {"type": "Feature", "geometry": {"type": "Polygon", "coordinates": [[[117.1736549497811, -34.353897765520074], [117.1736549497811, -34.328897765520075], [117.14865494978109, -34.328897765520075], [117.14865494978109, -34.353897765520074], [117.1736549497811, -34.353897765520074]]]}, "properties": {"layer": "Slope", "slope_degrees": 1.96, "slope_class": "Low slope", "slope_risk": 12}}, {"type": "Feature", "geometry": {"type": "Polygon", "coordinates": [[[117.1986549497811, -34.353897765520074], [117.1986549497811, -34.328897765520075], [117.1736549497811, -34.328897765520075], [117.1736549497811, -34.353897765520074], [117.1986549497811, -34.353897765520074]]]}, "properties": {"layer": "Slope", "slope_degrees": 2.17, "slope_class": "Low slope", "slope_risk": 12}}, {"type": "Feature", "geometry": {"type": "Polygon", "coordinates": [[[117.2236549497811, -34.353897765520074], [117.2236549497811, -34.328897765520075], [117.1986549497811, -34.328897765520075], [117.1986549497811, -34.353897765520074], [117.2236549497811, -34.353897765520074]]]}, "properties": {"layer": "Slope", "slope_degrees": 2.97, "slope_class": "Low slope", "slope_risk": 12}}, {"type": "Feature", "geometry": {"type": "Polygon", "coordinates": [[[117.24865494978111, -34.353897765520074], [117.24865494978111, -34.328897765520075], [117.2236549497811, -34.328897765520075], [117.2236549497811, -34.353897765520074], [117.24865494978111, -34.353897765520074]]]}, "properties": {"layer": "Slope", "slope_degrees": 5.13, "slope_class": "Moderate slope", "slope_risk": 13}}, {"type": "Feature", "geometry": {"type": "Polygon", "coordinates": [[[117.27365494978112, -34.353897765520074], [117.27365494978112, -34.328897765520075], [117.24865494978111, -34.328897765520075], [117.24865494978111, -34.353897765520074], [117.27365494978112, -34.353897765520074]]]}, "properties": {"layer": "Slope", "slope_degrees": 5.49, "slope_class": "Moderate slope", "slope_risk": 14}}, {"type": "Feature", "geometry": {"type": "Polygon", "coordinates": [[[117.29865494978112, -34.353897765520074], [117.29865494978112, -34.328897765520075], [117.27365494978112, -34.328897765520075], [117.27365494978112, -34.353897765520074], [117.29865494978112, -34.353897765520074]]]}, "properties": {"layer": "Slope", "slope_degrees": 2.49, "slope_class": "Low slope", "slope_risk": 12}}, {"type": "Feature", "geometry": {"type": "Polygon", "coordinates": [[[117.32365494978113, -34.353897765520074], [117.32365494978113, -34.328897765520075], [117.29865494978112, -34.328897765520075], [117.29865494978112, -34.353897765520074], [117.32365494978113, -34.353897765520074]]]}, "properties": {"layer": "Slope", "slope_degrees": 2.55, "slope_class": "Low slope", "slope_risk": 12}}, {"type": "Feature", "geometry": {"type": "Polygon", "coordinates": [[[117.34865494978114, -34.353897765520074], [117.34865494978114, -34.328897765520075], [117.32365494978113, -34.328897765520075], [117.32365494978113, -34.353897765520074], [117.34865494978114, -34.353897765520074]]]}, "properties": {"layer": "Slope", "slope_degrees": 2.64, "slope_class": "Low slope", "slope_risk": 12}}, {"type": "Feature", "geometry": {"type": "Polygon", "coordinates": [[[117.37365494978114, -34.353897765520074], [117.37365494978114, -34.328897765520075], [117.34865494978114, -34.328897765520075], [117.34865494978114, -34.353897765520074], [117.37365494978114, -34.353897765520074]]]}, "properties": {"layer": "Slope", "slope_degrees": 1.26, "slope_class": "Low slope", "slope_risk": 12}}, {"type": "Feature", "geometry": {"type": "Polygon", "coordinates": [[[117.39865494978115, -34.353897765520074], [117.39865494978115, -34.328897765520075], [117.37365494978114, -34.328897765520075], [117.37365494978114, -34.353897765520074], [117.39865494978115, -34.353897765520074]]]}, "properties": {"layer": "Slope", "slope_degrees": 1.82, "slope_class": "Low slope", "slope_risk": 12}}, {"type": "Feature", "geometry": {"type": "Polygon", "coordinates": [[[117.42365494978115, -34.353897765520074], [117.42365494978115, -34.328897765520075], [117.39865494978115, -34.328897765520075], [117.39865494978115, -34.353897765520074], [117.42365494978115, -34.353897765520074]]]}, "properties": {"layer": "Slope", "slope_degrees": 2.25, "slope_class": "Low slope", "slope_risk": 12}}, {"type": "Feature", "geometry": {"type": "Polygon", "coordinates": [[[117.44865494978116, -34.353897765520074], [117.44865494978116, -34.328897765520075], [117.42365494978115, -34.328897765520075], [117.42365494978115, -34.353897765520074], [117.44865494978116, -34.353897765520074]]]}, "properties": {"layer": "Slope", "slope_degrees": 1.96, "slope_class": "Low slope", "slope_risk": 12}}, {"type": "Feature", "geometry": {"type": "Polygon", "coordinates": [[[117.47365494978116, -34.353897765520074], [117.47365494978116, -34.328897765520075], [117.44865494978116, -34.328897765520075], [117.44865494978116, -34.353897765520074], [117.47365494978116, -34.353897765520074]]]}, "properties": {"layer": "Slope", "slope_degrees": 1.97, "slope_class": "Low slope", "slope_risk": 12}}, {"type": "Feature", "geometry": {"type": "Polygon", "coordinates": [[[117.49865494978117, -34.353897765520074], [117.49865494978117, -34.328897765520075], [117.47365494978116, -34.328897765520075], [117.47365494978116, -34.353897765520074], [117.49865494978117, -34.353897765520074]]]}, "properties": {"layer": "Slope", "slope_degrees": 2.96, "slope_class": "Low slope", "slope_risk": 12}}, {"type": "Feature", "geometry": {"type": "Polygon", "coordinates": [[[117.52365494978118, -34.353897765520074], [117.52365494978118, -34.328897765520075], [117.49865494978117, -34.328897765520075], [117.49865494978117, -34.353897765520074], [117.52365494978118, -34.353897765520074]]]}, "properties": {"layer": "Slope", "slope_degrees": 2.62, "slope_class": "Low slope", "slope_risk": 12}}, {"type": "Feature", "geometry": {"type": "Polygon", "coordinates": [[[117.54865494978118, -34.353897765520074], [117.54865494978118, -34.328897765520075], [117.52365494978118, -34.328897765520075], [117.52365494978118, -34.353897765520074], [117.54865494978118, -34.353897765520074]]]}, "properties": {"layer": "Slope", "slope_degrees": 1.08, "slope_class": "Low slope", "slope_risk": 12}}, {"type": "Feature", "geometry": {"type": "Polygon", "coordinates": [[[117.57365494978119, -34.353897765520074], [117.57365494978119, -34.328897765520075], [117.54865494978118, -34.328897765520075], [117.54865494978118, -34.353897765520074], [117.57365494978119, -34.353897765520074]]]}, "properties": {"layer": "Slope", "slope_degrees": 0.89, "slope_class": "Low slope", "slope_risk": 12}}, {"type": "Feature", "geometry": {"type": "Polygon", "coordinates": [[[117.59865494978119, -34.353897765520074], [117.59865494978119, -34.328897765520075], [117.57365494978119, -34.328897765520075], [117.57365494978119, -34.353897765520074], [117.59865494978119, -34.353897765520074]]]}, "properties": {"layer": "Slope", "slope_degrees": 1.3, "slope_class": "Low slope", "slope_risk": 12}}, {"type": "Feature", "geometry": {"type": "Polygon", "coordinates": [[[117.6236549497812, -34.353897765520074], [117.6236549497812, -34.328897765520075], [117.59865494978119, -34.328897765520075], [117.59865494978119, -34.353897765520074], [117.6236549497812, -34.353897765520074]]]}, "properties": {"layer": "Slope", "slope_degrees": 4.86, "slope_class": "Low slope", "slope_risk": 12}}, {"type": "Feature", "geometry": {"type": "Polygon", "coordinates": [[[117.6486549497812, -34.353897765520074], [117.6486549497812, -34.328897765520075], [117.6236549497812, -34.328897765520075], [117.6236549497812, -34.353897765520074], [117.6486549497812, -34.353897765520074]]]}, "properties": {"layer": "Slope", "slope_degrees": 1.6, "slope_class": "Low slope", "slope_risk": 12}}, {"type": "Feature", "geometry": {"type": "Polygon", "coordinates": [[[117.67365494978121, -34.353897765520074], [117.67365494978121, -34.328897765520075], [117.6486549497812, -34.328897765520075], [117.6486549497812, -34.353897765520074], [117.67365494978121, -34.353897765520074]]]}, "properties": {"layer": "Slope", "slope_degrees": 4.72, "slope_class": "Low slope", "slope_risk": 12}}, {"type": "Feature", "geometry": {"type": "Polygon", "coordinates": [[[117.69865494978121, -34.353897765520074], [117.69865494978121, -34.328897765520075], [117.67365494978121, -34.328897765520075], [117.67365494978121, -34.353897765520074], [117.69865494978121, -34.353897765520074]]]}, "properties": {"layer": "Slope", "slope_degrees": 0.72, "slope_class": "Low slope", "slope_risk": 12}}, {"type": "Feature", "geometry": {"type": "Polygon", "coordinates": [[[117.72365494978122, -34.353897765520074], [117.72365494978122, -34.328897765520075], [117.69865494978121, -34.328897765520075], [117.69865494978121, -34.353897765520074], [117.72365494978122, -34.353897765520074]]]}, "properties": {"layer": "Slope", "slope_degrees": 2.21, "slope_class": "Low slope", "slope_risk": 12}}, {"type": "Feature", "geometry": {"type": "Polygon", "coordinates": [[[117.74865494978123, -34.353897765520074], [117.74865494978123, -34.328897765520075], [117.72365494978122, -34.328897765520075], [117.72365494978122, -34.353897765520074], [117.74865494978123, -34.353897765520074]]]}, "properties": {"layer": "Slope", "slope_degrees": 8.75, "slope_class": "Moderate slope", "slope_risk": 26}}, {"type": "Feature", "geometry": {"type": "Polygon", "coordinates": [[[117.77365494978123, -34.353897765520074], [117.77365494978123, -34.328897765520075], [117.74865494978123, -34.328897765520075], [117.74865494978123, -34.353897765520074], [117.77365494978123, -34.353897765520074]]]}, "properties": {"layer": "Slope", "slope_degrees": 13.97, "slope_class": "Moderate slope", "slope_risk": 46}}, {"type": "Feature", "geometry": {"type": "Polygon", "coordinates": [[[117.79865494978124, -34.353897765520074], [117.79865494978124, -34.328897765520075], [117.77365494978123, -34.328897765520075], [117.77365494978123, -34.353897765520074], [117.79865494978124, -34.353897765520074]]]}, "properties": {"layer": "Slope", "slope_degrees": 0.44, "slope_class": "Low slope", "slope_risk": 12}}, {"type": "Feature", "geometry": {"type": "Polygon", "coordinates": [[[117.82365494978124, -34.353897765520074], [117.82365494978124, -34.328897765520075], [117.79865494978124, -34.328897765520075], [117.79865494978124, -34.353897765520074], [117.82365494978124, -34.353897765520074]]]}, "properties": {"layer": "Slope", "slope_degrees": 2.46, "slope_class": "Low slope", "slope_risk": 12}}, {"type": "Feature", "geometry": {"type": "Polygon", "coordinates": [[[117.84865494978125, -34.353897765520074], [117.84865494978125, -34.328897765520075], [117.82365494978124, -34.328897765520075], [117.82365494978124, -34.353897765520074], [117.84865494978125, -34.353897765520074]]]}, "properties": {"layer": "Slope", "slope_degrees": 1.9, "slope_class": "Low slope", "slope_risk": 12}}, {"type": "Feature", "geometry": {"type": "Polygon", "coordinates": [[[117.87365494978125, -34.353897765520074], [117.87365494978125, -34.328897765520075], [117.84865494978125, -34.328897765520075], [117.84865494978125, -34.353897765520074], [117.87365494978125, -34.353897765520074]]]}, "properties": {"layer": "Slope", "slope_degrees": 14.24, "slope_class": "Moderate slope", "slope_risk": 47}}, {"type": "Feature", "geometry": {"type": "Polygon", "coordinates": [[[117.89865494978126, -34.353897765520074], [117.89865494978126, -34.328897765520075], [117.87365494978125, -34.328897765520075], [117.87365494978125, -34.353897765520074], [117.89865494978126, -34.353897765520074]]]}, "properties": {"layer": "Slope", "slope_degrees": 7.75, "slope_class": "Moderate slope", "slope_risk": 22}}, {"type": "Feature", "geometry": {"type": "Polygon", "coordinates": [[[117.92365494978127, -34.353897765520074], [117.92365494978127, -34.328897765520075], [117.89865494978126, -34.328897765520075], [117.89865494978126, -34.353897765520074], [117.92365494978127, -34.353897765520074]]]}, "properties": {"layer": "Slope", "slope_degrees": 4.89, "slope_class": "Low slope", "slope_risk": 12}}, {"type": "Feature", "geometry": {"type": "Polygon", "coordinates": [[[117.94865494978127, -34.353897765520074], [117.94865494978127, -34.328897765520075], [117.92365494978127, -34.328897765520075], [117.92365494978127, -34.353897765520074], [117.94865494978127, -34.353897765520074]]]}, "properties": {"layer": "Slope", "slope_degrees": 3.69, "slope_class": "Low slope", "slope_risk": 12}}, {"type": "Feature", "geometry": {"type": "Polygon", "coordinates": [[[117.97365494978128, -34.353897765520074], [117.97365494978128, -34.328897765520075], [117.94865494978127, -34.328897765520075], [117.94865494978127, -34.353897765520074], [117.97365494978128, -34.353897765520074]]]}, "properties": {"layer": "Slope", "slope_degrees": 0.4, "slope_class": "Low slope", "slope_risk": 12}}, {"type": "Feature", "geometry": {"type": "Polygon", "coordinates": [[[117.99865494978128, -34.353897765520074], [117.99865494978128, -34.328897765520075], [117.97365494978128, -34.328897765520075], [117.97365494978128, -34.353897765520074], [117.99865494978128, -34.353897765520074]]]}, "properties": {"layer": "Slope", "slope_degrees": 7.17, "slope_class": "Moderate slope", "slope_risk": 20}}, {"type": "Feature", "geometry": {"type": "Polygon", "coordinates": [[[116.92365494978104, -34.328897765520075], [116.92365494978104, -34.30389776552008], [116.89865494978103, -34.30389776552008], [116.89865494978103, -34.328897765520075], [116.92365494978104, -34.328897765520075]]]}, "properties": {"layer": "Slope", "slope_degrees": 0.87, "slope_class": "Low slope", "slope_risk": 12}}, {"type": "Feature", "geometry": {"type": "Polygon", "coordinates": [[[116.94865494978104, -34.328897765520075], [116.94865494978104, -34.30389776552008], [116.92365494978104, -34.30389776552008], [116.92365494978104, -34.328897765520075], [116.94865494978104, -34.328897765520075]]]}, "properties": {"layer": "Slope", "slope_degrees": 0.77, "slope_class": "Low slope", "slope_risk": 12}}, {"type": "Feature", "geometry": {"type": "Polygon", "coordinates": [[[116.97365494978105, -34.328897765520075], [116.97365494978105, -34.30389776552008], [116.94865494978104, -34.30389776552008], [116.94865494978104, -34.328897765520075], [116.97365494978105, -34.328897765520075]]]}, "properties": {"layer": "Slope", "slope_degrees": 4.24, "slope_class": "Low slope", "slope_risk": 12}}, {"type": "Feature", "geometry": {"type": "Polygon", "coordinates": [[[116.99865494978106, -34.328897765520075], [116.99865494978106, -34.30389776552008], [116.97365494978105, -34.30389776552008], [116.97365494978105, -34.328897765520075], [116.99865494978106, -34.328897765520075]]]}, "properties": {"layer": "Slope", "slope_degrees": 3.05, "slope_class": "Low slope", "slope_risk": 12}}, {"type": "Feature", "geometry": {"type": "Polygon", "coordinates": [[[117.02365494978106, -34.328897765520075], [117.02365494978106, -34.30389776552008], [116.99865494978106, -34.30389776552008], [116.99865494978106, -34.328897765520075], [117.02365494978106, -34.328897765520075]]]}, "properties": {"layer": "Slope", "slope_degrees": 2.94, "slope_class": "Low slope", "slope_risk": 12}}, {"type": "Feature", "geometry": {"type": "Polygon", "coordinates": [[[117.04865494978107, -34.328897765520075], [117.04865494978107, -34.30389776552008], [117.02365494978106, -34.30389776552008], [117.02365494978106, -34.328897765520075], [117.04865494978107, -34.328897765520075]]]}, "properties": {"layer": "Slope", "slope_degrees": 7.29, "slope_class": "Moderate slope", "slope_risk": 21}}, {"type": "Feature", "geometry": {"type": "Polygon", "coordinates": [[[117.07365494978107, -34.328897765520075], [117.07365494978107, -34.30389776552008], [117.04865494978107, -34.30389776552008], [117.04865494978107, -34.328897765520075], [117.07365494978107, -34.328897765520075]]]}, "properties": {"layer": "Slope", "slope_degrees": 8.11, "slope_class": "Moderate slope", "slope_risk": 24}}, {"type": "Feature", "geometry": {"type": "Polygon", "coordinates": [[[117.09865494978108, -34.328897765520075], [117.09865494978108, -34.30389776552008], [117.07365494978107, -34.30389776552008], [117.07365494978107, -34.328897765520075], [117.09865494978108, -34.328897765520075]]]}, "properties": {"layer": "Slope", "slope_degrees": 3.49, "slope_class": "Low slope", "slope_risk": 12}}, {"type": "Feature", "geometry": {"type": "Polygon", "coordinates": [[[117.12365494978108, -34.328897765520075], [117.12365494978108, -34.30389776552008], [117.09865494978108, -34.30389776552008], [117.09865494978108, -34.328897765520075], [117.12365494978108, -34.328897765520075]]]}, "properties": {"layer": "Slope", "slope_degrees": 1.67, "slope_class": "Low slope", "slope_risk": 12}}, {"type": "Feature", "geometry": {"type": "Polygon", "coordinates": [[[117.14865494978109, -34.328897765520075], [117.14865494978109, -34.30389776552008], [117.12365494978108, -34.30389776552008], [117.12365494978108, -34.328897765520075], [117.14865494978109, -34.328897765520075]]]}, "properties": {"layer": "Slope", "slope_degrees": 1.78, "slope_class": "Low slope", "slope_risk": 12}}, {"type": "Feature", "geometry": {"type": "Polygon", "coordinates": [[[117.1736549497811, -34.328897765520075], [117.1736549497811, -34.30389776552008], [117.14865494978109, -34.30389776552008], [117.14865494978109, -34.328897765520075], [117.1736549497811, -34.328897765520075]]]}, "properties": {"layer": "Slope", "slope_degrees": 2.66, "slope_class": "Low slope", "slope_risk": 12}}, {"type": "Feature", "geometry": {"type": "Polygon", "coordinates": [[[117.1986549497811, -34.328897765520075], [117.1986549497811, -34.30389776552008], [117.1736549497811, -34.30389776552008], [117.1736549497811, -34.328897765520075], [117.1986549497811, -34.328897765520075]]]}, "properties": {"layer": "Slope", "slope_degrees": 1.89, "slope_class": "Low slope", "slope_risk": 12}}, {"type": "Feature", "geometry": {"type": "Polygon", "coordinates": [[[117.2236549497811, -34.328897765520075], [117.2236549497811, -34.30389776552008], [117.1986549497811, -34.30389776552008], [117.1986549497811, -34.328897765520075], [117.2236549497811, -34.328897765520075]]]}, "properties": {"layer": "Slope", "slope_degrees": 1.1, "slope_class": "Low slope", "slope_risk": 12}}, {"type": "Feature", "geometry": {"type": "Polygon", "coordinates": [[[117.24865494978111, -34.328897765520075], [117.24865494978111, -34.30389776552008], [117.2236549497811, -34.30389776552008], [117.2236549497811, -34.328897765520075], [117.24865494978111, -34.328897765520075]]]}, "properties": {"layer": "Slope", "slope_degrees": 1.34, "slope_class": "Low slope", "slope_risk": 12}}, {"type": "Feature", "geometry": {"type": "Polygon", "coordinates": [[[117.27365494978112, -34.328897765520075], [117.27365494978112, -34.30389776552008], [117.24865494978111, -34.30389776552008], [117.24865494978111, -34.328897765520075], [117.27365494978112, -34.328897765520075]]]}, "properties": {"layer": "Slope", "slope_degrees": 2.46, "slope_class": "Low slope", "slope_risk": 12}}, {"type": "Feature", "geometry": {"type": "Polygon", "coordinates": [[[117.29865494978112, -34.328897765520075], [117.29865494978112, -34.30389776552008], [117.27365494978112, -34.30389776552008], [117.27365494978112, -34.328897765520075], [117.29865494978112, -34.328897765520075]]]}, "properties": {"layer": "Slope", "slope_degrees": 0.74, "slope_class": "Low slope", "slope_risk": 12}}, {"type": "Feature", "geometry": {"type": "Polygon", "coordinates": [[[117.32365494978113, -34.328897765520075], [117.32365494978113, -34.30389776552008], [117.29865494978112, -34.30389776552008], [117.29865494978112, -34.328897765520075], [117.32365494978113, -34.328897765520075]]]}, "properties": {"layer": "Slope", "slope_degrees": 1.73, "slope_class": "Low slope", "slope_risk": 12}}, {"type": "Feature", "geometry": {"type": "Polygon", "coordinates": [[[117.34865494978114, -34.328897765520075], [117.34865494978114, -34.30389776552008], [117.32365494978113, -34.30389776552008], [117.32365494978113, -34.328897765520075], [117.34865494978114, -34.328897765520075]]]}, "properties": {"layer": "Slope", "slope_degrees": 2.77, "slope_class": "Low slope", "slope_risk": 12}}, {"type": "Feature", "geometry": {"type": "Polygon", "coordinates": [[[117.37365494978114, -34.328897765520075], [117.37365494978114, -34.30389776552008], [117.34865494978114, -34.30389776552008], [117.34865494978114, -34.328897765520075], [117.37365494978114, -34.328897765520075]]]}, "properties": {"layer": "Slope", "slope_degrees": 2.84, "slope_class": "Low slope", "slope_risk": 12}}, {"type": "Feature", "geometry": {"type": "Polygon", "coordinates": [[[117.39865494978115, -34.328897765520075], [117.39865494978115, -34.30389776552008], [117.37365494978114, -34.30389776552008], [117.37365494978114, -34.328897765520075], [117.39865494978115, -34.328897765520075]]]}, "properties": {"layer": "Slope", "slope_degrees": 2.69, "slope_class": "Low slope", "slope_risk": 12}}, {"type": "Feature", "geometry": {"type": "Polygon", "coordinates": [[[117.42365494978115, -34.328897765520075], [117.42365494978115, -34.30389776552008], [117.39865494978115, -34.30389776552008], [117.39865494978115, -34.328897765520075], [117.42365494978115, -34.328897765520075]]]}, "properties": {"layer": "Slope", "slope_degrees": 6.19, "slope_class": "Moderate slope", "slope_risk": 17}}, {"type": "Feature", "geometry": {"type": "Polygon", "coordinates": [[[117.44865494978116, -34.328897765520075], [117.44865494978116, -34.30389776552008], [117.42365494978115, -34.30389776552008], [117.42365494978115, -34.328897765520075], [117.44865494978116, -34.328897765520075]]]}, "properties": {"layer": "Slope", "slope_degrees": 1.45, "slope_class": "Low slope", "slope_risk": 12}}, {"type": "Feature", "geometry": {"type": "Polygon", "coordinates": [[[117.47365494978116, -34.328897765520075], [117.47365494978116, -34.30389776552008], [117.44865494978116, -34.30389776552008], [117.44865494978116, -34.328897765520075], [117.47365494978116, -34.328897765520075]]]}, "properties": {"layer": "Slope", "slope_degrees": 6.26, "slope_class": "Moderate slope", "slope_risk": 17}}, {"type": "Feature", "geometry": {"type": "Polygon", "coordinates": [[[117.49865494978117, -34.328897765520075], [117.49865494978117, -34.30389776552008], [117.47365494978116, -34.30389776552008], [117.47365494978116, -34.328897765520075], [117.49865494978117, -34.328897765520075]]]}, "properties": {"layer": "Slope", "slope_degrees": 1.44, "slope_class": "Low slope", "slope_risk": 12}}, {"type": "Feature", "geometry": {"type": "Polygon", "coordinates": [[[117.52365494978118, -34.328897765520075], [117.52365494978118, -34.30389776552008], [117.49865494978117, -34.30389776552008], [117.49865494978117, -34.328897765520075], [117.52365494978118, -34.328897765520075]]]}, "properties": {"layer": "Slope", "slope_degrees": 1.56, "slope_class": "Low slope", "slope_risk": 12}}, {"type": "Feature", "geometry": {"type": "Polygon", "coordinates": [[[117.54865494978118, -34.328897765520075], [117.54865494978118, -34.30389776552008], [117.52365494978118, -34.30389776552008], [117.52365494978118, -34.328897765520075], [117.54865494978118, -34.328897765520075]]]}, "properties": {"layer": "Slope", "slope_degrees": 1.47, "slope_class": "Low slope", "slope_risk": 12}}, {"type": "Feature", "geometry": {"type": "Polygon", "coordinates": [[[117.57365494978119, -34.328897765520075], [117.57365494978119, -34.30389776552008], [117.54865494978118, -34.30389776552008], [117.54865494978118, -34.328897765520075], [117.57365494978119, -34.328897765520075]]]}, "properties": {"layer": "Slope", "slope_degrees": 3.85, "slope_class": "Low slope", "slope_risk": 12}}, {"type": "Feature", "geometry": {"type": "Polygon", "coordinates": [[[117.59865494978119, -34.328897765520075], [117.59865494978119, -34.30389776552008], [117.57365494978119, -34.30389776552008], [117.57365494978119, -34.328897765520075], [117.59865494978119, -34.328897765520075]]]}, "properties": {"layer": "Slope", "slope_degrees": 0.88, "slope_class": "Low slope", "slope_risk": 12}}, {"type": "Feature", "geometry": {"type": "Polygon", "coordinates": [[[117.6236549497812, -34.328897765520075], [117.6236549497812, -34.30389776552008], [117.59865494978119, -34.30389776552008], [117.59865494978119, -34.328897765520075], [117.6236549497812, -34.328897765520075]]]}, "properties": {"layer": "Slope", "slope_degrees": 2.19, "slope_class": "Low slope", "slope_risk": 12}}, {"type": "Feature", "geometry": {"type": "Polygon", "coordinates": [[[117.6486549497812, -34.328897765520075], [117.6486549497812, -34.30389776552008], [117.6236549497812, -34.30389776552008], [117.6236549497812, -34.328897765520075], [117.6486549497812, -34.328897765520075]]]}, "properties": {"layer": "Slope", "slope_degrees": 1.56, "slope_class": "Low slope", "slope_risk": 12}}, {"type": "Feature", "geometry": {"type": "Polygon", "coordinates": [[[117.67365494978121, -34.328897765520075], [117.67365494978121, -34.30389776552008], [117.6486549497812, -34.30389776552008], [117.6486549497812, -34.328897765520075], [117.67365494978121, -34.328897765520075]]]}, "properties": {"layer": "Slope", "slope_degrees": 1.85, "slope_class": "Low slope", "slope_risk": 12}}, {"type": "Feature", "geometry": {"type": "Polygon", "coordinates": [[[117.69865494978121, -34.328897765520075], [117.69865494978121, -34.30389776552008], [117.67365494978121, -34.30389776552008], [117.67365494978121, -34.328897765520075], [117.69865494978121, -34.328897765520075]]]}, "properties": {"layer": "Slope", "slope_degrees": 1.78, "slope_class": "Low slope", "slope_risk": 12}}, {"type": "Feature", "geometry": {"type": "Polygon", "coordinates": [[[117.72365494978122, -34.328897765520075], [117.72365494978122, -34.30389776552008], [117.69865494978121, -34.30389776552008], [117.69865494978121, -34.328897765520075], [117.72365494978122, -34.328897765520075]]]}, "properties": {"layer": "Slope", "slope_degrees": 2.3, "slope_class": "Low slope", "slope_risk": 12}}, {"type": "Feature", "geometry": {"type": "Polygon", "coordinates": [[[117.74865494978123, -34.328897765520075], [117.74865494978123, -34.30389776552008], [117.72365494978122, -34.30389776552008], [117.72365494978122, -34.328897765520075], [117.74865494978123, -34.328897765520075]]]}, "properties": {"layer": "Slope", "slope_degrees": 2.69, "slope_class": "Low slope", "slope_risk": 12}}, {"type": "Feature", "geometry": {"type": "Polygon", "coordinates": [[[117.77365494978123, -34.328897765520075], [117.77365494978123, -34.30389776552008], [117.74865494978123, -34.30389776552008], [117.74865494978123, -34.328897765520075], [117.77365494978123, -34.328897765520075]]]}, "properties": {"layer": "Slope", "slope_degrees": 0.38, "slope_class": "Low slope", "slope_risk": 12}}, {"type": "Feature", "geometry": {"type": "Polygon", "coordinates": [[[117.79865494978124, -34.328897765520075], [117.79865494978124, -34.30389776552008], [117.77365494978123, -34.30389776552008], [117.77365494978123, -34.328897765520075], [117.79865494978124, -34.328897765520075]]]}, "properties": {"layer": "Slope", "slope_degrees": 2.16, "slope_class": "Low slope", "slope_risk": 12}}, {"type": "Feature", "geometry": {"type": "Polygon", "coordinates": [[[117.82365494978124, -34.328897765520075], [117.82365494978124, -34.30389776552008], [117.79865494978124, -34.30389776552008], [117.79865494978124, -34.328897765520075], [117.82365494978124, -34.328897765520075]]]}, "properties": {"layer": "Slope", "slope_degrees": 2.68, "slope_class": "Low slope", "slope_risk": 12}}, {"type": "Feature", "geometry": {"type": "Polygon", "coordinates": [[[117.84865494978125, -34.328897765520075], [117.84865494978125, -34.30389776552008], [117.82365494978124, -34.30389776552008], [117.82365494978124, -34.328897765520075], [117.84865494978125, -34.328897765520075]]]}, "properties": {"layer": "Slope", "slope_degrees": 3.11, "slope_class": "Low slope", "slope_risk": 12}}, {"type": "Feature", "geometry": {"type": "Polygon", "coordinates": [[[117.87365494978125, -34.328897765520075], [117.87365494978125, -34.30389776552008], [117.84865494978125, -34.30389776552008], [117.84865494978125, -34.328897765520075], [117.87365494978125, -34.328897765520075]]]}, "properties": {"layer": "Slope", "slope_degrees": 4.05, "slope_class": "Low slope", "slope_risk": 12}}, {"type": "Feature", "geometry": {"type": "Polygon", "coordinates": [[[117.89865494978126, -34.328897765520075], [117.89865494978126, -34.30389776552008], [117.87365494978125, -34.30389776552008], [117.87365494978125, -34.328897765520075], [117.89865494978126, -34.328897765520075]]]}, "properties": {"layer": "Slope", "slope_degrees": 1.06, "slope_class": "Low slope", "slope_risk": 12}}, {"type": "Feature", "geometry": {"type": "Polygon", "coordinates": [[[117.92365494978127, -34.328897765520075], [117.92365494978127, -34.30389776552008], [117.89865494978126, -34.30389776552008], [117.89865494978126, -34.328897765520075], [117.92365494978127, -34.328897765520075]]]}, "properties": {"layer": "Slope", "slope_degrees": 2.17, "slope_class": "Low slope", "slope_risk": 12}}, {"type": "Feature", "geometry": {"type": "Polygon", "coordinates": [[[117.94865494978127, -34.328897765520075], [117.94865494978127, -34.30389776552008], [117.92365494978127, -34.30389776552008], [117.92365494978127, -34.328897765520075], [117.94865494978127, -34.328897765520075]]]}, "properties": {"layer": "Slope", "slope_degrees": 2.62, "slope_class": "Low slope", "slope_risk": 12}}, {"type": "Feature", "geometry": {"type": "Polygon", "coordinates": [[[117.97365494978128, -34.328897765520075], [117.97365494978128, -34.30389776552008], [117.94865494978127, -34.30389776552008], [117.94865494978127, -34.328897765520075], [117.97365494978128, -34.328897765520075]]]}, "properties": {"layer": "Slope", "slope_degrees": 2.77, "slope_class": "Low slope", "slope_risk": 12}}, {"type": "Feature", "geometry": {"type": "Polygon", "coordinates": [[[117.99865494978128, -34.328897765520075], [117.99865494978128, -34.30389776552008], [117.97365494978128, -34.30389776552008], [117.97365494978128, -34.328897765520075], [117.99865494978128, -34.328897765520075]]]}, "properties": {"layer": "Slope", "slope_degrees": 2.19, "slope_class": "Low slope", "slope_risk": 12}}, {"type": "Feature", "geometry": {"type": "Polygon", "coordinates": [[[116.92365494978104, -34.30389776552008], [116.92365494978104, -34.27889776552008], [116.89865494978103, -34.27889776552008], [116.89865494978103, -34.30389776552008], [116.92365494978104, -34.30389776552008]]]}, "properties": {"layer": "Slope", "slope_degrees": 8.08, "slope_class": "Moderate slope", "slope_risk": 24}}, {"type": "Feature", "geometry": {"type": "Polygon", "coordinates": [[[116.94865494978104, -34.30389776552008], [116.94865494978104, -34.27889776552008], [116.92365494978104, -34.27889776552008], [116.92365494978104, -34.30389776552008], [116.94865494978104, -34.30389776552008]]]}, "properties": {"layer": "Slope", "slope_degrees": 4.92, "slope_class": "Low slope", "slope_risk": 12}}, {"type": "Feature", "geometry": {"type": "Polygon", "coordinates": [[[116.97365494978105, -34.30389776552008], [116.97365494978105, -34.27889776552008], [116.94865494978104, -34.27889776552008], [116.94865494978104, -34.30389776552008], [116.97365494978105, -34.30389776552008]]]}, "properties": {"layer": "Slope", "slope_degrees": 2.06, "slope_class": "Low slope", "slope_risk": 12}}, {"type": "Feature", "geometry": {"type": "Polygon", "coordinates": [[[116.99865494978106, -34.30389776552008], [116.99865494978106, -34.27889776552008], [116.97365494978105, -34.27889776552008], [116.97365494978105, -34.30389776552008], [116.99865494978106, -34.30389776552008]]]}, "properties": {"layer": "Slope", "slope_degrees": 6.45, "slope_class": "Moderate slope", "slope_risk": 18}}, {"type": "Feature", "geometry": {"type": "Polygon", "coordinates": [[[117.02365494978106, -34.30389776552008], [117.02365494978106, -34.27889776552008], [116.99865494978106, -34.27889776552008], [116.99865494978106, -34.30389776552008], [117.02365494978106, -34.30389776552008]]]}, "properties": {"layer": "Slope", "slope_degrees": 4.46, "slope_class": "Low slope", "slope_risk": 12}}, {"type": "Feature", "geometry": {"type": "Polygon", "coordinates": [[[117.04865494978107, -34.30389776552008], [117.04865494978107, -34.27889776552008], [117.02365494978106, -34.27889776552008], [117.02365494978106, -34.30389776552008], [117.04865494978107, -34.30389776552008]]]}, "properties": {"layer": "Slope", "slope_degrees": 3.35, "slope_class": "Low slope", "slope_risk": 12}}, {"type": "Feature", "geometry": {"type": "Polygon", "coordinates": [[[117.07365494978107, -34.30389776552008], [117.07365494978107, -34.27889776552008], [117.04865494978107, -34.27889776552008], [117.04865494978107, -34.30389776552008], [117.07365494978107, -34.30389776552008]]]}, "properties": {"layer": "Slope", "slope_degrees": 2.61, "slope_class": "Low slope", "slope_risk": 12}}, {"type": "Feature", "geometry": {"type": "Polygon", "coordinates": [[[117.09865494978108, -34.30389776552008], [117.09865494978108, -34.27889776552008], [117.07365494978107, -34.27889776552008], [117.07365494978107, -34.30389776552008], [117.09865494978108, -34.30389776552008]]]}, "properties": {"layer": "Slope", "slope_degrees": 2.39, "slope_class": "Low slope", "slope_risk": 12}}, {"type": "Feature", "geometry": {"type": "Polygon", "coordinates": [[[117.12365494978108, -34.30389776552008], [117.12365494978108, -34.27889776552008], [117.09865494978108, -34.27889776552008], [117.09865494978108, -34.30389776552008], [117.12365494978108, -34.30389776552008]]]}, "properties": {"layer": "Slope", "slope_degrees": 3.68, "slope_class": "Low slope", "slope_risk": 12}}, {"type": "Feature", "geometry": {"type": "Polygon", "coordinates": [[[117.14865494978109, -34.30389776552008], [117.14865494978109, -34.27889776552008], [117.12365494978108, -34.27889776552008], [117.12365494978108, -34.30389776552008], [117.14865494978109, -34.30389776552008]]]}, "properties": {"layer": "Slope", "slope_degrees": 1.51, "slope_class": "Low slope", "slope_risk": 12}}, {"type": "Feature", "geometry": {"type": "Polygon", "coordinates": [[[117.1736549497811, -34.30389776552008], [117.1736549497811, -34.27889776552008], [117.14865494978109, -34.27889776552008], [117.14865494978109, -34.30389776552008], [117.1736549497811, -34.30389776552008]]]}, "properties": {"layer": "Slope", "slope_degrees": 6.6, "slope_class": "Moderate slope", "slope_risk": 18}}, {"type": "Feature", "geometry": {"type": "Polygon", "coordinates": [[[117.1986549497811, -34.30389776552008], [117.1986549497811, -34.27889776552008], [117.1736549497811, -34.27889776552008], [117.1736549497811, -34.30389776552008], [117.1986549497811, -34.30389776552008]]]}, "properties": {"layer": "Slope", "slope_degrees": 1.78, "slope_class": "Low slope", "slope_risk": 12}}, {"type": "Feature", "geometry": {"type": "Polygon", "coordinates": [[[117.2236549497811, -34.30389776552008], [117.2236549497811, -34.27889776552008], [117.1986549497811, -34.27889776552008], [117.1986549497811, -34.30389776552008], [117.2236549497811, -34.30389776552008]]]}, "properties": {"layer": "Slope", "slope_degrees": 6.38, "slope_class": "Moderate slope", "slope_risk": 17}}, {"type": "Feature", "geometry": {"type": "Polygon", "coordinates": [[[117.24865494978111, -34.30389776552008], [117.24865494978111, -34.27889776552008], [117.2236549497811, -34.27889776552008], [117.2236549497811, -34.30389776552008], [117.24865494978111, -34.30389776552008]]]}, "properties": {"layer": "Slope", "slope_degrees": 1.13, "slope_class": "Low slope", "slope_risk": 12}}, {"type": "Feature", "geometry": {"type": "Polygon", "coordinates": [[[117.27365494978112, -34.30389776552008], [117.27365494978112, -34.27889776552008], [117.24865494978111, -34.27889776552008], [117.24865494978111, -34.30389776552008], [117.27365494978112, -34.30389776552008]]]}, "properties": {"layer": "Slope", "slope_degrees": 2.29, "slope_class": "Low slope", "slope_risk": 12}}, {"type": "Feature", "geometry": {"type": "Polygon", "coordinates": [[[117.29865494978112, -34.30389776552008], [117.29865494978112, -34.27889776552008], [117.27365494978112, -34.27889776552008], [117.27365494978112, -34.30389776552008], [117.29865494978112, -34.30389776552008]]]}, "properties": {"layer": "Slope", "slope_degrees": 1.04, "slope_class": "Low slope", "slope_risk": 12}}, {"type": "Feature", "geometry": {"type": "Polygon", "coordinates": [[[117.32365494978113, -34.30389776552008], [117.32365494978113, -34.27889776552008], [117.29865494978112, -34.27889776552008], [117.29865494978112, -34.30389776552008], [117.32365494978113, -34.30389776552008]]]}, "properties": {"layer": "Slope", "slope_degrees": 3.73, "slope_class": "Low slope", "slope_risk": 12}}, {"type": "Feature", "geometry": {"type": "Polygon", "coordinates": [[[117.34865494978114, -34.30389776552008], [117.34865494978114, -34.27889776552008], [117.32365494978113, -34.27889776552008], [117.32365494978113, -34.30389776552008], [117.34865494978114, -34.30389776552008]]]}, "properties": {"layer": "Slope", "slope_degrees": 1.93, "slope_class": "Low slope", "slope_risk": 12}}, {"type": "Feature", "geometry": {"type": "Polygon", "coordinates": [[[117.37365494978114, -34.30389776552008], [117.37365494978114, -34.27889776552008], [117.34865494978114, -34.27889776552008], [117.34865494978114, -34.30389776552008], [117.37365494978114, -34.30389776552008]]]}, "properties": {"layer": "Slope", "slope_degrees": 2.44, "slope_class": "Low slope", "slope_risk": 12}}, {"type": "Feature", "geometry": {"type": "Polygon", "coordinates": [[[117.39865494978115, -34.30389776552008], [117.39865494978115, -34.27889776552008], [117.37365494978114, -34.27889776552008], [117.37365494978114, -34.30389776552008], [117.39865494978115, -34.30389776552008]]]}, "properties": {"layer": "Slope", "slope_degrees": 2.01, "slope_class": "Low slope", "slope_risk": 12}}, {"type": "Feature", "geometry": {"type": "Polygon", "coordinates": [[[117.42365494978115, -34.30389776552008], [117.42365494978115, -34.27889776552008], [117.39865494978115, -34.27889776552008], [117.39865494978115, -34.30389776552008], [117.42365494978115, -34.30389776552008]]]}, "properties": {"layer": "Slope", "slope_degrees": 1.38, "slope_class": "Low slope", "slope_risk": 12}}, {"type": "Feature", "geometry": {"type": "Polygon", "coordinates": [[[117.44865494978116, -34.30389776552008], [117.44865494978116, -34.27889776552008], [117.42365494978115, -34.27889776552008], [117.42365494978115, -34.30389776552008], [117.44865494978116, -34.30389776552008]]]}, "properties": {"layer": "Slope", "slope_degrees": 1.24, "slope_class": "Low slope", "slope_risk": 12}}, {"type": "Feature", "geometry": {"type": "Polygon", "coordinates": [[[117.47365494978116, -34.30389776552008], [117.47365494978116, -34.27889776552008], [117.44865494978116, -34.27889776552008], [117.44865494978116, -34.30389776552008], [117.47365494978116, -34.30389776552008]]]}, "properties": {"layer": "Slope", "slope_degrees": 0.33, "slope_class": "Low slope", "slope_risk": 12}}, {"type": "Feature", "geometry": {"type": "Polygon", "coordinates": [[[117.49865494978117, -34.30389776552008], [117.49865494978117, -34.27889776552008], [117.47365494978116, -34.27889776552008], [117.47365494978116, -34.30389776552008], [117.49865494978117, -34.30389776552008]]]}, "properties": {"layer": "Slope", "slope_degrees": 1.3, "slope_class": "Low slope", "slope_risk": 12}}, {"type": "Feature", "geometry": {"type": "Polygon", "coordinates": [[[117.52365494978118, -34.30389776552008], [117.52365494978118, -34.27889776552008], [117.49865494978117, -34.27889776552008], [117.49865494978117, -34.30389776552008], [117.52365494978118, -34.30389776552008]]]}, "properties": {"layer": "Slope", "slope_degrees": 2.02, "slope_class": "Low slope", "slope_risk": 12}}, {"type": "Feature", "geometry": {"type": "Polygon", "coordinates": [[[117.54865494978118, -34.30389776552008], [117.54865494978118, -34.27889776552008], [117.52365494978118, -34.27889776552008], [117.52365494978118, -34.30389776552008], [117.54865494978118, -34.30389776552008]]]}, "properties": {"layer": "Slope", "slope_degrees": 1.8, "slope_class": "Low slope", "slope_risk": 12}}, {"type": "Feature", "geometry": {"type": "Polygon", "coordinates": [[[117.57365494978119, -34.30389776552008], [117.57365494978119, -34.27889776552008], [117.54865494978118, -34.27889776552008], [117.54865494978118, -34.30389776552008], [117.57365494978119, -34.30389776552008]]]}, "properties": {"layer": "Slope", "slope_degrees": 1.07, "slope_class": "Low slope", "slope_risk": 12}}, {"type": "Feature", "geometry": {"type": "Polygon", "coordinates": [[[117.59865494978119, -34.30389776552008], [117.59865494978119, -34.27889776552008], [117.57365494978119, -34.27889776552008], [117.57365494978119, -34.30389776552008], [117.59865494978119, -34.30389776552008]]]}, "properties": {"layer": "Slope", "slope_degrees": 2.28, "slope_class": "Low slope", "slope_risk": 12}}, {"type": "Feature", "geometry": {"type": "Polygon", "coordinates": [[[117.6236549497812, -34.30389776552008], [117.6236549497812, -34.27889776552008], [117.59865494978119, -34.27889776552008], [117.59865494978119, -34.30389776552008], [117.6236549497812, -34.30389776552008]]]}, "properties": {"layer": "Slope", "slope_degrees": 3.97, "slope_class": "Low slope", "slope_risk": 12}}, {"type": "Feature", "geometry": {"type": "Polygon", "coordinates": [[[117.6486549497812, -34.30389776552008], [117.6486549497812, -34.27889776552008], [117.6236549497812, -34.27889776552008], [117.6236549497812, -34.30389776552008], [117.6486549497812, -34.30389776552008]]]}, "properties": {"layer": "Slope", "slope_degrees": 10.01, "slope_class": "Moderate slope", "slope_risk": 31}}, {"type": "Feature", "geometry": {"type": "Polygon", "coordinates": [[[117.67365494978121, -34.30389776552008], [117.67365494978121, -34.27889776552008], [117.6486549497812, -34.27889776552008], [117.6486549497812, -34.30389776552008], [117.67365494978121, -34.30389776552008]]]}, "properties": {"layer": "Slope", "slope_degrees": 7.56, "slope_class": "Moderate slope", "slope_risk": 22}}, {"type": "Feature", "geometry": {"type": "Polygon", "coordinates": [[[117.69865494978121, -34.30389776552008], [117.69865494978121, -34.27889776552008], [117.67365494978121, -34.27889776552008], [117.67365494978121, -34.30389776552008], [117.69865494978121, -34.30389776552008]]]}, "properties": {"layer": "Slope", "slope_degrees": 3.17, "slope_class": "Low slope", "slope_risk": 12}}, {"type": "Feature", "geometry": {"type": "Polygon", "coordinates": [[[117.72365494978122, -34.30389776552008], [117.72365494978122, -34.27889776552008], [117.69865494978121, -34.27889776552008], [117.69865494978121, -34.30389776552008], [117.72365494978122, -34.30389776552008]]]}, "properties": {"layer": "Slope", "slope_degrees": 2.9, "slope_class": "Low slope", "slope_risk": 12}}, {"type": "Feature", "geometry": {"type": "Polygon", "coordinates": [[[117.74865494978123, -34.30389776552008], [117.74865494978123, -34.27889776552008], [117.72365494978122, -34.27889776552008], [117.72365494978122, -34.30389776552008], [117.74865494978123, -34.30389776552008]]]}, "properties": {"layer": "Slope", "slope_degrees": 6.02, "slope_class": "Moderate slope", "slope_risk": 16}}, {"type": "Feature", "geometry": {"type": "Polygon", "coordinates": [[[117.77365494978123, -34.30389776552008], [117.77365494978123, -34.27889776552008], [117.74865494978123, -34.27889776552008], [117.74865494978123, -34.30389776552008], [117.77365494978123, -34.30389776552008]]]}, "properties": {"layer": "Slope", "slope_degrees": 3.24, "slope_class": "Low slope", "slope_risk": 12}}, {"type": "Feature", "geometry": {"type": "Polygon", "coordinates": [[[117.79865494978124, -34.30389776552008], [117.79865494978124, -34.27889776552008], [117.77365494978123, -34.27889776552008], [117.77365494978123, -34.30389776552008], [117.79865494978124, -34.30389776552008]]]}, "properties": {"layer": "Slope", "slope_degrees": 1.75, "slope_class": "Low slope", "slope_risk": 12}}, {"type": "Feature", "geometry": {"type": "Polygon", "coordinates": [[[117.82365494978124, -34.30389776552008], [117.82365494978124, -34.27889776552008], [117.79865494978124, -34.27889776552008], [117.79865494978124, -34.30389776552008], [117.82365494978124, -34.30389776552008]]]}, "properties": {"layer": "Slope", "slope_degrees": 4.5, "slope_class": "Low slope", "slope_risk": 12}}, {"type": "Feature", "geometry": {"type": "Polygon", "coordinates": [[[117.84865494978125, -34.30389776552008], [117.84865494978125, -34.27889776552008], [117.82365494978124, -34.27889776552008], [117.82365494978124, -34.30389776552008], [117.84865494978125, -34.30389776552008]]]}, "properties": {"layer": "Slope", "slope_degrees": 3.2, "slope_class": "Low slope", "slope_risk": 12}}, {"type": "Feature", "geometry": {"type": "Polygon", "coordinates": [[[117.87365494978125, -34.30389776552008], [117.87365494978125, -34.27889776552008], [117.84865494978125, -34.27889776552008], [117.84865494978125, -34.30389776552008], [117.87365494978125, -34.30389776552008]]]}, "properties": {"layer": "Slope", "slope_degrees": 3.59, "slope_class": "Low slope", "slope_risk": 12}}, {"type": "Feature", "geometry": {"type": "Polygon", "coordinates": [[[117.89865494978126, -34.30389776552008], [117.89865494978126, -34.27889776552008], [117.87365494978125, -34.27889776552008], [117.87365494978125, -34.30389776552008], [117.89865494978126, -34.30389776552008]]]}, "properties": {"layer": "Slope", "slope_degrees": 0.63, "slope_class": "Low slope", "slope_risk": 12}}, {"type": "Feature", "geometry": {"type": "Polygon", "coordinates": [[[117.92365494978127, -34.30389776552008], [117.92365494978127, -34.27889776552008], [117.89865494978126, -34.27889776552008], [117.89865494978126, -34.30389776552008], [117.92365494978127, -34.30389776552008]]]}, "properties": {"layer": "Slope", "slope_degrees": 2.26, "slope_class": "Low slope", "slope_risk": 12}}, {"type": "Feature", "geometry": {"type": "Polygon", "coordinates": [[[117.94865494978127, -34.30389776552008], [117.94865494978127, -34.27889776552008], [117.92365494978127, -34.27889776552008], [117.92365494978127, -34.30389776552008], [117.94865494978127, -34.30389776552008]]]}, "properties": {"layer": "Slope", "slope_degrees": 0.95, "slope_class": "Low slope", "slope_risk": 12}}, {"type": "Feature", "geometry": {"type": "Polygon", "coordinates": [[[117.97365494978128, -34.30389776552008], [117.97365494978128, -34.27889776552008], [117.94865494978127, -34.27889776552008], [117.94865494978127, -34.30389776552008], [117.97365494978128, -34.30389776552008]]]}, "properties": {"layer": "Slope", "slope_degrees": 3.49, "slope_class": "Low slope", "slope_risk": 12}}, {"type": "Feature", "geometry": {"type": "Polygon", "coordinates": [[[117.99865494978128, -34.30389776552008], [117.99865494978128, -34.27889776552008], [117.97365494978128, -34.27889776552008], [117.97365494978128, -34.30389776552008], [117.99865494978128, -34.30389776552008]]]}, "properties": {"layer": "Slope", "slope_degrees": 1.93, "slope_class": "Low slope", "slope_risk": 12}}, {"type": "Feature", "geometry": {"type": "Polygon", "coordinates": [[[116.92365494978104, -34.27889776552008], [116.92365494978104, -34.25389776552008], [116.89865494978103, -34.25389776552008], [116.89865494978103, -34.27889776552008], [116.92365494978104, -34.27889776552008]]]}, "properties": {"layer": "Slope", "slope_degrees": 4.57, "slope_class": "Low slope", "slope_risk": 12}}, {"type": "Feature", "geometry": {"type": "Polygon", "coordinates": [[[116.94865494978104, -34.27889776552008], [116.94865494978104, -34.25389776552008], [116.92365494978104, -34.25389776552008], [116.92365494978104, -34.27889776552008], [116.94865494978104, -34.27889776552008]]]}, "properties": {"layer": "Slope", "slope_degrees": 1.04, "slope_class": "Low slope", "slope_risk": 12}}, {"type": "Feature", "geometry": {"type": "Polygon", "coordinates": [[[116.97365494978105, -34.27889776552008], [116.97365494978105, -34.25389776552008], [116.94865494978104, -34.25389776552008], [116.94865494978104, -34.27889776552008], [116.97365494978105, -34.27889776552008]]]}, "properties": {"layer": "Slope", "slope_degrees": 2.65, "slope_class": "Low slope", "slope_risk": 12}}, {"type": "Feature", "geometry": {"type": "Polygon", "coordinates": [[[116.99865494978106, -34.27889776552008], [116.99865494978106, -34.25389776552008], [116.97365494978105, -34.25389776552008], [116.97365494978105, -34.27889776552008], [116.99865494978106, -34.27889776552008]]]}, "properties": {"layer": "Slope", "slope_degrees": 3.65, "slope_class": "Low slope", "slope_risk": 12}}, {"type": "Feature", "geometry": {"type": "Polygon", "coordinates": [[[117.02365494978106, -34.27889776552008], [117.02365494978106, -34.25389776552008], [116.99865494978106, -34.25389776552008], [116.99865494978106, -34.27889776552008], [117.02365494978106, -34.27889776552008]]]}, "properties": {"layer": "Slope", "slope_degrees": 1.77, "slope_class": "Low slope", "slope_risk": 12}}, {"type": "Feature", "geometry": {"type": "Polygon", "coordinates": [[[117.04865494978107, -34.27889776552008], [117.04865494978107, -34.25389776552008], [117.02365494978106, -34.25389776552008], [117.02365494978106, -34.27889776552008], [117.04865494978107, -34.27889776552008]]]}, "properties": {"layer": "Slope", "slope_degrees": 4.03, "slope_class": "Low slope", "slope_risk": 12}}, {"type": "Feature", "geometry": {"type": "Polygon", "coordinates": [[[117.07365494978107, -34.27889776552008], [117.07365494978107, -34.25389776552008], [117.04865494978107, -34.25389776552008], [117.04865494978107, -34.27889776552008], [117.07365494978107, -34.27889776552008]]]}, "properties": {"layer": "Slope", "slope_degrees": 1.72, "slope_class": "Low slope", "slope_risk": 12}}, {"type": "Feature", "geometry": {"type": "Polygon", "coordinates": [[[117.09865494978108, -34.27889776552008], [117.09865494978108, -34.25389776552008], [117.07365494978107, -34.25389776552008], [117.07365494978107, -34.27889776552008], [117.09865494978108, -34.27889776552008]]]}, "properties": {"layer": "Slope", "slope_degrees": 1.99, "slope_class": "Low slope", "slope_risk": 12}}, {"type": "Feature", "geometry": {"type": "Polygon", "coordinates": [[[117.12365494978108, -34.27889776552008], [117.12365494978108, -34.25389776552008], [117.09865494978108, -34.25389776552008], [117.09865494978108, -34.27889776552008], [117.12365494978108, -34.27889776552008]]]}, "properties": {"layer": "Slope", "slope_degrees": 6.62, "slope_class": "Moderate slope", "slope_risk": 18}}, {"type": "Feature", "geometry": {"type": "Polygon", "coordinates": [[[117.14865494978109, -34.27889776552008], [117.14865494978109, -34.25389776552008], [117.12365494978108, -34.25389776552008], [117.12365494978108, -34.27889776552008], [117.14865494978109, -34.27889776552008]]]}, "properties": {"layer": "Slope", "slope_degrees": 2.95, "slope_class": "Low slope", "slope_risk": 12}}, {"type": "Feature", "geometry": {"type": "Polygon", "coordinates": [[[117.1736549497811, -34.27889776552008], [117.1736549497811, -34.25389776552008], [117.14865494978109, -34.25389776552008], [117.14865494978109, -34.27889776552008], [117.1736549497811, -34.27889776552008]]]}, "properties": {"layer": "Slope", "slope_degrees": 5.03, "slope_class": "Moderate slope", "slope_risk": 12}}, {"type": "Feature", "geometry": {"type": "Polygon", "coordinates": [[[117.1986549497811, -34.27889776552008], [117.1986549497811, -34.25389776552008], [117.1736549497811, -34.25389776552008], [117.1736549497811, -34.27889776552008], [117.1986549497811, -34.27889776552008]]]}, "properties": {"layer": "Slope", "slope_degrees": 2.01, "slope_class": "Low slope", "slope_risk": 12}}, {"type": "Feature", "geometry": {"type": "Polygon", "coordinates": [[[117.2236549497811, -34.27889776552008], [117.2236549497811, -34.25389776552008], [117.1986549497811, -34.25389776552008], [117.1986549497811, -34.27889776552008], [117.2236549497811, -34.27889776552008]]]}, "properties": {"layer": "Slope", "slope_degrees": 1.27, "slope_class": "Low slope", "slope_risk": 12}}, {"type": "Feature", "geometry": {"type": "Polygon", "coordinates": [[[117.24865494978111, -34.27889776552008], [117.24865494978111, -34.25389776552008], [117.2236549497811, -34.25389776552008], [117.2236549497811, -34.27889776552008], [117.24865494978111, -34.27889776552008]]]}, "properties": {"layer": "Slope", "slope_degrees": 2.09, "slope_class": "Low slope", "slope_risk": 12}}, {"type": "Feature", "geometry": {"type": "Polygon", "coordinates": [[[117.27365494978112, -34.27889776552008], [117.27365494978112, -34.25389776552008], [117.24865494978111, -34.25389776552008], [117.24865494978111, -34.27889776552008], [117.27365494978112, -34.27889776552008]]]}, "properties": {"layer": "Slope", "slope_degrees": 4.07, "slope_class": "Low slope", "slope_risk": 12}}, {"type": "Feature", "geometry": {"type": "Polygon", "coordinates": [[[117.29865494978112, -34.27889776552008], [117.29865494978112, -34.25389776552008], [117.27365494978112, -34.25389776552008], [117.27365494978112, -34.27889776552008], [117.29865494978112, -34.27889776552008]]]}, "properties": {"layer": "Slope", "slope_degrees": 2.23, "slope_class": "Low slope", "slope_risk": 12}}, {"type": "Feature", "geometry": {"type": "Polygon", "coordinates": [[[117.32365494978113, -34.27889776552008], [117.32365494978113, -34.25389776552008], [117.29865494978112, -34.25389776552008], [117.29865494978112, -34.27889776552008], [117.32365494978113, -34.27889776552008]]]}, "properties": {"layer": "Slope", "slope_degrees": 6.18, "slope_class": "Moderate slope", "slope_risk": 16}}, {"type": "Feature", "geometry": {"type": "Polygon", "coordinates": [[[117.34865494978114, -34.27889776552008], [117.34865494978114, -34.25389776552008], [117.32365494978113, -34.25389776552008], [117.32365494978113, -34.27889776552008], [117.34865494978114, -34.27889776552008]]]}, "properties": {"layer": "Slope", "slope_degrees": 0.77, "slope_class": "Low slope", "slope_risk": 12}}, {"type": "Feature", "geometry": {"type": "Polygon", "coordinates": [[[117.37365494978114, -34.27889776552008], [117.37365494978114, -34.25389776552008], [117.34865494978114, -34.25389776552008], [117.34865494978114, -34.27889776552008], [117.37365494978114, -34.27889776552008]]]}, "properties": {"layer": "Slope", "slope_degrees": 0.45, "slope_class": "Low slope", "slope_risk": 12}}, {"type": "Feature", "geometry": {"type": "Polygon", "coordinates": [[[117.39865494978115, -34.27889776552008], [117.39865494978115, -34.25389776552008], [117.37365494978114, -34.25389776552008], [117.37365494978114, -34.27889776552008], [117.39865494978115, -34.27889776552008]]]}, "properties": {"layer": "Slope", "slope_degrees": 0.71, "slope_class": "Low slope", "slope_risk": 12}}, {"type": "Feature", "geometry": {"type": "Polygon", "coordinates": [[[117.42365494978115, -34.27889776552008], [117.42365494978115, -34.25389776552008], [117.39865494978115, -34.25389776552008], [117.39865494978115, -34.27889776552008], [117.42365494978115, -34.27889776552008]]]}, "properties": {"layer": "Slope", "slope_degrees": 1.24, "slope_class": "Low slope", "slope_risk": 12}}, {"type": "Feature", "geometry": {"type": "Polygon", "coordinates": [[[117.44865494978116, -34.27889776552008], [117.44865494978116, -34.25389776552008], [117.42365494978115, -34.25389776552008], [117.42365494978115, -34.27889776552008], [117.44865494978116, -34.27889776552008]]]}, "properties": {"layer": "Slope", "slope_degrees": 5.96, "slope_class": "Moderate slope", "slope_risk": 16}}, {"type": "Feature", "geometry": {"type": "Polygon", "coordinates": [[[117.47365494978116, -34.27889776552008], [117.47365494978116, -34.25389776552008], [117.44865494978116, -34.25389776552008], [117.44865494978116, -34.27889776552008], [117.47365494978116, -34.27889776552008]]]}, "properties": {"layer": "Slope", "slope_degrees": 1.07, "slope_class": "Low slope", "slope_risk": 12}}, {"type": "Feature", "geometry": {"type": "Polygon", "coordinates": [[[117.49865494978117, -34.27889776552008], [117.49865494978117, -34.25389776552008], [117.47365494978116, -34.25389776552008], [117.47365494978116, -34.27889776552008], [117.49865494978117, -34.27889776552008]]]}, "properties": {"layer": "Slope", "slope_degrees": 3.66, "slope_class": "Low slope", "slope_risk": 12}}, {"type": "Feature", "geometry": {"type": "Polygon", "coordinates": [[[117.52365494978118, -34.27889776552008], [117.52365494978118, -34.25389776552008], [117.49865494978117, -34.25389776552008], [117.49865494978117, -34.27889776552008], [117.52365494978118, -34.27889776552008]]]}, "properties": {"layer": "Slope", "slope_degrees": 5.62, "slope_class": "Moderate slope", "slope_risk": 14}}, {"type": "Feature", "geometry": {"type": "Polygon", "coordinates": [[[117.54865494978118, -34.27889776552008], [117.54865494978118, -34.25389776552008], [117.52365494978118, -34.25389776552008], [117.52365494978118, -34.27889776552008], [117.54865494978118, -34.27889776552008]]]}, "properties": {"layer": "Slope", "slope_degrees": 4.52, "slope_class": "Low slope", "slope_risk": 12}}, {"type": "Feature", "geometry": {"type": "Polygon", "coordinates": [[[117.57365494978119, -34.27889776552008], [117.57365494978119, -34.25389776552008], [117.54865494978118, -34.25389776552008], [117.54865494978118, -34.27889776552008], [117.57365494978119, -34.27889776552008]]]}, "properties": {"layer": "Slope", "slope_degrees": 1.66, "slope_class": "Low slope", "slope_risk": 12}}, {"type": "Feature", "geometry": {"type": "Polygon", "coordinates": [[[117.59865494978119, -34.27889776552008], [117.59865494978119, -34.25389776552008], [117.57365494978119, -34.25389776552008], [117.57365494978119, -34.27889776552008], [117.59865494978119, -34.27889776552008]]]}, "properties": {"layer": "Slope", "slope_degrees": 1.28, "slope_class": "Low slope", "slope_risk": 12}}, {"type": "Feature", "geometry": {"type": "Polygon", "coordinates": [[[117.6236549497812, -34.27889776552008], [117.6236549497812, -34.25389776552008], [117.59865494978119, -34.25389776552008], [117.59865494978119, -34.27889776552008], [117.6236549497812, -34.27889776552008]]]}, "properties": {"layer": "Slope", "slope_degrees": 1.41, "slope_class": "Low slope", "slope_risk": 12}}, {"type": "Feature", "geometry": {"type": "Polygon", "coordinates": [[[117.6486549497812, -34.27889776552008], [117.6486549497812, -34.25389776552008], [117.6236549497812, -34.25389776552008], [117.6236549497812, -34.27889776552008], [117.6486549497812, -34.27889776552008]]]}, "properties": {"layer": "Slope", "slope_degrees": 0.81, "slope_class": "Low slope", "slope_risk": 12}}, {"type": "Feature", "geometry": {"type": "Polygon", "coordinates": [[[117.67365494978121, -34.27889776552008], [117.67365494978121, -34.25389776552008], [117.6486549497812, -34.25389776552008], [117.6486549497812, -34.27889776552008], [117.67365494978121, -34.27889776552008]]]}, "properties": {"layer": "Slope", "slope_degrees": 0.88, "slope_class": "Low slope", "slope_risk": 12}}, {"type": "Feature", "geometry": {"type": "Polygon", "coordinates": [[[117.69865494978121, -34.27889776552008], [117.69865494978121, -34.25389776552008], [117.67365494978121, -34.25389776552008], [117.67365494978121, -34.27889776552008], [117.69865494978121, -34.27889776552008]]]}, "properties": {"layer": "Slope", "slope_degrees": 1.43, "slope_class": "Low slope", "slope_risk": 12}}, {"type": "Feature", "geometry": {"type": "Polygon", "coordinates": [[[117.72365494978122, -34.27889776552008], [117.72365494978122, -34.25389776552008], [117.69865494978121, -34.25389776552008], [117.69865494978121, -34.27889776552008], [117.72365494978122, -34.27889776552008]]]}, "properties": {"layer": "Slope", "slope_degrees": 0.84, "slope_class": "Low slope", "slope_risk": 12}}, {"type": "Feature", "geometry": {"type": "Polygon", "coordinates": [[[117.74865494978123, -34.27889776552008], [117.74865494978123, -34.25389776552008], [117.72365494978122, -34.25389776552008], [117.72365494978122, -34.27889776552008], [117.74865494978123, -34.27889776552008]]]}, "properties": {"layer": "Slope", "slope_degrees": 1.02, "slope_class": "Low slope", "slope_risk": 12}}, {"type": "Feature", "geometry": {"type": "Polygon", "coordinates": [[[117.77365494978123, -34.27889776552008], [117.77365494978123, -34.25389776552008], [117.74865494978123, -34.25389776552008], [117.74865494978123, -34.27889776552008], [117.77365494978123, -34.27889776552008]]]}, "properties": {"layer": "Slope", "slope_degrees": 2.09, "slope_class": "Low slope", "slope_risk": 12}}, {"type": "Feature", "geometry": {"type": "Polygon", "coordinates": [[[117.79865494978124, -34.27889776552008], [117.79865494978124, -34.25389776552008], [117.77365494978123, -34.25389776552008], [117.77365494978123, -34.27889776552008], [117.79865494978124, -34.27889776552008]]]}, "properties": {"layer": "Slope", "slope_degrees": 0.0, "slope_class": "Low slope", "slope_risk": 12}}, {"type": "Feature", "geometry": {"type": "Polygon", "coordinates": [[[117.82365494978124, -34.27889776552008], [117.82365494978124, -34.25389776552008], [117.79865494978124, -34.25389776552008], [117.79865494978124, -34.27889776552008], [117.82365494978124, -34.27889776552008]]]}, "properties": {"layer": "Slope", "slope_degrees": 3.43, "slope_class": "Low slope", "slope_risk": 12}}, {"type": "Feature", "geometry": {"type": "Polygon", "coordinates": [[[117.84865494978125, -34.27889776552008], [117.84865494978125, -34.25389776552008], [117.82365494978124, -34.25389776552008], [117.82365494978124, -34.27889776552008], [117.84865494978125, -34.27889776552008]]]}, "properties": {"layer": "Slope", "slope_degrees": 0.85, "slope_class": "Low slope", "slope_risk": 12}}, {"type": "Feature", "geometry": {"type": "Polygon", "coordinates": [[[117.87365494978125, -34.27889776552008], [117.87365494978125, -34.25389776552008], [117.84865494978125, -34.25389776552008], [117.84865494978125, -34.27889776552008], [117.87365494978125, -34.27889776552008]]]}, "properties": {"layer": "Slope", "slope_degrees": 1.47, "slope_class": "Low slope", "slope_risk": 12}}, {"type": "Feature", "geometry": {"type": "Polygon", "coordinates": [[[117.89865494978126, -34.27889776552008], [117.89865494978126, -34.25389776552008], [117.87365494978125, -34.25389776552008], [117.87365494978125, -34.27889776552008], [117.89865494978126, -34.27889776552008]]]}, "properties": {"layer": "Slope", "slope_degrees": 0.23, "slope_class": "Low slope", "slope_risk": 12}}, {"type": "Feature", "geometry": {"type": "Polygon", "coordinates": [[[117.92365494978127, -34.27889776552008], [117.92365494978127, -34.25389776552008], [117.89865494978126, -34.25389776552008], [117.89865494978126, -34.27889776552008], [117.92365494978127, -34.27889776552008]]]}, "properties": {"layer": "Slope", "slope_degrees": 2.55, "slope_class": "Low slope", "slope_risk": 12}}, {"type": "Feature", "geometry": {"type": "Polygon", "coordinates": [[[117.94865494978127, -34.27889776552008], [117.94865494978127, -34.25389776552008], [117.92365494978127, -34.25389776552008], [117.92365494978127, -34.27889776552008], [117.94865494978127, -34.27889776552008]]]}, "properties": {"layer": "Slope", "slope_degrees": 4.44, "slope_class": "Low slope", "slope_risk": 12}}, {"type": "Feature", "geometry": {"type": "Polygon", "coordinates": [[[117.97365494978128, -34.27889776552008], [117.97365494978128, -34.25389776552008], [117.94865494978127, -34.25389776552008], [117.94865494978127, -34.27889776552008], [117.97365494978128, -34.27889776552008]]]}, "properties": {"layer": "Slope", "slope_degrees": 0.93, "slope_class": "Low slope", "slope_risk": 12}}, {"type": "Feature", "geometry": {"type": "Polygon", "coordinates": [[[117.99865494978128, -34.27889776552008], [117.99865494978128, -34.25389776552008], [117.97365494978128, -34.25389776552008], [117.97365494978128, -34.27889776552008], [117.99865494978128, -34.27889776552008]]]}, "properties": {"layer": "Slope", "slope_degrees": 1.44, "slope_class": "Low slope", "slope_risk": 12}}, {"type": "Feature", "geometry": {"type": "Polygon", "coordinates": [[[116.92365494978104, -34.25389776552008], [116.92365494978104, -34.22889776552008], [116.89865494978103, -34.22889776552008], [116.89865494978103, -34.25389776552008], [116.92365494978104, -34.25389776552008]]]}, "properties": {"layer": "Slope", "slope_degrees": 2.35, "slope_class": "Low slope", "slope_risk": 12}}, {"type": "Feature", "geometry": {"type": "Polygon", "coordinates": [[[116.94865494978104, -34.25389776552008], [116.94865494978104, -34.22889776552008], [116.92365494978104, -34.22889776552008], [116.92365494978104, -34.25389776552008], [116.94865494978104, -34.25389776552008]]]}, "properties": {"layer": "Slope", "slope_degrees": 4.39, "slope_class": "Low slope", "slope_risk": 12}}, {"type": "Feature", "geometry": {"type": "Polygon", "coordinates": [[[116.97365494978105, -34.25389776552008], [116.97365494978105, -34.22889776552008], [116.94865494978104, -34.22889776552008], [116.94865494978104, -34.25389776552008], [116.97365494978105, -34.25389776552008]]]}, "properties": {"layer": "Slope", "slope_degrees": 6.46, "slope_class": "Moderate slope", "slope_risk": 18}}, {"type": "Feature", "geometry": {"type": "Polygon", "coordinates": [[[116.99865494978106, -34.25389776552008], [116.99865494978106, -34.22889776552008], [116.97365494978105, -34.22889776552008], [116.97365494978105, -34.25389776552008], [116.99865494978106, -34.25389776552008]]]}, "properties": {"layer": "Slope", "slope_degrees": 6.54, "slope_class": "Moderate slope", "slope_risk": 18}}, {"type": "Feature", "geometry": {"type": "Polygon", "coordinates": [[[117.02365494978106, -34.25389776552008], [117.02365494978106, -34.22889776552008], [116.99865494978106, -34.22889776552008], [116.99865494978106, -34.25389776552008], [117.02365494978106, -34.25389776552008]]]}, "properties": {"layer": "Slope", "slope_degrees": 5.0, "slope_class": "Moderate slope", "slope_risk": 12}}, {"type": "Feature", "geometry": {"type": "Polygon", "coordinates": [[[117.04865494978107, -34.25389776552008], [117.04865494978107, -34.22889776552008], [117.02365494978106, -34.22889776552008], [117.02365494978106, -34.25389776552008], [117.04865494978107, -34.25389776552008]]]}, "properties": {"layer": "Slope", "slope_degrees": 6.33, "slope_class": "Moderate slope", "slope_risk": 17}}, {"type": "Feature", "geometry": {"type": "Polygon", "coordinates": [[[117.07365494978107, -34.25389776552008], [117.07365494978107, -34.22889776552008], [117.04865494978107, -34.22889776552008], [117.04865494978107, -34.25389776552008], [117.07365494978107, -34.25389776552008]]]}, "properties": {"layer": "Slope", "slope_degrees": 5.48, "slope_class": "Moderate slope", "slope_risk": 14}}, {"type": "Feature", "geometry": {"type": "Polygon", "coordinates": [[[117.09865494978108, -34.25389776552008], [117.09865494978108, -34.22889776552008], [117.07365494978107, -34.22889776552008], [117.07365494978107, -34.25389776552008], [117.09865494978108, -34.25389776552008]]]}, "properties": {"layer": "Slope", "slope_degrees": 4.34, "slope_class": "Low slope", "slope_risk": 12}}, {"type": "Feature", "geometry": {"type": "Polygon", "coordinates": [[[117.12365494978108, -34.25389776552008], [117.12365494978108, -34.22889776552008], [117.09865494978108, -34.22889776552008], [117.09865494978108, -34.25389776552008], [117.12365494978108, -34.25389776552008]]]}, "properties": {"layer": "Slope", "slope_degrees": 2.78, "slope_class": "Low slope", "slope_risk": 12}}, {"type": "Feature", "geometry": {"type": "Polygon", "coordinates": [[[117.14865494978109, -34.25389776552008], [117.14865494978109, -34.22889776552008], [117.12365494978108, -34.22889776552008], [117.12365494978108, -34.25389776552008], [117.14865494978109, -34.25389776552008]]]}, "properties": {"layer": "Slope", "slope_degrees": 3.87, "slope_class": "Low slope", "slope_risk": 12}}, {"type": "Feature", "geometry": {"type": "Polygon", "coordinates": [[[117.1736549497811, -34.25389776552008], [117.1736549497811, -34.22889776552008], [117.14865494978109, -34.22889776552008], [117.14865494978109, -34.25389776552008], [117.1736549497811, -34.25389776552008]]]}, "properties": {"layer": "Slope", "slope_degrees": 1.9, "slope_class": "Low slope", "slope_risk": 12}}, {"type": "Feature", "geometry": {"type": "Polygon", "coordinates": [[[117.1986549497811, -34.25389776552008], [117.1986549497811, -34.22889776552008], [117.1736549497811, -34.22889776552008], [117.1736549497811, -34.25389776552008], [117.1986549497811, -34.25389776552008]]]}, "properties": {"layer": "Slope", "slope_degrees": 3.75, "slope_class": "Low slope", "slope_risk": 12}}, {"type": "Feature", "geometry": {"type": "Polygon", "coordinates": [[[117.2236549497811, -34.25389776552008], [117.2236549497811, -34.22889776552008], [117.1986549497811, -34.22889776552008], [117.1986549497811, -34.25389776552008], [117.2236549497811, -34.25389776552008]]]}, "properties": {"layer": "Slope", "slope_degrees": 2.46, "slope_class": "Low slope", "slope_risk": 12}}, {"type": "Feature", "geometry": {"type": "Polygon", "coordinates": [[[117.24865494978111, -34.25389776552008], [117.24865494978111, -34.22889776552008], [117.2236549497811, -34.22889776552008], [117.2236549497811, -34.25389776552008], [117.24865494978111, -34.25389776552008]]]}, "properties": {"layer": "Slope", "slope_degrees": 4.01, "slope_class": "Low slope", "slope_risk": 12}}, {"type": "Feature", "geometry": {"type": "Polygon", "coordinates": [[[117.27365494978112, -34.25389776552008], [117.27365494978112, -34.22889776552008], [117.24865494978111, -34.22889776552008], [117.24865494978111, -34.25389776552008], [117.27365494978112, -34.25389776552008]]]}, "properties": {"layer": "Slope", "slope_degrees": 3.72, "slope_class": "Low slope", "slope_risk": 12}}, {"type": "Feature", "geometry": {"type": "Polygon", "coordinates": [[[117.29865494978112, -34.25389776552008], [117.29865494978112, -34.22889776552008], [117.27365494978112, -34.22889776552008], [117.27365494978112, -34.25389776552008], [117.29865494978112, -34.25389776552008]]]}, "properties": {"layer": "Slope", "slope_degrees": 1.89, "slope_class": "Low slope", "slope_risk": 12}}, {"type": "Feature", "geometry": {"type": "Polygon", "coordinates": [[[117.32365494978113, -34.25389776552008], [117.32365494978113, -34.22889776552008], [117.29865494978112, -34.22889776552008], [117.29865494978112, -34.25389776552008], [117.32365494978113, -34.25389776552008]]]}, "properties": {"layer": "Slope", "slope_degrees": 1.27, "slope_class": "Low slope", "slope_risk": 12}}, {"type": "Feature", "geometry": {"type": "Polygon", "coordinates": [[[117.34865494978114, -34.25389776552008], [117.34865494978114, -34.22889776552008], [117.32365494978113, -34.22889776552008], [117.32365494978113, -34.25389776552008], [117.34865494978114, -34.25389776552008]]]}, "properties": {"layer": "Slope", "slope_degrees": 1.75, "slope_class": "Low slope", "slope_risk": 12}}, {"type": "Feature", "geometry": {"type": "Polygon", "coordinates": [[[117.37365494978114, -34.25389776552008], [117.37365494978114, -34.22889776552008], [117.34865494978114, -34.22889776552008], [117.34865494978114, -34.25389776552008], [117.37365494978114, -34.25389776552008]]]}, "properties": {"layer": "Slope", "slope_degrees": 2.49, "slope_class": "Low slope", "slope_risk": 12}}, {"type": "Feature", "geometry": {"type": "Polygon", "coordinates": [[[117.39865494978115, -34.25389776552008], [117.39865494978115, -34.22889776552008], [117.37365494978114, -34.22889776552008], [117.37365494978114, -34.25389776552008], [117.39865494978115, -34.25389776552008]]]}, "properties": {"layer": "Slope", "slope_degrees": 1.95, "slope_class": "Low slope", "slope_risk": 12}}, {"type": "Feature", "geometry": {"type": "Polygon", "coordinates": [[[117.42365494978115, -34.25389776552008], [117.42365494978115, -34.22889776552008], [117.39865494978115, -34.22889776552008], [117.39865494978115, -34.25389776552008], [117.42365494978115, -34.25389776552008]]]}, "properties": {"layer": "Slope", "slope_degrees": 4.42, "slope_class": "Low slope", "slope_risk": 12}}, {"type": "Feature", "geometry": {"type": "Polygon", "coordinates": [[[117.44865494978116, -34.25389776552008], [117.44865494978116, -34.22889776552008], [117.42365494978115, -34.22889776552008], [117.42365494978115, -34.25389776552008], [117.44865494978116, -34.25389776552008]]]}, "properties": {"layer": "Slope", "slope_degrees": 4.26, "slope_class": "Low slope", "slope_risk": 12}}, {"type": "Feature", "geometry": {"type": "Polygon", "coordinates": [[[117.47365494978116, -34.25389776552008], [117.47365494978116, -34.22889776552008], [117.44865494978116, -34.22889776552008], [117.44865494978116, -34.25389776552008], [117.47365494978116, -34.25389776552008]]]}, "properties": {"layer": "Slope", "slope_degrees": 1.66, "slope_class": "Low slope", "slope_risk": 12}}, {"type": "Feature", "geometry": {"type": "Polygon", "coordinates": [[[117.49865494978117, -34.25389776552008], [117.49865494978117, -34.22889776552008], [117.47365494978116, -34.22889776552008], [117.47365494978116, -34.25389776552008], [117.49865494978117, -34.25389776552008]]]}, "properties": {"layer": "Slope", "slope_degrees": 4.13, "slope_class": "Low slope", "slope_risk": 12}}, {"type": "Feature", "geometry": {"type": "Polygon", "coordinates": [[[117.52365494978118, -34.25389776552008], [117.52365494978118, -34.22889776552008], [117.49865494978117, -34.22889776552008], [117.49865494978117, -34.25389776552008], [117.52365494978118, -34.25389776552008]]]}, "properties": {"layer": "Slope", "slope_degrees": 4.18, "slope_class": "Low slope", "slope_risk": 12}}, {"type": "Feature", "geometry": {"type": "Polygon", "coordinates": [[[117.54865494978118, -34.25389776552008], [117.54865494978118, -34.22889776552008], [117.52365494978118, -34.22889776552008], [117.52365494978118, -34.25389776552008], [117.54865494978118, -34.25389776552008]]]}, "properties": {"layer": "Slope", "slope_degrees": 3.35, "slope_class": "Low slope", "slope_risk": 12}}, {"type": "Feature", "geometry": {"type": "Polygon", "coordinates": [[[117.57365494978119, -34.25389776552008], [117.57365494978119, -34.22889776552008], [117.54865494978118, -34.22889776552008], [117.54865494978118, -34.25389776552008], [117.57365494978119, -34.25389776552008]]]}, "properties": {"layer": "Slope", "slope_degrees": 1.83, "slope_class": "Low slope", "slope_risk": 12}}, {"type": "Feature", "geometry": {"type": "Polygon", "coordinates": [[[117.59865494978119, -34.25389776552008], [117.59865494978119, -34.22889776552008], [117.57365494978119, -34.22889776552008], [117.57365494978119, -34.25389776552008], [117.59865494978119, -34.25389776552008]]]}, "properties": {"layer": "Slope", "slope_degrees": 4.07, "slope_class": "Low slope", "slope_risk": 12}}, {"type": "Feature", "geometry": {"type": "Polygon", "coordinates": [[[117.6236549497812, -34.25389776552008], [117.6236549497812, -34.22889776552008], [117.59865494978119, -34.22889776552008], [117.59865494978119, -34.25389776552008], [117.6236549497812, -34.25389776552008]]]}, "properties": {"layer": "Slope", "slope_degrees": 2.48, "slope_class": "Low slope", "slope_risk": 12}}, {"type": "Feature", "geometry": {"type": "Polygon", "coordinates": [[[117.6486549497812, -34.25389776552008], [117.6486549497812, -34.22889776552008], [117.6236549497812, -34.22889776552008], [117.6236549497812, -34.25389776552008], [117.6486549497812, -34.25389776552008]]]}, "properties": {"layer": "Slope", "slope_degrees": 1.77, "slope_class": "Low slope", "slope_risk": 12}}, {"type": "Feature", "geometry": {"type": "Polygon", "coordinates": [[[117.67365494978121, -34.25389776552008], [117.67365494978121, -34.22889776552008], [117.6486549497812, -34.22889776552008], [117.6486549497812, -34.25389776552008], [117.67365494978121, -34.25389776552008]]]}, "properties": {"layer": "Slope", "slope_degrees": 1.42, "slope_class": "Low slope", "slope_risk": 12}}, {"type": "Feature", "geometry": {"type": "Polygon", "coordinates": [[[117.69865494978121, -34.25389776552008], [117.69865494978121, -34.22889776552008], [117.67365494978121, -34.22889776552008], [117.67365494978121, -34.25389776552008], [117.69865494978121, -34.25389776552008]]]}, "properties": {"layer": "Slope", "slope_degrees": 0.31, "slope_class": "Low slope", "slope_risk": 12}}, {"type": "Feature", "geometry": {"type": "Polygon", "coordinates": [[[117.72365494978122, -34.25389776552008], [117.72365494978122, -34.22889776552008], [117.69865494978121, -34.22889776552008], [117.69865494978121, -34.25389776552008], [117.72365494978122, -34.25389776552008]]]}, "properties": {"layer": "Slope", "slope_degrees": 1.1, "slope_class": "Low slope", "slope_risk": 12}}, {"type": "Feature", "geometry": {"type": "Polygon", "coordinates": [[[117.74865494978123, -34.25389776552008], [117.74865494978123, -34.22889776552008], [117.72365494978122, -34.22889776552008], [117.72365494978122, -34.25389776552008], [117.74865494978123, -34.25389776552008]]]}, "properties": {"layer": "Slope", "slope_degrees": 0.0, "slope_class": "Low slope", "slope_risk": 12}}, {"type": "Feature", "geometry": {"type": "Polygon", "coordinates": [[[117.77365494978123, -34.25389776552008], [117.77365494978123, -34.22889776552008], [117.74865494978123, -34.22889776552008], [117.74865494978123, -34.25389776552008], [117.77365494978123, -34.25389776552008]]]}, "properties": {"layer": "Slope", "slope_degrees": 1.26, "slope_class": "Low slope", "slope_risk": 12}}, {"type": "Feature", "geometry": {"type": "Polygon", "coordinates": [[[117.79865494978124, -34.25389776552008], [117.79865494978124, -34.22889776552008], [117.77365494978123, -34.22889776552008], [117.77365494978123, -34.25389776552008], [117.79865494978124, -34.25389776552008]]]}, "properties": {"layer": "Slope", "slope_degrees": 1.07, "slope_class": "Low slope", "slope_risk": 12}}, {"type": "Feature", "geometry": {"type": "Polygon", "coordinates": [[[117.82365494978124, -34.25389776552008], [117.82365494978124, -34.22889776552008], [117.79865494978124, -34.22889776552008], [117.79865494978124, -34.25389776552008], [117.82365494978124, -34.25389776552008]]]}, "properties": {"layer": "Slope", "slope_degrees": 2.94, "slope_class": "Low slope", "slope_risk": 12}}, {"type": "Feature", "geometry": {"type": "Polygon", "coordinates": [[[117.84865494978125, -34.25389776552008], [117.84865494978125, -34.22889776552008], [117.82365494978124, -34.22889776552008], [117.82365494978124, -34.25389776552008], [117.84865494978125, -34.25389776552008]]]}, "properties": {"layer": "Slope", "slope_degrees": 1.31, "slope_class": "Low slope", "slope_risk": 12}}, {"type": "Feature", "geometry": {"type": "Polygon", "coordinates": [[[117.87365494978125, -34.25389776552008], [117.87365494978125, -34.22889776552008], [117.84865494978125, -34.22889776552008], [117.84865494978125, -34.25389776552008], [117.87365494978125, -34.25389776552008]]]}, "properties": {"layer": "Slope", "slope_degrees": 4.24, "slope_class": "Low slope", "slope_risk": 12}}, {"type": "Feature", "geometry": {"type": "Polygon", "coordinates": [[[117.89865494978126, -34.25389776552008], [117.89865494978126, -34.22889776552008], [117.87365494978125, -34.22889776552008], [117.87365494978125, -34.25389776552008], [117.89865494978126, -34.25389776552008]]]}, "properties": {"layer": "Slope", "slope_degrees": 1.29, "slope_class": "Low slope", "slope_risk": 12}}, {"type": "Feature", "geometry": {"type": "Polygon", "coordinates": [[[117.92365494978127, -34.25389776552008], [117.92365494978127, -34.22889776552008], [117.89865494978126, -34.22889776552008], [117.89865494978126, -34.25389776552008], [117.92365494978127, -34.25389776552008]]]}, "properties": {"layer": "Slope", "slope_degrees": 2.22, "slope_class": "Low slope", "slope_risk": 12}}, {"type": "Feature", "geometry": {"type": "Polygon", "coordinates": [[[117.94865494978127, -34.25389776552008], [117.94865494978127, -34.22889776552008], [117.92365494978127, -34.22889776552008], [117.92365494978127, -34.25389776552008], [117.94865494978127, -34.25389776552008]]]}, "properties": {"layer": "Slope", "slope_degrees": 6.38, "slope_class": "Moderate slope", "slope_risk": 17}}, {"type": "Feature", "geometry": {"type": "Polygon", "coordinates": [[[117.97365494978128, -34.25389776552008], [117.97365494978128, -34.22889776552008], [117.94865494978127, -34.22889776552008], [117.94865494978127, -34.25389776552008], [117.97365494978128, -34.25389776552008]]]}, "properties": {"layer": "Slope", "slope_degrees": 3.02, "slope_class": "Low slope", "slope_risk": 12}}, {"type": "Feature", "geometry": {"type": "Polygon", "coordinates": [[[117.99865494978128, -34.25389776552008], [117.99865494978128, -34.22889776552008], [117.97365494978128, -34.22889776552008], [117.97365494978128, -34.25389776552008], [117.99865494978128, -34.25389776552008]]]}, "properties": {"layer": "Slope", "slope_degrees": 1.62, "slope_class": "Low slope", "slope_risk": 12}}, {"type": "Feature", "geometry": {"type": "Polygon", "coordinates": [[[116.92365494978104, -34.22889776552008], [116.92365494978104, -34.20389776552008], [116.89865494978103, -34.20389776552008], [116.89865494978103, -34.22889776552008], [116.92365494978104, -34.22889776552008]]]}, "properties": {"layer": "Slope", "slope_degrees": 4.43, "slope_class": "Low slope", "slope_risk": 12}}, {"type": "Feature", "geometry": {"type": "Polygon", "coordinates": [[[116.94865494978104, -34.22889776552008], [116.94865494978104, -34.20389776552008], [116.92365494978104, -34.20389776552008], [116.92365494978104, -34.22889776552008], [116.94865494978104, -34.22889776552008]]]}, "properties": {"layer": "Slope", "slope_degrees": 1.3, "slope_class": "Low slope", "slope_risk": 12}}, {"type": "Feature", "geometry": {"type": "Polygon", "coordinates": [[[116.97365494978105, -34.22889776552008], [116.97365494978105, -34.20389776552008], [116.94865494978104, -34.20389776552008], [116.94865494978104, -34.22889776552008], [116.97365494978105, -34.22889776552008]]]}, "properties": {"layer": "Slope", "slope_degrees": 3.8, "slope_class": "Low slope", "slope_risk": 12}}, {"type": "Feature", "geometry": {"type": "Polygon", "coordinates": [[[116.99865494978106, -34.22889776552008], [116.99865494978106, -34.20389776552008], [116.97365494978105, -34.20389776552008], [116.97365494978105, -34.22889776552008], [116.99865494978106, -34.22889776552008]]]}, "properties": {"layer": "Slope", "slope_degrees": 1.09, "slope_class": "Low slope", "slope_risk": 12}}, {"type": "Feature", "geometry": {"type": "Polygon", "coordinates": [[[117.02365494978106, -34.22889776552008], [117.02365494978106, -34.20389776552008], [116.99865494978106, -34.20389776552008], [116.99865494978106, -34.22889776552008], [117.02365494978106, -34.22889776552008]]]}, "properties": {"layer": "Slope", "slope_degrees": 9.68, "slope_class": "Moderate slope", "slope_risk": 30}}, {"type": "Feature", "geometry": {"type": "Polygon", "coordinates": [[[117.04865494978107, -34.22889776552008], [117.04865494978107, -34.20389776552008], [117.02365494978106, -34.20389776552008], [117.02365494978106, -34.22889776552008], [117.04865494978107, -34.22889776552008]]]}, "properties": {"layer": "Slope", "slope_degrees": 1.27, "slope_class": "Low slope", "slope_risk": 12}}, {"type": "Feature", "geometry": {"type": "Polygon", "coordinates": [[[117.07365494978107, -34.22889776552008], [117.07365494978107, -34.20389776552008], [117.04865494978107, -34.20389776552008], [117.04865494978107, -34.22889776552008], [117.07365494978107, -34.22889776552008]]]}, "properties": {"layer": "Slope", "slope_degrees": 2.44, "slope_class": "Low slope", "slope_risk": 12}}, {"type": "Feature", "geometry": {"type": "Polygon", "coordinates": [[[117.09865494978108, -34.22889776552008], [117.09865494978108, -34.20389776552008], [117.07365494978107, -34.20389776552008], [117.07365494978107, -34.22889776552008], [117.09865494978108, -34.22889776552008]]]}, "properties": {"layer": "Slope", "slope_degrees": 4.65, "slope_class": "Low slope", "slope_risk": 12}}, {"type": "Feature", "geometry": {"type": "Polygon", "coordinates": [[[117.12365494978108, -34.22889776552008], [117.12365494978108, -34.20389776552008], [117.09865494978108, -34.20389776552008], [117.09865494978108, -34.22889776552008], [117.12365494978108, -34.22889776552008]]]}, "properties": {"layer": "Slope", "slope_degrees": 2.53, "slope_class": "Low slope", "slope_risk": 12}}, {"type": "Feature", "geometry": {"type": "Polygon", "coordinates": [[[117.14865494978109, -34.22889776552008], [117.14865494978109, -34.20389776552008], [117.12365494978108, -34.20389776552008], [117.12365494978108, -34.22889776552008], [117.14865494978109, -34.22889776552008]]]}, "properties": {"layer": "Slope", "slope_degrees": 2.78, "slope_class": "Low slope", "slope_risk": 12}}, {"type": "Feature", "geometry": {"type": "Polygon", "coordinates": [[[117.1736549497811, -34.22889776552008], [117.1736549497811, -34.20389776552008], [117.14865494978109, -34.20389776552008], [117.14865494978109, -34.22889776552008], [117.1736549497811, -34.22889776552008]]]}, "properties": {"layer": "Slope", "slope_degrees": 1.04, "slope_class": "Low slope", "slope_risk": 12}}, {"type": "Feature", "geometry": {"type": "Polygon", "coordinates": [[[117.1986549497811, -34.22889776552008], [117.1986549497811, -34.20389776552008], [117.1736549497811, -34.20389776552008], [117.1736549497811, -34.22889776552008], [117.1986549497811, -34.22889776552008]]]}, "properties": {"layer": "Slope", "slope_degrees": 1.73, "slope_class": "Low slope", "slope_risk": 12}}, {"type": "Feature", "geometry": {"type": "Polygon", "coordinates": [[[117.2236549497811, -34.22889776552008], [117.2236549497811, -34.20389776552008], [117.1986549497811, -34.20389776552008], [117.1986549497811, -34.22889776552008], [117.2236549497811, -34.22889776552008]]]}, "properties": {"layer": "Slope", "slope_degrees": 4.21, "slope_class": "Low slope", "slope_risk": 12}}, {"type": "Feature", "geometry": {"type": "Polygon", "coordinates": [[[117.24865494978111, -34.22889776552008], [117.24865494978111, -34.20389776552008], [117.2236549497811, -34.20389776552008], [117.2236549497811, -34.22889776552008], [117.24865494978111, -34.22889776552008]]]}, "properties": {"layer": "Slope", "slope_degrees": 1.78, "slope_class": "Low slope", "slope_risk": 12}}, {"type": "Feature", "geometry": {"type": "Polygon", "coordinates": [[[117.27365494978112, -34.22889776552008], [117.27365494978112, -34.20389776552008], [117.24865494978111, -34.20389776552008], [117.24865494978111, -34.22889776552008], [117.27365494978112, -34.22889776552008]]]}, "properties": {"layer": "Slope", "slope_degrees": 0.97, "slope_class": "Low slope", "slope_risk": 12}}, {"type": "Feature", "geometry": {"type": "Polygon", "coordinates": [[[117.29865494978112, -34.22889776552008], [117.29865494978112, -34.20389776552008], [117.27365494978112, -34.20389776552008], [117.27365494978112, -34.22889776552008], [117.29865494978112, -34.22889776552008]]]}, "properties": {"layer": "Slope", "slope_degrees": 0.76, "slope_class": "Low slope", "slope_risk": 12}}, {"type": "Feature", "geometry": {"type": "Polygon", "coordinates": [[[117.32365494978113, -34.22889776552008], [117.32365494978113, -34.20389776552008], [117.29865494978112, -34.20389776552008], [117.29865494978112, -34.22889776552008], [117.32365494978113, -34.22889776552008]]]}, "properties": {"layer": "Slope", "slope_degrees": 0.88, "slope_class": "Low slope", "slope_risk": 12}}, {"type": "Feature", "geometry": {"type": "Polygon", "coordinates": [[[117.34865494978114, -34.22889776552008], [117.34865494978114, -34.20389776552008], [117.32365494978113, -34.20389776552008], [117.32365494978113, -34.22889776552008], [117.34865494978114, -34.22889776552008]]]}, "properties": {"layer": "Slope", "slope_degrees": 1.99, "slope_class": "Low slope", "slope_risk": 12}}, {"type": "Feature", "geometry": {"type": "Polygon", "coordinates": [[[117.37365494978114, -34.22889776552008], [117.37365494978114, -34.20389776552008], [117.34865494978114, -34.20389776552008], [117.34865494978114, -34.22889776552008], [117.37365494978114, -34.22889776552008]]]}, "properties": {"layer": "Slope", "slope_degrees": 4.79, "slope_class": "Low slope", "slope_risk": 12}}, {"type": "Feature", "geometry": {"type": "Polygon", "coordinates": [[[117.39865494978115, -34.22889776552008], [117.39865494978115, -34.20389776552008], [117.37365494978114, -34.20389776552008], [117.37365494978114, -34.22889776552008], [117.39865494978115, -34.22889776552008]]]}, "properties": {"layer": "Slope", "slope_degrees": 3.38, "slope_class": "Low slope", "slope_risk": 12}}, {"type": "Feature", "geometry": {"type": "Polygon", "coordinates": [[[117.42365494978115, -34.22889776552008], [117.42365494978115, -34.20389776552008], [117.39865494978115, -34.20389776552008], [117.39865494978115, -34.22889776552008], [117.42365494978115, -34.22889776552008]]]}, "properties": {"layer": "Slope", "slope_degrees": 2.25, "slope_class": "Low slope", "slope_risk": 12}}, {"type": "Feature", "geometry": {"type": "Polygon", "coordinates": [[[117.44865494978116, -34.22889776552008], [117.44865494978116, -34.20389776552008], [117.42365494978115, -34.20389776552008], [117.42365494978115, -34.22889776552008], [117.44865494978116, -34.22889776552008]]]}, "properties": {"layer": "Slope", "slope_degrees": 4.54, "slope_class": "Low slope", "slope_risk": 12}}, {"type": "Feature", "geometry": {"type": "Polygon", "coordinates": [[[117.47365494978116, -34.22889776552008], [117.47365494978116, -34.20389776552008], [117.44865494978116, -34.20389776552008], [117.44865494978116, -34.22889776552008], [117.47365494978116, -34.22889776552008]]]}, "properties": {"layer": "Slope", "slope_degrees": 10.78, "slope_class": "Moderate slope", "slope_risk": 34}}, {"type": "Feature", "geometry": {"type": "Polygon", "coordinates": [[[117.49865494978117, -34.22889776552008], [117.49865494978117, -34.20389776552008], [117.47365494978116, -34.20389776552008], [117.47365494978116, -34.22889776552008], [117.49865494978117, -34.22889776552008]]]}, "properties": {"layer": "Slope", "slope_degrees": 5.21, "slope_class": "Moderate slope", "slope_risk": 13}}, {"type": "Feature", "geometry": {"type": "Polygon", "coordinates": [[[117.52365494978118, -34.22889776552008], [117.52365494978118, -34.20389776552008], [117.49865494978117, -34.20389776552008], [117.49865494978117, -34.22889776552008], [117.52365494978118, -34.22889776552008]]]}, "properties": {"layer": "Slope", "slope_degrees": 1.23, "slope_class": "Low slope", "slope_risk": 12}}, {"type": "Feature", "geometry": {"type": "Polygon", "coordinates": [[[117.54865494978118, -34.22889776552008], [117.54865494978118, -34.20389776552008], [117.52365494978118, -34.20389776552008], [117.52365494978118, -34.22889776552008], [117.54865494978118, -34.22889776552008]]]}, "properties": {"layer": "Slope", "slope_degrees": 1.06, "slope_class": "Low slope", "slope_risk": 12}}, {"type": "Feature", "geometry": {"type": "Polygon", "coordinates": [[[117.57365494978119, -34.22889776552008], [117.57365494978119, -34.20389776552008], [117.54865494978118, -34.20389776552008], [117.54865494978118, -34.22889776552008], [117.57365494978119, -34.22889776552008]]]}, "properties": {"layer": "Slope", "slope_degrees": 2.31, "slope_class": "Low slope", "slope_risk": 12}}, {"type": "Feature", "geometry": {"type": "Polygon", "coordinates": [[[117.59865494978119, -34.22889776552008], [117.59865494978119, -34.20389776552008], [117.57365494978119, -34.20389776552008], [117.57365494978119, -34.22889776552008], [117.59865494978119, -34.22889776552008]]]}, "properties": {"layer": "Slope", "slope_degrees": 3.1, "slope_class": "Low slope", "slope_risk": 12}}, {"type": "Feature", "geometry": {"type": "Polygon", "coordinates": [[[117.6236549497812, -34.22889776552008], [117.6236549497812, -34.20389776552008], [117.59865494978119, -34.20389776552008], [117.59865494978119, -34.22889776552008], [117.6236549497812, -34.22889776552008]]]}, "properties": {"layer": "Slope", "slope_degrees": 1.1, "slope_class": "Low slope", "slope_risk": 12}}, {"type": "Feature", "geometry": {"type": "Polygon", "coordinates": [[[117.6486549497812, -34.22889776552008], [117.6486549497812, -34.20389776552008], [117.6236549497812, -34.20389776552008], [117.6236549497812, -34.22889776552008], [117.6486549497812, -34.22889776552008]]]}, "properties": {"layer": "Slope", "slope_degrees": 0.0, "slope_class": "Low slope", "slope_risk": 12}}, {"type": "Feature", "geometry": {"type": "Polygon", "coordinates": [[[117.67365494978121, -34.22889776552008], [117.67365494978121, -34.20389776552008], [117.6486549497812, -34.20389776552008], [117.6486549497812, -34.22889776552008], [117.67365494978121, -34.22889776552008]]]}, "properties": {"layer": "Slope", "slope_degrees": 3.34, "slope_class": "Low slope", "slope_risk": 12}}, {"type": "Feature", "geometry": {"type": "Polygon", "coordinates": [[[117.69865494978121, -34.22889776552008], [117.69865494978121, -34.20389776552008], [117.67365494978121, -34.20389776552008], [117.67365494978121, -34.22889776552008], [117.69865494978121, -34.22889776552008]]]}, "properties": {"layer": "Slope", "slope_degrees": 2.86, "slope_class": "Low slope", "slope_risk": 12}}, {"type": "Feature", "geometry": {"type": "Polygon", "coordinates": [[[117.72365494978122, -34.22889776552008], [117.72365494978122, -34.20389776552008], [117.69865494978121, -34.20389776552008], [117.69865494978121, -34.22889776552008], [117.72365494978122, -34.22889776552008]]]}, "properties": {"layer": "Slope", "slope_degrees": 4.65, "slope_class": "Low slope", "slope_risk": 12}}, {"type": "Feature", "geometry": {"type": "Polygon", "coordinates": [[[117.74865494978123, -34.22889776552008], [117.74865494978123, -34.20389776552008], [117.72365494978122, -34.20389776552008], [117.72365494978122, -34.22889776552008], [117.74865494978123, -34.22889776552008]]]}, "properties": {"layer": "Slope", "slope_degrees": 1.05, "slope_class": "Low slope", "slope_risk": 12}}, {"type": "Feature", "geometry": {"type": "Polygon", "coordinates": [[[117.77365494978123, -34.22889776552008], [117.77365494978123, -34.20389776552008], [117.74865494978123, -34.20389776552008], [117.74865494978123, -34.22889776552008], [117.77365494978123, -34.22889776552008]]]}, "properties": {"layer": "Slope", "slope_degrees": 2.9, "slope_class": "Low slope", "slope_risk": 12}}, {"type": "Feature", "geometry": {"type": "Polygon", "coordinates": [[[117.79865494978124, -34.22889776552008], [117.79865494978124, -34.20389776552008], [117.77365494978123, -34.20389776552008], [117.77365494978123, -34.22889776552008], [117.79865494978124, -34.22889776552008]]]}, "properties": {"layer": "Slope", "slope_degrees": 1.15, "slope_class": "Low slope", "slope_risk": 12}}, {"type": "Feature", "geometry": {"type": "Polygon", "coordinates": [[[117.82365494978124, -34.22889776552008], [117.82365494978124, -34.20389776552008], [117.79865494978124, -34.20389776552008], [117.79865494978124, -34.22889776552008], [117.82365494978124, -34.22889776552008]]]}, "properties": {"layer": "Slope", "slope_degrees": 2.52, "slope_class": "Low slope", "slope_risk": 12}}, {"type": "Feature", "geometry": {"type": "Polygon", "coordinates": [[[117.84865494978125, -34.22889776552008], [117.84865494978125, -34.20389776552008], [117.82365494978124, -34.20389776552008], [117.82365494978124, -34.22889776552008], [117.84865494978125, -34.22889776552008]]]}, "properties": {"layer": "Slope", "slope_degrees": 1.42, "slope_class": "Low slope", "slope_risk": 12}}, {"type": "Feature", "geometry": {"type": "Polygon", "coordinates": [[[117.87365494978125, -34.22889776552008], [117.87365494978125, -34.20389776552008], [117.84865494978125, -34.20389776552008], [117.84865494978125, -34.22889776552008], [117.87365494978125, -34.22889776552008]]]}, "properties": {"layer": "Slope", "slope_degrees": 1.27, "slope_class": "Low slope", "slope_risk": 12}}, {"type": "Feature", "geometry": {"type": "Polygon", "coordinates": [[[117.89865494978126, -34.22889776552008], [117.89865494978126, -34.20389776552008], [117.87365494978125, -34.20389776552008], [117.87365494978125, -34.22889776552008], [117.89865494978126, -34.22889776552008]]]}, "properties": {"layer": "Slope", "slope_degrees": 0.3, "slope_class": "Low slope", "slope_risk": 12}}, {"type": "Feature", "geometry": {"type": "Polygon", "coordinates": [[[117.92365494978127, -34.22889776552008], [117.92365494978127, -34.20389776552008], [117.89865494978126, -34.20389776552008], [117.89865494978126, -34.22889776552008], [117.92365494978127, -34.22889776552008]]]}, "properties": {"layer": "Slope", "slope_degrees": 4.39, "slope_class": "Low slope", "slope_risk": 12}}, {"type": "Feature", "geometry": {"type": "Polygon", "coordinates": [[[117.94865494978127, -34.22889776552008], [117.94865494978127, -34.20389776552008], [117.92365494978127, -34.20389776552008], [117.92365494978127, -34.22889776552008], [117.94865494978127, -34.22889776552008]]]}, "properties": {"layer": "Slope", "slope_degrees": 0.8, "slope_class": "Low slope", "slope_risk": 12}}, {"type": "Feature", "geometry": {"type": "Polygon", "coordinates": [[[117.97365494978128, -34.22889776552008], [117.97365494978128, -34.20389776552008], [117.94865494978127, -34.20389776552008], [117.94865494978127, -34.22889776552008], [117.97365494978128, -34.22889776552008]]]}, "properties": {"layer": "Slope", "slope_degrees": 4.52, "slope_class": "Low slope", "slope_risk": 12}}, {"type": "Feature", "geometry": {"type": "Polygon", "coordinates": [[[117.99865494978128, -34.22889776552008], [117.99865494978128, -34.20389776552008], [117.97365494978128, -34.20389776552008], [117.97365494978128, -34.22889776552008], [117.99865494978128, -34.22889776552008]]]}, "properties": {"layer": "Slope", "slope_degrees": 1.81, "slope_class": "Low slope", "slope_risk": 12}}, {"type": "Feature", "geometry": {"type": "Polygon", "coordinates": [[[116.92365494978104, -34.20389776552008], [116.92365494978104, -34.19577284590814], [116.89865494978103, -34.19577284590814], [116.89865494978103, -34.20389776552008], [116.92365494978104, -34.20389776552008]]]}, "properties": {"layer": "Slope", "slope_degrees": 2.83, "slope_class": "Low slope", "slope_risk": 12}}, {"type": "Feature", "geometry": {"type": "Polygon", "coordinates": [[[116.94865494978104, -34.20389776552008], [116.94865494978104, -34.19577284590814], [116.92365494978104, -34.19577284590814], [116.92365494978104, -34.20389776552008], [116.94865494978104, -34.20389776552008]]]}, "properties": {"layer": "Slope", "slope_degrees": 5.71, "slope_class": "Moderate slope", "slope_risk": 15}}, {"type": "Feature", "geometry": {"type": "Polygon", "coordinates": [[[117.07365494978107, -34.20389776552008], [117.07365494978107, -34.19577284590814], [117.04865494978107, -34.19577284590814], [117.04865494978107, -34.20389776552008], [117.07365494978107, -34.20389776552008]]]}, "properties": {"layer": "Slope", "slope_degrees": 4.63, "slope_class": "Low slope", "slope_risk": 12}}, {"type": "Feature", "geometry": {"type": "Polygon", "coordinates": [[[117.09865494978108, -34.20389776552008], [117.09865494978108, -34.19577284590814], [117.07365494978107, -34.19577284590814], [117.07365494978107, -34.20389776552008], [117.09865494978108, -34.20389776552008]]]}, "properties": {"layer": "Slope", "slope_degrees": 2.82, "slope_class": "Low slope", "slope_risk": 12}}, {"type": "Feature", "geometry": {"type": "Polygon", "coordinates": [[[117.12365494978108, -34.20389776552008], [117.12365494978108, -34.19577284590814], [117.09865494978108, -34.19577284590814], [117.09865494978108, -34.20389776552008], [117.12365494978108, -34.20389776552008]]]}, "properties": {"layer": "Slope", "slope_degrees": 2.09, "slope_class": "Low slope", "slope_risk": 12}}, {"type": "Feature", "geometry": {"type": "Polygon", "coordinates": [[[117.14865494978109, -34.20389776552008], [117.14865494978109, -34.19577284590814], [117.12365494978108, -34.19577284590814], [117.12365494978108, -34.20389776552008], [117.14865494978109, -34.20389776552008]]]}, "properties": {"layer": "Slope", "slope_degrees": 1.39, "slope_class": "Low slope", "slope_risk": 12}}, {"type": "Feature", "geometry": {"type": "Polygon", "coordinates": [[[117.1736549497811, -34.20389776552008], [117.1736549497811, -34.19577284590814], [117.14865494978109, -34.19577284590814], [117.14865494978109, -34.20389776552008], [117.1736549497811, -34.20389776552008]]]}, "properties": {"layer": "Slope", "slope_degrees": 1.2, "slope_class": "Low slope", "slope_risk": 12}}, {"type": "Feature", "geometry": {"type": "Polygon", "coordinates": [[[117.29865494978112, -34.20389776552008], [117.29865494978112, -34.19577284590814], [117.27365494978112, -34.19577284590814], [117.27365494978112, -34.20389776552008], [117.29865494978112, -34.20389776552008]]]}, "properties": {"layer": "Slope", "slope_degrees": 0.58, "slope_class": "Low slope", "slope_risk": 12}}, {"type": "Feature", "geometry": {"type": "Polygon", "coordinates": [[[117.32365494978113, -34.20389776552008], [117.32365494978113, -34.19577284590814], [117.29865494978112, -34.19577284590814], [117.29865494978112, -34.20389776552008], [117.32365494978113, -34.20389776552008]]]}, "properties": {"layer": "Slope", "slope_degrees": 1.93, "slope_class": "Low slope", "slope_risk": 12}}, {"type": "Feature", "geometry": {"type": "Polygon", "coordinates": [[[117.39865494978115, -34.20389776552008], [117.39865494978115, -34.19577284590814], [117.37365494978114, -34.19577284590814], [117.37365494978114, -34.20389776552008], [117.39865494978115, -34.20389776552008]]]}, "properties": {"layer": "Slope", "slope_degrees": 2.97, "slope_class": "Low slope", "slope_risk": 12}}, {"type": "Feature", "geometry": {"type": "Polygon", "coordinates": [[[117.42365494978115, -34.20389776552008], [117.42365494978115, -34.19577284590814], [117.39865494978115, -34.19577284590814], [117.39865494978115, -34.20389776552008], [117.42365494978115, -34.20389776552008]]]}, "properties": {"layer": "Slope", "slope_degrees": 2.4, "slope_class": "Low slope", "slope_risk": 12}}, {"type": "Feature", "geometry": {"type": "Polygon", "coordinates": [[[117.47365494978116, -34.20389776552008], [117.47365494978116, -34.19577284590814], [117.44865494978116, -34.19577284590814], [117.44865494978116, -34.20389776552008], [117.47365494978116, -34.20389776552008]]]}, "properties": {"layer": "Slope", "slope_degrees": 1.75, "slope_class": "Low slope", "slope_risk": 12}}, {"type": "Feature", "geometry": {"type": "Polygon", "coordinates": [[[117.49865494978117, -34.20389776552008], [117.49865494978117, -34.19577284590814], [117.47365494978116, -34.19577284590814], [117.47365494978116, -34.20389776552008], [117.49865494978117, -34.20389776552008]]]}, "properties": {"layer": "Slope", "slope_degrees": 1.07, "slope_class": "Low slope", "slope_risk": 12}}, {"type": "Feature", "geometry": {"type": "Polygon", "coordinates": [[[117.54865494978118, -34.20389776552008], [117.54865494978118, -34.19577284590814], [117.52365494978118, -34.19577284590814], [117.52365494978118, -34.20389776552008], [117.54865494978118, -34.20389776552008]]]}, "properties": {"layer": "Slope", "slope_degrees": 0.84, "slope_class": "Low slope", "slope_risk": 12}}, {"type": "Feature", "geometry": {"type": "Polygon", "coordinates": [[[117.59865494978119, -34.20389776552008], [117.59865494978119, -34.19577284590814], [117.57365494978119, -34.19577284590814], [117.57365494978119, -34.20389776552008], [117.59865494978119, -34.20389776552008]]]}, "properties": {"layer": "Slope", "slope_degrees": 1.09, "slope_class": "Low slope", "slope_risk": 12}}, {"type": "Feature", "geometry": {"type": "Polygon", "coordinates": [[[117.6236549497812, -34.20389776552008], [117.6236549497812, -34.19577284590814], [117.59865494978119, -34.19577284590814], [117.59865494978119, -34.20389776552008], [117.6236549497812, -34.20389776552008]]]}, "properties": {"layer": "Slope", "slope_degrees": 0.98, "slope_class": "Low slope", "slope_risk": 12}}, {"type": "Feature", "geometry": {"type": "Polygon", "coordinates": [[[117.67365494978121, -34.20389776552008], [117.67365494978121, -34.19577284590814], [117.6486549497812, -34.19577284590814], [117.6486549497812, -34.20389776552008], [117.67365494978121, -34.20389776552008]]]}, "properties": {"layer": "Slope", "slope_degrees": 0.0, "slope_class": "Low slope", "slope_risk": 12}}, {"type": "Feature", "geometry": {"type": "Polygon", "coordinates": [[[117.72365494978122, -34.20389776552008], [117.72365494978122, -34.19577284590814], [117.69865494978121, -34.19577284590814], [117.69865494978121, -34.20389776552008], [117.72365494978122, -34.20389776552008]]]}, "properties": {"layer": "Slope", "slope_degrees": 0.99, "slope_class": "Low slope", "slope_risk": 12}}, {"type": "Feature", "geometry": {"type": "Polygon", "coordinates": [[[117.79865494978124, -34.20389776552008], [117.79865494978124, -34.19577284590814], [117.77365494978123, -34.19577284590814], [117.77365494978123, -34.20389776552008], [117.79865494978124, -34.20389776552008]]]}, "properties": {"layer": "Slope", "slope_degrees": 0.6, "slope_class": "Low slope", "slope_risk": 12}}, {"type": "Feature", "geometry": {"type": "Polygon", "coordinates": [[[117.84865494978125, -34.20389776552008], [117.84865494978125, -34.19577284590814], [117.82365494978124, -34.19577284590814], [117.82365494978124, -34.20389776552008], [117.84865494978125, -34.20389776552008]]]}, "properties": {"layer": "Slope", "slope_degrees": 1.33, "slope_class": "Low slope", "slope_risk": 12}}, {"type": "Feature", "geometry": {"type": "Polygon", "coordinates": [[[117.92365494978127, -34.20389776552008], [117.92365494978127, -34.19577284590814], [117.89865494978126, -34.19577284590814], [117.89865494978126, -34.20389776552008], [117.92365494978127, -34.20389776552008]]]}, "properties": {"layer": "Slope", "slope_degrees": 1.19, "slope_class": "Low slope", "slope_risk": 12}}, {"type": "Feature", "geometry": {"type": "Polygon", "coordinates": [[[117.99865494978128, -34.20389776552008], [117.99865494978128, -34.19577284590814], [117.97365494978128, -34.19577284590814], [117.97365494978128, -34.20389776552008], [117.99865494978128, -34.20389776552008]]]}, "properties": {"layer": "Slope", "slope_degrees": 1.08, "slope_class": "Low slope", "slope_risk": 12}}]}